{
"type": "FeatureCollection",
"name": "tfl_all_station_commuter_shock",
"crs": { "type": "name", "properties": { "name": "urn:ogc:def:crs:OGC:1.3:CRS84" } },
"features": [
{ "type": "Feature", "properties": { "clean_name": "Bank and Monument", "2019_Midweek": 228118, "2019_Friday": 210609, "2023_Monday": 118906.0, "2023_Midweek": 160968.0, "2023_Friday": 106923.0, "2024_Monday": 117442.0, "2024_Midweek": 170980.0, "2024_Friday": 101083.0, "2025_Monday": 131476.0, "2025_Midweek": 181300.0, "2025_Friday": 108426.0, "raw_ratio_19_mon": 1.0, "raw_ratio_19_fri": 0.92324586398267561, "raw_ratio_23_mon": 0.73869340490035285, "raw_ratio_23_fri": 0.66425003727448939, "collapse_23_mon": 0.26130659509964715, "collapse_23_fri": 0.28052747032186676, "total_collapse_23": 0.54183406542151391, "raw_ratio_24_mon": 0.68687565797169259, "raw_ratio_24_fri": 0.59119780091238738, "collapse_24_mon": 0.31312434202830741, "collapse_24_fri": 0.35965291156345647, "total_collapse_24": 0.67277725359176388, "raw_ratio_25_mon": 0.72518477661334801, "raw_ratio_25_fri": 0.59804743519029235, "collapse_25_mon": 0.27481522338665199, "collapse_25_fri": 0.35223383226386762, "total_collapse_25": 0.6270490556505196, "cumulative_collapse_score": 1.8416603746637974, "shock_rank": 1, "top100_affected": true }, "geometry": { "type": "Point", "coordinates": [ -0.088882065096841, 51.513427026947902, 0.0 ] } },
{ "type": "Feature", "properties": { "clean_name": "Chancery Lane", "2019_Midweek": 64852, "2019_Friday": 59920, "2023_Monday": 26059.0, "2023_Midweek": 34566.0, "2023_Friday": 22999.0, "2024_Monday": 26895.0, "2024_Midweek": 37183.0, "2024_Friday": 23642.0, "2025_Monday": 25472.0, "2025_Midweek": 35539.0, "2025_Friday": 23381.0, "raw_ratio_19_mon": 1.0, "raw_ratio_19_fri": 0.92394991673348548, "raw_ratio_23_mon": 0.75389110686802063, "raw_ratio_23_fri": 0.66536480935022857, "collapse_23_mon": 0.24610889313197937, "collapse_23_fri": 0.27986918197628463, "total_collapse_23": 0.525978075108264, "raw_ratio_24_mon": 0.7233144178791383, "raw_ratio_24_fri": 0.63582820105962401, "collapse_24_mon": 0.2766855821208617, "collapse_24_fri": 0.31183694100269133, "total_collapse_24": 0.58852252312355302, "raw_ratio_25_mon": 0.716733729142632, "raw_ratio_25_fri": 0.65789695827119499, "collapse_25_mon": 0.283266270857368, "collapse_25_fri": 0.28795170998325204, "total_collapse_25": 0.57121798084062003, "cumulative_collapse_score": 1.6857185790724372, "shock_rank": 2, "top100_affected": true }, "geometry": { "type": "Point", "coordinates": [ -0.111543537681388, 51.5182506335764, 0.0 ] } },
{ "type": "Feature", "properties": { "clean_name": "Moorgate", "2019_Midweek": 94115, "2019_Friday": 83568, "2023_Monday": 78602.0, "2023_Midweek": 102150.0, "2023_Friday": 66164.0, "2024_Monday": 83876.0, "2024_Midweek": 115194.0, "2024_Friday": 69474.0, "2025_Monday": 91205.0, "2025_Midweek": 119131.0, "2025_Friday": 74439.0, "raw_ratio_19_mon": 1.0, "raw_ratio_19_fri": 0.88793497317112047, "raw_ratio_23_mon": 0.76947626040137052, "raw_ratio_23_fri": 0.64771414586392562, "collapse_23_mon": 0.23052373959862948, "collapse_23_fri": 0.27053876079380434, "total_collapse_23": 0.50106250039243383, "raw_ratio_24_mon": 0.72812820112158616, "raw_ratio_24_fri": 0.60310432835043493, "collapse_24_mon": 0.27187179887841384, "collapse_24_fri": 0.32077872076989777, "total_collapse_24": 0.59265051964831161, "raw_ratio_25_mon": 0.76558578371708452, "raw_ratio_25_fri": 0.62484995509145391, "collapse_25_mon": 0.23441421628291548, "collapse_25_fri": 0.29628860899588139, "total_collapse_25": 0.53070282527879686, "cumulative_collapse_score": 1.6244158453195423, "shock_rank": 3, "top100_affected": true }, "geometry": { "type": "Point", "coordinates": [ -0.089285420587671, 51.518364734125697, 0.0 ] } },
{ "type": "Feature", "properties": { "clean_name": "Cannon Street", "2019_Midweek": 26761, "2019_Friday": 23796, "2023_Monday": 12640.0, "2023_Midweek": 16582.0, "2023_Friday": 10640.0, "2024_Monday": 13887.0, "2024_Midweek": 17766.0, "2024_Friday": 11653.0, "2025_Monday": 13985.0, "2025_Midweek": 19200.0, "2025_Friday": 11871.0, "raw_ratio_19_mon": 1.0, "raw_ratio_19_fri": 0.88920443929599047, "raw_ratio_23_mon": 0.76227234350500539, "raw_ratio_23_fri": 0.64165963092509948, "collapse_23_mon": 0.23772765649499461, "collapse_23_fri": 0.27838908290525355, "total_collapse_23": 0.51611673940024816, "raw_ratio_24_mon": 0.78166160081053693, "raw_ratio_24_fri": 0.65591579421366653, "collapse_24_mon": 0.21833839918946307, "collapse_24_fri": 0.26235659064750672, "total_collapse_24": 0.48069498983696979, "raw_ratio_25_mon": 0.72838541666666667, "raw_ratio_25_fri": 0.61828125, "collapse_25_mon": 0.27161458333333333, "collapse_25_fri": 0.30468042817070096, "total_collapse_25": 0.57629501150403428, "cumulative_collapse_score": 1.5731067407412522, "shock_rank": 4, "top100_affected": true }, "geometry": { "type": "Point", "coordinates": [ -0.090385961310068, 51.511474629808198, 0.0 ] } },
{ "type": "Feature", "properties": { "clean_name": "Mansion House", "2019_Midweek": 25400, "2019_Friday": 23527, "2023_Monday": 14313.0, "2023_Midweek": 18414.0, "2023_Friday": 12747.0, "2024_Monday": 13689.0, "2024_Midweek": 18219.0, "2024_Friday": 11789.0, "2025_Monday": 14708.0, "2025_Midweek": 18767.0, "2025_Friday": 11956.0, "raw_ratio_19_mon": 1.0, "raw_ratio_19_fri": 0.92625984251968507, "raw_ratio_23_mon": 0.77728901922450311, "raw_ratio_23_fri": 0.69224503095470835, "collapse_23_mon": 0.22271098077549689, "collapse_23_fri": 0.25264488518512385, "total_collapse_23": 0.47535586596062074, "raw_ratio_24_mon": 0.75135847192491356, "raw_ratio_24_fri": 0.64707173829518638, "collapse_24_mon": 0.24864152807508644, "collapse_24_fri": 0.30141445349182927, "total_collapse_24": 0.55005598156691571, "raw_ratio_25_mon": 0.78371609740501946, "raw_ratio_25_fri": 0.63707571801566576, "collapse_25_mon": 0.21628390259498054, "collapse_25_fri": 0.31220626354410208, "total_collapse_25": 0.52849016613908262, "cumulative_collapse_score": 1.5539020136666191, "shock_rank": 5, "top100_affected": true }, "geometry": { "type": "Point", "coordinates": [ -0.094079885333069, 51.511817980453301, 0.0 ] } },
{ "type": "Feature", "properties": { "clean_name": "Waterloo", "2019_Midweek": 280218, "2019_Friday": 275968, "2023_Monday": 194037.0, "2023_Midweek": 274711.0, "2023_Friday": 205805.0, "2024_Monday": 207517.0, "2024_Midweek": 284629.0, "2024_Friday": 217417.0, "2025_Monday": 206602.0, "2025_Midweek": 265279.0, "2025_Friday": 213680.0, "raw_ratio_19_mon": 1.0, "raw_ratio_19_fri": 0.98483323697977998, "raw_ratio_23_mon": 0.70633138097855563, "raw_ratio_23_fri": 0.74916912682782999, "collapse_23_mon": 0.29366861902144437, "collapse_23_fri": 0.23929341669526583, "total_collapse_23": 0.53296203571671019, "raw_ratio_24_mon": 0.72907890622529681, "raw_ratio_24_fri": 0.76386102610767004, "collapse_24_mon": 0.27092109377470319, "collapse_24_fri": 0.22437525722605844, "total_collapse_24": 0.49529635100076164, "raw_ratio_25_mon": 0.7788102337538968, "raw_ratio_25_fri": 0.8054915767927352, "collapse_25_mon": 0.2211897662461032, "collapse_25_fri": 0.18210358206130173, "total_collapse_25": 0.40329334830740493, "cumulative_collapse_score": 1.4315517350248768, "shock_rank": 6, "top100_affected": true }, "geometry": { "type": "Point", "coordinates": [ -0.114401197448965, 51.503426622799601, 0.0 ] } },
{ "type": "Feature", "properties": { "clean_name": "Liverpool Street", "2019_Midweek": 228674, "2019_Friday": 235846, "2023_Monday": 168847.0, "2023_Midweek": 211625.0, "2023_Friday": 182760.0, "2024_Monday": 166832.0, "2024_Midweek": 222752.0, "2024_Friday": 172229.0, "2025_Monday": 175044.0, "2025_Midweek": 226377.0, "2025_Friday": 174669.0, "raw_ratio_19_mon": 1.0, "raw_ratio_19_fri": 1.0313634256627338, "raw_ratio_23_mon": 0.79785942114589481, "raw_ratio_23_fri": 0.86360307147076198, "collapse_23_mon": 0.20214057885410519, "collapse_23_fri": 0.16265881649252034, "total_collapse_23": 0.36479939534662553, "raw_ratio_24_mon": 0.74895848297658385, "raw_ratio_24_fri": 0.77318722166355414, "collapse_24_mon": 0.25104151702341615, "collapse_24_fri": 0.25032514977276865, "total_collapse_24": 0.5013666667961848, "raw_ratio_25_mon": 0.77324109781470729, "raw_ratio_25_fri": 0.77158456910375173, "collapse_25_mon": 0.22675890218529271, "collapse_25_fri": 0.25187906619051692, "total_collapse_25": 0.47863796837580963, "cumulative_collapse_score": 1.34480403051862, "shock_rank": 7, "top100_affected": true }, "geometry": { "type": "Point", "coordinates": [ -0.083187103332268, 51.5173539786175, 0.0 ] } },
{ "type": "Feature", "properties": { "clean_name": "St Paul's", "2019_Midweek": 54751, "2019_Friday": 54397, "2023_Monday": 28686.0, "2023_Midweek": 35476.0, "2023_Friday": 27759.0, "2024_Monday": 28527.0, "2024_Midweek": 35816.0, "2024_Friday": 26495.0, "2025_Monday": 28006.0, "2025_Midweek": 35211.0, "2025_Friday": 26116.0, "raw_ratio_19_mon": 1.0, "raw_ratio_19_fri": 0.99353436466913847, "raw_ratio_23_mon": 0.80860299921073397, "raw_ratio_23_fri": 0.78247265757131579, "collapse_23_mon": 0.19139700078926603, "collapse_23_fri": 0.21243523586434709, "total_collapse_23": 0.40383223665361312, "raw_ratio_24_mon": 0.79648760330578516, "raw_ratio_24_fri": 0.73975318293500114, "collapse_24_mon": 0.20351239669421484, "collapse_24_fri": 0.2554327165307968, "total_collapse_24": 0.45894511322501164, "raw_ratio_25_mon": 0.79537644486098091, "raw_ratio_25_fri": 0.74170003692028064, "collapse_25_mon": 0.20462355513901909, "collapse_25_fri": 0.25347319298082094, "total_collapse_25": 0.45809674811984002, "cumulative_collapse_score": 1.3208740979984648, "shock_rank": 8, "top100_affected": true }, "geometry": { "type": "Point", "coordinates": [ -0.097491844834556, 51.514954536171203, 0.0 ] } },
{ "type": "Feature", "properties": { "clean_name": "Old Street", "2019_Midweek": 92971, "2019_Friday": 94807, "2023_Monday": 43771.0, "2023_Midweek": 59226.0, "2023_Friday": 50266.0, "2024_Monday": 44066.0, "2024_Midweek": 58826.0, "2024_Friday": 49430.0, "2025_Monday": 43640.0, "2025_Midweek": 57204.0, "2025_Friday": 46476.0, "raw_ratio_19_mon": 1.0, "raw_ratio_19_fri": 1.0197480934915188, "raw_ratio_23_mon": 0.73905041704656738, "raw_ratio_23_fri": 0.84871509134501744, "collapse_23_mon": 0.26094958295343262, "collapse_23_fri": 0.16772083540838101, "total_collapse_23": 0.42867041836181363, "raw_ratio_24_mon": 0.74909053819739568, "raw_ratio_24_fri": 0.84027470846224461, "collapse_24_mon": 0.25090946180260432, "collapse_24_fri": 0.17599776471733786, "total_collapse_24": 0.42690722651994217, "raw_ratio_25_mon": 0.76288371442556469, "raw_ratio_25_fri": 0.81246066708621778, "collapse_25_mon": 0.23711628557443531, "collapse_25_fri": 0.20327316886229119, "total_collapse_25": 0.4403894544367265, "cumulative_collapse_score": 1.2959670993184824, "shock_rank": 9, "top100_affected": true }, "geometry": { "type": "Point", "coordinates": [ -0.087610917874237, 51.5250870447369, 0.0 ] } },
{ "type": "Feature", "properties": { "clean_name": "Covent Garden", "2019_Midweek": 45823, "2019_Friday": 55717, "2023_Monday": 30841.0, "2023_Midweek": 38212.0, "2023_Friday": 40272.0, "2024_Monday": 30351.0, "2024_Midweek": 41036.0, "2024_Friday": 39232.0, "2025_Monday": 26236.0, "2025_Midweek": 35714.0, "2025_Friday": 34897.0, "raw_ratio_19_mon": 1.0, "raw_ratio_19_fri": 1.2159177705519062, "raw_ratio_23_mon": 0.80710248089605363, "raw_ratio_23_fri": 1.0539097665654769, "collapse_23_mon": 0.19289751910394637, "collapse_23_fri": 0.1332392764626622, "total_collapse_23": 0.32613679556660857, "raw_ratio_24_mon": 0.73961887123501313, "raw_ratio_24_fri": 0.95603860025343601, "collapse_24_mon": 0.26038112876498687, "collapse_24_fri": 0.21373087604477625, "total_collapse_24": 0.47411200480976312, "raw_ratio_25_mon": 0.73461387691101532, "raw_ratio_25_fri": 0.97712381699053596, "collapse_25_mon": 0.26538612308898468, "collapse_25_fri": 0.19638988700114268, "total_collapse_25": 0.46177601009012736, "cumulative_collapse_score": 1.2620248104664991, "shock_rank": 10, "top100_affected": true }, "geometry": { "type": "Point", "coordinates": [ -0.124341543174305, 51.513146078987297, 0.0 ] } },
{ "type": "Feature", "properties": { "clean_name": "Blackfriars", "2019_Midweek": 55851, "2019_Friday": 52408, "2023_Monday": 31045.0, "2023_Midweek": 38761.0, "2023_Friday": 28270.0, "2024_Monday": 33540.0, "2024_Midweek": 41805.0, "2024_Friday": 30827.0, "2025_Monday": 33386.0, "2025_Midweek": 41827.0, "2025_Friday": 30667.0, "raw_ratio_19_mon": 1.0, "raw_ratio_19_fri": 0.93835383430914399, "raw_ratio_23_mon": 0.80093392843321898, "raw_ratio_23_fri": 0.72934134826242869, "collapse_23_mon": 0.19906607156678102, "collapse_23_fri": 0.22274378641037806, "total_collapse_23": 0.42180985797715909, "raw_ratio_24_mon": 0.80229637603157522, "raw_ratio_24_fri": 0.73739983255591435, "collapse_24_mon": 0.19770362396842478, "collapse_24_fri": 0.21415589131276958, "total_collapse_24": 0.41185951528119435, "raw_ratio_25_mon": 0.79819255504817466, "raw_ratio_25_fri": 0.73318669758768262, "collapse_25_mon": 0.20180744495182534, "collapse_25_fri": 0.21864581272001105, "total_collapse_25": 0.42045325767183639, "cumulative_collapse_score": 1.2541226309301898, "shock_rank": 11, "top100_affected": true }, "geometry": { "type": "Point", "coordinates": [ -0.103603883187671, 51.5116263548801, 0.0 ] } },
{ "type": "Feature", "properties": { "clean_name": "Southwark", "2019_Midweek": 51940, "2019_Friday": 50432, "2023_Monday": 26649.0, "2023_Midweek": 33148.0, "2023_Friday": 26453.0, "2024_Monday": 26644.0, "2024_Midweek": 34247.0, "2024_Friday": 25238.0, "2025_Monday": 27288.0, "2025_Midweek": 33249.0, "2025_Friday": 25498.0, "raw_ratio_19_mon": 1.0, "raw_ratio_19_fri": 0.97096649980747018, "raw_ratio_23_mon": 0.8039399058766743, "raw_ratio_23_fri": 0.79802703028840349, "collapse_23_mon": 0.1960600941233257, "collapse_23_fri": 0.17811064496391826, "total_collapse_23": 0.37417073908724396, "raw_ratio_24_mon": 0.77799515286010457, "raw_ratio_24_fri": 0.73694046193827201, "collapse_24_mon": 0.22200484713989543, "collapse_24_fri": 0.24102380248505217, "total_collapse_24": 0.46302864962494761, "raw_ratio_25_mon": 0.82071641252368488, "raw_ratio_25_fri": 0.76688020692351655, "collapse_25_mon": 0.17928358747631512, "collapse_25_fri": 0.21018880973176857, "total_collapse_25": 0.38947239720808369, "cumulative_collapse_score": 1.2266717859202751, "shock_rank": 12, "top100_affected": true }, "geometry": { "type": "Point", "coordinates": [ -0.10537174281666, 51.504288981458899, 0.0 ] } },
{ "type": "Feature", "properties": { "clean_name": "Oxford Circus", "2019_Midweek": 244740, "2019_Friday": 268380, "2023_Monday": 136728.0, "2023_Midweek": 177466.0, "2023_Friday": 160339.0, "2024_Monday": 139251.0, "2024_Midweek": 177867.0, "2024_Friday": 154692.0, "2025_Monday": 143595.0, "2025_Midweek": 178607.0, "2025_Friday": 158048.0, "raw_ratio_19_mon": 1.0, "raw_ratio_19_fri": 1.0965923020348125, "raw_ratio_23_mon": 0.7704461699705859, "raw_ratio_23_fri": 0.90349137299539062, "collapse_23_mon": 0.2295538300294141, "collapse_23_fri": 0.17609181523626238, "total_collapse_23": 0.40564564526567648, "raw_ratio_24_mon": 0.78289396009377799, "raw_ratio_24_fri": 0.86970601629307287, "collapse_24_mon": 0.21710603990622201, "collapse_24_fri": 0.20690122055456206, "total_collapse_24": 0.42400726046078407, "raw_ratio_25_mon": 0.80397184880771755, "raw_ratio_25_fri": 0.88489252940814189, "collapse_25_mon": 0.19602815119228245, "collapse_25_fri": 0.19305239717062139, "total_collapse_25": 0.38908054836290384, "cumulative_collapse_score": 1.2187334540893644, "shock_rank": 13, "top100_affected": true }, "geometry": { "type": "Point", "coordinates": [ -0.141605199843146, 51.515321317610599, 0.0 ] } },
{ "type": "Feature", "properties": { "clean_name": "Charing Cross", "2019_Midweek": 62361, "2019_Friday": 66017, "2023_Monday": 39925.0, "2023_Midweek": 48540.0, "2023_Friday": 44885.0, "2024_Monday": 40519.0, "2024_Midweek": 55199.0, "2024_Friday": 47287.0, "2025_Monday": 38339.0, "2025_Midweek": 50985.0, "2025_Friday": 42674.0, "raw_ratio_19_mon": 1.0, "raw_ratio_19_fri": 1.058626385080419, "raw_ratio_23_mon": 0.82251751133086115, "raw_ratio_23_fri": 0.92470127729707463, "collapse_23_mon": 0.17748248866913885, "collapse_23_fri": 0.12650837884904087, "total_collapse_23": 0.30399086751817972, "raw_ratio_24_mon": 0.73405315313683217, "raw_ratio_24_fri": 0.8566640700012681, "collapse_24_mon": 0.26594684686316783, "collapse_24_fri": 0.19077770772151004, "total_collapse_24": 0.45672455458467787, "raw_ratio_25_mon": 0.75196626458762383, "raw_ratio_25_fri": 0.83699127194272827, "collapse_25_mon": 0.24803373541237617, "collapse_25_fri": 0.20936103261856076, "total_collapse_25": 0.45739476803093693, "cumulative_collapse_score": 1.2181101901337945, "shock_rank": 14, "top100_affected": true }, "geometry": { "type": "Point", "coordinates": [ -0.127358365578834, 51.5073793841553, 0.0 ] } },
{ "type": "Feature", "properties": { "clean_name": "Farringdon", "2019_Midweek": 98706, "2019_Friday": 88177, "2023_Monday": 128933.0, "2023_Midweek": 165095.0, "2023_Friday": 123844.0, "2024_Monday": 126030.0, "2024_Midweek": 163481.0, "2024_Friday": 119438.0, "2025_Monday": 137368.0, "2025_Midweek": 172209.0, "2025_Friday": 123183.0, "raw_ratio_19_mon": 1.0, "raw_ratio_19_fri": 0.89332968613863395, "raw_ratio_23_mon": 0.7809624761500954, "raw_ratio_23_fri": 0.75013779944880221, "collapse_23_mon": 0.2190375238499046, "collapse_23_fri": 0.16029007981226995, "total_collapse_23": 0.37932760366217455, "raw_ratio_24_mon": 0.77091527455789965, "raw_ratio_24_fri": 0.73059254592276779, "collapse_24_mon": 0.22908472544210035, "collapse_24_fri": 0.1821691842787494, "total_collapse_24": 0.41125390972084974, "raw_ratio_25_mon": 0.79768188654483796, "raw_ratio_25_fri": 0.71531104646098631, "collapse_25_mon": 0.20231811345516204, "collapse_25_fri": 0.19927541023194129, "total_collapse_25": 0.40159352368710333, "cumulative_collapse_score": 1.1921750370701276, "shock_rank": 15, "top100_affected": true }, "geometry": { "type": "Point", "coordinates": [ -0.105166098257485, 51.520472078357898, 0.0 ] } },
{ "type": "Feature", "properties": { "clean_name": "Holborn", "2019_Midweek": 107328, "2019_Friday": 107526, "2023_Monday": 61667.0, "2023_Midweek": 76347.0, "2023_Friday": 65749.0, "2024_Monday": 59687.0, "2024_Midweek": 76723.0, "2024_Friday": 61115.0, "2025_Monday": 57108.0, "2025_Midweek": 73790.0, "2025_Friday": 58860.0, "raw_ratio_19_mon": 1.0, "raw_ratio_19_fri": 1.0018448121645795, "raw_ratio_23_mon": 0.80772001519378622, "raw_ratio_23_fri": 0.86118642513785737, "collapse_23_mon": 0.19227998480621378, "collapse_23_fri": 0.14039937654896528, "total_collapse_23": 0.33267936135517906, "raw_ratio_24_mon": 0.77795445954928766, "raw_ratio_24_fri": 0.79656687042998842, "collapse_24_mon": 0.22204554045071234, "collapse_24_fri": 0.20489993983306543, "total_collapse_24": 0.42694548028377777, "raw_ratio_25_mon": 0.77392600623390706, "raw_ratio_25_fri": 0.79766906084835343, "collapse_25_mon": 0.22607399376609294, "collapse_25_fri": 0.20379977900477952, "total_collapse_25": 0.42987377277087246, "cumulative_collapse_score": 1.1894986144098292, "shock_rank": 16, "top100_affected": true }, "geometry": { "type": "Point", "coordinates": [ -0.120390788915067, 51.517579820069599, 0.0 ] } },
{ "type": "Feature", "properties": { "clean_name": "Marylebone", "2019_Midweek": 41506, "2019_Friday": 41030, "2023_Monday": 22622.0, "2023_Midweek": 29808.0, "2023_Friday": 25475.0, "2024_Monday": 23725.0, "2024_Midweek": 30914.0, "2024_Friday": 25148.0, "2025_Monday": 23429.0, "2025_Midweek": 29887.0, "2025_Friday": 24746.0, "raw_ratio_19_mon": 1.0, "raw_ratio_19_fri": 0.98853177853804264, "raw_ratio_23_mon": 0.75892377885131512, "raw_ratio_23_fri": 0.85463633923778848, "collapse_23_mon": 0.24107622114868488, "collapse_23_fri": 0.13544879609057636, "total_collapse_23": 0.37652501723926124, "raw_ratio_24_mon": 0.76745164003364175, "raw_ratio_24_fri": 0.81348256453386814, "collapse_24_mon": 0.23254835996635825, "collapse_24_fri": 0.17708000673793001, "total_collapse_24": 0.40962836670428826, "raw_ratio_25_mon": 0.78391942985244423, "raw_ratio_25_fri": 0.82798541171746909, "collapse_25_mon": 0.21608057014755577, "collapse_25_fri": 0.16240890814659337, "total_collapse_25": 0.37848947829414914, "cumulative_collapse_score": 1.1646428622376988, "shock_rank": 17, "top100_affected": true }, "geometry": { "type": "Point", "coordinates": [ -0.164215220446776, 51.522160622720101, 0.0 ] } },
{ "type": "Feature", "properties": { "clean_name": "Embankment", "2019_Midweek": 67406, "2019_Friday": 71677, "2023_Monday": 43571.0, "2023_Midweek": 57083.0, "2023_Friday": 52502.0, "2024_Monday": 44646.0, "2024_Midweek": 58500.0, "2024_Friday": 52255.0, "2025_Monday": 48071.0, "2025_Midweek": 59921.0, "2025_Friday": 52482.0, "raw_ratio_19_mon": 1.0, "raw_ratio_19_fri": 1.0633623119603597, "raw_ratio_23_mon": 0.76329204842072074, "raw_ratio_23_fri": 0.91974843648722038, "collapse_23_mon": 0.23670795157927926, "collapse_23_fri": 0.13505639033640393, "total_collapse_23": 0.37176434191568319, "raw_ratio_24_mon": 0.76317948717948714, "raw_ratio_24_fri": 0.89324786324786321, "collapse_24_mon": 0.23682051282051286, "collapse_24_fri": 0.15997788035094296, "total_collapse_24": 0.39679839317145582, "raw_ratio_25_mon": 0.80223961549373346, "raw_ratio_25_fri": 0.87585320672218425, "collapse_25_mon": 0.19776038450626654, "collapse_25_fri": 0.17633604570063555, "total_collapse_25": 0.37409643020690209, "cumulative_collapse_score": 1.1426591652940412, "shock_rank": 18, "top100_affected": true }, "geometry": { "type": "Point", "coordinates": [ -0.122144131709805, 51.507453298942302, 0.0 ] } },
{ "type": "Feature", "properties": { "clean_name": "Green Park", "2019_Midweek": 126001, "2019_Friday": 133084, "2023_Monday": 80184.0, "2023_Midweek": 100494.0, "2023_Friday": 91377.0, "2024_Monday": 86346.0, "2024_Midweek": 108494.0, "2024_Friday": 92912.0, "2025_Monday": 83884.0, "2025_Midweek": 103820.0, "2025_Friday": 92341.0, "raw_ratio_19_mon": 1.0, "raw_ratio_19_fri": 1.0562138395727019, "raw_ratio_23_mon": 0.79789838199295482, "raw_ratio_23_fri": 0.90927816586064836, "collapse_23_mon": 0.20210161800704518, "collapse_23_fri": 0.13911545958486715, "total_collapse_23": 0.34121707759191233, "raw_ratio_24_mon": 0.7958596788762512, "raw_ratio_24_fri": 0.85637915460762803, "collapse_24_mon": 0.2041403211237488, "collapse_24_fri": 0.1891990783286065, "total_collapse_24": 0.3933393994523553, "raw_ratio_25_mon": 0.8079753419379696, "raw_ratio_25_fri": 0.88943363513773843, "collapse_25_mon": 0.1920246580620304, "collapse_25_fri": 0.1579038241938161, "total_collapse_25": 0.3499284822558465, "cumulative_collapse_score": 1.0844849593001142, "shock_rank": 19, "top100_affected": true }, "geometry": { "type": "Point", "coordinates": [ -0.142516829185471, 51.506869104555904, 0.0 ] } },
{ "type": "Feature", "properties": { "clean_name": "Mornington Crescent", "2019_Midweek": 13701, "2019_Friday": 13460, "2023_Monday": 7501.0, "2023_Midweek": 10448.0, "2023_Friday": 9081.0, "2024_Monday": 7488.0, "2024_Midweek": 9854.0, "2024_Friday": 8971.0, "2025_Monday": 6578.0, "2025_Midweek": 9713.0, "2025_Friday": 9169.0, "raw_ratio_19_mon": 1.0, "raw_ratio_19_fri": 0.9824100430625502, "raw_ratio_23_mon": 0.71793644716692195, "raw_ratio_23_fri": 0.86916156202143946, "collapse_23_mon": 0.28206355283307805, "collapse_23_fri": 0.11527618415633423, "total_collapse_23": 0.39733973698941227, "raw_ratio_24_mon": 0.75989445910290232, "raw_ratio_24_fri": 0.91039171909884309, "collapse_24_mon": 0.24010554089709768, "collapse_24_fri": 0.073307805098569934, "total_collapse_24": 0.31341334599566761, "raw_ratio_25_mon": 0.67723669309173273, "raw_ratio_25_fri": 0.94399258725419544, "collapse_25_mon": 0.32276330690826727, "collapse_25_fri": 0.039105316644150734, "total_collapse_25": 0.361868623552418, "cumulative_collapse_score": 1.0726217065374979, "shock_rank": 20, "top100_affected": true }, "geometry": { "type": "Point", "coordinates": [ -0.1387241182319, 51.534707002698902, 0.0 ] } },
{ "type": "Feature", "properties": { "clean_name": "Leicester Square", "2019_Midweek": 93568, "2019_Friday": 122600, "2023_Monday": 60084.0, "2023_Midweek": 80100.0, "2023_Friday": 97439.0, "2024_Monday": 61874.0, "2024_Midweek": 77284.0, "2024_Friday": 85456.0, "2025_Monday": 63199.0, "2025_Midweek": 80668.0, "2025_Friday": 87430.0, "raw_ratio_19_mon": 1.0, "raw_ratio_19_fri": 1.3102770177838576, "raw_ratio_23_mon": 0.75011235955056177, "raw_ratio_23_fri": 1.2164669163545567, "collapse_23_mon": 0.24988764044943823, "collapse_23_fri": 0.071595624555765291, "total_collapse_23": 0.32148326500520352, "raw_ratio_24_mon": 0.80060555871849282, "raw_ratio_24_fri": 1.1057398685368252, "collapse_24_mon": 0.19939444128150718, "collapse_24_fri": 0.15610221844001904, "total_collapse_24": 0.35549665972152622, "raw_ratio_25_mon": 0.78344572816978231, "raw_ratio_25_fri": 1.0838250607427977, "collapse_25_mon": 0.21655427183021769, "collapse_25_fri": 0.17282754254826993, "total_collapse_25": 0.38938181437848762, "cumulative_collapse_score": 1.0663617391052174, "shock_rank": 21, "top100_affected": true }, "geometry": { "type": "Point", "coordinates": [ -0.128306746943324, 51.511406180134799, 0.0 ] } },
{ "type": "Feature", "properties": { "clean_name": "Aldgate", "2019_Midweek": 35391, "2019_Friday": 32184, "2023_Monday": 21430.0, "2023_Midweek": 27263.0, "2023_Friday": 20652.0, "2024_Monday": 22498.0, "2024_Midweek": 28214.0, "2024_Friday": 22625.0, "2025_Monday": 21917.0, "2025_Midweek": 26970.0, "2025_Friday": 20681.0, "raw_ratio_19_mon": 1.0, "raw_ratio_19_fri": 0.90938374162922775, "raw_ratio_23_mon": 0.78604702343835964, "raw_ratio_23_fri": 0.75751017863037817, "collapse_23_mon": 0.21395297656164036, "collapse_23_fri": 0.16700712366679982, "total_collapse_23": 0.38096010022844018, "raw_ratio_24_mon": 0.79740554334727443, "raw_ratio_24_fri": 0.80190685475295953, "collapse_24_mon": 0.20259445665272557, "collapse_24_fri": 0.11818650582395007, "total_collapse_24": 0.32078096247667565, "raw_ratio_25_mon": 0.81264367816091954, "raw_ratio_25_fri": 0.76681497960697076, "collapse_25_mon": 0.18735632183908046, "collapse_25_fri": 0.15677513847656277, "total_collapse_25": 0.34413146031564323, "cumulative_collapse_score": 1.0458725230207591, "shock_rank": 22, "top100_affected": true }, "geometry": { "type": "Point", "coordinates": [ -0.075822667815969, 51.514493899170702, 0.0 ] } },
{ "type": "Feature", "properties": { "clean_name": "Tottenham Court Road", "2019_Midweek": 132723, "2019_Friday": 144037, "2023_Monday": 153658.0, "2023_Midweek": 199836.0, "2023_Friday": 196157.0, "2024_Monday": 152005.0, "2024_Midweek": 201453.0, "2024_Friday": 188592.0, "2025_Monday": 159698.0, "2025_Midweek": 201763.0, "2025_Friday": 191264.0, "raw_ratio_19_mon": 1.0, "raw_ratio_19_fri": 1.0852452099485395, "raw_ratio_23_mon": 0.76892051482215418, "raw_ratio_23_fri": 0.98158990372105126, "collapse_23_mon": 0.23107948517784582, "collapse_23_fri": 0.09551325845741665, "total_collapse_23": 0.32659274363526247, "raw_ratio_24_mon": 0.75454324333715561, "raw_ratio_24_fri": 0.93615880627243075, "collapse_24_mon": 0.24545675666284439, "collapse_24_fri": 0.13737577674558743, "total_collapse_24": 0.38283253340843182, "raw_ratio_25_mon": 0.79151281453983136, "raw_ratio_25_fri": 0.94796369998463548, "collapse_25_mon": 0.20848718546016864, "collapse_25_fri": 0.12649814871831011, "total_collapse_25": 0.33498533417847876, "cumulative_collapse_score": 1.0444106112221729, "shock_rank": 23, "top100_affected": true }, "geometry": { "type": "Point", "coordinates": [ -0.130478416245152, 51.516458879984697, 0.0 ] } },
{ "type": "Feature", "properties": { "clean_name": "London Bridge", "2019_Midweek": 239224, "2019_Friday": 250176, "2023_Monday": 142236.0, "2023_Midweek": 179693.0, "2023_Friday": 176270.0, "2024_Monday": 145779.0, "2024_Midweek": 191459.0, "2024_Friday": 169767.0, "2025_Monday": 149457.0, "2025_Midweek": 193084.0, "2025_Friday": 170635.0, "raw_ratio_19_mon": 1.0, "raw_ratio_19_fri": 1.0457813597297929, "raw_ratio_23_mon": 0.79155003255552525, "raw_ratio_23_fri": 0.98095084393938548, "collapse_23_mon": 0.20844996744447475, "collapse_23_fri": 0.061992418575100849, "total_collapse_23": 0.2704423860195756, "raw_ratio_24_mon": 0.76141105928684472, "raw_ratio_24_fri": 0.88670159146344651, "collapse_24_mon": 0.23858894071315528, "collapse_24_fri": 0.15211570447904055, "total_collapse_24": 0.39070464519219583, "raw_ratio_25_mon": 0.77405170806488366, "raw_ratio_25_fri": 0.88373454040728383, "collapse_25_mon": 0.22594829193511634, "collapse_25_fri": 0.15495286640448291, "total_collapse_25": 0.38090115833959926, "cumulative_collapse_score": 1.0420481895513707, "shock_rank": 24, "top100_affected": true }, "geometry": { "type": "Point", "coordinates": [ -0.089622674026004, 51.505066443780102, 0.0 ] } },
{ "type": "Feature", "properties": { "clean_name": "Bond Street", "2019_Midweek": 120419, "2019_Friday": 121335, "2023_Monday": 109905.0, "2023_Midweek": 130852.0, "2023_Friday": 118669.0, "2024_Monday": 111238.0, "2024_Midweek": 143282.0, "2024_Friday": 119537.0, "2025_Monday": 120293.0, "2025_Midweek": 152003.0, "2025_Friday": 126618.0, "raw_ratio_19_mon": 1.0, "raw_ratio_19_fri": 1.0076067730175471, "raw_ratio_23_mon": 0.83991838107174521, "raw_ratio_23_fri": 0.90689481245987835, "collapse_23_mon": 0.16008161892825479, "collapse_23_fri": 0.099951651035512512, "total_collapse_23": 0.2600332699637673, "raw_ratio_24_mon": 0.77635711394313311, "raw_ratio_24_fri": 0.83427785765134488, "collapse_24_mon": 0.22364288605686689, "collapse_24_fri": 0.17202039526503232, "total_collapse_24": 0.39566328132189921, "raw_ratio_25_mon": 0.79138569633494071, "raw_ratio_25_fri": 0.83299671717005586, "collapse_25_mon": 0.20861430366505929, "collapse_25_fri": 0.17329186397246499, "total_collapse_25": 0.38190616763752427, "cumulative_collapse_score": 1.0376027189231909, "shock_rank": 25, "top100_affected": true }, "geometry": { "type": "Point", "coordinates": [ -0.149656033847428, 51.514381142574997, 0.0 ] } },
{ "type": "Feature", "properties": { "clean_name": "Temple", "2019_Midweek": 32152, "2019_Friday": 30402, "2023_Monday": 23530.0, "2023_Midweek": 29078.0, "2023_Friday": 23525.0, "2024_Monday": 26654.0, "2024_Midweek": 32113.0, "2024_Friday": 25629.0, "2025_Monday": 28003.0, "2025_Midweek": 33990.0, "2025_Friday": 26214.0, "raw_ratio_19_mon": 1.0, "raw_ratio_19_fri": 0.94557103757153516, "raw_ratio_23_mon": 0.80920283375747992, "raw_ratio_23_fri": 0.80903088245408905, "collapse_23_mon": 0.19079716624252008, "collapse_23_fri": 0.14439967986764446, "total_collapse_23": 0.33519684611016454, "raw_ratio_24_mon": 0.83000653940771651, "raw_ratio_24_fri": 0.79808800174384209, "collapse_24_mon": 0.16999346059228349, "collapse_24_fri": 0.15597245470469012, "total_collapse_24": 0.32596591529697361, "raw_ratio_25_mon": 0.82385995881141516, "raw_ratio_25_fri": 0.77122683142100623, "collapse_25_mon": 0.17614004118858484, "collapse_25_fri": 0.18437980778079754, "total_collapse_25": 0.36051984896938238, "cumulative_collapse_score": 1.0216826103765206, "shock_rank": 26, "top100_affected": true }, "geometry": { "type": "Point", "coordinates": [ -0.114226122796381, 51.510985945148597, 0.0 ] } },
{ "type": "Feature", "properties": { "clean_name": "Gunnersbury", "2019_Midweek": 20106, "2019_Friday": 18439, "2023_Monday": 12963.0, "2023_Midweek": 15716.0, "2023_Friday": 12086.0, "2024_Monday": 12205.0, "2024_Midweek": 14478.0, "2024_Friday": 11028.0, "2025_Monday": 12448.0, "2025_Midweek": 15005.0, "2025_Friday": 11369.0, "raw_ratio_19_mon": 1.0, "raw_ratio_19_fri": 0.91708942604197752, "raw_ratio_23_mon": 0.82482820055993888, "raw_ratio_23_fri": 0.76902519725120899, "collapse_23_mon": 0.17517179944006112, "collapse_23_fri": 0.16145015369961446, "total_collapse_23": 0.33662195313967558, "raw_ratio_24_mon": 0.84300317723442464, "raw_ratio_24_fri": 0.76170741815167842, "collapse_24_mon": 0.15699682276557536, "collapse_24_fri": 0.16942950543100788, "total_collapse_24": 0.32642632819658324, "raw_ratio_25_mon": 0.82959013662112624, "raw_ratio_25_fri": 0.75768077307564141, "collapse_25_mon": 0.17040986337887376, "collapse_25_fri": 0.17382018420419509, "total_collapse_25": 0.34423004758306885, "cumulative_collapse_score": 1.0072783289193277, "shock_rank": 27, "top100_affected": true }, "geometry": { "type": "Point", "coordinates": [ -0.275113608793886, 51.491742613263099, 0.0 ] } },
{ "type": "Feature", "properties": { "clean_name": "Canary Wharf", "2019_Midweek": 168710, "2019_Friday": 159240, "2023_Monday": 96499.0, "2023_Midweek": 115514.0, "2023_Friday": 91121.0, "2024_Monday": 98735.0, "2024_Midweek": 119308.0, "2024_Friday": 93202.0, "2025_Monday": 103212.0, "2025_Midweek": 122189.0, "2025_Friday": 95802.0, "raw_ratio_19_mon": 1.0, "raw_ratio_19_fri": 0.94386817616027507, "raw_ratio_23_mon": 0.83538791834755965, "raw_ratio_23_fri": 0.78883079107294352, "collapse_23_mon": 0.16461208165244035, "collapse_23_fri": 0.16425745565237193, "total_collapse_23": 0.32886953730481228, "raw_ratio_24_mon": 0.82756395212391454, "raw_ratio_24_fri": 0.78118818520132771, "collapse_24_mon": 0.17243604787608546, "collapse_24_fri": 0.17235456716078879, "total_collapse_24": 0.34479061503687425, "raw_ratio_25_mon": 0.84469142066798153, "raw_ratio_25_fri": 0.78404766386499603, "collapse_25_mon": 0.15530857933201847, "collapse_25_fri": 0.16932503535127186, "total_collapse_25": 0.32463361468329033, "cumulative_collapse_score": 0.99829376702497685, "shock_rank": 28, "top100_affected": true }, "geometry": { "type": "Point", "coordinates": [ -0.017726664743273, 51.503431012704098, 0.0 ] } },
{ "type": "Feature", "properties": { "clean_name": "Barbican", "2019_Midweek": 38423, "2019_Friday": 34610, "2023_Monday": 17118.0, "2023_Midweek": 20711.0, "2023_Friday": 16031.0, "2024_Monday": 17329.0, "2024_Midweek": 20514.0, "2024_Friday": 15798.0, "2025_Monday": 17278.0, "2025_Midweek": 21339.0, "2025_Friday": 15658.0, "raw_ratio_19_mon": 1.0, "raw_ratio_19_fri": 0.9007625640892174, "raw_ratio_23_mon": 0.82651730964221914, "raw_ratio_23_fri": 0.77403312249529233, "collapse_23_mon": 0.17348269035778086, "collapse_23_fri": 0.14069128385909802, "total_collapse_23": 0.31417397421687887, "raw_ratio_24_mon": 0.84474017743979724, "raw_ratio_24_fri": 0.77010821877742031, "collapse_24_mon": 0.15525982256020276, "collapse_24_fri": 0.1450485960680491, "total_collapse_24": 0.30030841862825186, "raw_ratio_25_mon": 0.80969117578143301, "raw_ratio_25_fri": 0.73377384132339851, "collapse_25_mon": 0.19030882421856699, "collapse_25_fri": 0.18538594899829697, "total_collapse_25": 0.37569477321686395, "cumulative_collapse_score": 0.99017716606199468, "shock_rank": 29, "top100_affected": true }, "geometry": { "type": "Point", "coordinates": [ -0.098773979194686, 51.5202103844398, 0.0 ] } },
{ "type": "Feature", "properties": { "clean_name": "White City", "2019_Midweek": 32768, "2019_Friday": 31715, "2023_Monday": 23820.0, "2023_Midweek": 29340.0, "2023_Friday": 23987.0, "2024_Monday": 25079.0, "2024_Midweek": 29309.0, "2024_Friday": 23385.0, "2025_Monday": 25315.0, "2025_Midweek": 29553.0, "2025_Friday": 23386.0, "raw_ratio_19_mon": 1.0, "raw_ratio_19_fri": 0.967864990234375, "raw_ratio_23_mon": 0.81186094069529657, "raw_ratio_23_fri": 0.81755282890252212, "collapse_23_mon": 0.18813905930470343, "collapse_23_fri": 0.15530281893495679, "total_collapse_23": 0.34344187823966021, "raw_ratio_24_mon": 0.85567573100412841, "raw_ratio_24_fri": 0.79787778498072259, "collapse_24_mon": 0.14432426899587159, "collapse_24_fri": 0.17563111277791843, "total_collapse_24": 0.31995538177379002, "raw_ratio_25_mon": 0.85659662301627582, "raw_ratio_25_fri": 0.79132406185497239, "collapse_25_mon": 0.14340337698372418, "collapse_25_fri": 0.18240243232338849, "total_collapse_25": 0.32580580930711267, "cumulative_collapse_score": 0.9892030693205629, "shock_rank": 30, "top100_affected": true }, "geometry": { "type": "Point", "coordinates": [ -0.224438284364719, 51.512216673623698, 0.0 ] } },
{ "type": "Feature", "properties": { "clean_name": "Chalk Farm", "2019_Midweek": 16770, "2019_Friday": 18647, "2023_Monday": 11674.0, "2023_Midweek": 14045.0, "2023_Friday": 15702.0, "2024_Monday": 11743.0, "2024_Midweek": 15952.0, "2024_Friday": 14910.0, "2025_Monday": 11427.0, "2025_Midweek": 15835.0, "2025_Friday": 15491.0, "raw_ratio_19_mon": 1.0, "raw_ratio_19_fri": 1.1119260584376864, "raw_ratio_23_mon": 0.83118547525809894, "raw_ratio_23_fri": 1.1179779280882876, "collapse_23_mon": 0.16881452474190106, "collapse_23_fri": -0.005442690729907218, "total_collapse_23": 0.16337183401199384, "raw_ratio_24_mon": 0.73614593781344029, "raw_ratio_24_fri": 0.93467903711133404, "collapse_24_mon": 0.26385406218655971, "collapse_24_fri": 0.15940540288748484, "total_collapse_24": 0.42325946507404455, "raw_ratio_25_mon": 0.72162930217871801, "raw_ratio_25_fri": 0.97827597095042629, "collapse_25_mon": 0.27837069782128199, "collapse_25_fri": 0.1201969199957823, "total_collapse_25": 0.39856761781706429, "cumulative_collapse_score": 0.98519891690310268, "shock_rank": 31, "top100_affected": true }, "geometry": { "type": "Point", "coordinates": [ -0.152616492596534, 51.543860602094298, 0.0 ] } },
{ "type": "Feature", "properties": { "clean_name": "Amersham", "2019_Midweek": 8184, "2019_Friday": 7597, "2023_Monday": 5519.0, "2023_Midweek": 6610.0, "2023_Friday": 5472.0, "2024_Monday": 5494.0, "2024_Midweek": 7006.0, "2024_Friday": 5477.0, "2025_Monday": 6291.0, "2025_Midweek": 7578.0, "2025_Friday": 5969.0, "raw_ratio_19_mon": 1.0, "raw_ratio_19_fri": 0.92827468230694032, "raw_ratio_23_mon": 0.83494704992435709, "raw_ratio_23_fri": 0.82783661119515883, "collapse_23_mon": 0.16505295007564291, "collapse_23_fri": 0.10819865393955774, "total_collapse_23": 0.27325160401520066, "raw_ratio_24_mon": 0.78418498429917216, "raw_ratio_24_fri": 0.78175849272052522, "collapse_24_mon": 0.21581501570082784, "collapse_24_fri": 0.15783710617022784, "total_collapse_24": 0.37365212187105568, "raw_ratio_25_mon": 0.83016627078384797, "raw_ratio_25_fri": 0.78767484824491951, "collapse_25_mon": 0.16983372921615203, "collapse_25_fri": 0.15146360957793581, "total_collapse_25": 0.32129733879408784, "cumulative_collapse_score": 0.96820106468034417, "shock_rank": 32, "top100_affected": true }, "geometry": { "type": "Point", "coordinates": [ -0.607682857863921, 51.674149461953498, 0.0 ] } },
{ "type": "Feature", "properties": { "clean_name": "Kew Gardens", "2019_Midweek": 11810, "2019_Friday": 13090, "2023_Monday": 10148.0, "2023_Midweek": 14205.0, "2023_Friday": 10690.0, "2024_Monday": 8893.0, "2024_Midweek": 10183.0, "2024_Friday": 11137.0, "2025_Monday": 9593.0, "2025_Midweek": 10789.0, "2025_Friday": 10654.0, "raw_ratio_19_mon": 1.0, "raw_ratio_19_fri": 1.1083827265029635, "raw_ratio_23_mon": 0.71439633931714186, "raw_ratio_23_fri": 0.75255191833861312, "collapse_23_mon": 0.28560366068285814, "collapse_23_fri": 0.32103604617425352, "total_collapse_23": 0.60663970685711166, "raw_ratio_24_mon": 0.87331827555730135, "raw_ratio_24_fri": 1.0936855543552981, "collapse_24_mon": 0.12668172444269865, "collapse_24_fri": 0.013260015512905121, "total_collapse_24": 0.13994173995560377, "raw_ratio_25_mon": 0.88914635276670684, "raw_ratio_25_fri": 0.98748725553804806, "collapse_25_mon": 0.11085364723329316, "collapse_25_fri": 0.10907375951838438, "total_collapse_25": 0.21992740675167755, "cumulative_collapse_score": 0.96650885356439298, "shock_rank": 33, "top100_affected": true }, "geometry": { "type": "Point", "coordinates": [ -0.285018368341176, 51.4769978542773, 0.0 ] } },
{ "type": "Feature", "properties": { "clean_name": "Warren Street", "2019_Midweek": 64520, "2019_Friday": 63413, "2023_Monday": 46267.0, "2023_Midweek": 54940.0, "2023_Friday": 46398.0, "2024_Monday": 46790.0, "2024_Midweek": 55396.0, "2024_Friday": 46138.0, "2025_Monday": 46134.0, "2025_Midweek": 55035.0, "2025_Friday": 43873.0, "raw_ratio_19_mon": 1.0, "raw_ratio_19_fri": 0.98284252944823314, "raw_ratio_23_mon": 0.84213687659264658, "raw_ratio_23_fri": 0.8445212959592282, "collapse_23_mon": 0.15786312340735342, "collapse_23_fri": 0.14073590564569727, "total_collapse_23": 0.29859902905305069, "raw_ratio_24_mon": 0.84464582280309053, "raw_ratio_24_fri": 0.83287601992923677, "collapse_24_mon": 0.15535417719690947, "collapse_24_fri": 0.15258447312326562, "total_collapse_24": 0.30793865032017509, "raw_ratio_25_mon": 0.83826655764513491, "raw_ratio_25_fri": 0.79718361042972652, "collapse_25_mon": 0.16173344235486509, "collapse_25_fri": 0.18889996459833236, "total_collapse_25": 0.35063340695319745, "cumulative_collapse_score": 0.95717108632642323, "shock_rank": 34, "top100_affected": true }, "geometry": { "type": "Point", "coordinates": [ -0.138316275529769, 51.5245289307367, 0.0 ] } },
{ "type": "Feature", "properties": { "clean_name": "Piccadilly Circus", "2019_Midweek": 111832, "2019_Friday": 139151, "2023_Monday": 68110.0, "2023_Midweek": 83733.0, "2023_Friday": 88341.0, "2024_Monday": 68486.0, "2024_Midweek": 83022.0, "2024_Friday": 92256.0, "2025_Monday": 64829.0, "2025_Midweek": 76172.0, "2025_Friday": 77907.0, "raw_ratio_19_mon": 1.0, "raw_ratio_19_fri": 1.2442860719650906, "raw_ratio_23_mon": 0.81341884322787905, "raw_ratio_23_fri": 1.0550320662104546, "collapse_23_mon": 0.18658115677212095, "collapse_23_fri": 0.15209846836567786, "total_collapse_23": 0.33867962513779881, "raw_ratio_24_mon": 0.82491387824913875, "raw_ratio_24_fri": 1.1112235311122354, "collapse_24_mon": 0.17508612175086125, "collapse_24_fri": 0.10693886546741671, "total_collapse_24": 0.28202498721827796, "raw_ratio_25_mon": 0.85108701360079819, "raw_ratio_25_fri": 1.0227773985191408, "collapse_25_mon": 0.14891298639920181, "collapse_25_fri": 0.17802069671657006, "total_collapse_25": 0.32693368311577187, "cumulative_collapse_score": 0.94763829547184864, "shock_rank": 35, "top100_affected": true }, "geometry": { "type": "Point", "coordinates": [ -0.133662111522037, 51.510062098663298, 0.0 ] } },
{ "type": "Feature", "properties": { "clean_name": "Great Portland Street", "2019_Midweek": 29448, "2019_Friday": 26309, "2023_Monday": 17650.0, "2023_Midweek": 21472.0, "2023_Friday": 16497.0, "2024_Monday": 18086.0, "2024_Midweek": 22582.0, "2024_Friday": 17791.0, "2025_Monday": 18427.0, "2025_Midweek": 22483.0, "2025_Friday": 17473.0, "raw_ratio_19_mon": 1.0, "raw_ratio_19_fri": 0.89340532464004352, "raw_ratio_23_mon": 0.82200074515648291, "raw_ratio_23_fri": 0.76830290611028318, "collapse_23_mon": 0.17799925484351709, "collapse_23_fri": 0.14002873620678791, "total_collapse_23": 0.31802799105030499, "raw_ratio_24_mon": 0.80090337436896641, "raw_ratio_24_fri": 0.78783987246479492, "collapse_24_mon": 0.19909662563103359, "collapse_24_fri": 0.11816076003104337, "total_collapse_24": 0.31725738566207695, "raw_ratio_25_mon": 0.81959702886625452, "raw_ratio_25_fri": 0.77716496908775523, "collapse_25_mon": 0.18040297113374548, "collapse_25_fri": 0.13010931583502927, "total_collapse_25": 0.31051228696877475, "cumulative_collapse_score": 0.9457976636811567, "shock_rank": 36, "top100_affected": true }, "geometry": { "type": "Point", "coordinates": [ -0.144265574194803, 51.523848236656903, 0.0 ] } },
{ "type": "Feature", "properties": { "clean_name": "Borough", "2019_Midweek": 18760, "2019_Friday": 19147, "2023_Monday": 11447.0, "2023_Midweek": 14707.0, "2023_Friday": 13109.0, "2024_Monday": 11675.0, "2024_Midweek": 14141.0, "2024_Friday": 12830.0, "2025_Monday": 11481.0, "2025_Midweek": 13725.0, "2025_Friday": 11999.0, "raw_ratio_19_mon": 1.0, "raw_ratio_19_fri": 1.0206289978678038, "raw_ratio_23_mon": 0.7783368463996736, "raw_ratio_23_fri": 0.89134425783640447, "collapse_23_mon": 0.2216631536003264, "collapse_23_fri": 0.12667163122102953, "total_collapse_23": 0.34833478482135594, "raw_ratio_24_mon": 0.82561346439431438, "raw_ratio_24_fri": 0.90729085637507956, "collapse_24_mon": 0.17438653560568562, "collapse_24_fri": 0.11104734602828159, "total_collapse_24": 0.28543388163396721, "raw_ratio_25_mon": 0.83650273224043714, "raw_ratio_25_fri": 0.87424408014571953, "collapse_25_mon": 0.16349726775956286, "collapse_25_fri": 0.14342617937359903, "total_collapse_25": 0.30692344713316189, "cumulative_collapse_score": 0.94069211358848503, "shock_rank": 37, "top100_affected": true }, "geometry": { "type": "Point", "coordinates": [ -0.093287238298321, 51.501192719769001, 0.0 ] } },
{ "type": "Feature", "properties": { "clean_name": "South Kenton", "2019_Midweek": 4689, "2019_Friday": 5048, "2023_Monday": 1813.0, "2023_Midweek": 3137.0, "2023_Friday": 3015.0, "2024_Monday": 3202.0, "2024_Midweek": 3414.0, "2024_Friday": 3087.0, "2025_Monday": 2983.0, "2025_Midweek": 3130.0, "2025_Friday": 2913.0, "raw_ratio_19_mon": 1.0, "raw_ratio_19_fri": 1.0765621667732992, "raw_ratio_23_mon": 0.57794070768249917, "raw_ratio_23_fri": 0.96110934013388583, "collapse_23_mon": 0.42205929231750083, "collapse_23_fri": 0.10724213631382906, "total_collapse_23": 0.5293014286313299, "raw_ratio_24_mon": 0.93790275336848272, "raw_ratio_24_fri": 0.90421792618629171, "collapse_24_mon": 0.062097246631517278, "collapse_24_fri": 0.16008758797790767, "total_collapse_24": 0.22218483460942495, "raw_ratio_25_mon": 0.95303514376996801, "raw_ratio_25_fri": 0.93067092651757188, "collapse_25_mon": 0.046964856230031993, "collapse_25_fri": 0.13551585292375301, "total_collapse_25": 0.182480709153785, "cumulative_collapse_score": 0.93396697239453985, "shock_rank": 38, "top100_affected": true }, "geometry": { "type": "Point", "coordinates": [ -0.308350944844092, 51.570214981947302, 0.0 ] } },
{ "type": "Feature", "properties": { "clean_name": "Theydon Bois", "2019_Midweek": 2944, "2019_Friday": 2992, "2023_Monday": 2179.0, "2023_Midweek": 2552.0, "2023_Friday": 2329.0, "2024_Monday": 2156.0, "2024_Midweek": 2545.0, "2024_Friday": 2205.0, "2025_Monday": 2086.0, "2025_Midweek": 2569.0, "2025_Friday": 2157.0, "raw_ratio_19_mon": 1.0, "raw_ratio_19_fri": 1.0163043478260869, "raw_ratio_23_mon": 0.8538401253918495, "raw_ratio_23_fri": 0.91261755485893414, "collapse_23_mon": 0.1461598746081505, "collapse_23_fri": 0.10202336848104876, "total_collapse_23": 0.24818324308919926, "raw_ratio_24_mon": 0.84715127701375248, "raw_ratio_24_fri": 0.86640471512770134, "collapse_24_mon": 0.15284872298624752, "collapse_24_fri": 0.14749482575670025, "total_collapse_24": 0.30034354874294777, "raw_ratio_25_mon": 0.81198910081743869, "raw_ratio_25_fri": 0.83962631374075514, "collapse_25_mon": 0.18801089918256131, "collapse_25_fri": 0.173843627121396, "total_collapse_25": 0.36185452630395731, "cumulative_collapse_score": 0.91038131813610434, "shock_rank": 39, "top100_affected": true }, "geometry": { "type": "Point", "coordinates": [ 0.103354074905424, 51.671835805689298, 0.0 ] } },
{ "type": "Feature", "properties": { "clean_name": "Goodge Street", "2019_Midweek": 30496, "2019_Friday": 28413, "2023_Monday": 16886.0, "2023_Midweek": 19853.0, "2023_Friday": 16595.0, "2024_Monday": 16705.0, "2024_Midweek": 20684.0, "2024_Friday": 17092.0, "2025_Monday": 16827.0, "2025_Midweek": 20121.0, "2025_Friday": 15522.0, "raw_ratio_19_mon": 1.0, "raw_ratio_19_fri": 0.93169596012591815, "raw_ratio_23_mon": 0.85055155392132176, "raw_ratio_23_fri": 0.83589381957386788, "collapse_23_mon": 0.14944844607867824, "collapse_23_fri": 0.10282554036093783, "total_collapse_23": 0.25227398643961607, "raw_ratio_24_mon": 0.80762908528331079, "raw_ratio_24_fri": 0.82633919938116418, "collapse_24_mon": 0.19237091471668921, "collapse_24_fri": 0.11308062420976372, "total_collapse_24": 0.30545153892645294, "raw_ratio_25_mon": 0.83629044282093334, "raw_ratio_25_fri": 0.77143283137021024, "collapse_25_mon": 0.16370955717906666, "collapse_25_fri": 0.17201226109647239, "total_collapse_25": 0.33572181827553904, "cumulative_collapse_score": 0.89344734364160805, "shock_rank": 40, "top100_affected": true }, "geometry": { "type": "Point", "coordinates": [ -0.134317418003295, 51.520603564610703, 0.0 ] } },
{ "type": "Feature", "properties": { "clean_name": "Victoria", "2019_Midweek": 272658, "2019_Friday": 286045, "2023_Monday": 170434.0, "2023_Midweek": 202988.0, "2023_Friday": 187908.0, "2024_Monday": 169450.0, "2024_Midweek": 204933.0, "2024_Friday": 186542.0, "2025_Monday": 174142.0, "2025_Midweek": 204532.0, "2025_Friday": 182555.0, "raw_ratio_19_mon": 1.0, "raw_ratio_19_fri": 1.0490981375936155, "raw_ratio_23_mon": 0.83962598774311781, "raw_ratio_23_fri": 0.92570989418093685, "collapse_23_mon": 0.16037401225688219, "collapse_23_fri": 0.1176136330731673, "total_collapse_23": 0.27798764533004949, "raw_ratio_24_mon": 0.82685560646650369, "raw_ratio_24_fri": 0.91025847472100641, "collapse_24_mon": 0.17314439353349631, "collapse_24_fri": 0.1323419210247333, "total_collapse_24": 0.30548631455822961, "raw_ratio_25_mon": 0.85141689320008607, "raw_ratio_25_fri": 0.89254982105489611, "collapse_25_mon": 0.14858310679991393, "collapse_25_fri": 0.14922180387985862, "total_collapse_25": 0.29780491067977255, "cumulative_collapse_score": 0.88127887056805165, "shock_rank": 41, "top100_affected": true }, "geometry": { "type": "Point", "coordinates": [ -0.14306445018881, 51.4964021600764, 0.0 ] } },
{ "type": "Feature", "properties": { "clean_name": "Pimlico", "2019_Midweek": 35634, "2019_Friday": 35958, "2023_Monday": 21139.0, "2023_Midweek": 25488.0, "2023_Friday": 22803.0, "2024_Monday": 22402.0, "2024_Midweek": 26819.0, "2024_Friday": 22647.0, "2025_Monday": 22707.0, "2025_Midweek": 27389.0, "2025_Friday": 24971.0, "raw_ratio_19_mon": 1.0, "raw_ratio_19_fri": 1.009092439804681, "raw_ratio_23_mon": 0.82937068424356564, "raw_ratio_23_fri": 0.89465630885122416, "collapse_23_mon": 0.17062931575643436, "collapse_23_fri": 0.1134050027920207, "total_collapse_23": 0.28403431854845507, "raw_ratio_24_mon": 0.83530332972892352, "raw_ratio_24_fri": 0.8444386442447519, "collapse_24_mon": 0.16469667027107648, "collapse_24_fri": 0.16317018051567145, "total_collapse_24": 0.32786685078674793, "raw_ratio_25_mon": 0.82905546022125676, "raw_ratio_25_fri": 0.91171638248932052, "collapse_25_mon": 0.17094453977874324, "collapse_25_fri": 0.096498649156670391, "total_collapse_25": 0.26744318893541363, "cumulative_collapse_score": 0.87934435827061663, "shock_rank": 42, "top100_affected": true }, "geometry": { "type": "Point", "coordinates": [ -0.133683792044099, 51.489083026301998, 0.0 ] } },
{ "type": "Feature", "properties": { "clean_name": "Chiswick Park", "2019_Midweek": 8655, "2019_Friday": 8272, "2023_Monday": 6488.0, "2023_Midweek": 7782.0, "2023_Friday": 6488.0, "2024_Monday": 6642.0, "2024_Midweek": 7827.0, "2024_Friday": 6623.0, "2025_Monday": 6325.0, "2025_Midweek": 7662.0, "2025_Friday": 6265.0, "raw_ratio_19_mon": 1.0, "raw_ratio_19_fri": 0.95574812247255925, "raw_ratio_23_mon": 0.83371883834489846, "raw_ratio_23_fri": 0.83371883834489846, "collapse_23_mon": 0.16628116165510154, "collapse_23_fri": 0.1276793343961441, "total_collapse_23": 0.29396049605124563, "raw_ratio_24_mon": 0.84860099655040244, "raw_ratio_24_fri": 0.84617350198032448, "collapse_24_mon": 0.15139900344959756, "collapse_24_fri": 0.11464801019829451, "total_collapse_24": 0.26604701364789207, "raw_ratio_25_mon": 0.82550247977029501, "raw_ratio_25_fri": 0.81767162620725664, "collapse_25_mon": 0.17449752022970499, "collapse_25_fri": 0.14446954487139674, "total_collapse_25": 0.31896706510110173, "cumulative_collapse_score": 0.87897457480023944, "shock_rank": 43, "top100_affected": true }, "geometry": { "type": "Point", "coordinates": [ -0.26854880833146, 51.494668288991598, 0.0 ] } },
{ "type": "Feature", "properties": { "clean_name": "East Finchley", "2019_Midweek": 23225, "2019_Friday": 22772, "2023_Monday": 15974.0, "2023_Midweek": 18929.0, "2023_Friday": 16341.0, "2024_Monday": 16230.0, "2024_Midweek": 19326.0, "2024_Friday": 16546.0, "2025_Monday": 16299.0, "2025_Midweek": 19390.0, "2025_Friday": 16161.0, "raw_ratio_19_mon": 1.0, "raw_ratio_19_fri": 0.98049515608180837, "raw_ratio_23_mon": 0.84389032701146394, "raw_ratio_23_fri": 0.86327856727772201, "collapse_23_mon": 0.15610967298853606, "collapse_23_fri": 0.1195483609245962, "total_collapse_23": 0.27565803391313226, "raw_ratio_24_mon": 0.83980130394287489, "raw_ratio_24_fri": 0.85615233364379595, "collapse_24_mon": 0.16019869605712511, "collapse_24_fri": 0.1268163556614631, "total_collapse_24": 0.28701505171858821, "raw_ratio_25_mon": 0.84058793192367198, "raw_ratio_25_fri": 0.83347086126869518, "collapse_25_mon": 0.15941206807632802, "collapse_25_fri": 0.14994902718402225, "total_collapse_25": 0.30936109526035027, "cumulative_collapse_score": 0.87203418089207074, "shock_rank": 44, "top100_affected": true }, "geometry": { "type": "Point", "coordinates": [ -0.165018716089878, 51.587156652511602, 0.0 ] } },
{ "type": "Feature", "properties": { "clean_name": "Clapham South", "2019_Midweek": 26492, "2019_Friday": 26812, "2023_Monday": 18301.0, "2023_Midweek": 22550.0, "2023_Friday": 20249.0, "2024_Monday": 18938.0, "2024_Midweek": 22392.0, "2024_Friday": 20416.0, "2025_Monday": 17914.0, "2025_Midweek": 21745.0, "2025_Friday": 19189.0, "raw_ratio_19_mon": 1.0, "raw_ratio_19_fri": 1.0120791182243696, "raw_ratio_23_mon": 0.81157427937915738, "raw_ratio_23_fri": 0.897960088691796, "collapse_23_mon": 0.18842572062084262, "collapse_23_fri": 0.11275702410774802, "total_collapse_23": 0.30118274472859063, "raw_ratio_24_mon": 0.84574848160057159, "raw_ratio_24_fri": 0.91175419792783141, "collapse_24_mon": 0.15425151839942841, "collapse_24_fri": 0.099127546937784916, "total_collapse_24": 0.25337906533721333, "raw_ratio_25_mon": 0.82382156817659236, "raw_ratio_25_fri": 0.8824557369510232, "collapse_25_mon": 0.17617843182340764, "collapse_25_fri": 0.12807633211597391, "total_collapse_25": 0.30425476393938156, "cumulative_collapse_score": 0.85881657400518552, "shock_rank": 45, "top100_affected": true }, "geometry": { "type": "Point", "coordinates": [ -0.147186832640558, 51.453237528586797, 0.0 ] } },
{ "type": "Feature", "properties": { "clean_name": "King's Cross St Pancras", "2019_Midweek": 275889, "2019_Friday": 305233, "2023_Monday": 196524.0, "2023_Midweek": 235401.0, "2023_Friday": 243875.0, "2024_Monday": 201826.0, "2024_Midweek": 241972.0, "2024_Friday": 238517.0, "2025_Monday": 199415.0, "2025_Midweek": 243219.0, "2025_Friday": 223985.0, "raw_ratio_19_mon": 1.0, "raw_ratio_19_fri": 1.1063616164471943, "raw_ratio_23_mon": 0.83484777040029567, "raw_ratio_23_fri": 1.0359981478413431, "collapse_23_mon": 0.16515222959970433, "collapse_23_fri": 0.063598978453180632, "total_collapse_23": 0.22875120805288496, "raw_ratio_24_mon": 0.83408824161473227, "raw_ratio_24_fri": 0.98572148843667862, "collapse_24_mon": 0.16591175838526773, "collapse_24_fri": 0.10904222111204609, "total_collapse_24": 0.27495397949731382, "raw_ratio_25_mon": 0.81989893881645759, "raw_ratio_25_fri": 0.9209190071499348, "collapse_25_mon": 0.18010106118354241, "collapse_25_fri": 0.16761482551497264, "total_collapse_25": 0.34771588669851505, "cumulative_collapse_score": 0.85142107424871383, "shock_rank": 46, "top100_affected": true }, "geometry": { "type": "Point", "coordinates": [ -0.124750344185488, 51.529787127413996, 0.0 ] } },
{ "type": "Feature", "properties": { "clean_name": "Tooting Bec", "2019_Midweek": 24987, "2019_Friday": 25616, "2023_Monday": 17890.0, "2023_Midweek": 21723.0, "2023_Friday": 20129.0, "2024_Monday": 18558.0, "2024_Midweek": 21710.0, "2024_Friday": 20016.0, "2025_Monday": 18179.0, "2025_Midweek": 22228.0, "2025_Friday": 19564.0, "raw_ratio_19_mon": 1.0, "raw_ratio_19_fri": 1.0251730900068035, "raw_ratio_23_mon": 0.82355107489757395, "raw_ratio_23_fri": 0.92662155319246886, "collapse_23_mon": 0.17644892510242605, "collapse_23_fri": 0.096131607213451709, "total_collapse_23": 0.27258053231587775, "raw_ratio_24_mon": 0.85481345002303089, "raw_ratio_24_fri": 0.9219714417319208, "collapse_24_mon": 0.14518654997696911, "collapse_24_fri": 0.1006675353468337, "total_collapse_24": 0.24585408532380282, "raw_ratio_25_mon": 0.8178423609861436, "raw_ratio_25_fri": 0.88015116069821842, "collapse_25_mon": 0.1821576390138564, "collapse_25_fri": 0.1414609208164278, "total_collapse_25": 0.3236185598302842, "cumulative_collapse_score": 0.84205317746996478, "shock_rank": 47, "top100_affected": true }, "geometry": { "type": "Point", "coordinates": [ -0.15920812954631, 51.4358993700234, 0.0 ] } },
{ "type": "Feature", "properties": { "clean_name": "Shepherd's Bush", "2019_Midweek": 61396, "2019_Friday": 65661, "2023_Monday": 34467.0, "2023_Midweek": 41136.0, "2023_Friday": 39702.0, "2024_Monday": 35060.0, "2024_Midweek": 42162.0, "2024_Friday": 39729.0, "2025_Monday": 34450.0, "2025_Midweek": 41409.0, "2025_Friday": 39052.0, "raw_ratio_19_mon": 1.0, "raw_ratio_19_fri": 1.0694670662583883, "raw_ratio_23_mon": 0.83787922987164531, "raw_ratio_23_fri": 0.96514002333722282, "collapse_23_mon": 0.16212077012835469, "collapse_23_fri": 0.097550496142121967, "total_collapse_23": 0.25967126627047665, "raw_ratio_24_mon": 0.83155448033774493, "raw_ratio_24_fri": 0.94229400882311087, "collapse_24_mon": 0.16844551966225507, "collapse_24_fri": 0.11891255135158296, "total_collapse_24": 0.28735807101383803, "raw_ratio_25_mon": 0.83194474631118842, "raw_ratio_25_fri": 0.94308000676181503, "collapse_25_mon": 0.16805525368881158, "collapse_25_fri": 0.11817760778622943, "total_collapse_25": 0.28623286147504101, "cumulative_collapse_score": 0.8332621987593557, "shock_rank": 48, "top100_affected": true }, "geometry": { "type": "Point", "coordinates": [ -0.218811085425774, 51.504354032089402, 0.0 ] } },
{ "type": "Feature", "properties": { "clean_name": "Croxley", "2019_Midweek": 4036, "2019_Friday": 3767, "2023_Monday": 2871.0, "2023_Midweek": 3353.0, "2023_Friday": 2741.0, "2024_Monday": 2846.0, "2024_Midweek": 3433.0, "2024_Friday": 2732.0, "2025_Monday": 2956.0, "2025_Midweek": 3424.0, "2025_Friday": 2880.0, "raw_ratio_19_mon": 1.0, "raw_ratio_19_fri": 0.93334985133795834, "raw_ratio_23_mon": 0.85624813599761407, "raw_ratio_23_fri": 0.8174768863704146, "collapse_23_mon": 0.14375186400238593, "collapse_23_fri": 0.12414740817865844, "total_collapse_23": 0.26789927218104437, "raw_ratio_24_mon": 0.82901252548791149, "raw_ratio_24_fri": 0.79580541800174776, "collapse_24_mon": 0.17098747451208851, "collapse_24_fri": 0.14736642764665409, "total_collapse_24": 0.3183539021587426, "raw_ratio_25_mon": 0.86331775700934577, "raw_ratio_25_fri": 0.84112149532710279, "collapse_25_mon": 0.13668224299065423, "collapse_25_fri": 0.098814346923231433, "total_collapse_25": 0.23549658991388567, "cumulative_collapse_score": 0.82174976425367263, "shock_rank": 49, "top100_affected": true }, "geometry": { "type": "Point", "coordinates": [ -0.441746350839895, 51.647081796, 0.0 ] } },
{ "type": "Feature", "properties": { "clean_name": "Loughton", "2019_Midweek": 11626, "2019_Friday": 11731, "2023_Monday": 8446.0, "2023_Midweek": 9926.0, "2023_Friday": 9037.0, "2024_Monday": 8098.0, "2024_Midweek": 9666.0, "2024_Friday": 8556.0, "2025_Monday": 8207.0, "2025_Midweek": 9742.0, "2025_Friday": 8549.0, "raw_ratio_19_mon": 1.0, "raw_ratio_19_fri": 1.0090314811629106, "raw_ratio_23_mon": 0.85089663509973801, "raw_ratio_23_fri": 0.91043723554301836, "collapse_23_mon": 0.14910336490026199, "collapse_23_fri": 0.097711763666939566, "total_collapse_23": 0.24681512856720156, "raw_ratio_24_mon": 0.83778191599420648, "raw_ratio_24_fri": 0.88516449410304154, "collapse_24_mon": 0.16221808400579352, "collapse_24_fri": 0.1227582978056464, "total_collapse_24": 0.28497638181143992, "raw_ratio_25_mon": 0.84243481831246148, "raw_ratio_25_fri": 0.87754054608909871, "collapse_25_mon": 0.15756518168753852, "collapse_25_fri": 0.13031400657813808, "total_collapse_25": 0.2878791882656766, "cumulative_collapse_score": 0.81967069864431807, "shock_rank": 50, "top100_affected": true }, "geometry": { "type": "Point", "coordinates": [ 0.055364592448419, 51.641314039880498, 0.0 ] } },
{ "type": "Feature", "properties": { "clean_name": "Sloane Square", "2019_Midweek": 56555, "2019_Friday": 55656, "2023_Monday": 38307.0, "2023_Midweek": 47265.0, "2023_Friday": 44962.0, "2024_Monday": 39163.0, "2024_Midweek": 47253.0, "2024_Friday": 44469.0, "2025_Monday": 39017.0, "2025_Midweek": 51494.0, "2025_Friday": 43852.0, "raw_ratio_19_mon": 1.0, "raw_ratio_19_fri": 0.98410396958712754, "raw_ratio_23_mon": 0.81047286575690258, "raw_ratio_23_fri": 0.95127472759970377, "collapse_23_mon": 0.18952713424309742, "collapse_23_fri": 0.033359526027719411, "total_collapse_23": 0.22288666027081683, "raw_ratio_24_mon": 0.82879393900916343, "raw_ratio_24_fri": 0.94108310583455024, "collapse_24_mon": 0.17120606099083657, "collapse_24_fri": 0.043715770977558743, "total_collapse_24": 0.21492183196839532, "raw_ratio_25_mon": 0.75769992620499471, "raw_ratio_25_fri": 0.8515943605080204, "collapse_25_mon": 0.24230007379500529, "collapse_25_fri": 0.13465000972885055, "total_collapse_25": 0.37695008352385584, "cumulative_collapse_score": 0.81475857576306798, "shock_rank": 51, "top100_affected": true }, "geometry": { "type": "Point", "coordinates": [ -0.156310789558297, 51.4923380170884, 0.0 ] } },
{ "type": "Feature", "properties": { "clean_name": "Upminster", "2019_Midweek": 16484, "2019_Friday": 15691, "2023_Monday": 14913.0, "2023_Midweek": 18151.0, "2023_Friday": 14767.0, "2024_Monday": 13942.0, "2024_Midweek": 16230.0, "2024_Friday": 14106.0, "2025_Monday": 15262.0, "2025_Midweek": 17787.0, "2025_Friday": 15071.0, "raw_ratio_19_mon": 1.0, "raw_ratio_19_fri": 0.95189274447949523, "raw_ratio_23_mon": 0.82160762492424655, "raw_ratio_23_fri": 0.81356399096468512, "collapse_23_mon": 0.17839237507575345, "collapse_23_fri": 0.14531968471978396, "total_collapse_23": 0.32371205979553741, "raw_ratio_24_mon": 0.85902649414664201, "raw_ratio_24_fri": 0.86913123844731976, "collapse_24_mon": 0.14097350585335799, "collapse_24_fri": 0.086944150496104822, "total_collapse_24": 0.22791765634946282, "raw_ratio_25_mon": 0.85804239050992293, "raw_ratio_25_fri": 0.84730421094057462, "collapse_25_mon": 0.14195760949007707, "collapse_25_fri": 0.10987428378405251, "total_collapse_25": 0.25183189327412958, "cumulative_collapse_score": 0.80346160941912981, "shock_rank": 52, "top100_affected": true }, "geometry": { "type": "Point", "coordinates": [ 0.251143119887474, 51.559089312980703, 0.0 ] } },
{ "type": "Feature", "properties": { "clean_name": "Aldgate East", "2019_Midweek": 45444, "2019_Friday": 48548, "2023_Monday": 31271.0, "2023_Midweek": 36864.0, "2023_Friday": 36061.0, "2024_Monday": 33969.0, "2024_Midweek": 40192.0, "2024_Friday": 37880.0, "2025_Monday": 33581.0, "2025_Midweek": 39676.0, "2025_Friday": 36425.0, "raw_ratio_19_mon": 1.0, "raw_ratio_19_fri": 1.0683038464923862, "raw_ratio_23_mon": 0.84828016493055558, "raw_ratio_23_fri": 0.97821723090277779, "collapse_23_mon": 0.15171983506944442, "collapse_23_fri": 0.084326772654984006, "total_collapse_23": 0.23604660772442843, "raw_ratio_24_mon": 0.84516819267515919, "raw_ratio_24_fri": 0.94247611464968151, "collapse_24_mon": 0.15483180732484081, "collapse_24_fri": 0.11778271907925908, "total_collapse_24": 0.27261452640409989, "raw_ratio_25_mon": 0.84638068353664686, "raw_ratio_25_fri": 0.91806129650166346, "collapse_25_mon": 0.15361931646335314, "collapse_25_fri": 0.14063653377643581, "total_collapse_25": 0.29425585023978895, "cumulative_collapse_score": 0.80291698436831727, "shock_rank": 53, "top100_affected": true }, "geometry": { "type": "Point", "coordinates": [ -0.071127223916364, 51.515428316714697, 0.0 ] } },
{ "type": "Feature", "properties": { "clean_name": "Roding Valley", "2019_Midweek": 1677, "2019_Friday": 1832, "2023_Monday": 1022.0, "2023_Midweek": 980.0, "2023_Friday": 770.0, "2024_Monday": 537.0, "2024_Midweek": 632.0, "2024_Friday": 539.0, "2025_Monday": 684.0, "2025_Midweek": 751.0, "2025_Friday": 734.0, "raw_ratio_19_mon": 1.0, "raw_ratio_19_fri": 1.0924269528920691, "raw_ratio_23_mon": 1.0428571428571429, "raw_ratio_23_fri": 0.7857142857142857, "collapse_23_mon": -0.042857142857142927, "collapse_23_fri": 0.28076263256394263, "total_collapse_23": 0.2379054897067997, "raw_ratio_24_mon": 0.84968354430379744, "raw_ratio_24_fri": 0.85284810126582278, "collapse_24_mon": 0.15031645569620256, "collapse_24_fri": 0.21930880686529208, "total_collapse_24": 0.36962526256149464, "raw_ratio_25_mon": 0.91078561917443412, "raw_ratio_25_fri": 0.9773635153129161, "collapse_25_mon": 0.089214380825565875, "collapse_25_fri": 0.1053282668232749, "total_collapse_25": 0.19454264764884077, "cumulative_collapse_score": 0.80207339991713511, "shock_rank": 54, "top100_affected": true }, "geometry": { "type": "Point", "coordinates": [ 0.04373608548952, 51.617080091550299, 0.0 ] } },
{ "type": "Feature", "properties": { "clean_name": "Tufnell Park", "2019_Midweek": 12934, "2019_Friday": 13748, "2023_Monday": 13113.0, "2023_Midweek": 16807.0, "2023_Friday": 16529.0, "2024_Monday": 12920.0, "2024_Midweek": 16342.0, "2024_Friday": 15867.0, "2025_Monday": 9264.0, "2025_Midweek": 10630.0, "2025_Friday": 10420.0, "raw_ratio_19_mon": 1.0, "raw_ratio_19_fri": 1.062934900262873, "raw_ratio_23_mon": 0.78021062652466233, "raw_ratio_23_fri": 0.98345927292199675, "collapse_23_mon": 0.21978937347533767, "collapse_23_fri": 0.074769985745336998, "total_collapse_23": 0.29455935922067467, "raw_ratio_24_mon": 0.79060090564190433, "raw_ratio_24_fri": 0.97093379023375348, "collapse_24_mon": 0.20939909435809567, "collapse_24_fri": 0.08655385198695309, "total_collapse_24": 0.29595294634504876, "raw_ratio_25_mon": 0.87149576669802442, "raw_ratio_25_fri": 0.98024459078080906, "collapse_25_mon": 0.12850423330197558, "collapse_25_fri": 0.077794331018403717, "total_collapse_25": 0.2062985643203793, "cumulative_collapse_score": 0.79681086988610272, "shock_rank": 55, "top100_affected": true }, "geometry": { "type": "Point", "coordinates": [ -0.13843964784622, 51.556846906210097, 0.0 ] } },
{ "type": "Feature", "properties": { "clean_name": "Paddington TfL", "2019_Midweek": 158116, "2019_Friday": 160469, "2023_Monday": 139849.0, "2023_Midweek": 163011.0, "2023_Friday": 157179.0, "2024_Monday": 154454.0, "2024_Midweek": 186973.0, "2024_Friday": 168891.0, "2025_Monday": 164370.0, "2025_Midweek": 200375.0, "2025_Friday": 177027.0, "raw_ratio_19_mon": 1.0, "raw_ratio_19_fri": 1.0148814794201726, "raw_ratio_23_mon": 0.85791142929004793, "raw_ratio_23_fri": 0.96422327327603663, "collapse_23_mon": 0.14208857070995207, "collapse_23_fri": 0.049915391276110666, "total_collapse_23": 0.19200396198606273, "raw_ratio_24_mon": 0.82607649232776925, "raw_ratio_24_fri": 0.90329084948094107, "collapse_24_mon": 0.17392350767223075, "collapse_24_fri": 0.10995434659324566, "total_collapse_24": 0.2838778542654764, "raw_ratio_25_mon": 0.82031191515907675, "raw_ratio_25_fri": 0.88347847785402367, "collapse_25_mon": 0.17968808484092325, "collapse_25_fri": 0.12947620409944105, "total_collapse_25": 0.3091642889403643, "cumulative_collapse_score": 0.78504610519190343, "shock_rank": 56, "top100_affected": true }, "geometry": { "type": "Point", "coordinates": [ -0.17596495802982, 51.516563062743003, 0.0 ] } },
{ "type": "Feature", "properties": { "clean_name": "Clapham Common", "2019_Midweek": 29894, "2019_Friday": 33176, "2023_Monday": 21082.0, "2023_Midweek": 26407.0, "2023_Friday": 26509.0, "2024_Monday": 20967.0, "2024_Midweek": 25230.0, "2024_Friday": 25943.0, "2025_Monday": 20242.0, "2025_Midweek": 24141.0, "2025_Friday": 24576.0, "raw_ratio_19_mon": 1.0, "raw_ratio_19_fri": 1.1097879173078209, "raw_ratio_23_mon": 0.79834892263415003, "raw_ratio_23_fri": 1.0038626121861627, "collapse_23_mon": 0.20165107736584997, "collapse_23_fri": 0.09544643933285657, "total_collapse_23": 0.29709751669870654, "raw_ratio_24_mon": 0.83103448275862069, "raw_ratio_24_fri": 1.028260007927071, "collapse_24_mon": 0.16896551724137931, "collapse_24_fri": 0.073462603177843588, "total_collapse_24": 0.2424281204192229, "raw_ratio_25_mon": 0.83849053477486435, "raw_ratio_25_fri": 1.0180191375667951, "collapse_25_mon": 0.16150946522513565, "collapse_25_fri": 0.082690375620274481, "total_collapse_25": 0.24419984084541013, "cumulative_collapse_score": 0.78372547796333958, "shock_rank": 57, "top100_affected": true }, "geometry": { "type": "Point", "coordinates": [ -0.137167009784716, 51.462211233552097, 0.0 ] } },
{ "type": "Feature", "properties": { "clean_name": "Putney Bridge", "2019_Midweek": 19481, "2019_Friday": 19256, "2023_Monday": 14803.0, "2023_Midweek": 17549.0, "2023_Friday": 16582.0, "2024_Monday": 14106.0, "2024_Midweek": 17098.0, "2024_Friday": 15193.0, "2025_Monday": 13892.0, "2025_Midweek": 16330.0, "2025_Friday": 13778.0, "raw_ratio_19_mon": 1.0, "raw_ratio_19_fri": 0.9884502848929726, "raw_ratio_23_mon": 0.84352384751267884, "raw_ratio_23_fri": 0.94489714513647505, "collapse_23_mon": 0.15647615248732116, "collapse_23_fri": 0.044062043809531048, "total_collapse_23": 0.20053819629685221, "raw_ratio_24_mon": 0.82500877295590125, "raw_ratio_24_fri": 0.88858346005380751, "collapse_24_mon": 0.17499122704409875, "collapse_24_fri": 0.10103373570273033, "total_collapse_24": 0.27602496274682908, "raw_ratio_25_mon": 0.85070422535211265, "raw_ratio_25_fri": 0.84372320881812612, "collapse_25_mon": 0.14929577464788735, "collapse_25_fri": 0.14641816415735798, "total_collapse_25": 0.29571393880524532, "cumulative_collapse_score": 0.77227709784892662, "shock_rank": 58, "top100_affected": true }, "geometry": { "type": "Point", "coordinates": [ -0.208703119435311, 51.468256004357499, 0.0 ] } },
{ "type": "Feature", "properties": { "clean_name": "Vauxhall", "2019_Midweek": 104910, "2019_Friday": 108883, "2023_Monday": 59557.0, "2023_Midweek": 72305.0, "2023_Friday": 67787.0, "2024_Monday": 60929.0, "2024_Midweek": 71718.0, "2024_Friday": 68371.0, "2025_Monday": 62195.0, "2025_Midweek": 74393.0, "2025_Friday": 69489.0, "raw_ratio_19_mon": 1.0, "raw_ratio_19_fri": 1.0378705557144219, "raw_ratio_23_mon": 0.82369130765507226, "raw_ratio_23_fri": 0.93751469469607907, "collapse_23_mon": 0.17630869234492774, "collapse_23_fri": 0.096694005303255337, "total_collapse_23": 0.27300269764818308, "raw_ratio_24_mon": 0.84956356842075909, "raw_ratio_24_fri": 0.95333110237318386, "collapse_24_mon": 0.15043643157924091, "collapse_24_fri": 0.081454717908482355, "total_collapse_24": 0.23189114948772327, "raw_ratio_25_mon": 0.83603296009033112, "raw_ratio_25_fri": 0.9340798193378409, "collapse_25_mon": 0.16396703990966888, "collapse_25_fri": 0.10000354649731469, "total_collapse_25": 0.26397058640698357, "cumulative_collapse_score": 0.76886443354288991, "shock_rank": 59, "top100_affected": true }, "geometry": { "type": "Point", "coordinates": [ -0.124227036738512, 51.485698449390902, 0.0 ] } },
{ "type": "Feature", "properties": { "clean_name": "Wanstead", "2019_Midweek": 9102, "2019_Friday": 9050, "2023_Monday": 5777.0, "2023_Midweek": 6838.0, "2023_Friday": 6364.0, "2024_Monday": 5585.0, "2024_Midweek": 6715.0, "2024_Friday": 6045.0, "2025_Monday": 5562.0, "2025_Midweek": 6590.0, "2025_Friday": 5737.0, "raw_ratio_19_mon": 1.0, "raw_ratio_19_fri": 0.99428696989672605, "raw_ratio_23_mon": 0.8448376718338696, "raw_ratio_23_fri": 0.93068148581456567, "collapse_23_mon": 0.1551623281661304, "collapse_23_fri": 0.063970952056997099, "total_collapse_23": 0.2191332802231275, "raw_ratio_24_mon": 0.83172002978406556, "raw_ratio_24_fri": 0.90022338049143713, "collapse_24_mon": 0.16827997021593444, "collapse_24_fri": 0.094604065278114935, "total_collapse_24": 0.26288403549404937, "raw_ratio_25_mon": 0.84400606980273141, "raw_ratio_25_fri": 0.8705614567526555, "collapse_25_mon": 0.15599393019726859, "collapse_25_fri": 0.12443642216987072, "total_collapse_25": 0.28043035236713931, "cumulative_collapse_score": 0.76244766808431619, "shock_rank": 60, "top100_affected": true }, "geometry": { "type": "Point", "coordinates": [ 0.028647479421731, 51.5756029971839, 0.0 ] } },
{ "type": "Feature", "properties": { "clean_name": "Balham", "2019_Midweek": 42436, "2019_Friday": 43612, "2023_Monday": 28102.0, "2023_Midweek": 33792.0, "2023_Friday": 32007.0, "2024_Monday": 28748.0, "2024_Midweek": 33697.0, "2024_Friday": 32263.0, "2025_Monday": 27575.0, "2025_Midweek": 34227.0, "2025_Friday": 31984.0, "raw_ratio_19_mon": 1.0, "raw_ratio_19_fri": 1.0277123197285323, "raw_ratio_23_mon": 0.8316169507575758, "raw_ratio_23_fri": 0.94717684659090906, "collapse_23_mon": 0.1683830492424242, "collapse_23_fri": 0.07836382963560895, "total_collapse_23": 0.24674687887803315, "raw_ratio_24_mon": 0.85313232631985048, "raw_ratio_24_fri": 0.95744428287384631, "collapse_24_mon": 0.14686767368014952, "collapse_24_fri": 0.068373255341774186, "total_collapse_24": 0.21524092902192371, "raw_ratio_25_mon": 0.80565050983141961, "raw_ratio_25_fri": 0.93446694130364916, "collapse_25_mon": 0.19434949016858039, "collapse_25_fri": 0.090731011621533963, "total_collapse_25": 0.28508050179011435, "cumulative_collapse_score": 0.74706830969007121, "shock_rank": 61, "top100_affected": true }, "geometry": { "type": "Point", "coordinates": [ -0.15266560362294, 51.443627749160598, 0.0 ] } },
{ "type": "Feature", "properties": { "clean_name": "Southfields", "2019_Midweek": 19688, "2019_Friday": 19485, "2023_Monday": 15252.0, "2023_Midweek": 17618.0, "2023_Friday": 15880.0, "2024_Monday": 15391.0, "2024_Midweek": 17803.0, "2024_Friday": 15689.0, "2025_Monday": 15317.0, "2025_Midweek": 17719.0, "2025_Friday": 15322.0, "raw_ratio_19_mon": 1.0, "raw_ratio_19_fri": 0.98968915075172692, "raw_ratio_23_mon": 0.86570552843682602, "raw_ratio_23_fri": 0.90135089113406741, "collapse_23_mon": 0.13429447156317398, "collapse_23_fri": 0.089258591498715956, "total_collapse_23": 0.22355306306188993, "raw_ratio_24_mon": 0.86451721619951694, "raw_ratio_24_fri": 0.88125596809526485, "collapse_24_mon": 0.13548278380048306, "collapse_24_fri": 0.10956286888069922, "total_collapse_24": 0.24504565268118228, "raw_ratio_25_mon": 0.86443930244370448, "raw_ratio_25_fri": 0.86472148541114058, "collapse_25_mon": 0.13556069755629552, "collapse_25_fri": 0.12626961227741673, "total_collapse_25": 0.26183030983371225, "cumulative_collapse_score": 0.73042902557678446, "shock_rank": 62, "top100_affected": true }, "geometry": { "type": "Point", "coordinates": [ -0.206629303693064, 51.445079780585203, 0.0 ] } },
{ "type": "Feature", "properties": { "clean_name": "Stamford Brook", "2019_Midweek": 9269, "2019_Friday": 9072, "2023_Monday": 6592.0, "2023_Midweek": 7852.0, "2023_Friday": 7144.0, "2024_Monday": 6496.0, "2024_Midweek": 7830.0, "2024_Friday": 7072.0, "2025_Monday": 6637.0, "2025_Midweek": 7934.0, "2025_Friday": 7091.0, "raw_ratio_19_mon": 1.0, "raw_ratio_19_fri": 0.97874635883051031, "raw_ratio_23_mon": 0.83953132959755472, "raw_ratio_23_fri": 0.90983188996434028, "collapse_23_mon": 0.16046867040244528, "collapse_23_fri": 0.070410958104114907, "total_collapse_23": 0.23087962850656019, "raw_ratio_24_mon": 0.82962962962962961, "raw_ratio_24_fri": 0.9031928480204342, "collapse_24_mon": 0.17037037037037039, "collapse_24_fri": 0.077194167956194382, "total_collapse_24": 0.24756453832656478, "raw_ratio_25_mon": 0.83652634232417444, "raw_ratio_25_fri": 0.89374842450214265, "collapse_25_mon": 0.16347365767582556, "collapse_25_fri": 0.086843678713584671, "total_collapse_25": 0.25031733638941023, "cumulative_collapse_score": 0.72876150322253519, "shock_rank": 63, "top100_affected": true }, "geometry": { "type": "Point", "coordinates": [ -0.245978135514486, 51.494919038542299, 0.0 ] } },
{ "type": "Feature", "properties": { "clean_name": "Knightsbridge", "2019_Midweek": 47274, "2019_Friday": 55828, "2023_Monday": 37396.0, "2023_Midweek": 44640.0, "2023_Friday": 42695.0, "2024_Monday": 40132.0, "2024_Midweek": 42661.0, "2024_Friday": 44245.0, "2025_Monday": 37512.0, "2025_Midweek": 40793.0, "2025_Friday": 42751.0, "raw_ratio_19_mon": 1.0, "raw_ratio_19_fri": 1.1809451284003891, "raw_ratio_23_mon": 0.83772401433691757, "raw_ratio_23_fri": 0.95642921146953408, "collapse_23_mon": 0.16227598566308243, "collapse_23_fri": 0.1901154520489583, "total_collapse_23": 0.35239143771204073, "raw_ratio_24_mon": 0.94071868920090951, "raw_ratio_24_fri": 1.0371299313190032, "collapse_24_mon": 0.059281310799090492, "collapse_24_fri": 0.12177974541136061, "total_collapse_24": 0.1810610562104511, "raw_ratio_25_mon": 0.91956953398867458, "raw_ratio_25_fri": 1.0479984311033756, "collapse_25_mon": 0.080430466011325419, "collapse_25_fri": 0.11257652375186311, "total_collapse_25": 0.19300698976318853, "cumulative_collapse_score": 0.72645948368568036, "shock_rank": 64, "top100_affected": true }, "geometry": { "type": "Point", "coordinates": [ -0.161441486053111, 51.501242452004398, 0.0 ] } },
{ "type": "Feature", "properties": { "clean_name": "Wood Lane", "2019_Midweek": 15160, "2019_Friday": 15438, "2023_Monday": 13760.0, "2023_Midweek": 16490.0, "2023_Friday": 15379.0, "2024_Monday": 15316.0, "2024_Midweek": 17069.0, "2024_Friday": 15605.0, "2025_Monday": 15822.0, "2025_Midweek": 18148.0, "2025_Friday": 15878.0, "raw_ratio_19_mon": 1.0, "raw_ratio_19_fri": 1.0183377308707124, "raw_ratio_23_mon": 0.83444511825348699, "raw_ratio_23_fri": 0.93262583383869013, "collapse_23_mon": 0.16555488174651301, "collapse_23_fri": 0.084168438852536442, "total_collapse_23": 0.24972332059904945, "raw_ratio_24_mon": 0.89729919737535879, "raw_ratio_24_fri": 0.91423047630206811, "collapse_24_mon": 0.10270080262464121, "collapse_24_fri": 0.10223254173213159, "total_collapse_24": 0.2049333443567728, "raw_ratio_25_mon": 0.87183160678862681, "raw_ratio_25_fri": 0.87491734626405115, "collapse_25_mon": 0.12816839321137319, "collapse_25_fri": 0.14083774003348781, "total_collapse_25": 0.269006133244861, "cumulative_collapse_score": 0.72366279820068324, "shock_rank": 65, "top100_affected": true }, "geometry": { "type": "Point", "coordinates": [ -0.223566003960841, 51.510142009500797, 0.0 ] } },
{ "type": "Feature", "properties": { "clean_name": "West Finchley", "2019_Midweek": 5574, "2019_Friday": 5374, "2023_Monday": 4103.0, "2023_Midweek": 4828.0, "2023_Friday": 4075.0, "2024_Monday": 4171.0, "2024_Midweek": 4835.0, "2024_Friday": 4257.0, "2025_Monday": 4249.0, "2025_Midweek": 4864.0, "2025_Friday": 4249.0, "raw_ratio_19_mon": 1.0, "raw_ratio_19_fri": 0.96411912450663795, "raw_ratio_23_mon": 0.84983429991714998, "raw_ratio_23_fri": 0.84403479701739847, "collapse_23_mon": 0.15016570008285002, "collapse_23_fri": 0.12455341299311884, "total_collapse_23": 0.27471911307596886, "raw_ratio_24_mon": 0.86266804550155118, "raw_ratio_24_fri": 0.88045501551189242, "collapse_24_mon": 0.13733195449844882, "collapse_24_fri": 0.086777771406161386, "total_collapse_24": 0.2241097259046102, "raw_ratio_25_mon": 0.87356085526315785, "raw_ratio_25_fri": 0.87356085526315785, "collapse_25_mon": 0.12643914473684215, "collapse_25_fri": 0.093928506282686675, "total_collapse_25": 0.22036765101952882, "cumulative_collapse_score": 0.71919649000010788, "shock_rank": 66, "top100_affected": true }, "geometry": { "type": "Point", "coordinates": [ -0.188317206667133, 51.6094899674085, 0.0 ] } },
{ "type": "Feature", "properties": { "clean_name": "Highgate", "2019_Midweek": 18732, "2019_Friday": 18687, "2023_Monday": 12872.0, "2023_Midweek": 15463.0, "2023_Friday": 14517.0, "2024_Monday": 13066.0, "2024_Midweek": 15585.0, "2024_Friday": 14257.0, "2025_Monday": 13097.0, "2025_Midweek": 15368.0, "2025_Friday": 13799.0, "raw_ratio_19_mon": 1.0, "raw_ratio_19_fri": 0.99759769378603458, "raw_ratio_23_mon": 0.83243872469766544, "raw_ratio_23_fri": 0.93882170342106963, "collapse_23_mon": 0.16756127530233456, "collapse_23_fri": 0.058917528309333944, "total_collapse_23": 0.2264788036116685, "raw_ratio_24_mon": 0.83837022778312476, "raw_ratio_24_fri": 0.91478986204683987, "collapse_24_mon": 0.16162977221687524, "collapse_24_fri": 0.083007240548969574, "total_collapse_24": 0.24463701276584482, "raw_ratio_25_mon": 0.85222540343571052, "raw_ratio_25_fri": 0.89790473711608543, "collapse_25_mon": 0.14777459656428948, "collapse_25_fri": 0.099933026400250813, "total_collapse_25": 0.2477076229645403, "cumulative_collapse_score": 0.71882343934205362, "shock_rank": 67, "top100_affected": true }, "geometry": { "type": "Point", "coordinates": [ -0.146442109971085, 51.577846619173599, 0.0 ] } },
{ "type": "Feature", "properties": { "clean_name": "Totteridge and Whetstone", "2019_Midweek": 8567, "2019_Friday": 8419, "2023_Monday": 6033.0, "2023_Midweek": 7164.0, "2023_Friday": 6460.0, "2024_Monday": 5951.0, "2024_Midweek": 7020.0, "2024_Friday": 6382.0, "2025_Monday": 6415.0, "2025_Midweek": 7399.0, "2025_Friday": 6454.0, "raw_ratio_19_mon": 1.0, "raw_ratio_19_fri": 0.98272440761059876, "raw_ratio_23_mon": 0.84212730318257956, "raw_ratio_23_fri": 0.90173087660524842, "collapse_23_mon": 0.15787269681742044, "collapse_23_fri": 0.082417339366057329, "total_collapse_23": 0.24029003618347777, "raw_ratio_24_mon": 0.84772079772079767, "raw_ratio_24_fri": 0.90911680911680914, "collapse_24_mon": 0.15227920227920233, "collapse_24_fri": 0.074901567442249184, "total_collapse_24": 0.22718076972145151, "raw_ratio_25_mon": 0.86700905527774019, "raw_ratio_25_fri": 0.87228003784295172, "collapse_25_mon": 0.13299094472225981, "collapse_25_fri": 0.11238590281499372, "total_collapse_25": 0.24537684753725353, "cumulative_collapse_score": 0.71284765344218282, "shock_rank": 68, "top100_affected": true }, "geometry": { "type": "Point", "coordinates": [ -0.179179947727096, 51.630590676451597, 0.0 ] } },
{ "type": "Feature", "properties": { "clean_name": "Turnham Green", "2019_Midweek": 19533, "2019_Friday": 20278, "2023_Monday": 13772.0, "2023_Midweek": 16414.0, "2023_Friday": 15747.0, "2024_Monday": 13956.0, "2024_Midweek": 16604.0, "2024_Friday": 16043.0, "2025_Monday": 13806.0, "2025_Midweek": 16621.0, "2025_Friday": 15917.0, "raw_ratio_19_mon": 1.0, "raw_ratio_19_fri": 1.0381405826037986, "raw_ratio_23_mon": 0.83903984403557941, "raw_ratio_23_fri": 0.95936395759717319, "collapse_23_mon": 0.16096015596442059, "collapse_23_fri": 0.075882425103778184, "total_collapse_23": 0.23684258106819878, "raw_ratio_24_mon": 0.84052035654059265, "raw_ratio_24_fri": 0.96621296073235363, "collapse_24_mon": 0.15947964345940735, "collapse_24_fri": 0.069285049709780777, "total_collapse_24": 0.22876469316918813, "raw_ratio_25_mon": 0.8306359424824018, "raw_ratio_25_fri": 0.95764394440767708, "collapse_25_mon": 0.1693640575175982, "collapse_25_fri": 0.07753924617244512, "total_collapse_25": 0.24690330369004332, "cumulative_collapse_score": 0.71251057792743022, "shock_rank": 69, "top100_affected": true }, "geometry": { "type": "Point", "coordinates": [ -0.254527388575046, 51.494958716530199, 0.0 ] } },
{ "type": "Feature", "properties": { "clean_name": "Oval", "2019_Midweek": 23513, "2019_Friday": 24109, "2023_Monday": 15958.0, "2023_Midweek": 19501.0, "2023_Friday": 18579.0, "2024_Monday": 15237.0, "2024_Midweek": 17873.0, "2024_Friday": 17032.0, "2025_Monday": 14642.0, "2025_Midweek": 17285.0, "2025_Friday": 16159.0, "raw_ratio_19_mon": 1.0, "raw_ratio_19_fri": 1.0253476800068047, "raw_ratio_23_mon": 0.8183170093841341, "raw_ratio_23_fri": 0.95272037331418902, "collapse_23_mon": 0.1816829906158659, "collapse_23_fri": 0.070831882793291778, "total_collapse_23": 0.25251487340915768, "raw_ratio_24_mon": 0.85251496670956195, "raw_ratio_24_fri": 0.95294578414368036, "collapse_24_mon": 0.14748503329043805, "collapse_24_fri": 0.070612044358108639, "total_collapse_24": 0.21809707764854669, "raw_ratio_25_mon": 0.8470928550766561, "raw_ratio_25_fri": 0.93485681226496964, "collapse_25_mon": 0.1529071449233439, "collapse_25_fri": 0.088253837704333149, "total_collapse_25": 0.24116098262767705, "cumulative_collapse_score": 0.71177293368538141, "shock_rank": 70, "top100_affected": true }, "geometry": { "type": "Point", "coordinates": [ -0.112380891880082, 51.481838428835502, 0.0 ] } },
{ "type": "Feature", "properties": { "clean_name": "Kensal Green", "2019_Midweek": 8227, "2019_Friday": 8110, "2023_Monday": 5434.0, "2023_Midweek": 6435.0, "2023_Friday": 6162.0, "2024_Monday": 5765.0, "2024_Midweek": 6844.0, "2024_Friday": 6219.0, "2025_Monday": 5625.0, "2025_Midweek": 6810.0, "2025_Friday": 5932.0, "raw_ratio_19_mon": 1.0, "raw_ratio_19_fri": 0.98577853409505289, "raw_ratio_23_mon": 0.84444444444444444, "raw_ratio_23_fri": 0.95757575757575752, "collapse_23_mon": 0.15555555555555556, "collapse_23_fri": 0.028609647647872105, "total_collapse_23": 0.18416520320342766, "raw_ratio_24_mon": 0.84234365867913497, "raw_ratio_24_fri": 0.90867913500876685, "collapse_24_mon": 0.15765634132086503, "collapse_24_fri": 0.078211683881982186, "total_collapse_24": 0.23586802520284722, "raw_ratio_25_mon": 0.82599118942731276, "raw_ratio_25_fri": 0.87107195301027895, "collapse_25_mon": 0.17400881057268724, "collapse_25_fri": 0.11636141092286501, "total_collapse_25": 0.29037022149555225, "cumulative_collapse_score": 0.71040344990182713, "shock_rank": 71, "top100_affected": true }, "geometry": { "type": "Point", "coordinates": [ -0.224454457556846, 51.530573605416102, 0.0 ] } },
{ "type": "Feature", "properties": { "clean_name": "Buckhurst Hill", "2019_Midweek": 6275, "2019_Friday": 6240, "2023_Monday": 5589.0, "2023_Midweek": 6583.0, "2023_Friday": 5850.0, "2024_Monday": 6721.0, "2024_Midweek": 7577.0, "2024_Friday": 6850.0, "2025_Monday": 6813.0, "2025_Midweek": 7637.0, "2025_Friday": 6580.0, "raw_ratio_19_mon": 1.0, "raw_ratio_19_fri": 0.99442231075697207, "raw_ratio_23_mon": 0.84900501291204622, "raw_ratio_23_fri": 0.88865259000455721, "collapse_23_mon": 0.15099498708795378, "collapse_23_fri": 0.10636298040407099, "total_collapse_23": 0.25735796749202478, "raw_ratio_24_mon": 0.88702652764946543, "raw_ratio_24_fri": 0.90405173551537543, "collapse_24_mon": 0.11297347235053457, "collapse_24_fri": 0.090877461480932564, "total_collapse_24": 0.20385093383146713, "raw_ratio_25_mon": 0.892104229409454, "raw_ratio_25_fri": 0.8615948670944088, "collapse_25_mon": 0.107895770590546, "collapse_25_fri": 0.13357246938823475, "total_collapse_25": 0.24146823997878075, "cumulative_collapse_score": 0.70267714130227266, "shock_rank": 72, "top100_affected": true }, "geometry": { "type": "Point", "coordinates": [ 0.046850474676384, 51.625984536128499, 0.0 ] } },
{ "type": "Feature", "properties": { "clean_name": "Hanger Lane", "2019_Midweek": 12043, "2019_Friday": 11883, "2023_Monday": 7837.0, "2023_Midweek": 9091.0, "2023_Friday": 8355.0, "2024_Monday": 8331.0, "2024_Midweek": 9684.0, "2024_Friday": 8626.0, "2025_Monday": 8024.0, "2025_Midweek": 9058.0, "2025_Friday": 7658.0, "raw_ratio_19_mon": 1.0, "raw_ratio_19_fri": 0.98671427385203025, "raw_ratio_23_mon": 0.86206137938620608, "raw_ratio_23_fri": 0.91904080959190404, "collapse_23_mon": 0.13793862061379392, "collapse_23_fri": 0.068584661287949156, "total_collapse_23": 0.20652328190174307, "raw_ratio_24_mon": 0.86028500619578685, "raw_ratio_24_fri": 0.89074762494836845, "collapse_24_mon": 0.13971499380421315, "collapse_24_fri": 0.097258802722107185, "total_collapse_24": 0.23697379652632033, "raw_ratio_25_mon": 0.88584676529035111, "raw_ratio_25_fri": 0.84544049459041726, "collapse_25_mon": 0.11415323470964889, "collapse_25_fri": 0.14317597607065602, "total_collapse_25": 0.25732921078030491, "cumulative_collapse_score": 0.70082628920836831, "shock_rank": 73, "top100_affected": true }, "geometry": { "type": "Point", "coordinates": [ -0.292661519529402, 51.530186852069498, 0.0 ] } },
{ "type": "Feature", "properties": { "clean_name": "Euston", "2019_Midweek": 129490, "2019_Friday": 135581, "2023_Monday": 82849.0, "2023_Midweek": 100695.0, "2023_Friday": 101094.0, "2024_Monday": 87388.0, "2024_Midweek": 105805.0, "2024_Friday": 102047.0, "2025_Monday": 92897.0, "2025_Midweek": 109576.0, "2025_Friday": 105968.0, "raw_ratio_19_mon": 1.0, "raw_ratio_19_fri": 1.0470383813421886, "raw_ratio_23_mon": 0.82277173643179902, "raw_ratio_23_fri": 1.0039624608967674, "collapse_23_mon": 0.17722826356820098, "collapse_23_fri": 0.041140727229313723, "total_collapse_23": 0.21836899079751471, "raw_ratio_24_mon": 0.82593450215018194, "raw_ratio_24_fri": 0.96448182978120123, "collapse_24_mon": 0.17406549784981806, "collapse_24_fri": 0.078847684127069884, "total_collapse_24": 0.25291318197688795, "raw_ratio_25_mon": 0.8477860115353727, "raw_ratio_25_fri": 0.9670730816967219, "collapse_25_mon": 0.1522139884646273, "collapse_25_fri": 0.076372844654424177, "total_collapse_25": 0.22858683311905148, "cumulative_collapse_score": 0.69986900589345413, "shock_rank": 74, "top100_affected": true }, "geometry": { "type": "Point", "coordinates": [ -0.134572986979356, 51.528086488029203, 0.0 ] } },
{ "type": "Feature", "properties": { "clean_name": "Bethnal Green", "2019_Midweek": 45596, "2019_Friday": 50672, "2023_Monday": 27909.0, "2023_Midweek": 33395.0, "2023_Friday": 33923.0, "2024_Monday": 26835.0, "2024_Midweek": 31470.0, "2024_Friday": 32558.0, "2025_Monday": 25462.0, "2025_Midweek": 30014.0, "2025_Friday": 30730.0, "raw_ratio_19_mon": 1.0, "raw_ratio_19_fri": 1.1113255548732346, "raw_ratio_23_mon": 0.83572391076508457, "raw_ratio_23_fri": 1.0158107501122922, "collapse_23_mon": 0.16427608923491543, "collapse_23_fri": 0.085946736617459996, "total_collapse_23": 0.25022282585237543, "raw_ratio_24_mon": 0.85271687321258338, "raw_ratio_24_fri": 1.0345726088338101, "collapse_24_mon": 0.14728312678741662, "collapse_24_fri": 0.069064322063735362, "total_collapse_24": 0.21634744885115198, "raw_ratio_25_mon": 0.84833744252682086, "raw_ratio_25_fri": 1.023855534084094, "collapse_25_mon": 0.15166255747317914, "collapse_25_fri": 0.078707828147727588, "total_collapse_25": 0.23037038562090673, "cumulative_collapse_score": 0.69694066032443414, "shock_rank": 75, "top100_affected": true }, "geometry": { "type": "Point", "coordinates": [ -0.054663268097705, 51.527238886975702, 0.0 ] } },
{ "type": "Feature", "properties": { "clean_name": "Mill Hill East", "2019_Midweek": 5023, "2019_Friday": 4783, "2023_Monday": 5141.0, "2023_Midweek": 5915.0, "2023_Friday": 4959.0, "2024_Monday": 5082.0, "2024_Midweek": 5678.0, "2024_Friday": 4880.0, "2025_Monday": 5047.0, "2025_Midweek": 5803.0, "2025_Friday": 4899.0, "raw_ratio_19_mon": 1.0, "raw_ratio_19_fri": 0.95221978897073467, "raw_ratio_23_mon": 0.86914623837700766, "raw_ratio_23_fri": 0.83837700760777689, "collapse_23_mon": 0.13085376162299234, "collapse_23_fri": 0.11955515174286779, "total_collapse_23": 0.25040891336586013, "raw_ratio_24_mon": 0.89503346248679116, "raw_ratio_24_fri": 0.85945755547728075, "collapse_24_mon": 0.10496653751320884, "collapse_24_fri": 0.097416830198122306, "total_collapse_24": 0.20238336771133114, "raw_ratio_25_mon": 0.86972255729794934, "raw_ratio_25_fri": 0.8442185076684473, "collapse_25_mon": 0.13027744270205066, "collapse_25_fri": 0.11342053857022572, "total_collapse_25": 0.24369798127227638, "cumulative_collapse_score": 0.69649026234946765, "shock_rank": 76, "top100_affected": true }, "geometry": { "type": "Point", "coordinates": [ -0.21003599178201, 51.608236518939897, 0.0 ] } },
{ "type": "Feature", "properties": { "clean_name": "Latimer Road", "2019_Midweek": 8037, "2019_Friday": 7679, "2023_Monday": 6594.0, "2023_Midweek": 7293.0, "2023_Friday": 6110.0, "2024_Monday": 6706.0, "2024_Midweek": 7674.0, "2024_Friday": 6669.0, "2025_Monday": 6838.0, "2025_Midweek": 7794.0, "2025_Friday": 6429.0, "raw_ratio_19_mon": 1.0, "raw_ratio_19_fri": 0.95545601592634066, "raw_ratio_23_mon": 0.90415466886055118, "raw_ratio_23_fri": 0.83778966131907306, "collapse_23_mon": 0.095845331139448819, "collapse_23_fri": 0.1231520369811967, "total_collapse_23": 0.21899736812064552, "raw_ratio_24_mon": 0.87385978629137351, "raw_ratio_24_fri": 0.86903831118060981, "collapse_24_mon": 0.12614021370862649, "collapse_24_fri": 0.090446554634905474, "total_collapse_24": 0.21658676834353197, "raw_ratio_25_mon": 0.87734154477803439, "raw_ratio_25_fri": 0.82486528098537337, "collapse_25_mon": 0.12265845522196561, "collapse_25_fri": 0.13667896037512095, "total_collapse_25": 0.25933741559708656, "cumulative_collapse_score": 0.69492155206126405, "shock_rank": 77, "top100_affected": true }, "geometry": { "type": "Point", "coordinates": [ -0.21782991407451, 51.513460126230299, 0.0 ] } },
{ "type": "Feature", "properties": { "clean_name": "Parsons Green", "2019_Midweek": 22457, "2019_Friday": 22237, "2023_Monday": 17187.0, "2023_Midweek": 20101.0, "2023_Friday": 18327.0, "2024_Monday": 17294.0, "2024_Midweek": 20151.0, "2024_Friday": 17858.0, "2025_Monday": 16801.0, "2025_Midweek": 19645.0, "2025_Friday": 17931.0, "raw_ratio_19_mon": 1.0, "raw_ratio_19_fri": 0.99020350002226476, "raw_ratio_23_mon": 0.85503208795582308, "raw_ratio_23_fri": 0.91174568429431369, "collapse_23_mon": 0.14496791204417692, "collapse_23_fri": 0.079234031919890202, "total_collapse_23": 0.22420194396406712, "raw_ratio_24_mon": 0.85822043571038653, "raw_ratio_24_fri": 0.88620912113542749, "collapse_24_mon": 0.14177956428961347, "collapse_24_fri": 0.10502323904581123, "total_collapse_24": 0.2468028033354247, "raw_ratio_25_mon": 0.85523033850852637, "raw_ratio_25_fri": 0.91275133621786719, "collapse_25_mon": 0.14476966149147363, "collapse_25_fri": 0.078218430658603011, "total_collapse_25": 0.22298809215007664, "cumulative_collapse_score": 0.69399283944956847, "shock_rank": 78, "top100_affected": true }, "geometry": { "type": "Point", "coordinates": [ -0.20173953648515, 51.4749860987056, 0.0 ] } },
{ "type": "Feature", "properties": { "clean_name": "Queen's Park", "2019_Midweek": 17826, "2019_Friday": 17858, "2023_Monday": 13206.0, "2023_Midweek": 15337.0, "2023_Friday": 14205.0, "2024_Monday": 13951.0, "2024_Midweek": 16171.0, "2024_Friday": 14604.0, "2025_Monday": 14270.0, "2025_Midweek": 16601.0, "2025_Friday": 14991.0, "raw_ratio_19_mon": 1.0, "raw_ratio_19_fri": 1.0017951307079547, "raw_ratio_23_mon": 0.86105496511703727, "raw_ratio_23_fri": 0.92619156288713567, "collapse_23_mon": 0.13894503488296273, "collapse_23_fri": 0.075468092730088476, "total_collapse_23": 0.2144131276130512, "raw_ratio_24_mon": 0.86271720982004818, "raw_ratio_24_fri": 0.90309813864325028, "collapse_24_mon": 0.13728279017995182, "collapse_24_fri": 0.098520135544037379, "total_collapse_24": 0.2358029257239892, "raw_ratio_25_mon": 0.85958677188121202, "raw_ratio_25_fri": 0.90301789048852477, "collapse_25_mon": 0.14041322811878798, "collapse_25_fri": 0.098600239900971998, "total_collapse_25": 0.23901346801975998, "cumulative_collapse_score": 0.68922952135680038, "shock_rank": 79, "top100_affected": true }, "geometry": { "type": "Point", "coordinates": [ -0.205716929565442, 51.533980135144802, 0.0 ] } },
{ "type": "Feature", "properties": { "clean_name": "Hammersmith (DIS)", "2019_Midweek": 90053, "2019_Friday": 92013, "2023_Monday": 65765.0, "2023_Midweek": 70470.0, "2023_Friday": 65378.0, "2024_Monday": 62468.0, "2024_Midweek": 76309.0, "2024_Friday": 68966.0, "2025_Monday": 62020.0, "2025_Midweek": 72527.0, "2025_Friday": 67992.0, "raw_ratio_19_mon": 1.0, "raw_ratio_19_fri": 1.0217649606342931, "raw_ratio_23_mon": 0.93323400028380876, "raw_ratio_23_fri": 0.9277423016886619, "collapse_23_mon": 0.066765999716191238, "collapse_23_fri": 0.092019850521458113, "total_collapse_23": 0.15878585023764935, "raw_ratio_24_mon": 0.81861903576249195, "raw_ratio_24_fri": 0.90377281840936197, "collapse_24_mon": 0.18138096423750805, "collapse_24_fri": 0.1154787517392295, "total_collapse_24": 0.29685971597673755, "raw_ratio_25_mon": 0.855129813724544, "raw_ratio_25_fri": 0.93747156231472417, "collapse_25_mon": 0.144870186275456, "collapse_25_fri": 0.082497836163065497, "total_collapse_25": 0.2273680224385215, "cumulative_collapse_score": 0.6830135886529084, "shock_rank": 80, "top100_affected": true }, "geometry": { "type": "Point", "coordinates": [ -0.223018446935571, 51.4920004980521, 0.0 ] } },
{ "type": "Feature", "properties": { "clean_name": "Elm Park", "2019_Midweek": 10971, "2019_Friday": 10815, "2023_Monday": 8315.0, "2023_Midweek": 9582.0, "2023_Friday": 8257.0, "2024_Monday": 8325.0, "2024_Midweek": 9394.0, "2024_Friday": 8359.0, "2025_Monday": 8698.0, "2025_Midweek": 9837.0, "2025_Friday": 8808.0, "raw_ratio_19_mon": 1.0, "raw_ratio_19_fri": 0.98578069455838113, "raw_ratio_23_mon": 0.86777290753496139, "raw_ratio_23_fri": 0.86171989146316008, "collapse_23_mon": 0.13222709246503861, "collapse_23_fri": 0.12585030705110223, "total_collapse_23": 0.25807739951614084, "raw_ratio_24_mon": 0.88620395997445178, "raw_ratio_24_fri": 0.88982329146263572, "collapse_24_mon": 0.11379604002554822, "collapse_24_fri": 0.097341532072438564, "total_collapse_24": 0.21113757209798678, "raw_ratio_25_mon": 0.88421266646335261, "raw_ratio_25_fri": 0.89539493748093935, "collapse_25_mon": 0.11578733353664739, "collapse_25_fri": 0.09168951834457828, "total_collapse_25": 0.20747685188122567, "cumulative_collapse_score": 0.67669182349535328, "shock_rank": 81, "top100_affected": true }, "geometry": { "type": "Point", "coordinates": [ 0.198693956591701, 51.549721479820803, 0.0 ] } },
{ "type": "Feature", "properties": { "clean_name": "Finchley Central", "2019_Midweek": 29319, "2019_Friday": 28340, "2023_Monday": 19392.0, "2023_Midweek": 22772.0, "2023_Friday": 20455.0, "2024_Monday": 15510.0, "2024_Midweek": 17775.0, "2024_Friday": 15536.0, "2025_Monday": 15238.0, "2025_Midweek": 17294.0, "2025_Friday": 14856.0, "raw_ratio_19_mon": 1.0, "raw_ratio_19_fri": 0.96660868378866949, "raw_ratio_23_mon": 0.85157210609520462, "raw_ratio_23_fri": 0.89825223959248202, "collapse_23_mon": 0.14842789390479538, "collapse_23_fri": 0.070717804777276627, "total_collapse_23": 0.21914569868207201, "raw_ratio_24_mon": 0.87257383966244728, "raw_ratio_24_fri": 0.87403656821378339, "collapse_24_mon": 0.12742616033755272, "collapse_24_fri": 0.095770001995063025, "total_collapse_24": 0.22319616233261574, "raw_ratio_25_mon": 0.88111483751590147, "raw_ratio_25_fri": 0.85902625187926451, "collapse_25_mon": 0.11888516248409853, "collapse_25_fri": 0.11129884690020619, "total_collapse_25": 0.23018400938430472, "cumulative_collapse_score": 0.67252587039899248, "shock_rank": 82, "top100_affected": true }, "geometry": { "type": "Point", "coordinates": [ -0.19252922549939, 51.600934867932303, 0.0 ] } },
{ "type": "Feature", "properties": { "clean_name": "Hyde Park Corner", "2019_Midweek": 13201, "2019_Friday": 14622, "2023_Monday": 11266.0, "2023_Midweek": 12994.0, "2023_Friday": 12897.0, "2024_Monday": 9418.0, "2024_Midweek": 11011.0, "2024_Friday": 11475.0, "2025_Monday": 8783.0, "2025_Midweek": 9957.0, "2025_Friday": 9831.0, "raw_ratio_19_mon": 1.0, "raw_ratio_19_fri": 1.1076433603514886, "raw_ratio_23_mon": 0.86701554563644756, "raw_ratio_23_fri": 0.99253501616130524, "collapse_23_mon": 0.13298445436355244, "collapse_23_fri": 0.10392184732968202, "total_collapse_23": 0.23690630169323446, "raw_ratio_24_mon": 0.85532649169012809, "raw_ratio_24_fri": 1.0421396785033148, "collapse_24_mon": 0.14467350830987191, "collapse_24_fri": 0.059137881553668614, "total_collapse_24": 0.20381138986354053, "raw_ratio_25_mon": 0.88209299989956813, "raw_ratio_25_fri": 0.98734558601988553, "collapse_25_mon": 0.11790700010043187, "collapse_25_fri": 0.1086069565689709, "total_collapse_25": 0.22651395666940277, "cumulative_collapse_score": 0.66723164822617775, "shock_rank": 83, "top100_affected": true }, "geometry": { "type": "Point", "coordinates": [ -0.154124887061521, 51.502752855900603, 0.0 ] } },
{ "type": "Feature", "properties": { "clean_name": "Westminster", "2019_Midweek": 71460, "2019_Friday": 74187, "2023_Monday": 54632.0, "2023_Midweek": 63304.0, "2023_Friday": 60032.0, "2024_Monday": 57444.0, "2024_Midweek": 63576.0, "2024_Friday": 56335.0, "2025_Monday": 57279.0, "2025_Midweek": 61686.0, "2025_Friday": 56078.0, "raw_ratio_19_mon": 1.0, "raw_ratio_19_fri": 1.0381612090680101, "raw_ratio_23_mon": 0.86301023631997975, "raw_ratio_23_fri": 0.9483129028181474, "collapse_23_mon": 0.13698976368002025, "collapse_23_fri": 0.086545620723512129, "total_collapse_23": 0.22353538440353238, "raw_ratio_24_mon": 0.90354850887127214, "raw_ratio_24_fri": 0.88610481942871522, "collapse_24_mon": 0.096451491128727862, "collapse_24_fri": 0.14646703066068201, "total_collapse_24": 0.24291852178940987, "raw_ratio_25_mon": 0.92855753331388002, "raw_ratio_25_fri": 0.9090879616120352, "collapse_25_mon": 0.071442466686119976, "collapse_25_fri": 0.12432871342963014, "total_collapse_25": 0.19577118011575012, "cumulative_collapse_score": 0.66222508630869237, "shock_rank": 84, "top100_affected": true }, "geometry": { "type": "Point", "coordinates": [ -0.125633447749655, 51.500965591158803, 0.0 ] } },
{ "type": "Feature", "properties": { "clean_name": "South Ruislip", "2019_Midweek": 6505, "2019_Friday": 6423, "2023_Monday": 4696.0, "2023_Midweek": 5378.0, "2023_Friday": 4936.0, "2024_Monday": 4766.0, "2024_Midweek": 5530.0, "2024_Friday": 4813.0, "2025_Monday": 4609.0, "2025_Midweek": 5201.0, "2025_Friday": 4651.0, "raw_ratio_19_mon": 1.0, "raw_ratio_19_fri": 0.98739431206764028, "raw_ratio_23_mon": 0.87318705838601707, "raw_ratio_23_fri": 0.91781331349944217, "collapse_23_mon": 0.12681294161398293, "collapse_23_fri": 0.070469312733322242, "total_collapse_23": 0.19728225434730517, "raw_ratio_24_mon": 0.86184448462929475, "raw_ratio_24_fri": 0.8703435804701628, "collapse_24_mon": 0.13815551537070525, "collapse_24_fri": 0.11854507380376633, "total_collapse_24": 0.25670058917447158, "raw_ratio_25_mon": 0.88617573543549322, "raw_ratio_25_fri": 0.89425110555662368, "collapse_25_mon": 0.11382426456450678, "collapse_25_fri": 0.094332330430353828, "total_collapse_25": 0.20815659499486061, "cumulative_collapse_score": 0.66213943851663737, "shock_rank": 85, "top100_affected": true }, "geometry": { "type": "Point", "coordinates": [ -0.398845328625941, 51.556861433018, 0.0 ] } },
{ "type": "Feature", "properties": { "clean_name": "Regent's Park", "2019_Midweek": 13604, "2019_Friday": 13118, "2023_Monday": 7027.0, "2023_Midweek": 8370.0, "2023_Friday": 7643.0, "2024_Monday": 6752.0, "2024_Midweek": 8257.0, "2024_Friday": 7642.0, "2025_Monday": 6790.0, "2025_Midweek": 8106.0, "2025_Friday": 7329.0, "raw_ratio_19_mon": 1.0, "raw_ratio_19_fri": 0.96427521317259635, "raw_ratio_23_mon": 0.83954599761051374, "raw_ratio_23_fri": 0.91314217443249701, "collapse_23_mon": 0.16045400238948626, "collapse_23_fri": 0.05302743246076469, "total_collapse_23": 0.21348143485025095, "raw_ratio_24_mon": 0.81773041056073636, "raw_ratio_24_fri": 0.92551774252149688, "collapse_24_mon": 0.18226958943926364, "collapse_24_fri": 0.040193370234605674, "total_collapse_24": 0.22246295967386931, "raw_ratio_25_mon": 0.8376511226252159, "raw_ratio_25_fri": 0.90414507772020725, "collapse_25_mon": 0.1623488773747841, "collapse_25_fri": 0.062357856585935401, "total_collapse_25": 0.2247067339607195, "cumulative_collapse_score": 0.66065112848483976, "shock_rank": 86, "top100_affected": true }, "geometry": { "type": "Point", "coordinates": [ -0.146287770475268, 51.523280148878698, 0.0 ] } },
{ "type": "Feature", "properties": { "clean_name": "West Ruislip", "2019_Midweek": 5098, "2019_Friday": 4820, "2023_Monday": 3665.0, "2023_Midweek": 4191.0, "2023_Friday": 3732.0, "2024_Monday": 4280.0, "2024_Midweek": 5099.0, "2024_Friday": 4355.0, "2025_Monday": 4248.0, "2025_Midweek": 4891.0, "2025_Friday": 4218.0, "raw_ratio_19_mon": 1.0, "raw_ratio_19_fri": 0.94546881129854843, "raw_ratio_23_mon": 0.87449296110713437, "raw_ratio_23_fri": 0.89047959914101649, "collapse_23_mon": 0.12550703889286563, "collapse_23_fri": 0.058160789124294121, "total_collapse_23": 0.18366782801715975, "raw_ratio_24_mon": 0.83938027064130216, "raw_ratio_24_fri": 0.85408903706609141, "collapse_24_mon": 0.16061972935869784, "collapse_24_fri": 0.096650225941300016, "total_collapse_24": 0.25726995529999785, "raw_ratio_25_mon": 0.8685340421181762, "raw_ratio_25_fri": 0.86240032713146597, "collapse_25_mon": 0.1314659578818238, "collapse_25_fri": 0.087859571013233717, "total_collapse_25": 0.21932552889505752, "cumulative_collapse_score": 0.66026331221221513, "shock_rank": 87, "top100_affected": true }, "geometry": { "type": "Point", "coordinates": [ -0.437626140162556, 51.569631031310102, 0.0 ] } },
{ "type": "Feature", "properties": { "clean_name": "West Hampstead", "2019_Midweek": 34251, "2019_Friday": 34751, "2023_Monday": 22632.0, "2023_Midweek": 26220.0, "2023_Friday": 24394.0, "2024_Monday": 24214.0, "2024_Midweek": 28248.0, "2024_Friday": 25963.0, "2025_Monday": 24659.0, "2025_Midweek": 27871.0, "2025_Friday": 25891.0, "raw_ratio_19_mon": 1.0, "raw_ratio_19_fri": 1.014598113923681, "raw_ratio_23_mon": 0.86315789473684212, "raw_ratio_23_fri": 0.93035850495804728, "collapse_23_mon": 0.13684210526315788, "collapse_23_fri": 0.08302756314010884, "total_collapse_23": 0.21986966840326672, "raw_ratio_24_mon": 0.85719342962333611, "raw_ratio_24_fri": 0.91910931747380342, "collapse_24_mon": 0.14280657037666389, "collapse_24_fri": 0.094114896469303266, "total_collapse_24": 0.23692146684596715, "raw_ratio_25_mon": 0.88475476301532063, "raw_ratio_25_fri": 0.92895841555738945, "collapse_25_mon": 0.11524523698467937, "collapse_25_fri": 0.084407507949234684, "total_collapse_25": 0.19965274493391405, "cumulative_collapse_score": 0.65644388018314792, "shock_rank": 88, "top100_affected": true }, "geometry": { "type": "Point", "coordinates": [ -0.190144437494366, 51.546804134291797, 0.0 ] } },
{ "type": "Feature", "properties": { "clean_name": "Hammersmith (H&C)", "2019_Midweek": 33861, "2019_Friday": 33935, "2023_Monday": 26996.0, "2023_Midweek": 30747.0, "2023_Friday": 27759.0, "2024_Monday": 29300.0, "2024_Midweek": 33593.0, "2024_Friday": 30342.0, "2025_Monday": 30782.0, "2025_Midweek": 34602.0, "2025_Friday": 31414.0, "raw_ratio_19_mon": 1.0, "raw_ratio_19_fri": 1.0021854050382446, "raw_ratio_23_mon": 0.87800435814876243, "raw_ratio_23_fri": 0.90281978729632162, "collapse_23_mon": 0.12199564185123757, "collapse_23_fri": 0.099148937155127626, "total_collapse_23": 0.22114457900636519, "raw_ratio_24_mon": 0.87220551900693599, "raw_ratio_24_fri": 0.90322388592861613, "collapse_24_mon": 0.12779448099306401, "collapse_24_fri": 0.098745719716255453, "total_collapse_24": 0.22654020070931946, "raw_ratio_25_mon": 0.88960175712386569, "raw_ratio_25_fri": 0.90786659730651409, "collapse_25_mon": 0.11039824287613431, "collapse_25_fri": 0.094113132417979251, "total_collapse_25": 0.20451137529411356, "cumulative_collapse_score": 0.65219615500979822, "shock_rank": 89, "top100_affected": true }, "geometry": { "type": "Point", "coordinates": [ -0.224905917275528, 51.493785004491698, 0.0 ] } },
{ "type": "Feature", "properties": { "clean_name": "Barons Court", "2019_Midweek": 22941, "2019_Friday": 22379, "2023_Monday": 16561.0, "2023_Midweek": 19191.0, "2023_Friday": 17519.0, "2024_Monday": 17442.0, "2024_Midweek": 20199.0, "2024_Friday": 18205.0, "2025_Monday": 17496.0, "2025_Midweek": 20107.0, "2025_Friday": 17552.0, "raw_ratio_19_mon": 1.0, "raw_ratio_19_fri": 0.97550237565929998, "raw_ratio_23_mon": 0.86295659423688187, "raw_ratio_23_fri": 0.91287582721067162, "collapse_23_mon": 0.13704340576311813, "collapse_23_fri": 0.064199278250144487, "total_collapse_23": 0.20124268401326262, "raw_ratio_24_mon": 0.86350809446012178, "raw_ratio_24_fri": 0.90128224169513338, "collapse_24_mon": 0.13649190553987822, "collapse_24_fri": 0.076084011496132309, "total_collapse_24": 0.21257591703601053, "raw_ratio_25_mon": 0.87014472571741186, "raw_ratio_25_fri": 0.8729298254339285, "collapse_25_mon": 0.12985527428258814, "collapse_25_fri": 0.10514843713839972, "total_collapse_25": 0.23500371142098786, "cumulative_collapse_score": 0.64882231247026101, "shock_rank": 90, "top100_affected": true }, "geometry": { "type": "Point", "coordinates": [ -0.214660488067239, 51.490299337442401, 0.0 ] } },
{ "type": "Feature", "properties": { "clean_name": "Marble Arch", "2019_Midweek": 37494, "2019_Friday": 40353, "2023_Monday": 24847.0, "2023_Midweek": 28205.0, "2023_Friday": 27768.0, "2024_Monday": 24869.0, "2024_Midweek": 28658.0, "2024_Friday": 28168.0, "2025_Monday": 23434.0, "2025_Midweek": 26879.0, "2025_Friday": 26151.0, "raw_ratio_19_mon": 1.0, "raw_ratio_19_fri": 1.0762522003520563, "raw_ratio_23_mon": 0.8809430951958872, "raw_ratio_23_fri": 0.98450629321042371, "collapse_23_mon": 0.1190569048041128, "collapse_23_fri": 0.085245732470160096, "total_collapse_23": 0.20430263727427289, "raw_ratio_24_mon": 0.86778560960290319, "raw_ratio_24_fri": 0.98290180752320466, "collapse_24_mon": 0.13221439039709681, "collapse_24_fri": 0.086736540746040203, "total_collapse_24": 0.21895093114313702, "raw_ratio_25_mon": 0.87183302950258568, "raw_ratio_25_fri": 0.97291565906469735, "collapse_25_mon": 0.12816697049741432, "collapse_25_fri": 0.096015173073333737, "total_collapse_25": 0.22418214357074806, "cumulative_collapse_score": 0.64743571198815797, "shock_rank": 91, "top100_affected": true }, "geometry": { "type": "Point", "coordinates": [ -0.157334022942238, 51.513601298245597, 0.0 ] } },
{ "type": "Feature", "properties": { "clean_name": "Shepherd's Bush Market", "2019_Midweek": 10617, "2019_Friday": 11338, "2023_Monday": 8892.0, "2023_Midweek": 10860.0, "2023_Friday": 10875.0, "2024_Monday": 9648.0, "2024_Midweek": 10929.0, "2024_Friday": 10558.0, "2025_Monday": 9623.0, "2025_Midweek": 11093.0, "2025_Friday": 11161.0, "raw_ratio_19_mon": 1.0, "raw_ratio_19_fri": 1.0679099557313743, "raw_ratio_23_mon": 0.81878453038674037, "raw_ratio_23_fri": 1.0013812154696133, "collapse_23_mon": 0.18121546961325963, "collapse_23_fri": 0.062298080380941534, "total_collapse_23": 0.24351354999420116, "raw_ratio_24_mon": 0.88278891023881412, "raw_ratio_24_fri": 0.9660536188123342, "collapse_24_mon": 0.11721108976118588, "collapse_24_fri": 0.095379143505860631, "total_collapse_24": 0.21259023326704651, "raw_ratio_25_mon": 0.86748399891823669, "raw_ratio_25_fri": 1.0061299918867754, "collapse_25_mon": 0.13251600108176331, "collapse_25_fri": 0.057851285600467928, "total_collapse_25": 0.19036728668223124, "cumulative_collapse_score": 0.64647106994347892, "shock_rank": 92, "top100_affected": true }, "geometry": { "type": "Point", "coordinates": [ -0.226272239161867, 51.506091811563302, 0.0 ] } },
{ "type": "Feature", "properties": { "clean_name": "Kennington", "2019_Midweek": 17506, "2019_Friday": 18676, "2023_Monday": 12731.0, "2023_Midweek": 15279.0, "2023_Friday": 15612.0, "2024_Monday": 13341.0, "2024_Midweek": 15617.0, "2024_Friday": 15634.0, "2025_Monday": 12777.0, "2025_Midweek": 15075.0, "2025_Friday": 14862.0, "raw_ratio_19_mon": 1.0, "raw_ratio_19_fri": 1.0668342282645951, "raw_ratio_23_mon": 0.83323515936906867, "raw_ratio_23_fri": 1.0217946200667583, "collapse_23_mon": 0.16676484063093133, "collapse_23_fri": 0.042218000702041736, "total_collapse_23": 0.20898284133297307, "raw_ratio_24_mon": 0.85426138182749567, "raw_ratio_24_fri": 1.0010885573413588, "collapse_24_mon": 0.14573861817250433, "collapse_24_fri": 0.061626885584823987, "total_collapse_24": 0.20736550375732832, "raw_ratio_25_mon": 0.84756218905472636, "raw_ratio_25_fri": 0.9858706467661692, "collapse_25_mon": 0.15243781094527364, "collapse_25_fri": 0.075891435945140473, "total_collapse_25": 0.22832924689041412, "cumulative_collapse_score": 0.6446775919807155, "shock_rank": 93, "top100_affected": true }, "geometry": { "type": "Point", "coordinates": [ -0.105940029542131, 51.488341112166999, 0.0 ] } },
{ "type": "Feature", "properties": { "clean_name": "East Putney", "2019_Midweek": 21755, "2019_Friday": 21395, "2023_Monday": 17866.0, "2023_Midweek": 20325.0, "2023_Friday": 18674.0, "2024_Monday": 17987.0, "2024_Midweek": 20804.0, "2024_Friday": 18860.0, "2025_Monday": 17453.0, "2025_Midweek": 20332.0, "2025_Friday": 17966.0, "raw_ratio_19_mon": 1.0, "raw_ratio_19_fri": 0.98345207998161344, "raw_ratio_23_mon": 0.87901599015990162, "raw_ratio_23_fri": 0.91876998769987694, "collapse_23_mon": 0.12098400984009838, "collapse_23_fri": 0.065770456536068167, "total_collapse_23": 0.18675446637616655, "raw_ratio_24_mon": 0.86459334743318594, "raw_ratio_24_fri": 0.90655643145548936, "collapse_24_mon": 0.13540665256681406, "collapse_24_fri": 0.078189522490573982, "total_collapse_24": 0.21359617505738804, "raw_ratio_25_mon": 0.85840055085579381, "raw_ratio_25_fri": 0.88363171355498726, "collapse_25_mon": 0.14159944914420619, "collapse_25_fri": 0.10149997997715599, "total_collapse_25": 0.24309942912136218, "cumulative_collapse_score": 0.64345007055491676, "shock_rank": 94, "top100_affected": true }, "geometry": { "type": "Point", "coordinates": [ -0.21103973778595, 51.459149858838401, 0.0 ] } },
{ "type": "Feature", "properties": { "clean_name": "Arsenal", "2019_Midweek": 8711, "2019_Friday": 9142, "2023_Monday": 6120.0, "2023_Midweek": 7380.0, "2023_Friday": 7078.0, "2024_Monday": 6188.0, "2024_Midweek": 7275.0, "2024_Friday": 7069.0, "2025_Monday": 6146.0, "2025_Midweek": 6914.0, "2025_Friday": 6889.0, "raw_ratio_19_mon": 1.0, "raw_ratio_19_fri": 1.0494776719090804, "raw_ratio_23_mon": 0.82926829268292679, "raw_ratio_23_fri": 0.95907859078590785, "collapse_23_mon": 0.17073170731707321, "collapse_23_fri": 0.086137212389406637, "total_collapse_23": 0.25686891970647985, "raw_ratio_24_mon": 0.8505841924398625, "raw_ratio_24_fri": 0.97168384879725089, "collapse_24_mon": 0.1494158075601375, "collapse_24_fri": 0.074126229832328416, "total_collapse_24": 0.22354203739246592, "raw_ratio_25_mon": 0.88892102979461962, "raw_ratio_25_fri": 0.99638414810529363, "collapse_25_mon": 0.11107897020538038, "collapse_25_fri": 0.050590427242921288, "total_collapse_25": 0.16166939744830167, "cumulative_collapse_score": 0.64208035454724743, "shock_rank": 95, "top100_affected": true }, "geometry": { "type": "Point", "coordinates": [ -0.107258995220346, 51.558618263065199, 0.0 ] } },
{ "type": "Feature", "properties": { "clean_name": "Chesham", "2019_Midweek": 4100, "2019_Friday": 3788, "2023_Monday": 3071.0, "2023_Midweek": 3614.0, "2023_Friday": 3164.0, "2024_Monday": 3238.0, "2024_Midweek": 3664.0, "2024_Friday": 3081.0, "2025_Monday": 3318.0, "2025_Midweek": 3830.0, "2025_Friday": 3198.0, "raw_ratio_19_mon": 1.0, "raw_ratio_19_fri": 0.92390243902439029, "raw_ratio_23_mon": 0.8497509684560044, "raw_ratio_23_fri": 0.87548422800221359, "collapse_23_mon": 0.1502490315439956, "collapse_23_fri": 0.052406194612176438, "total_collapse_23": 0.20265522615617204, "raw_ratio_24_mon": 0.88373362445414849, "raw_ratio_24_fri": 0.84088427947598254, "collapse_24_mon": 0.11626637554585151, "collapse_24_fri": 0.089855980503820376, "total_collapse_24": 0.20612235604967188, "raw_ratio_25_mon": 0.86631853785900781, "raw_ratio_25_fri": 0.83498694516971284, "collapse_25_mon": 0.13368146214099219, "collapse_25_fri": 0.096239050898674128, "total_collapse_25": 0.22992051303966632, "cumulative_collapse_score": 0.63869809524551024, "shock_rank": 96, "top100_affected": true }, "geometry": { "type": "Point", "coordinates": [ -0.610957106041938, 51.705226713482098, 0.0 ] } },
{ "type": "Feature", "properties": { "clean_name": "Chigwell", "2019_Midweek": 1889, "2019_Friday": 1780, "2023_Monday": 1127.0, "2023_Midweek": 1309.0, "2023_Friday": 1094.0, "2024_Monday": 1006.0, "2024_Midweek": 1131.0, "2024_Friday": 961.0, "2025_Monday": 1088.0, "2025_Midweek": 1192.0, "2025_Friday": 1023.0, "raw_ratio_19_mon": 1.0, "raw_ratio_19_fri": 0.94229751191106403, "raw_ratio_23_mon": 0.86096256684491979, "raw_ratio_23_fri": 0.83575248281130632, "collapse_23_mon": 0.13903743315508021, "collapse_23_fri": 0.11306941571316986, "total_collapse_23": 0.25210684886825008, "raw_ratio_24_mon": 0.88947833775419982, "raw_ratio_24_fri": 0.84969053934571181, "collapse_24_mon": 0.11052166224580018, "collapse_24_fri": 0.098277848975253046, "total_collapse_24": 0.20879951122105322, "raw_ratio_25_mon": 0.91275167785234901, "raw_ratio_25_fri": 0.85822147651006708, "collapse_25_mon": 0.087248322147650992, "collapse_25_fri": 0.089224511726114231, "total_collapse_25": 0.17647283387376522, "cumulative_collapse_score": 0.63737919396306852, "shock_rank": 97, "top100_affected": true }, "geometry": { "type": "Point", "coordinates": [ 0.075621709630792, 51.617654526478297, 0.0 ] } },
{ "type": "Feature", "properties": { "clean_name": "Clapham North", "2019_Midweek": 18878, "2019_Friday": 21299, "2023_Monday": 14027.0, "2023_Midweek": 16865.0, "2023_Friday": 18019.0, "2024_Monday": 13507.0, "2024_Midweek": 16000.0, "2024_Friday": 17147.0, "2025_Monday": 12917.0, "2025_Midweek": 15334.0, "2025_Friday": 16447.0, "raw_ratio_19_mon": 1.0, "raw_ratio_19_fri": 1.1282445174276936, "raw_ratio_23_mon": 0.83172250222353983, "raw_ratio_23_fri": 1.0684257337681589, "collapse_23_mon": 0.16827749777646017, "collapse_23_fri": 0.053019343533719732, "total_collapse_23": 0.2212968413101799, "raw_ratio_24_mon": 0.8441875, "raw_ratio_24_fri": 1.0716875, "collapse_24_mon": 0.1558125, "collapse_24_fri": 0.050128333489835253, "total_collapse_24": 0.20594083348983527, "raw_ratio_25_mon": 0.84237641841659061, "raw_ratio_25_fri": 1.0725838007043171, "collapse_25_mon": 0.15762358158340939, "collapse_25_fri": 0.049333912874026997, "total_collapse_25": 0.20695749445743639, "cumulative_collapse_score": 0.63419516925745156, "shock_rank": 98, "top100_affected": true }, "geometry": { "type": "Point", "coordinates": [ -0.129333403541793, 51.465730368079797, 0.0 ] } },
{ "type": "Feature", "properties": { "clean_name": "Warwick Avenue", "2019_Midweek": 12958, "2019_Friday": 13366, "2023_Monday": 9035.0, "2023_Midweek": 10505.0, "2023_Friday": 9878.0, "2024_Monday": 9099.0, "2024_Midweek": 10337.0, "2024_Friday": 10018.0, "2025_Monday": 8983.0, "2025_Midweek": 10324.0, "2025_Friday": 9714.0, "raw_ratio_19_mon": 1.0, "raw_ratio_19_fri": 1.0314863404846426, "raw_ratio_23_mon": 0.86006663493574487, "raw_ratio_23_fri": 0.9403141361256544, "collapse_23_mon": 0.13993336506425513, "collapse_23_fri": 0.088389153380500463, "total_collapse_23": 0.2283225184447556, "raw_ratio_24_mon": 0.88023604527425747, "raw_ratio_24_fri": 0.96913998258682399, "collapse_24_mon": 0.11976395472574253, "collapse_24_fri": 0.060443222029023969, "total_collapse_24": 0.1802071767547665, "raw_ratio_25_mon": 0.87010848508330108, "raw_ratio_25_fri": 0.94091437427353741, "collapse_25_mon": 0.12989151491669892, "collapse_25_fri": 0.087807237630068924, "total_collapse_25": 0.21769875254676785, "cumulative_collapse_score": 0.62622844774628994, "shock_rank": 99, "top100_affected": true }, "geometry": { "type": "Point", "coordinates": [ -0.183581995971193, 51.523200576386301, 0.0 ] } },
{ "type": "Feature", "properties": { "clean_name": "Ruislip Gardens", "2019_Midweek": 3776, "2019_Friday": 3506, "2023_Monday": 2486.0, "2023_Midweek": 2924.0, "2023_Friday": 2668.0, "2024_Monday": 2550.0, "2024_Midweek": 3037.0, "2024_Friday": 2660.0, "2025_Monday": 2505.0, "2025_Midweek": 3022.0, "2025_Friday": 2611.0, "raw_ratio_19_mon": 1.0, "raw_ratio_19_fri": 0.9284957627118644, "raw_ratio_23_mon": 0.85020519835841313, "raw_ratio_23_fri": 0.91244870041039672, "collapse_23_mon": 0.14979480164158687, "collapse_23_fri": 0.017282860025767843, "total_collapse_23": 0.16707766166735472, "raw_ratio_24_mon": 0.83964438590714519, "raw_ratio_24_fri": 0.87586433980902201, "collapse_24_mon": 0.16035561409285481, "collapse_24_fri": 0.056684612915326005, "total_collapse_24": 0.21704022700818082, "raw_ratio_25_mon": 0.82892124420913305, "raw_ratio_25_fri": 0.86399735274652545, "collapse_25_mon": 0.17107875579086695, "collapse_25_fri": 0.069465486602715343, "total_collapse_25": 0.2405442423935823, "cumulative_collapse_score": 0.62466213106911783, "shock_rank": 100, "top100_affected": true }, "geometry": { "type": "Point", "coordinates": [ -0.410696109804698, 51.560776885119999, 0.0 ] } },
{ "type": "Feature", "properties": { "clean_name": "Hornchurch", "2019_Midweek": 7581, "2019_Friday": 7144, "2023_Monday": 5363.0, "2023_Midweek": 6136.0, "2023_Friday": 5448.0, "2024_Monday": 5380.0, "2024_Midweek": 5972.0, "2024_Friday": 5198.0, "2025_Monday": 5481.0, "2025_Midweek": 6377.0, "2025_Friday": 5275.0, "raw_ratio_19_mon": 1.0, "raw_ratio_19_fri": 0.94235588972431072, "raw_ratio_23_mon": 0.87402216427640156, "raw_ratio_23_fri": 0.88787483702737935, "collapse_23_mon": 0.12597783572359844, "collapse_23_fri": 0.057813670282116036, "total_collapse_23": 0.18379150600571448, "raw_ratio_24_mon": 0.90087073007367713, "raw_ratio_24_fri": 0.87039517749497652, "collapse_24_mon": 0.099129269926322872, "collapse_24_fri": 0.07636256430719246, "total_collapse_24": 0.17549183423351533, "raw_ratio_25_mon": 0.85949506037321621, "raw_ratio_25_fri": 0.82719146934295118, "collapse_25_mon": 0.14050493962678379, "collapse_25_fri": 0.12220905247915548, "total_collapse_25": 0.26271399210593926, "cumulative_collapse_score": 0.62199733234516907, "shock_rank": 101, "top100_affected": false }, "geometry": { "type": "Point", "coordinates": [ 0.219134036058355, 51.554050514607901, 0.0 ] } },
{ "type": "Feature", "properties": { "clean_name": "High Barnet", "2019_Midweek": 13709, "2019_Friday": 13696, "2023_Monday": 10344.0, "2023_Midweek": 11716.0, "2023_Friday": 11362.0, "2024_Monday": 11108.0, "2024_Midweek": 12837.0, "2024_Friday": 11715.0, "2025_Monday": 11117.0, "2025_Midweek": 12782.0, "2025_Friday": 11224.0, "raw_ratio_19_mon": 1.0, "raw_ratio_19_fri": 0.99905171784958791, "raw_ratio_23_mon": 0.88289518607033113, "raw_ratio_23_fri": 0.96978490952543528, "collapse_23_mon": 0.11710481392966887, "collapse_23_fri": 0.029294587858922916, "total_collapse_23": 0.14639940178859179, "raw_ratio_24_mon": 0.86531120978421749, "raw_ratio_24_fri": 0.91259640102827766, "collapse_24_mon": 0.13468879021578251, "collapse_24_fri": 0.086537378672849163, "total_collapse_24": 0.22122616888863167, "raw_ratio_25_mon": 0.86973869503989987, "raw_ratio_25_fri": 0.87810984196526365, "collapse_25_mon": 0.13026130496010013, "collapse_25_fri": 0.12105667176534762, "total_collapse_25": 0.25131797672544776, "cumulative_collapse_score": 0.61894354740267121, "shock_rank": 102, "top100_affected": false }, "geometry": { "type": "Point", "coordinates": [ -0.194140784281301, 51.650524935439002, 0.0 ] } },
{ "type": "Feature", "properties": { "clean_name": "Stanmore", "2019_Midweek": 12549, "2019_Friday": 13017, "2023_Monday": 9332.0, "2023_Midweek": 10448.0, "2023_Friday": 9945.0, "2024_Monday": 9565.0, "2024_Midweek": 10726.0, "2024_Friday": 10013.0, "2025_Monday": 9861.0, "2025_Midweek": 10864.0, "2025_Friday": 9855.0, "raw_ratio_19_mon": 1.0, "raw_ratio_19_fri": 1.0372938082715755, "raw_ratio_23_mon": 0.89318529862174578, "raw_ratio_23_fri": 0.95185681470137828, "collapse_23_mon": 0.10681470137825422, "collapse_23_fri": 0.082365278659630059, "total_collapse_23": 0.18917998003788428, "raw_ratio_24_mon": 0.89175834421033007, "raw_ratio_24_fri": 0.93352601156069359, "collapse_24_mon": 0.10824165578966993, "collapse_24_fri": 0.10003703471805003, "total_collapse_24": 0.20827869050771997, "raw_ratio_25_mon": 0.90767673048600883, "raw_ratio_25_fri": 0.90712444771723122, "collapse_25_mon": 0.092323269513991169, "collapse_25_fri": 0.12548938354432404, "total_collapse_25": 0.21781265305831521, "cumulative_collapse_score": 0.61527132360391945, "shock_rank": 103, "top100_affected": false }, "geometry": { "type": "Point", "coordinates": [ -0.303238655645259, 51.6197138463166, 0.0 ] } },
{ "type": "Feature", "properties": { "clean_name": "Euston Square", "2019_Midweek": 50640, "2019_Friday": 46501, "2023_Monday": 37454.0, "2023_Midweek": 43126.0, "2023_Friday": 37595.0, "2024_Monday": 38897.0, "2024_Midweek": 44720.0, "2024_Friday": 38049.0, "2025_Monday": 40330.0, "2025_Midweek": 46650.0, "2025_Friday": 38892.0, "raw_ratio_19_mon": 1.0, "raw_ratio_19_fri": 0.91826619273301735, "raw_ratio_23_mon": 0.86847841209479204, "raw_ratio_23_fri": 0.87174790149793624, "collapse_23_mon": 0.13152158790520796, "collapse_23_fri": 0.050658830307832248, "total_collapse_23": 0.18218041821304021, "raw_ratio_24_mon": 0.86978980322003574, "raw_ratio_24_fri": 0.85082737030411448, "collapse_24_mon": 0.13021019677996426, "collapse_24_fri": 0.073441473684429215, "total_collapse_24": 0.20365167046439347, "raw_ratio_25_mon": 0.86452304394426582, "raw_ratio_25_fri": 0.83369774919614148, "collapse_25_mon": 0.13547695605573418, "collapse_25_fri": 0.09209578247150374, "total_collapse_25": 0.22757273852723792, "cumulative_collapse_score": 0.6134048272046716, "shock_rank": 104, "top100_affected": false }, "geometry": { "type": "Point", "coordinates": [ -0.135851312776002, 51.525634992274298, 0.0 ] } },
{ "type": "Feature", "properties": { "clean_name": "Epping", "2019_Midweek": 13501, "2019_Friday": 13632, "2023_Monday": 9323.0, "2023_Midweek": 10777.0, "2023_Friday": 10556.0, "2024_Monday": 9712.0, "2024_Midweek": 11149.0, "2024_Friday": 10181.0, "2025_Monday": 9874.0, "2025_Midweek": 11164.0, "2025_Friday": 10078.0, "raw_ratio_19_mon": 1.0, "raw_ratio_19_fri": 1.0097029849640768, "raw_ratio_23_mon": 0.86508304723021245, "raw_ratio_23_fri": 0.97949336550060317, "collapse_23_mon": 0.13491695276978755, "collapse_23_fri": 0.02991931282103566, "total_collapse_23": 0.16483626559082321, "raw_ratio_24_mon": 0.87110951654856938, "raw_ratio_24_fri": 0.91317606960265496, "collapse_24_mon": 0.12889048345143062, "collapse_24_fri": 0.095599316629588982, "total_collapse_24": 0.2244898000810196, "raw_ratio_25_mon": 0.88445001791472588, "raw_ratio_25_fri": 0.90272303833751344, "collapse_25_mon": 0.11554998208527412, "collapse_25_fri": 0.10595189696341201, "total_collapse_25": 0.22150187904868612, "cumulative_collapse_score": 0.61082794472052893, "shock_rank": 105, "top100_affected": false }, "geometry": { "type": "Point", "coordinates": [ 0.114025844922751, 51.693565206495201, 0.0 ] } },
{ "type": "Feature", "properties": { "clean_name": "Finsbury Park", "2019_Midweek": 108663, "2019_Friday": 112072, "2023_Monday": 56989.0, "2023_Midweek": 67475.0, "2023_Friday": 66833.0, "2024_Monday": 56807.0, "2024_Midweek": 67894.0, "2024_Friday": 66719.0, "2025_Monday": 59256.0, "2025_Midweek": 69007.0, "2025_Friday": 66658.0, "raw_ratio_19_mon": 1.0, "raw_ratio_19_fri": 1.0313722242161545, "raw_ratio_23_mon": 0.84459429418303078, "raw_ratio_23_fri": 0.99048536494998152, "collapse_23_mon": 0.15540570581696922, "collapse_23_fri": 0.039643165004998204, "total_collapse_23": 0.19504887082196742, "raw_ratio_24_mon": 0.8367013285415501, "raw_ratio_24_fri": 0.98269361062833238, "collapse_24_mon": 0.1632986714584499, "collapse_24_fri": 0.047197910167512958, "total_collapse_24": 0.21049658162596285, "raw_ratio_25_mon": 0.85869549465996198, "raw_ratio_25_fri": 0.96595997507499243, "collapse_25_mon": 0.14130450534003802, "collapse_25_fri": 0.06342254290479421, "total_collapse_25": 0.20472704824483223, "cumulative_collapse_score": 0.61027250069276251, "shock_rank": 106, "top100_affected": false }, "geometry": { "type": "Point", "coordinates": [ -0.106653230276946, 51.564572681138401, 0.0 ] } },
{ "type": "Feature", "properties": { "clean_name": "Fulham Broadway", "2019_Midweek": 29291, "2019_Friday": 30125, "2023_Monday": 20996.0, "2023_Midweek": 24221.0, "2023_Friday": 22788.0, "2024_Monday": 20198.0, "2024_Midweek": 23428.0, "2024_Friday": 21972.0, "2025_Monday": 20303.0, "2025_Midweek": 23265.0, "2025_Friday": 23082.0, "raw_ratio_19_mon": 1.0, "raw_ratio_19_fri": 1.0284729097675054, "raw_ratio_23_mon": 0.86685107964163333, "raw_ratio_23_fri": 0.94083646422525913, "collapse_23_mon": 0.13314892035836667, "collapse_23_fri": 0.085210261456528991, "total_collapse_23": 0.21835918181489566, "raw_ratio_24_mon": 0.86213078367765072, "raw_ratio_24_fri": 0.93785214273518869, "collapse_24_mon": 0.13786921632234928, "collapse_24_fri": 0.088111963058708276, "total_collapse_24": 0.22598117938105755, "raw_ratio_25_mon": 0.87268428970556633, "raw_ratio_25_fri": 0.99213410702772409, "collapse_25_mon": 0.12731571029443367, "collapse_25_fri": 0.035332775802520588, "total_collapse_25": 0.16264848609695426, "cumulative_collapse_score": 0.60698884729290747, "shock_rank": 107, "top100_affected": false }, "geometry": { "type": "Point", "coordinates": [ -0.194742482172033, 51.480768615439302, 0.0 ] } },
{ "type": "Feature", "properties": { "clean_name": "Woodford", "2019_Midweek": 19332, "2019_Friday": 19216, "2023_Monday": 13758.0, "2023_Midweek": 15963.0, "2023_Friday": 15060.0, "2024_Monday": 13588.0, "2024_Midweek": 15593.0, "2024_Friday": 14496.0, "2025_Monday": 13630.0, "2025_Midweek": 15590.0, "2025_Friday": 13994.0, "raw_ratio_19_mon": 1.0, "raw_ratio_19_fri": 0.99399958617835715, "raw_ratio_23_mon": 0.86186806991167075, "raw_ratio_23_fri": 0.9434316857733509, "collapse_23_mon": 0.13813193008832925, "collapse_23_fri": 0.050873160419940722, "total_collapse_23": 0.18900509050826997, "raw_ratio_24_mon": 0.87141666132238826, "raw_ratio_24_fri": 0.92964791893798504, "collapse_24_mon": 0.12858333867761174, "collapse_24_fri": 0.064740134840282737, "total_collapse_24": 0.19332347351789447, "raw_ratio_25_mon": 0.8742783835792175, "raw_ratio_25_fri": 0.89762668377164845, "collapse_25_mon": 0.1257216164207825, "collapse_25_fri": 0.096954670551961497, "total_collapse_25": 0.222676286972744, "cumulative_collapse_score": 0.60500485099890844, "shock_rank": 108, "top100_affected": false }, "geometry": { "type": "Point", "coordinates": [ 0.03403824393238, 51.606862424283499, 0.0 ] } },
{ "type": "Feature", "properties": { "clean_name": "Osterley", "2019_Midweek": 7160, "2019_Friday": 7225, "2023_Monday": 5309.0, "2023_Midweek": 5894.0, "2023_Friday": 5314.0, "2024_Monday": 5271.0, "2024_Midweek": 5708.0, "2024_Friday": 5151.0, "2025_Monday": 5012.0, "2025_Midweek": 5501.0, "2025_Friday": 4845.0, "raw_ratio_19_mon": 1.0, "raw_ratio_19_fri": 1.0090782122905029, "raw_ratio_23_mon": 0.90074652188666438, "raw_ratio_23_fri": 0.90159484221241937, "collapse_23_mon": 0.099253478113335625, "collapse_23_fri": 0.1065163916621561, "total_collapse_23": 0.20576986977549172, "raw_ratio_24_mon": 0.92344078486334968, "raw_ratio_24_fri": 0.90241765942536789, "collapse_24_mon": 0.076559215136650316, "collapse_24_fri": 0.10570097695700575, "total_collapse_24": 0.18226019209365607, "raw_ratio_25_mon": 0.91110707144155612, "raw_ratio_25_fri": 0.88074895473550263, "collapse_25_mon": 0.088892928558443884, "collapse_25_fri": 0.12717473828287917, "total_collapse_25": 0.21606766684132306, "cumulative_collapse_score": 0.60409772871047085, "shock_rank": 109, "top100_affected": false }, "geometry": { "type": "Point", "coordinates": [ -0.352199309980199, 51.481243513473501, 0.0 ] } },
{ "type": "Feature", "properties": { "clean_name": "Stockwell", "2019_Midweek": 35752, "2019_Friday": 37140, "2023_Monday": 20730.0, "2023_Midweek": 24518.0, "2023_Friday": 24904.0, "2024_Monday": 20878.0, "2024_Midweek": 24383.0, "2024_Friday": 24371.0, "2025_Monday": 20484.0, "2025_Midweek": 24513.0, "2025_Friday": 23483.0, "raw_ratio_19_mon": 1.0, "raw_ratio_19_fri": 1.0388230029089283, "raw_ratio_23_mon": 0.84550126437719231, "raw_ratio_23_fri": 1.015743535361775, "collapse_23_mon": 0.15449873562280769, "collapse_23_fri": 0.022216939250022216, "total_collapse_23": 0.17671567487282991, "raw_ratio_24_mon": 0.85625230693515975, "raw_ratio_24_fri": 0.99950785383258833, "collapse_24_mon": 0.14374769306484025, "collapse_24_fri": 0.037845859175479446, "total_collapse_24": 0.1815935522403197, "raw_ratio_25_mon": 0.83563823277444627, "raw_ratio_25_fri": 0.95798147921511034, "collapse_25_mon": 0.16436176722555373, "collapse_25_fri": 0.0778203057377862, "total_collapse_25": 0.24218207296333993, "cumulative_collapse_score": 0.60049130007648954, "shock_rank": 110, "top100_affected": false }, "geometry": { "type": "Point", "coordinates": [ -0.12301670611174, 51.471829306307598, 0.0 ] } },
{ "type": "Feature", "properties": { "clean_name": "Maida Vale", "2019_Midweek": 10869, "2019_Friday": 10752, "2023_Monday": 8109.0, "2023_Midweek": 9385.0, "2023_Friday": 8862.0, "2024_Monday": 8460.0, "2024_Midweek": 9579.0, "2024_Friday": 8862.0, "2025_Monday": 8236.0, "2025_Midweek": 9397.0, "2025_Friday": 8263.0, "raw_ratio_19_mon": 1.0, "raw_ratio_19_fri": 0.98923544024289267, "raw_ratio_23_mon": 0.86403835908364413, "raw_ratio_23_fri": 0.94427277570591373, "collapse_23_mon": 0.13596164091635587, "collapse_23_fri": 0.04545193460309005, "total_collapse_23": 0.18141357551944592, "raw_ratio_24_mon": 0.88318196053867837, "raw_ratio_24_fri": 0.92514876291888504, "collapse_24_mon": 0.11681803946132163, "collapse_24_fri": 0.064784049091763274, "total_collapse_24": 0.18160208855308491, "raw_ratio_25_mon": 0.87644993082898792, "raw_ratio_25_fri": 0.87932318825156963, "collapse_25_mon": 0.12355006917101208, "collapse_25_fri": 0.11110828375127324, "total_collapse_25": 0.23465835292228532, "cumulative_collapse_score": 0.59767401699481615, "shock_rank": 111, "top100_affected": false }, "geometry": { "type": "Point", "coordinates": [ -0.185804459598915, 51.529730938714799, 0.0 ] } },
{ "type": "Feature", "properties": { "clean_name": "St James's Park", "2019_Midweek": 53758, "2019_Friday": 45333, "2023_Monday": 30471.0, "2023_Midweek": 37971.0, "2023_Friday": 31358.0, "2024_Monday": 32731.0, "2024_Midweek": 39012.0, "2024_Friday": 30992.0, "2025_Monday": 33462.0, "2025_Midweek": 37693.0, "2025_Friday": 30282.0, "raw_ratio_19_mon": 1.0, "raw_ratio_19_fri": 0.84327913984895275, "raw_ratio_23_mon": 0.80248084064154224, "raw_ratio_23_fri": 0.82584077322166916, "collapse_23_mon": 0.19751915935845776, "collapse_23_fri": 0.020679233960900656, "total_collapse_23": 0.21819839331935842, "raw_ratio_24_mon": 0.83899825694658059, "raw_ratio_24_fri": 0.79442222905772586, "collapse_24_mon": 0.16100174305341941, "collapse_24_fri": 0.057936818880611862, "total_collapse_24": 0.21893856193403127, "raw_ratio_25_mon": 0.88775104130740456, "raw_ratio_25_fri": 0.80338524394449895, "collapse_25_mon": 0.11224895869259544, "collapse_25_fri": 0.047308054971690106, "total_collapse_25": 0.15955701366428554, "cumulative_collapse_score": 0.59669396891767523, "shock_rank": 112, "top100_affected": false }, "geometry": { "type": "Point", "coordinates": [ -0.133601971319782, 51.499562533857102, 0.0 ] } },
{ "type": "Feature", "properties": { "clean_name": "Angel", "2019_Midweek": 58105, "2019_Friday": 58664, "2023_Monday": 33538.0, "2023_Midweek": 42033.0, "2023_Friday": 41775.0, "2024_Monday": 33510.0, "2024_Midweek": 41139.0, "2024_Friday": 41759.0, "2025_Monday": 32489.0, "2025_Midweek": 39552.0, "2025_Friday": 39351.0, "raw_ratio_19_mon": 1.0, "raw_ratio_19_fri": 1.0096205145856638, "raw_ratio_23_mon": 0.79789689053838653, "raw_ratio_23_fri": 0.99386196559845841, "collapse_23_mon": 0.20210310946161347, "collapse_23_fri": 0.015608388260288653, "total_collapse_23": 0.21771149772190213, "raw_ratio_24_mon": 0.81455553124772118, "raw_ratio_24_fri": 1.0150708573373197, "collapse_24_mon": 0.18544446875227882, "collapse_24_fri": -0.0053984072955299833, "total_collapse_24": 0.18004606145674884, "raw_ratio_25_mon": 0.82142495954692551, "raw_ratio_25_fri": 0.99491808252427183, "collapse_25_mon": 0.17857504045307449, "collapse_25_fri": 0.014562334906027208, "total_collapse_25": 0.19313737535910169, "cumulative_collapse_score": 0.59089493453775266, "shock_rank": 113, "top100_affected": false }, "geometry": { "type": "Point", "coordinates": [ -0.104700331754964, 51.531489625336903, 0.0 ] } },
{ "type": "Feature", "properties": { "clean_name": "Ruislip Manor", "2019_Midweek": 6509, "2019_Friday": 6498, "2023_Monday": 4384.0, "2023_Midweek": 5066.0, "2023_Friday": 4777.0, "2024_Monday": 4256.0, "2024_Midweek": 4931.0, "2024_Friday": 4556.0, "2025_Monday": 4490.0, "2025_Midweek": 4909.0, "2025_Friday": 4415.0, "raw_ratio_19_mon": 1.0, "raw_ratio_19_fri": 0.9983100322630204, "raw_ratio_23_mon": 0.86537702329253852, "raw_ratio_23_fri": 0.94295302013422821, "collapse_23_mon": 0.13462297670746148, "collapse_23_fri": 0.05545072206006596, "total_collapse_23": 0.19007369876752744, "raw_ratio_24_mon": 0.86311093084567025, "raw_ratio_24_fri": 0.92395051713648346, "collapse_24_mon": 0.13688906915432975, "collapse_24_fri": 0.074485393037646785, "total_collapse_24": 0.21137446219197653, "raw_ratio_25_mon": 0.91464656752902829, "raw_ratio_25_fri": 0.89936850682420044, "collapse_25_mon": 0.085353432470971713, "collapse_25_fri": 0.09910901647911341, "total_collapse_25": 0.18446244895008512, "cumulative_collapse_score": 0.5859106099095891, "shock_rank": 114, "top100_affected": false }, "geometry": { "type": "Point", "coordinates": [ -0.411791491503135, 51.573477882519697, 0.0 ] } },
{ "type": "Feature", "properties": { "clean_name": "South Wimbledon", "2019_Midweek": 15353, "2019_Friday": 15322, "2023_Monday": 10761.0, "2023_Midweek": 12357.0, "2023_Friday": 12345.0, "2024_Monday": 10994.0, "2024_Midweek": 12733.0, "2024_Friday": 11642.0, "2025_Monday": 10889.0, "2025_Midweek": 12777.0, "2025_Friday": 11645.0, "raw_ratio_19_mon": 1.0, "raw_ratio_19_fri": 0.99798085064808184, "raw_ratio_23_mon": 0.87084243748482637, "raw_ratio_23_fri": 0.99902889050740473, "collapse_23_mon": 0.12915756251517363, "collapse_23_fri": -0.0010501602897914353, "total_collapse_23": 0.12810740222538219, "raw_ratio_24_mon": 0.86342574412942752, "raw_ratio_24_fri": 0.91431712872064719, "collapse_24_mon": 0.13657425587057248, "collapse_24_fri": 0.083832993261447886, "total_collapse_24": 0.22040724913202037, "raw_ratio_25_mon": 0.85223448383814671, "raw_ratio_25_fri": 0.91140330280973625, "collapse_25_mon": 0.14776551616185329, "collapse_25_fri": 0.086752714525657249, "total_collapse_25": 0.23451823068751054, "cumulative_collapse_score": 0.5830328820449131, "shock_rank": 115, "top100_affected": false }, "geometry": { "type": "Point", "coordinates": [ -0.193281732374388, 51.414988526507599, 0.0 ] } },
{ "type": "Feature", "properties": { "clean_name": "West Kensington", "2019_Midweek": 15875, "2019_Friday": 15870, "2023_Monday": 10956.0, "2023_Midweek": 12769.0, "2023_Friday": 12319.0, "2024_Monday": 10898.0, "2024_Midweek": 12900.0, "2024_Friday": 12252.0, "2025_Monday": 10386.0, "2025_Midweek": 12255.0, "2025_Friday": 11671.0, "raw_ratio_19_mon": 1.0, "raw_ratio_19_fri": 0.99968503937007869, "raw_ratio_23_mon": 0.85801550630433077, "raw_ratio_23_fri": 0.96475839924817919, "collapse_23_mon": 0.14198449369566923, "collapse_23_fri": 0.034937644104294563, "total_collapse_23": 0.1769221377999638, "raw_ratio_24_mon": 0.84480620155038755, "raw_ratio_24_fri": 0.94976744186046513, "collapse_24_mon": 0.15519379844961245, "collapse_24_fri": 0.049933324540964996, "total_collapse_24": 0.20512712299057745, "raw_ratio_25_mon": 0.84749082007343945, "raw_ratio_25_fri": 0.9523459812321502, "collapse_25_mon": 0.15250917992656055, "collapse_25_fri": 0.047353972775022957, "total_collapse_25": 0.1998631527015835, "cumulative_collapse_score": 0.58191241349212475, "shock_rank": 116, "top100_affected": false }, "geometry": { "type": "Point", "coordinates": [ -0.205433285639364, 51.490791545430099, 0.0 ] } },
{ "type": "Feature", "properties": { "clean_name": "Morden", "2019_Midweek": 32133, "2019_Friday": 32482, "2023_Monday": 24753.0, "2023_Midweek": 27886.0, "2023_Friday": 27222.0, "2024_Monday": 24730.0, "2024_Midweek": 28505.0, "2024_Friday": 26564.0, "2025_Monday": 24936.0, "2025_Midweek": 28520.0, "2025_Friday": 26057.0, "raw_ratio_19_mon": 1.0, "raw_ratio_19_fri": 1.0108611085177233, "raw_ratio_23_mon": 0.88764971670372228, "raw_ratio_23_fri": 0.9761887685576992, "collapse_23_mon": 0.11235028329627772, "collapse_23_fri": 0.034299806044438497, "total_collapse_23": 0.14665008934071622, "raw_ratio_24_mon": 0.86756709349236971, "raw_ratio_24_fri": 0.93190668303806345, "collapse_24_mon": 0.13243290650763029, "collapse_24_fri": 0.078106106580195456, "total_collapse_24": 0.21053901308782574, "raw_ratio_25_mon": 0.87433380084151469, "raw_ratio_25_fri": 0.9136395511921459, "collapse_25_mon": 0.12566619915848531, "collapse_25_fri": 0.096176968830206766, "total_collapse_25": 0.22184316798869208, "cumulative_collapse_score": 0.57903227041723404, "shock_rank": 117, "top100_affected": false }, "geometry": { "type": "Point", "coordinates": [ -0.194730076004683, 51.402537273365098, 0.0 ] } },
{ "type": "Feature", "properties": { "clean_name": "Fairlop", "2019_Midweek": 4164, "2019_Friday": 4065, "2023_Monday": 2815.0, "2023_Midweek": 3123.0, "2023_Friday": 2809.0, "2024_Monday": 2846.0, "2024_Midweek": 3359.0, "2024_Friday": 2990.0, "2025_Monday": 2813.0, "2025_Midweek": 3137.0, "2025_Friday": 2891.0, "raw_ratio_19_mon": 1.0, "raw_ratio_19_fri": 0.97622478386167144, "raw_ratio_23_mon": 0.90137688120397053, "raw_ratio_23_fri": 0.89945565161703489, "collapse_23_mon": 0.098623118796029474, "collapse_23_fri": 0.078638786387863813, "total_collapse_23": 0.17726190518389329, "raw_ratio_24_mon": 0.84727597499255736, "raw_ratio_24_fri": 0.89014587674903245, "collapse_24_mon": 0.15272402500744264, "collapse_24_fri": 0.088175293780326847, "total_collapse_24": 0.24089931878776949, "raw_ratio_25_mon": 0.89671660822441823, "raw_ratio_25_fri": 0.92158112846668794, "collapse_25_mon": 0.10328339177558177, "collapse_25_fri": 0.055974460286521865, "total_collapse_25": 0.15925785206210363, "cumulative_collapse_score": 0.57741907603376641, "shock_rank": 118, "top100_affected": false }, "geometry": { "type": "Point", "coordinates": [ 0.091079822153104, 51.595559483127701, 0.0 ] } },
{ "type": "Feature", "properties": { "clean_name": "North Harrow", "2019_Midweek": 6778, "2019_Friday": 6500, "2023_Monday": 4584.0, "2023_Midweek": 5265.0, "2023_Friday": 4553.0, "2024_Monday": 4801.0, "2024_Midweek": 5200.0, "2024_Friday": 4708.0, "2025_Monday": 4878.0, "2025_Midweek": 5463.0, "2025_Friday": 4687.0, "raw_ratio_19_mon": 1.0, "raw_ratio_19_fri": 0.95898495131307171, "raw_ratio_23_mon": 0.87065527065527071, "raw_ratio_23_fri": 0.86476733143399809, "collapse_23_mon": 0.12934472934472929, "collapse_23_fri": 0.098247235006209355, "total_collapse_23": 0.22759196435093865, "raw_ratio_24_mon": 0.92326923076923073, "raw_ratio_24_fri": 0.90538461538461534, "collapse_24_mon": 0.076730769230769269, "collapse_24_fri": 0.05589278106508877, "total_collapse_24": 0.13262355029585804, "raw_ratio_25_mon": 0.89291598023064256, "raw_ratio_25_fri": 0.8579535053999634, "collapse_25_mon": 0.10708401976935744, "collapse_25_fri": 0.10535248313831513, "total_collapse_25": 0.21243650290767258, "cumulative_collapse_score": 0.57265201755446926, "shock_rank": 119, "top100_affected": false }, "geometry": { "type": "Point", "coordinates": [ -0.362582721579554, 51.584949148138399, 0.0 ] } },
{ "type": "Feature", "properties": { "clean_name": "Northfields", "2019_Midweek": 13128, "2019_Friday": 13051, "2023_Monday": 7616.0, "2023_Midweek": 9995.0, "2023_Friday": 9720.0, "2024_Monday": 7723.0, "2024_Midweek": 8589.0, "2024_Friday": 8361.0, "2025_Monday": 7154.0, "2025_Midweek": 8127.0, "2025_Friday": 7556.0, "raw_ratio_19_mon": 1.0, "raw_ratio_19_fri": 0.9941346739792809, "raw_ratio_23_mon": 0.76198099049524759, "raw_ratio_23_fri": 0.97248624312156073, "collapse_23_mon": 0.23801900950475241, "collapse_23_fri": 0.021776155106899897, "total_collapse_23": 0.25979516461165231, "raw_ratio_24_mon": 0.89917336127605074, "raw_ratio_24_fri": 0.97345441844219349, "collapse_24_mon": 0.10082663872394926, "collapse_24_fri": 0.020802267618641013, "total_collapse_24": 0.12162890634259027, "raw_ratio_25_mon": 0.88027562446167096, "raw_ratio_25_fri": 0.92974037160083667, "collapse_25_mon": 0.11972437553832904, "collapse_25_fri": 0.064774224321830998, "total_collapse_25": 0.18449859986016004, "cumulative_collapse_score": 0.56592267081440262, "shock_rank": 120, "top100_affected": false }, "geometry": { "type": "Point", "coordinates": [ -0.312972772078149, 51.499655329164803, 0.0 ] } },
{ "type": "Feature", "properties": { "clean_name": "South Woodford", "2019_Midweek": 17629, "2019_Friday": 17367, "2023_Monday": 12435.0, "2023_Midweek": 14329.0, "2023_Friday": 13421.0, "2024_Monday": 12198.0, "2024_Midweek": 14077.0, "2024_Friday": 12967.0, "2025_Monday": 12182.0, "2025_Midweek": 13823.0, "2025_Friday": 12744.0, "raw_ratio_19_mon": 1.0, "raw_ratio_19_fri": 0.98513812468092343, "raw_ratio_23_mon": 0.86782050387326404, "raw_ratio_23_fri": 0.93663200502477495, "collapse_23_mon": 0.13217949612673596, "collapse_23_fri": 0.049237886993622526, "total_collapse_23": 0.18141738312035849, "raw_ratio_24_mon": 0.86651985508275908, "raw_ratio_24_fri": 0.92114797186900621, "collapse_24_mon": 0.13348014491724092, "collapse_24_fri": 0.064955513555668198, "total_collapse_24": 0.19843565847290912, "raw_ratio_25_mon": 0.88128481516313395, "raw_ratio_25_fri": 0.92194169138392534, "collapse_25_mon": 0.11871518483686605, "collapse_25_fri": 0.06414981992242641, "total_collapse_25": 0.18286500475929246, "cumulative_collapse_score": 0.56271804635256006, "shock_rank": 121, "top100_affected": false }, "geometry": { "type": "Point", "coordinates": [ 0.027388896244925, 51.591893659186198, 0.0 ] } },
{ "type": "Feature", "properties": { "clean_name": "Highbury and Islington", "2019_Midweek": 55772, "2019_Friday": 59418, "2023_Monday": 40895.0, "2023_Midweek": 47065.0, "2023_Friday": 48593.0, "2024_Monday": 40653.0, "2024_Midweek": 47260.0, "2024_Friday": 48783.0, "2025_Monday": 40400.0, "2025_Midweek": 48375.0, "2025_Friday": 48268.0, "raw_ratio_19_mon": 1.0, "raw_ratio_19_fri": 1.065373305601377, "raw_ratio_23_mon": 0.86890470625730376, "raw_ratio_23_fri": 1.0324657388717731, "collapse_23_mon": 0.13109529374269624, "collapse_23_fri": 0.030888296671774063, "total_collapse_23": 0.1619835904144703, "raw_ratio_24_mon": 0.8601988997037664, "raw_ratio_24_fri": 1.0322259839187473, "collapse_24_mon": 0.1398011002962336, "collapse_24_fri": 0.031113339810892704, "total_collapse_24": 0.17091444010712631, "raw_ratio_25_mon": 0.83514211886304912, "raw_ratio_25_fri": 0.99778811369509046, "collapse_25_mon": 0.16485788113695088, "collapse_25_fri": 0.063438037682140291, "total_collapse_25": 0.22829591881909117, "cumulative_collapse_score": 0.56119394934068778, "shock_rank": 122, "top100_affected": false }, "geometry": { "type": "Point", "coordinates": [ -0.103710311810678, 51.547426643679003, 0.0 ] } },
{ "type": "Feature", "properties": { "clean_name": "Baker Street", "2019_Midweek": 93166, "2019_Friday": 93087, "2023_Monday": 64782.0, "2023_Midweek": 73927.0, "2023_Friday": 73249.0, "2024_Monday": 67606.0, "2024_Midweek": 77566.0, "2024_Friday": 71005.0, "2025_Monday": 69035.0, "2025_Midweek": 78747.0, "2025_Friday": 71344.0, "raw_ratio_19_mon": 1.0, "raw_ratio_19_fri": 0.99915205117746819, "raw_ratio_23_mon": 0.87629688747007184, "raw_ratio_23_fri": 0.99082879056366413, "collapse_23_mon": 0.12370311252992816, "collapse_23_fri": 0.0083303243024877016, "total_collapse_23": 0.13203343683241586, "raw_ratio_24_mon": 0.87159322383518556, "raw_ratio_24_fri": 0.91541397003841884, "collapse_24_mon": 0.12840677616481444, "collapse_24_fri": 0.083809147006570939, "total_collapse_24": 0.21221592317138538, "raw_ratio_25_mon": 0.87666831752320729, "raw_ratio_25_fri": 0.90599006946296368, "collapse_25_mon": 0.12333168247679271, "collapse_25_fri": 0.093241045349119922, "total_collapse_25": 0.21657272782591264, "cumulative_collapse_score": 0.56082208782971388, "shock_rank": 123, "top100_affected": false }, "geometry": { "type": "Point", "coordinates": [ -0.157032980300198, 51.523003746322999, 0.0 ] } },
{ "type": "Feature", "properties": { "clean_name": "Belsize Park", "2019_Midweek": 19031, "2019_Friday": 18646, "2023_Monday": 15692.0, "2023_Midweek": 17892.0, "2023_Friday": 16397.0, "2024_Monday": 16352.0, "2024_Midweek": 18259.0, "2024_Friday": 16799.0, "2025_Monday": 16039.0, "2025_Midweek": 18404.0, "2025_Friday": 16684.0, "raw_ratio_19_mon": 1.0, "raw_ratio_19_fri": 0.97976984919342125, "raw_ratio_23_mon": 0.87704001788508834, "raw_ratio_23_fri": 0.9164431030628214, "collapse_23_mon": 0.12295998211491166, "collapse_23_fri": 0.064634307927246892, "total_collapse_23": 0.18759429004215855, "raw_ratio_24_mon": 0.89555835478394219, "raw_ratio_24_fri": 0.92003943260857657, "collapse_24_mon": 0.10444164521605781, "collapse_24_fri": 0.060963721872046461, "total_collapse_24": 0.16540536708810427, "raw_ratio_25_mon": 0.87149532710280375, "raw_ratio_25_fri": 0.90654205607476634, "collapse_25_mon": 0.12850467289719625, "collapse_25_fri": 0.074739790348660406, "total_collapse_25": 0.20324446324585665, "cumulative_collapse_score": 0.55624412037611948, "shock_rank": 124, "top100_affected": false }, "geometry": { "type": "Point", "coordinates": [ -0.164595401481609, 51.550328049110803, 0.0 ] } },
{ "type": "Feature", "properties": { "clean_name": "Chalfont and Latimer", "2019_Midweek": 6159, "2019_Friday": 5680, "2023_Monday": 5619.0, "2023_Midweek": 5777.0, "2023_Friday": 4708.0, "2024_Monday": 4670.0, "2024_Midweek": 5529.0, "2024_Friday": 4885.0, "2025_Monday": 4785.0, "2025_Midweek": 5639.0, "2025_Friday": 4869.0, "raw_ratio_19_mon": 1.0, "raw_ratio_19_fri": 0.92222763435622668, "raw_ratio_23_mon": 0.97265016444521379, "raw_ratio_23_fri": 0.81495585944261728, "collapse_23_mon": 0.027349835554786206, "collapse_23_fri": 0.11631810945297894, "total_collapse_23": 0.14366794500776514, "raw_ratio_24_mon": 0.84463736661240729, "raw_ratio_24_fri": 0.88352324109242175, "collapse_24_mon": 0.15536263338759271, "collapse_24_fri": 0.041968372907002505, "total_collapse_24": 0.19733100629459521, "raw_ratio_25_mon": 0.84855470828161017, "raw_ratio_25_fri": 0.86345096648341901, "collapse_25_mon": 0.15144529171838983, "collapse_25_fri": 0.063733362223349022, "total_collapse_25": 0.21517865394173885, "cumulative_collapse_score": 0.5561776052440992, "shock_rank": 125, "top100_affected": false }, "geometry": { "type": "Point", "coordinates": [ -0.560701231920061, 51.668035476674298, 0.0 ] } },
{ "type": "Feature", "properties": { "clean_name": "Colliers Wood", "2019_Midweek": 22007, "2019_Friday": 22475, "2023_Monday": 15839.0, "2023_Midweek": 17988.0, "2023_Friday": 17789.0, "2024_Monday": 15838.0, "2024_Midweek": 18081.0, "2024_Friday": 17195.0, "2025_Monday": 15763.0, "2025_Midweek": 17927.0, "2025_Friday": 16642.0, "raw_ratio_19_mon": 1.0, "raw_ratio_19_fri": 1.0212659608306447, "raw_ratio_23_mon": 0.88053146542139205, "raw_ratio_23_fri": 0.98893706915721591, "collapse_23_mon": 0.11946853457860795, "collapse_23_fri": 0.031655702738916491, "total_collapse_23": 0.15112423731752445, "raw_ratio_24_mon": 0.87594712681820697, "raw_ratio_24_fri": 0.95099828549305898, "collapse_24_mon": 0.12405287318179303, "collapse_24_fri": 0.068804481920100025, "total_collapse_24": 0.19285735510189306, "raw_ratio_25_mon": 0.87928822446588939, "raw_ratio_25_fri": 0.92832041055391312, "collapse_25_mon": 0.12071177553411061, "collapse_25_fri": 0.091010132366631025, "total_collapse_25": 0.21172190790074163, "cumulative_collapse_score": 0.55570350032015914, "shock_rank": 126, "top100_affected": false }, "geometry": { "type": "Point", "coordinates": [ -0.178032911097111, 51.4181591066557, 0.0 ] } },
{ "type": "Feature", "properties": { "clean_name": "West Harrow", "2019_Midweek": 4252, "2019_Friday": 4645, "2023_Monday": 3365.0, "2023_Midweek": 3339.0, "2023_Friday": 3674.0, "2024_Monday": 3699.0, "2024_Midweek": 4117.0, "2024_Friday": 3694.0, "2025_Monday": 3796.0, "2025_Midweek": 4240.0, "2025_Friday": 3792.0, "raw_ratio_19_mon": 1.0, "raw_ratio_19_fri": 1.0924270931326434, "raw_ratio_23_mon": 1.0077867625037435, "raw_ratio_23_fri": 1.1003294399520815, "collapse_23_mon": -0.0077867625037435495, "collapse_23_fri": -0.0072337521369754132, "total_collapse_23": -0.015020514640718963, "raw_ratio_24_mon": 0.89846975953364105, "raw_ratio_24_fri": 0.89725528297303858, "collapse_24_mon": 0.10153024046635895, "collapse_24_fri": 0.17865888843888911, "total_collapse_24": 0.28018912890524805, "raw_ratio_25_mon": 0.8952830188679245, "raw_ratio_25_fri": 0.89433962264150946, "collapse_25_mon": 0.1047169811320755, "collapse_25_fri": 0.18132786319231464, "total_collapse_25": 0.28604484432439015, "cumulative_collapse_score": 0.55121345858891924, "shock_rank": 127, "top100_affected": false }, "geometry": { "type": "Point", "coordinates": [ -0.353268235642068, 51.579568374217899, 0.0 ] } },
{ "type": "Feature", "properties": { "clean_name": "Canons Park", "2019_Midweek": 9969, "2019_Friday": 9914, "2023_Monday": 6750.0, "2023_Midweek": 7371.0, "2023_Friday": 6762.0, "2024_Monday": 6725.0, "2024_Midweek": 7577.0, "2024_Friday": 6893.0, "2025_Monday": 6560.0, "2025_Midweek": 7259.0, "2025_Friday": 6555.0, "raw_ratio_19_mon": 1.0, "raw_ratio_19_fri": 0.99448289698063996, "raw_ratio_23_mon": 0.91575091575091572, "raw_ratio_23_fri": 0.91737891737891741, "collapse_23_mon": 0.084249084249084283, "collapse_23_fri": 0.077531730144197342, "total_collapse_23": 0.16178081439328162, "raw_ratio_24_mon": 0.88755444107166426, "raw_ratio_24_fri": 0.90972680480401213, "collapse_24_mon": 0.11244555892833574, "collapse_24_fri": 0.085226294422917404, "total_collapse_24": 0.19767185335125315, "raw_ratio_25_mon": 0.90370574459291908, "raw_ratio_25_fri": 0.90301694448271108, "collapse_25_mon": 0.09629425540708092, "collapse_25_fri": 0.091973379105492525, "total_collapse_25": 0.18826763451257345, "cumulative_collapse_score": 0.54772030225710822, "shock_rank": 128, "top100_affected": false }, "geometry": { "type": "Point", "coordinates": [ -0.294670499457552, 51.607711460785097, 0.0 ] } },
{ "type": "Feature", "properties": { "clean_name": "Ickenham", "2019_Midweek": 3843, "2019_Friday": 3749, "2023_Monday": 2799.0, "2023_Midweek": 3129.0, "2023_Friday": 2878.0, "2024_Monday": 2625.0, "2024_Midweek": 3160.0, "2024_Friday": 2791.0, "2025_Monday": 2685.0, "2025_Midweek": 2915.0, "2025_Friday": 2725.0, "raw_ratio_19_mon": 1.0, "raw_ratio_19_fri": 0.97553994275305755, "raw_ratio_23_mon": 0.89453499520613611, "raw_ratio_23_fri": 0.91978267817193993, "collapse_23_mon": 0.10546500479386389, "collapse_23_fri": 0.057155286152369977, "total_collapse_23": 0.16262029094623387, "raw_ratio_24_mon": 0.83069620253164556, "raw_ratio_24_fri": 0.88322784810126587, "collapse_24_mon": 0.16930379746835444, "collapse_24_fri": 0.094626668377390089, "total_collapse_24": 0.26393046584574453, "raw_ratio_25_mon": 0.92109777015437388, "raw_ratio_25_fri": 0.934819897084048, "collapse_25_mon": 0.078902229845626115, "collapse_25_fri": 0.041741033743932676, "total_collapse_25": 0.12064326358955879, "cumulative_collapse_score": 0.54719402038153719, "shock_rank": 129, "top100_affected": false }, "geometry": { "type": "Point", "coordinates": [ -0.442019216932921, 51.561970664432302, 0.0 ] } },
{ "type": "Feature", "properties": { "clean_name": "Rickmansworth", "2019_Midweek": 8430, "2019_Friday": 7979, "2023_Monday": 6114.0, "2023_Midweek": 6969.0, "2023_Friday": 6502.0, "2024_Monday": 5791.0, "2024_Midweek": 6788.0, "2024_Friday": 6145.0, "2025_Monday": 6064.0, "2025_Midweek": 7039.0, "2025_Friday": 6159.0, "raw_ratio_19_mon": 1.0, "raw_ratio_19_fri": 0.94650059311981016, "raw_ratio_23_mon": 0.87731381833835553, "raw_ratio_23_fri": 0.93298895106901991, "collapse_23_mon": 0.12268618166164447, "collapse_23_fri": 0.014275365645840532, "total_collapse_23": 0.136961547307485, "raw_ratio_24_mon": 0.85312315851502651, "raw_ratio_24_fri": 0.90527401296405419, "collapse_24_mon": 0.14687684148497349, "collapse_24_fri": 0.043556845558719526, "total_collapse_24": 0.19043368704369301, "raw_ratio_25_mon": 0.86148600653501917, "raw_ratio_25_fri": 0.8749822417957096, "collapse_25_mon": 0.13851399346498083, "collapse_25_fri": 0.075560809833584153, "total_collapse_25": 0.21407480329856499, "cumulative_collapse_score": 0.541470037649743, "shock_rank": 130, "top100_affected": false }, "geometry": { "type": "Point", "coordinates": [ -0.47368448665146, 51.640291811548998, 0.0 ] } },
{ "type": "Feature", "properties": { "clean_name": "Brixton", "2019_Midweek": 102245, "2019_Friday": 105674, "2023_Monday": 55588.0, "2023_Midweek": 65152.0, "2023_Friday": 68677.0, "2024_Monday": 53644.0, "2024_Midweek": 66329.0, "2024_Friday": 72336.0, "2025_Monday": 52457.0, "2025_Midweek": 66393.0, "2025_Friday": 65611.0, "raw_ratio_19_mon": 1.0, "raw_ratio_19_fri": 1.0335370922783511, "raw_ratio_23_mon": 0.85320481335952847, "raw_ratio_23_fri": 1.0541042485265226, "collapse_23_mon": 0.14679518664047153, "collapse_23_fri": -0.019899775636337269, "total_collapse_23": 0.12689541100413426, "raw_ratio_24_mon": 0.80875635091739662, "raw_ratio_24_fri": 1.0905637051666692, "collapse_24_mon": 0.19124364908260338, "collapse_24_fri": -0.055176164759222601, "total_collapse_24": 0.13606748432338078, "raw_ratio_25_mon": 0.79009835374211135, "raw_ratio_25_fri": 0.98822164987272754, "collapse_25_mon": 0.20990164625788865, "collapse_25_fri": 0.043845008315791745, "total_collapse_25": 0.2537466545736804, "cumulative_collapse_score": 0.51670954990119544, "shock_rank": 131, "top100_affected": false }, "geometry": { "type": "Point", "coordinates": [ -0.114869173557957, 51.4626677839642, 0.0 ] } },
{ "type": "Feature", "properties": { "clean_name": "Leytonstone", "2019_Midweek": 31782, "2019_Friday": 32965, "2023_Monday": 21443.0, "2023_Midweek": 24128.0, "2023_Friday": 23699.0, "2024_Monday": 20857.0, "2024_Midweek": 23780.0, "2024_Friday": 22653.0, "2025_Monday": 20617.0, "2025_Midweek": 22660.0, "2025_Friday": 22151.0, "raw_ratio_19_mon": 1.0, "raw_ratio_19_fri": 1.0372223271033918, "raw_ratio_23_mon": 0.88871850132625996, "raw_ratio_23_fri": 0.98221982758620685, "collapse_23_mon": 0.11128149867374004, "collapse_23_fri": 0.053028649769609304, "total_collapse_23": 0.16431014844334935, "raw_ratio_24_mon": 0.87708158116063917, "raw_ratio_24_fri": 0.95260723296888139, "collapse_24_mon": 0.12291841883936083, "collapse_24_fri": 0.081578550638040648, "total_collapse_24": 0.20449696947740148, "raw_ratio_25_mon": 0.90984112974404241, "raw_ratio_25_fri": 0.97753751103265663, "collapse_25_mon": 0.090158870255957591, "collapse_25_fri": 0.057542934153196001, "total_collapse_25": 0.14770180440915359, "cumulative_collapse_score": 0.51650892232990442, "shock_rank": 132, "top100_affected": false }, "geometry": { "type": "Point", "coordinates": [ 0.008210661403407, 51.568322255899297, 0.0 ] } },
{ "type": "Feature", "properties": { "clean_name": "High Street Kensington", "2019_Midweek": 38576, "2019_Friday": 38330, "2023_Monday": 27374.0, "2023_Midweek": 31892.0, "2023_Friday": 31485.0, "2024_Monday": 28722.0, "2024_Midweek": 32541.0, "2024_Friday": 31299.0, "2025_Monday": 27605.0, "2025_Midweek": 32486.0, "2025_Friday": 30110.0, "raw_ratio_19_mon": 1.0, "raw_ratio_19_fri": 0.99362297801742017, "raw_ratio_23_mon": 0.85833437852753036, "raw_ratio_23_fri": 0.98723817885363097, "collapse_23_mon": 0.14166562147246964, "collapse_23_fri": 0.0064257764816679774, "total_collapse_23": 0.14809139795413762, "raw_ratio_24_mon": 0.88264036139024615, "raw_ratio_24_fri": 0.96183276481976587, "collapse_24_mon": 0.11735963860975385, "collapse_24_fri": 0.031994241176955707, "total_collapse_24": 0.14935387978670955, "raw_ratio_25_mon": 0.84975066182355474, "raw_ratio_25_fri": 0.92686080157606354, "collapse_25_mon": 0.15024933817644526, "collapse_25_fri": 0.067190652710716781, "total_collapse_25": 0.21743999088716204, "cumulative_collapse_score": 0.51488526862800921, "shock_rank": 133, "top100_affected": false }, "geometry": { "type": "Point", "coordinates": [ -0.192181979243048, 51.500446308904202, 0.0 ] } },
{ "type": "Feature", "properties": { "clean_name": "Lambeth North", "2019_Midweek": 11892, "2019_Friday": 12540, "2023_Monday": 7677.0, "2023_Midweek": 9027.0, "2023_Friday": 8902.0, "2024_Monday": 7738.0, "2024_Midweek": 8527.0, "2024_Friday": 8573.0, "2025_Monday": 7583.0, "2025_Midweek": 8432.0, "2025_Friday": 8357.0, "raw_ratio_19_mon": 1.0, "raw_ratio_19_fri": 1.0544904137235116, "raw_ratio_23_mon": 0.85044865403788639, "raw_ratio_23_fri": 0.98615265315165612, "collapse_23_mon": 0.14955134596211361, "collapse_23_fri": 0.064806431317424695, "total_collapse_23": 0.21435777727953831, "raw_ratio_24_mon": 0.90747038817872638, "raw_ratio_24_fri": 1.0053946288260818, "collapse_24_mon": 0.092529611821273616, "collapse_24_fri": 0.046558777830959741, "total_collapse_24": 0.13908838965223336, "raw_ratio_25_mon": 0.8993121442125237, "raw_ratio_25_fri": 0.99110531309297911, "collapse_25_mon": 0.1006878557874763, "collapse_25_fri": 0.060109698301299197, "total_collapse_25": 0.1607975540887755, "cumulative_collapse_score": 0.51424372102054716, "shock_rank": 134, "top100_affected": false }, "geometry": { "type": "Point", "coordinates": [ -0.112207385371564, 51.498843497400898, 0.0 ] } },
{ "type": "Feature", "properties": { "clean_name": "Tooting Broadway", "2019_Midweek": 50192, "2019_Friday": 52230, "2023_Monday": 36260.0, "2023_Midweek": 42066.0, "2023_Friday": 43310.0, "2024_Monday": 36339.0, "2024_Midweek": 41571.0, "2024_Friday": 41365.0, "2025_Monday": 35692.0, "2025_Midweek": 40868.0, "2025_Friday": 39610.0, "raw_ratio_19_mon": 1.0, "raw_ratio_19_fri": 1.0406040803315268, "raw_ratio_23_mon": 0.86197879522654874, "raw_ratio_23_fri": 1.0295725764275188, "collapse_23_mon": 0.13802120477345126, "collapse_23_fri": 0.010601057705341255, "total_collapse_23": 0.14862226247879251, "raw_ratio_24_mon": 0.87414303240239588, "raw_ratio_24_fri": 0.99504462245315239, "collapse_24_mon": 0.12585696759760412, "collapse_24_fri": 0.043781740567324756, "total_collapse_24": 0.16963870816492888, "raw_ratio_25_mon": 0.87334834100029368, "raw_ratio_25_fri": 0.96921797004991683, "collapse_25_mon": 0.12665165899970632, "collapse_25_fri": 0.068600644213183459, "total_collapse_25": 0.19525230321288978, "cumulative_collapse_score": 0.51351327385661116, "shock_rank": 135, "top100_affected": false }, "geometry": { "type": "Point", "coordinates": [ -0.16836453629052, 51.427675755180502, 0.0 ] } },
{ "type": "Feature", "properties": { "clean_name": "Debden", "2019_Midweek": 8337, "2019_Friday": 7855, "2023_Monday": 6283.0, "2023_Midweek": 6971.0, "2023_Friday": 6114.0, "2024_Monday": 6283.0, "2024_Midweek": 7125.0, "2024_Friday": 6378.0, "2025_Monday": 6333.0, "2025_Midweek": 7066.0, "2025_Friday": 6172.0, "raw_ratio_19_mon": 1.0, "raw_ratio_19_fri": 0.94218543840710089, "raw_ratio_23_mon": 0.90130540811935156, "raw_ratio_23_fri": 0.87706211447425042, "collapse_23_mon": 0.098694591880648441, "collapse_23_fri": 0.069119433689137422, "total_collapse_23": 0.16781402556978586, "raw_ratio_24_mon": 0.88182456140350873, "raw_ratio_24_fri": 0.89515789473684215, "collapse_24_mon": 0.11817543859649127, "collapse_24_fri": 0.049913256725518385, "total_collapse_24": 0.16808869532200965, "raw_ratio_25_mon": 0.89626379847155391, "raw_ratio_25_fri": 0.8734786300594396, "collapse_25_mon": 0.10373620152844609, "collapse_25_fri": 0.072922808554354179, "total_collapse_25": 0.17665901008280027, "cumulative_collapse_score": 0.51256173097459579, "shock_rank": 136, "top100_affected": false }, "geometry": { "type": "Point", "coordinates": [ 0.083793529867595, 51.645394091676998, 0.0 ] } },
{ "type": "Feature", "properties": { "clean_name": "Ravenscourt Park", "2019_Midweek": 10984, "2019_Friday": 11201, "2023_Monday": 8700.0, "2023_Midweek": 9637.0, "2023_Friday": 9425.0, "2024_Monday": 8205.0, "2024_Midweek": 9474.0, "2024_Friday": 9088.0, "2025_Monday": 8475.0, "2025_Midweek": 9529.0, "2025_Friday": 9036.0, "raw_ratio_19_mon": 1.0, "raw_ratio_19_fri": 1.0197560087399855, "raw_ratio_23_mon": 0.90277057175469544, "raw_ratio_23_fri": 0.97800145273425343, "collapse_23_mon": 0.097229428245304561, "collapse_23_fri": 0.040945633708326157, "total_collapse_23": 0.13817506195363072, "raw_ratio_24_mon": 0.86605446485117166, "raw_ratio_24_fri": 0.95925691365843357, "collapse_24_mon": 0.13394553514882834, "collapse_24_fri": 0.059327029763036054, "total_collapse_24": 0.1932725649118644, "raw_ratio_25_mon": 0.88939028229614858, "raw_ratio_25_fri": 0.94826319655787594, "collapse_25_mon": 0.11060971770385142, "collapse_25_fri": 0.070107762611221425, "total_collapse_25": 0.18071748031507284, "cumulative_collapse_score": 0.51216510718056796, "shock_rank": 137, "top100_affected": false }, "geometry": { "type": "Point", "coordinates": [ -0.235752094598315, 51.494168715359201, 0.0 ] } },
{ "type": "Feature", "properties": { "clean_name": "East Acton", "2019_Midweek": 13564, "2019_Friday": 13667, "2023_Monday": 10114.0, "2023_Midweek": 11200.0, "2023_Friday": 10412.0, "2024_Monday": 11681.0, "2024_Midweek": 12532.0, "2024_Friday": 11623.0, "2025_Monday": 11114.0, "2025_Midweek": 12108.0, "2025_Friday": 10888.0, "raw_ratio_19_mon": 1.0, "raw_ratio_19_fri": 1.0075936301975819, "raw_ratio_23_mon": 0.90303571428571427, "raw_ratio_23_fri": 0.9296428571428571, "collapse_23_mon": 0.096964285714285725, "collapse_23_fri": 0.077363304727759319, "total_collapse_23": 0.17432759044204504, "raw_ratio_24_mon": 0.93209383977018834, "raw_ratio_24_fri": 0.92746568783913186, "collapse_24_mon": 0.067906160229811663, "collapse_24_fri": 0.079524066009366789, "total_collapse_24": 0.14743022623917845, "raw_ratio_25_mon": 0.91790551701354473, "raw_ratio_25_fri": 0.89924017178724813, "collapse_25_mon": 0.082094482986455275, "collapse_25_fri": 0.10753686323829414, "total_collapse_25": 0.18963134622474942, "cumulative_collapse_score": 0.51138916290597292, "shock_rank": 138, "top100_affected": false }, "geometry": { "type": "Point", "coordinates": [ -0.247139059644396, 51.516598829019998, 0.0 ] } },
{ "type": "Feature", "properties": { "clean_name": "Pinner", "2019_Midweek": 9997, "2019_Friday": 10011, "2023_Monday": 7849.0, "2023_Midweek": 7601.0, "2023_Friday": 7311.0, "2024_Monday": 7722.0, "2024_Midweek": 9047.0, "2024_Friday": 8064.0, "2025_Monday": 7810.0, "2025_Midweek": 9099.0, "2025_Friday": 8142.0, "raw_ratio_19_mon": 1.0, "raw_ratio_19_fri": 1.0014004201260378, "raw_ratio_23_mon": 1.0326272858834364, "raw_ratio_23_fri": 0.96184712537823969, "collapse_23_mon": -0.032627285883436441, "collapse_23_fri": 0.039497980980295444, "total_collapse_23": 0.006870695096859003, "raw_ratio_24_mon": 0.85354261081021332, "raw_ratio_24_fri": 0.89134519730297335, "collapse_24_mon": 0.14645738918978668, "collapse_24_fri": 0.1099013148099266, "total_collapse_24": 0.25635870399971328, "raw_ratio_25_mon": 0.85833608088800972, "raw_ratio_25_fri": 0.89482360698977914, "collapse_25_mon": 0.14166391911199028, "collapse_25_fri": 0.10642776954581734, "total_collapse_25": 0.24809168865780762, "cumulative_collapse_score": 0.5113210877543799, "shock_rank": 139, "top100_affected": false }, "geometry": { "type": "Point", "coordinates": [ -0.381140145085807, 51.592828088851398, 0.0 ] } },
{ "type": "Feature", "properties": { "clean_name": "Elephant and Castle", "2019_Midweek": 63972, "2019_Friday": 67174, "2023_Monday": 41187.0, "2023_Midweek": 48587.0, "2023_Friday": 46969.0, "2024_Monday": 40208.0, "2024_Midweek": 45083.0, "2024_Friday": 45507.0, "2025_Monday": 39254.0, "2025_Midweek": 43103.0, "2025_Friday": 43315.0, "raw_ratio_19_mon": 1.0, "raw_ratio_19_fri": 1.0500531482523605, "raw_ratio_23_mon": 0.84769588573075105, "raw_ratio_23_fri": 0.96669891123139939, "collapse_23_mon": 0.15230411426924895, "collapse_23_fri": 0.079380969582054428, "total_collapse_23": 0.23168508385130338, "raw_ratio_24_mon": 0.89186611361266999, "raw_ratio_24_fri": 1.0094048754519442, "collapse_24_mon": 0.10813388638733001, "collapse_24_fri": 0.038710681328910423, "total_collapse_24": 0.14684456771624044, "raw_ratio_25_mon": 0.91070227130362158, "raw_ratio_25_fri": 1.004918451151892, "collapse_25_mon": 0.08929772869637842, "collapse_25_fri": 0.042983250110327886, "total_collapse_25": 0.13228097880670631, "cumulative_collapse_score": 0.51081063037425012, "shock_rank": 140, "top100_affected": false }, "geometry": { "type": "Point", "coordinates": [ -0.101160770427679, 51.495838691742598, 0.0 ] } },
{ "type": "Feature", "properties": { "clean_name": "Cockfosters", "2019_Midweek": 5787, "2019_Friday": 5931, "2023_Monday": 4108.0, "2023_Midweek": 4755.0, "2023_Friday": 4761.0, "2024_Monday": 4063.0, "2024_Midweek": 4642.0, "2024_Friday": 4473.0, "2025_Monday": 4002.0, "2025_Midweek": 4512.0, "2025_Friday": 4386.0, "raw_ratio_19_mon": 1.0, "raw_ratio_19_fri": 1.0248833592534992, "raw_ratio_23_mon": 0.86393270241850684, "raw_ratio_23_fri": 1.0012618296529969, "collapse_23_mon": 0.13606729758149316, "collapse_23_fri": 0.023048017500945317, "total_collapse_23": 0.15911531508243848, "raw_ratio_24_mon": 0.87526928048255059, "raw_ratio_24_fri": 0.96359327875915557, "collapse_24_mon": 0.12473071951744941, "collapse_24_fri": 0.059802005702371708, "total_collapse_24": 0.18453272521982111, "raw_ratio_25_mon": 0.88696808510638303, "raw_ratio_25_fri": 0.97207446808510634, "collapse_25_mon": 0.11303191489361697, "collapse_25_fri": 0.051526732960965993, "total_collapse_25": 0.16455864785458296, "cumulative_collapse_score": 0.50820668815684256, "shock_rank": 141, "top100_affected": false }, "geometry": { "type": "Point", "coordinates": [ -0.149137109613063, 51.651531537822898, 0.0 ] } },
{ "type": "Feature", "properties": { "clean_name": "Hillingdon", "2019_Midweek": 5587, "2019_Friday": 5565, "2023_Monday": 4285.0, "2023_Midweek": 4844.0, "2023_Friday": 4580.0, "2024_Monday": 4393.0, "2024_Midweek": 4936.0, "2024_Friday": 4592.0, "2025_Monday": 4322.0, "2025_Midweek": 4641.0, "2025_Friday": 4181.0, "raw_ratio_19_mon": 1.0, "raw_ratio_19_fri": 0.99606228745301595, "raw_ratio_23_mon": 0.88459950454170111, "raw_ratio_23_fri": 0.94549958711808424, "collapse_23_mon": 0.11540049545829889, "collapse_23_fri": 0.050762588817837129, "total_collapse_23": 0.16616308427613602, "raw_ratio_24_mon": 0.88999189627228525, "raw_ratio_24_fri": 0.93030794165316044, "collapse_24_mon": 0.11000810372771475, "collapse_24_fri": 0.066014291102208911, "total_collapse_24": 0.17602239482992366, "raw_ratio_25_mon": 0.93126481361775482, "raw_ratio_25_fri": 0.90088343029519502, "collapse_25_mon": 0.068735186382245184, "collapse_25_fri": 0.095555125775515837, "total_collapse_25": 0.16429031215776102, "cumulative_collapse_score": 0.5064757912638207, "shock_rank": 142, "top100_affected": false }, "geometry": { "type": "Point", "coordinates": [ -0.449363066188412, 51.553950950447103, 0.0 ] } },
{ "type": "Feature", "properties": { "clean_name": "Walthamstow Central", "2019_Midweek": 61088, "2019_Friday": 61953, "2023_Monday": 39822.0, "2023_Midweek": 45564.0, "2023_Friday": 44277.0, "2024_Monday": 39253.0, "2024_Midweek": 43384.0, "2024_Friday": 42556.0, "2025_Monday": 39085.0, "2025_Midweek": 44610.0, "2025_Friday": 41351.0, "raw_ratio_19_mon": 1.0, "raw_ratio_19_fri": 1.014159900471451, "raw_ratio_23_mon": 0.87397945746642081, "raw_ratio_23_fri": 0.97175401632868053, "collapse_23_mon": 0.12602054253357919, "collapse_23_fri": 0.041813804828072287, "total_collapse_23": 0.16783434736165148, "raw_ratio_24_mon": 0.90478056426332287, "raw_ratio_24_fri": 0.98091462290245257, "collapse_24_mon": 0.095219435736677127, "collapse_24_fri": 0.032781100449291833, "total_collapse_24": 0.12800053618596896, "raw_ratio_25_mon": 0.87614884555032502, "raw_ratio_25_fri": 0.92694463124859894, "collapse_25_mon": 0.12385115444967498, "collapse_25_fri": 0.085997552439520009, "total_collapse_25": 0.20984870688919499, "cumulative_collapse_score": 0.50568359043681543, "shock_rank": 143, "top100_affected": false }, "geometry": { "type": "Point", "coordinates": [ -0.021489893196447, 51.583121495480697, 0.0 ] } },
{ "type": "Feature", "properties": { "clean_name": "Wimbledon Park", "2019_Midweek": 7164, "2019_Friday": 7129, "2023_Monday": 5959.0, "2023_Midweek": 6386.0, "2023_Friday": 6043.0, "2024_Monday": 5794.0, "2024_Midweek": 6568.0, "2024_Friday": 6034.0, "2025_Monday": 5554.0, "2025_Midweek": 6296.0, "2025_Friday": 5816.0, "raw_ratio_19_mon": 1.0, "raw_ratio_19_fri": 0.99511446119486324, "raw_ratio_23_mon": 0.93313498277481988, "raw_ratio_23_fri": 0.94628875665518319, "collapse_23_mon": 0.066865017225180123, "collapse_23_fri": 0.049065415531248102, "total_collapse_23": 0.11593043275642823, "raw_ratio_24_mon": 0.88215590742996342, "raw_ratio_24_fri": 0.91869671132764918, "collapse_24_mon": 0.11784409257003658, "collapse_24_fri": 0.076792924680701535, "total_collapse_24": 0.19463701725073812, "raw_ratio_25_mon": 0.88214739517153751, "raw_ratio_25_fri": 0.92376111817026685, "collapse_25_mon": 0.11785260482846249, "collapse_25_fri": 0.071703654008726136, "total_collapse_25": 0.18955625883718863, "cumulative_collapse_score": 0.50012370884435497, "shock_rank": 144, "top100_affected": false }, "geometry": { "type": "Point", "coordinates": [ -0.199061896285376, 51.434054928079902, 0.0 ] } },
{ "type": "Feature", "properties": { "clean_name": "Stratford", "2019_Midweek": 195726, "2019_Friday": 210915, "2023_Monday": 156410.0, "2023_Midweek": 174581.0, "2023_Friday": 173242.0, "2024_Monday": 156198.0, "2024_Midweek": 171380.0, "2024_Friday": 172088.0, "2025_Monday": 157853.0, "2025_Midweek": 171991.0, "2025_Friday": 171070.0, "raw_ratio_19_mon": 1.0, "raw_ratio_19_fri": 1.0776033843229822, "raw_ratio_23_mon": 0.89591650866932826, "raw_ratio_23_fri": 0.9923302077545666, "collapse_23_mon": 0.10408349133067174, "collapse_23_fri": 0.079132246435908882, "total_collapse_23": 0.18321573776658062, "raw_ratio_24_mon": 0.9114132337495624, "raw_ratio_24_fri": 1.0041311704983078, "collapse_24_mon": 0.088586766250437599, "collapse_24_fri": 0.068181127577688683, "total_collapse_24": 0.15676789382812628, "raw_ratio_25_mon": 0.91779802431522584, "raw_ratio_25_fri": 0.99464506863731239, "collapse_25_mon": 0.082201975684774164, "collapse_25_fri": 0.076984089779737808, "total_collapse_25": 0.15918606546451197, "cumulative_collapse_score": 0.49916969705921888, "shock_rank": 145, "top100_affected": false }, "geometry": { "type": "Point", "coordinates": [ -0.003776772458058, 51.541458245924098, 0.0 ] } },
{ "type": "Feature", "properties": { "clean_name": "Notting Hill Gate", "2019_Midweek": 44854, "2019_Friday": 48572, "2023_Monday": 33134.0, "2023_Midweek": 37781.0, "2023_Friday": 40217.0, "2024_Monday": 33204.0, "2024_Midweek": 37227.0, "2024_Friday": 39998.0, "2025_Monday": 32882.0, "2025_Midweek": 38441.0, "2025_Friday": 37546.0, "raw_ratio_19_mon": 1.0, "raw_ratio_19_fri": 1.0828911579792215, "raw_ratio_23_mon": 0.87700166750483044, "raw_ratio_23_fri": 1.0644768534448532, "collapse_23_mon": 0.12299833249516956, "collapse_23_fri": 0.017004760264855423, "total_collapse_23": 0.14000309276002498, "raw_ratio_24_mon": 0.89193327423644131, "raw_ratio_24_fri": 1.0744352217476563, "collapse_24_mon": 0.10806672576355869, "collapse_24_fri": 0.0078086667983741087, "total_collapse_24": 0.1158753925619328, "raw_ratio_25_mon": 0.8553887776072423, "raw_ratio_25_fri": 0.97671756718087455, "collapse_25_mon": 0.1446112223927577, "collapse_25_fri": 0.098046410311888654, "total_collapse_25": 0.24265763270464635, "cumulative_collapse_score": 0.49853611802660414, "shock_rank": 146, "top100_affected": false }, "geometry": { "type": "Point", "coordinates": [ -0.196065723250765, 51.509157406681197, 0.0 ] } },
{ "type": "Feature", "properties": { "clean_name": "Wimbledon", "2019_Midweek": 40525, "2019_Friday": 39237, "2023_Monday": 33526.0, "2023_Midweek": 37862.0, "2023_Friday": 35560.0, "2024_Monday": 50550.0, "2024_Midweek": 58959.0, "2024_Friday": 55469.0, "2025_Monday": 51138.0, "2025_Midweek": 58713.0, "2025_Friday": 53775.0, "raw_ratio_19_mon": 1.0, "raw_ratio_19_fri": 0.96821714990746455, "raw_ratio_23_mon": 0.88547884422376, "raw_ratio_23_fri": 0.93920025355237446, "collapse_23_mon": 0.11452115577624, "collapse_23_fri": 0.029969409608023745, "total_collapse_23": 0.14449056538426375, "raw_ratio_24_mon": 0.85737546430570399, "raw_ratio_24_fri": 0.94080632303804335, "collapse_24_mon": 0.14262453569429601, "collapse_24_fri": 0.028310619030081141, "total_collapse_24": 0.17093515472437715, "raw_ratio_25_mon": 0.87098257626079401, "raw_ratio_25_fri": 0.91589596852485822, "collapse_25_mon": 0.12901742373920599, "collapse_25_fri": 0.054038684800828851, "total_collapse_25": 0.18305610854003485, "cumulative_collapse_score": 0.49848182864867574, "shock_rank": 147, "top100_affected": false }, "geometry": { "type": "Point", "coordinates": [ -0.206490546635829, 51.421434281596099, 0.0 ] } },
{ "type": "Feature", "properties": { "clean_name": "Grange Hill", "2019_Midweek": 2339, "2019_Friday": 2171, "2023_Monday": 1387.0, "2023_Midweek": 1536.0, "2023_Friday": 1279.0, "2024_Monday": 1181.0, "2024_Midweek": 1260.0, "2024_Friday": 1171.0, "2025_Monday": 1289.0, "2025_Midweek": 1461.0, "2025_Friday": 1208.0, "raw_ratio_19_mon": 1.0, "raw_ratio_19_fri": 0.92817443351859774, "raw_ratio_23_mon": 0.90299479166666663, "raw_ratio_23_fri": 0.83268229166666663, "collapse_23_mon": 0.09700520833333337, "collapse_23_fri": 0.10288167655074476, "total_collapse_23": 0.19988688488407813, "raw_ratio_24_mon": 0.9373015873015873, "raw_ratio_24_fri": 0.92936507936507939, "collapse_24_mon": 0.062698412698412698, "collapse_24_fri": -0.0012827824205070559, "total_collapse_24": 0.061415630277905642, "raw_ratio_25_mon": 0.88227241615331964, "raw_ratio_25_fri": 0.8268309377138946, "collapse_25_mon": 0.11772758384668036, "collapse_25_fri": 0.10918582988816239, "total_collapse_25": 0.22691341373484275, "cumulative_collapse_score": 0.48821592889682652, "shock_rank": 148, "top100_affected": false }, "geometry": { "type": "Point", "coordinates": [ 0.092348743953445, 51.613199864993099, 0.0 ] } },
{ "type": "Feature", "properties": { "clean_name": "Seven Sisters", "2019_Midweek": 53250, "2019_Friday": 56922, "2023_Monday": 36893.0, "2023_Midweek": 41115.0, "2023_Friday": 41401.0, "2024_Monday": 36828.0, "2024_Midweek": 40727.0, "2024_Friday": 40961.0, "2025_Monday": 35237.0, "2025_Midweek": 39101.0, "2025_Friday": 38730.0, "raw_ratio_19_mon": 1.0, "raw_ratio_19_fri": 1.0689577464788733, "raw_ratio_23_mon": 0.89731241639304393, "raw_ratio_23_fri": 1.0069560987474158, "collapse_23_mon": 0.10268758360695607, "collapse_23_fri": 0.058001963067006002, "total_collapse_23": 0.16068954667396207, "raw_ratio_24_mon": 0.90426498391730303, "raw_ratio_24_fri": 1.0057455741891128, "collapse_24_mon": 0.095735016082696966, "collapse_24_fri": 0.05913439749885363, "total_collapse_24": 0.1548694135815506, "raw_ratio_25_mon": 0.90117899797959133, "raw_ratio_25_fri": 0.99051175161760574, "collapse_25_mon": 0.098821002020408666, "collapse_25_fri": 0.073385496404948847, "total_collapse_25": 0.17220649842535751, "cumulative_collapse_score": 0.48776545868087018, "shock_rank": 149, "top100_affected": false }, "geometry": { "type": "Point", "coordinates": [ -0.072484705227818, 51.583399919509297, 0.0 ] } },
{ "type": "Feature", "properties": { "clean_name": "Queensway", "2019_Midweek": 23392, "2019_Friday": 26281, "2023_Monday": 17528.0, "2023_Midweek": 18919.0, "2023_Friday": 20150.0, "2024_Monday": 15513.0, "2024_Midweek": 18085.0, "2024_Friday": 19058.0, "2025_Monday": 15925.0, "2025_Midweek": 17820.0, "2025_Friday": 18990.0, "raw_ratio_19_mon": 1.0, "raw_ratio_19_fri": 1.1235037619699042, "raw_ratio_23_mon": 0.92647602938844553, "raw_ratio_23_fri": 1.0650668639991543, "collapse_23_mon": 0.073523970611554468, "collapse_23_fri": 0.052013086158509303, "total_collapse_23": 0.12553705677006377, "raw_ratio_24_mon": 0.8577826928393697, "raw_ratio_24_fri": 1.0538014929499586, "collapse_24_mon": 0.1422173071606303, "collapse_24_fri": 0.062040085115275923, "total_collapse_24": 0.20425739227590622, "raw_ratio_25_mon": 0.893658810325477, "raw_ratio_25_fri": 1.0656565656565657, "collapse_25_mon": 0.106341189674523, "collapse_25_fri": 0.051488208826209525, "total_collapse_25": 0.15782939850073252, "cumulative_collapse_score": 0.48762384754670252, "shock_rank": 150, "top100_affected": false }, "geometry": { "type": "Point", "coordinates": [ -0.187113881705539, 51.510253605237899, 0.0 ] } },
{ "type": "Feature", "properties": { "clean_name": "Leyton", "2019_Midweek": 34999, "2019_Friday": 36176, "2023_Monday": 25698.0, "2023_Midweek": 28362.0, "2023_Friday": 27538.0, "2024_Monday": 26216.0, "2024_Midweek": 29029.0, "2024_Friday": 28061.0, "2025_Monday": 26049.0, "2025_Midweek": 28604.0, "2025_Friday": 27169.0, "raw_ratio_19_mon": 1.0, "raw_ratio_19_fri": 1.0336295322723505, "raw_ratio_23_mon": 0.90607150412523796, "raw_ratio_23_fri": 0.97094704181651503, "collapse_23_mon": 0.093928495874762041, "collapse_23_fri": 0.06064309164815862, "total_collapse_23": 0.15457158752292066, "raw_ratio_24_mon": 0.90309690309690305, "raw_ratio_24_fri": 0.96665403561955288, "collapse_24_mon": 0.096903096903096952, "collapse_24_fri": 0.064796423246109791, "total_collapse_24": 0.16169952014920674, "raw_ratio_25_mon": 0.91067682841560615, "raw_ratio_25_fri": 0.94983219130191576, "collapse_25_mon": 0.089323171584393846, "collapse_25_fri": 0.081070962423270831, "total_collapse_25": 0.17039413400766468, "cumulative_collapse_score": 0.48666524167979208, "shock_rank": 151, "top100_affected": false }, "geometry": { "type": "Point", "coordinates": [ -0.00545943464187, 51.556605428939498, 0.0 ] } },
{ "type": "Feature", "properties": { "clean_name": "Camden Town", "2019_Midweek": 55867, "2019_Friday": 71954, "2023_Monday": 48185.0, "2023_Midweek": 53578.0, "2023_Friday": 64372.0, "2024_Monday": 45184.0, "2024_Midweek": 50136.0, "2024_Friday": 60844.0, "2025_Monday": 45241.0, "2025_Midweek": 47833.0, "2025_Friday": 54984.0, "raw_ratio_19_mon": 1.0, "raw_ratio_19_fri": 1.2879517425313691, "raw_ratio_23_mon": 0.89934301392362537, "raw_ratio_23_fri": 1.2014632871701072, "collapse_23_mon": 0.10065698607637463, "collapse_23_fri": 0.067151937844562082, "total_collapse_23": 0.16780892392093671, "raw_ratio_24_mon": 0.90122865805010377, "raw_ratio_24_fri": 1.213579064943354, "collapse_24_mon": 0.09877134194989623, "collapse_24_fri": 0.057744925630397792, "total_collapse_24": 0.15651626758029402, "raw_ratio_25_mon": 0.94581146906947089, "raw_ratio_25_fri": 1.1494992996466875, "collapse_25_mon": 0.054188530930529111, "collapse_25_fri": 0.10749816030573012, "total_collapse_25": 0.16168669123625923, "cumulative_collapse_score": 0.48601188273748996, "shock_rank": 152, "top100_affected": false }, "geometry": { "type": "Point", "coordinates": [ -0.142597262583471, 51.539232763181197, 0.0 ] } },
{ "type": "Feature", "properties": { "clean_name": "Bounds Green", "2019_Midweek": 19272, "2019_Friday": 19518, "2023_Monday": 13042.0, "2023_Midweek": 14657.0, "2023_Friday": 14441.0, "2024_Monday": 12720.0, "2024_Midweek": 14239.0, "2024_Friday": 13614.0, "2025_Monday": 12183.0, "2025_Midweek": 13653.0, "2025_Friday": 12747.0, "raw_ratio_19_mon": 1.0, "raw_ratio_19_fri": 1.0127646326276463, "raw_ratio_23_mon": 0.88981374087466736, "raw_ratio_23_fri": 0.98526301425939822, "collapse_23_mon": 0.11018625912533264, "collapse_23_fri": 0.027154994835171475, "total_collapse_23": 0.13734125396050412, "raw_ratio_24_mon": 0.89332116019383379, "raw_ratio_24_fri": 0.95610646815085332, "collapse_24_mon": 0.10667883980616621, "collapse_24_fri": 0.055944059114497069, "total_collapse_24": 0.16262289892066328, "raw_ratio_25_mon": 0.89233135574598987, "raw_ratio_25_fri": 0.93364095803120195, "collapse_25_mon": 0.10766864425401013, "collapse_25_fri": 0.078126419552345228, "total_collapse_25": 0.18579506380635535, "cumulative_collapse_score": 0.48575921668752275, "shock_rank": 153, "top100_affected": false }, "geometry": { "type": "Point", "coordinates": [ -0.124316721796801, 51.607066509103603, 0.0 ] } },
{ "type": "Feature", "properties": { "clean_name": "Ealing Broadway", "2019_Midweek": 53296, "2019_Friday": 53749, "2023_Monday": 46933.0, "2023_Midweek": 53048.0, "2023_Friday": 50303.0, "2024_Monday": 49709.0, "2024_Midweek": 55018.0, "2024_Friday": 53103.0, "2025_Monday": 52648.0, "2025_Midweek": 58346.0, "2025_Friday": 54577.0, "raw_ratio_19_mon": 1.0, "raw_ratio_19_fri": 1.008499699789853, "raw_ratio_23_mon": 0.88472703966219268, "raw_ratio_23_fri": 0.94825441109938169, "collapse_23_mon": 0.11527296033780732, "collapse_23_fri": 0.059737537555068165, "total_collapse_23": 0.17501049789287548, "raw_ratio_24_mon": 0.90350430768112255, "raw_ratio_24_fri": 0.96519320949507437, "collapse_24_mon": 0.096495692318877446, "collapse_24_fri": 0.04294150043257583, "total_collapse_24": 0.13943719275145328, "raw_ratio_25_mon": 0.9023412059095739, "raw_ratio_25_fri": 0.93540259829294214, "collapse_25_mon": 0.097658794090426104, "collapse_25_fri": 0.07248103446351295, "total_collapse_25": 0.17013982855393905, "cumulative_collapse_score": 0.48458751919826781, "shock_rank": 154, "top100_affected": false }, "geometry": { "type": "Point", "coordinates": [ -0.300982951016848, 51.515005532192397, 0.0 ] } },
{ "type": "Feature", "properties": { "clean_name": "Tower Hill", "2019_Midweek": 64764, "2019_Friday": 74554, "2023_Monday": 48137.0, "2023_Midweek": 49087.0, "2023_Friday": 51332.0, "2024_Monday": 46397.0, "2024_Midweek": 48409.0, "2024_Friday": 51448.0, "2025_Monday": 46025.0, "2025_Midweek": 51346.0, "2025_Friday": 50174.0, "raw_ratio_19_mon": 1.0, "raw_ratio_19_fri": 1.1511642270397133, "raw_ratio_23_mon": 0.98064660704463502, "raw_ratio_23_fri": 1.045735123352415, "collapse_23_mon": 0.019353392955364979, "collapse_23_fri": 0.091584763677390768, "total_collapse_23": 0.11093815663275575, "raw_ratio_24_mon": 0.95843748063376644, "raw_ratio_24_fri": 1.0627775826809065, "collapse_24_mon": 0.041562519366233563, "collapse_24_fri": 0.076780221520693304, "total_collapse_24": 0.11834274088692687, "raw_ratio_25_mon": 0.89636972695049277, "raw_ratio_25_fri": 0.97717446344408521, "collapse_25_mon": 0.10363027304950723, "collapse_25_fri": 0.15114243433628327, "total_collapse_25": 0.2547727073857905, "cumulative_collapse_score": 0.48405360490547311, "shock_rank": 155, "top100_affected": false }, "geometry": { "type": "Point", "coordinates": [ -0.076500085324855, 51.5099465212841, 0.0 ] } },
{ "type": "Feature", "properties": { "clean_name": "Blackhorse Road", "2019_Midweek": 31778, "2019_Friday": 31589, "2023_Monday": 27090.0, "2023_Midweek": 30967.0, "2023_Friday": 29676.0, "2024_Monday": 26867.0, "2024_Midweek": 31311.0, "2024_Friday": 29485.0, "2025_Monday": 27048.0, "2025_Midweek": 30453.0, "2025_Friday": 29836.0, "raw_ratio_19_mon": 1.0, "raw_ratio_19_fri": 0.99405248914343258, "raw_ratio_23_mon": 0.87480220880291926, "raw_ratio_23_fri": 0.95831045952142602, "collapse_23_mon": 0.12519779119708074, "collapse_23_fri": 0.035955877594356367, "total_collapse_23": 0.16115366879143711, "raw_ratio_24_mon": 0.85806904921593052, "raw_ratio_24_fri": 0.94168183705407049, "collapse_24_mon": 0.14193095078406948, "collapse_24_fri": 0.052683990695993832, "total_collapse_24": 0.19461494148006331, "raw_ratio_25_mon": 0.88818835582701217, "raw_ratio_25_fri": 0.9797392703510327, "collapse_25_mon": 0.11181164417298783, "collapse_25_fri": 0.014398856145648287, "total_collapse_25": 0.12621050031863612, "cumulative_collapse_score": 0.48197911059013654, "shock_rank": 156, "top100_affected": false }, "geometry": { "type": "Point", "coordinates": [ -0.041767975411359, 51.586842316344701, 0.0 ] } },
{ "type": "Feature", "properties": { "clean_name": "Snaresbrook", "2019_Midweek": 7902, "2019_Friday": 7844, "2023_Monday": 5961.0, "2023_Midweek": 6582.0, "2023_Friday": 6148.0, "2024_Monday": 5555.0, "2024_Midweek": 6359.0, "2024_Friday": 6063.0, "2025_Monday": 5706.0, "2025_Midweek": 6388.0, "2025_Friday": 6003.0, "raw_ratio_19_mon": 1.0, "raw_ratio_19_fri": 0.99266008605416345, "raw_ratio_23_mon": 0.9056517775752051, "raw_ratio_23_fri": 0.93406259495594046, "collapse_23_mon": 0.094348222424794903, "collapse_23_fri": 0.05903077188400796, "total_collapse_23": 0.15337899430880286, "raw_ratio_24_mon": 0.87356502594747598, "raw_ratio_24_fri": 0.95345180059757828, "collapse_24_mon": 0.12643497405252402, "collapse_24_fri": 0.039498198837064735, "total_collapse_24": 0.16593317288958875, "raw_ratio_25_mon": 0.89323731997495304, "raw_ratio_25_fri": 0.93973074514715094, "collapse_25_mon": 0.10676268002504696, "collapse_25_fri": 0.053320710332383059, "total_collapse_25": 0.16008339035743002, "cumulative_collapse_score": 0.47939555755582164, "shock_rank": 157, "top100_affected": false }, "geometry": { "type": "Point", "coordinates": [ 0.02142019395183, 51.580678471259603, 0.0 ] } },
{ "type": "Feature", "properties": { "clean_name": "Manor House", "2019_Midweek": 26972, "2019_Friday": 27906, "2023_Monday": 17647.0, "2023_Midweek": 19977.0, "2023_Friday": 19872.0, "2024_Monday": 17134.0, "2024_Midweek": 19110.0, "2024_Friday": 18690.0, "2025_Monday": 16118.0, "2025_Midweek": 18151.0, "2025_Friday": 17778.0, "raw_ratio_19_mon": 1.0, "raw_ratio_19_fri": 1.0346285036333975, "raw_ratio_23_mon": 0.88336587075136408, "raw_ratio_23_fri": 0.99474395554888118, "collapse_23_mon": 0.11663412924863592, "collapse_23_fri": 0.038549632012311874, "total_collapse_23": 0.15518376126094779, "raw_ratio_24_mon": 0.89659863945578233, "raw_ratio_24_fri": 0.97802197802197799, "collapse_24_mon": 0.10340136054421767, "collapse_24_fri": 0.05471193323268142, "total_collapse_24": 0.15811329377689909, "raw_ratio_25_mon": 0.88799515178227095, "raw_ratio_25_fri": 0.97945016803481899, "collapse_25_mon": 0.11200484821772905, "collapse_25_fri": 0.053331544032282019, "total_collapse_25": 0.16533639225001107, "cumulative_collapse_score": 0.47863344728785795, "shock_rank": 158, "top100_affected": false }, "geometry": { "type": "Point", "coordinates": [ -0.096038962334246, 51.570753585373197, 0.0 ] } },
{ "type": "Feature", "properties": { "clean_name": "Southgate", "2019_Midweek": 17705, "2019_Friday": 17780, "2023_Monday": 11996.0, "2023_Midweek": 13687.0, "2023_Friday": 13143.0, "2024_Monday": 11982.0, "2024_Midweek": 13614.0, "2024_Friday": 13108.0, "2025_Monday": 11659.0, "2025_Midweek": 12940.0, "2025_Friday": 12332.0, "raw_ratio_19_mon": 1.0, "raw_ratio_19_fri": 1.0042360914995765, "raw_ratio_23_mon": 0.87645210783955574, "raw_ratio_23_fri": 0.96025425586322788, "collapse_23_mon": 0.12354789216044426, "collapse_23_fri": 0.043796310457905108, "total_collapse_23": 0.16734420261834937, "raw_ratio_24_mon": 0.88012340237990305, "raw_ratio_24_fri": 0.96283237843396507, "collapse_24_mon": 0.11987659762009695, "collapse_24_fri": 0.041229062982376274, "total_collapse_24": 0.16110566060247322, "raw_ratio_25_mon": 0.90100463678516229, "raw_ratio_25_fri": 0.95301391035548688, "collapse_25_mon": 0.098995363214837706, "collapse_25_fri": 0.051006114575709027, "total_collapse_25": 0.15000147779054673, "cumulative_collapse_score": 0.47845134101136932, "shock_rank": 159, "top100_affected": false }, "geometry": { "type": "Point", "coordinates": [ -0.127736382206168, 51.632261248829899, 0.0 ] } },
{ "type": "Feature", "properties": { "clean_name": "Swiss Cottage", "2019_Midweek": 23513, "2019_Friday": 23850, "2023_Monday": 16887.0, "2023_Midweek": 18577.0, "2023_Friday": 18036.0, "2024_Monday": 17238.0, "2024_Midweek": 19103.0, "2024_Friday": 18230.0, "2025_Monday": 17272.0, "2025_Midweek": 19198.0, "2025_Friday": 17834.0, "raw_ratio_19_mon": 1.0, "raw_ratio_19_fri": 1.0143324969165994, "raw_ratio_23_mon": 0.90902729181245623, "raw_ratio_23_fri": 0.9708779673790171, "collapse_23_mon": 0.090972708187543772, "collapse_23_fri": 0.042840517946212686, "total_collapse_23": 0.13381322613375646, "raw_ratio_24_mon": 0.90237135528451029, "raw_ratio_24_fri": 0.95430037166937132, "collapse_24_mon": 0.09762864471548971, "collapse_24_fri": 0.059183872576019869, "total_collapse_24": 0.15681251729150958, "raw_ratio_25_mon": 0.89967704969267637, "raw_ratio_25_fri": 0.92895093238879045, "collapse_25_mon": 0.10032295030732363, "collapse_25_fri": 0.084175124811000979, "total_collapse_25": 0.18449807511832461, "cumulative_collapse_score": 0.47512381854359065, "shock_rank": 160, "top100_affected": false }, "geometry": { "type": "Point", "coordinates": [ -0.174814497247458, 51.543707600813697, 0.0 ] } },
{ "type": "Feature", "properties": { "clean_name": "Upminster Bridge", "2019_Midweek": 4126, "2019_Friday": 3768, "2023_Monday": 2916.0, "2023_Midweek": 3328.0, "2023_Friday": 2779.0, "2024_Monday": 2545.0, "2024_Midweek": 2781.0, "2024_Friday": 2351.0, "2025_Monday": 3018.0, "2025_Midweek": 3244.0, "2025_Friday": 2861.0, "raw_ratio_19_mon": 1.0, "raw_ratio_19_fri": 0.91323315559864271, "raw_ratio_23_mon": 0.87620192307692313, "raw_ratio_23_fri": 0.83503605769230771, "collapse_23_mon": 0.12379807692307687, "collapse_23_fri": 0.08562665232524902, "total_collapse_23": 0.20942472924832589, "raw_ratio_24_mon": 0.91513843941028405, "raw_ratio_24_fri": 0.84537935994246671, "collapse_24_mon": 0.084861560589715945, "collapse_24_fri": 0.074300626559814842, "total_collapse_24": 0.15916218714953079, "raw_ratio_25_mon": 0.93033292231812581, "raw_ratio_25_fri": 0.88193588162762027, "collapse_25_mon": 0.06966707768187419, "collapse_25_fri": 0.034270847241093083, "total_collapse_25": 0.10393792492296727, "cumulative_collapse_score": 0.47252484132082395, "shock_rank": 161, "top100_affected": false }, "geometry": { "type": "Point", "coordinates": [ 0.235853851010437, 51.558497629018397, 0.0 ] } },
{ "type": "Feature", "properties": { "clean_name": "Kilburn Park", "2019_Midweek": 10529, "2019_Friday": 10830, "2023_Monday": 7722.0, "2023_Midweek": 8715.0, "2023_Friday": 8791.0, "2024_Monday": 7821.0, "2024_Midweek": 8833.0, "2024_Friday": 8580.0, "2025_Monday": 7765.0, "2025_Midweek": 8588.0, "2025_Friday": 8190.0, "raw_ratio_19_mon": 1.0, "raw_ratio_19_fri": 1.0285877101339158, "raw_ratio_23_mon": 0.88605851979345951, "raw_ratio_23_fri": 1.008720596672404, "collapse_23_mon": 0.11394148020654049, "collapse_23_fri": 0.019314943456718137, "total_collapse_23": 0.13325642366325863, "raw_ratio_24_mon": 0.88542963885429637, "raw_ratio_24_fri": 0.97135740971357409, "collapse_24_mon": 0.11457036114570363, "collapse_24_fri": 0.055639689115953628, "total_collapse_24": 0.17021005026165725, "raw_ratio_25_mon": 0.90416860735910576, "raw_ratio_25_fri": 0.95365626455519326, "collapse_25_mon": 0.095831392640894242, "collapse_25_fri": 0.072848863388584428, "total_collapse_25": 0.16868025602947867, "cumulative_collapse_score": 0.47214672995439455, "shock_rank": 162, "top100_affected": false }, "geometry": { "type": "Point", "coordinates": [ -0.193995458251398, 51.5349495027193, 0.0 ] } },
{ "type": "Feature", "properties": { "clean_name": "Westbourne Park", "2019_Midweek": 13905, "2019_Friday": 14129, "2023_Monday": 10784.0, "2023_Midweek": 12266.0, "2023_Friday": 12225.0, "2024_Monday": 11685.0, "2024_Midweek": 13002.0, "2024_Friday": 12620.0, "2025_Monday": 11852.0, "2025_Midweek": 13582.0, "2025_Friday": 13033.0, "raw_ratio_19_mon": 1.0, "raw_ratio_19_fri": 1.0161093131966918, "raw_ratio_23_mon": 0.87917821620740255, "raw_ratio_23_fri": 0.99665742703407789, "collapse_23_mon": 0.12082178379259745, "collapse_23_fri": 0.019143497564664713, "total_collapse_23": 0.13996528135726216, "raw_ratio_24_mon": 0.89870789109367788, "raw_ratio_24_fri": 0.97061990463005687, "collapse_24_mon": 0.10129210890632212, "collapse_24_fri": 0.044768223237246718, "total_collapse_24": 0.14606033214356884, "raw_ratio_25_mon": 0.87262553379472829, "raw_ratio_25_fri": 0.95957885436607271, "collapse_25_mon": 0.12737446620527171, "collapse_25_fri": 0.055634229601511764, "total_collapse_25": 0.18300869580678347, "cumulative_collapse_score": 0.46903430930761447, "shock_rank": 163, "top100_affected": false }, "geometry": { "type": "Point", "coordinates": [ -0.201128498562751, 51.520921705655503, 0.0 ] } },
{ "type": "Feature", "properties": { "clean_name": "Goldhawk Road", "2019_Midweek": 7052, "2019_Friday": 6953, "2023_Monday": 5392.0, "2023_Midweek": 6248.0, "2023_Friday": 6031.0, "2024_Monday": 5660.0, "2024_Midweek": 6275.0, "2024_Friday": 6003.0, "2025_Monday": 5548.0, "2025_Midweek": 6368.0, "2025_Friday": 5970.0, "raw_ratio_19_mon": 1.0, "raw_ratio_19_fri": 0.9859614293817357, "raw_ratio_23_mon": 0.86299615877080671, "raw_ratio_23_fri": 0.96526888604353389, "collapse_23_mon": 0.13700384122919329, "collapse_23_fri": 0.020987173251977409, "total_collapse_23": 0.1579910144811707, "raw_ratio_24_mon": 0.90199203187250998, "raw_ratio_24_fri": 0.9566533864541833, "collapse_24_mon": 0.098007968127490019, "collapse_24_fri": 0.029725344272270915, "total_collapse_24": 0.12773331239976093, "raw_ratio_25_mon": 0.87123115577889443, "raw_ratio_25_fri": 0.9375, "collapse_25_mon": 0.12876884422110557, "collapse_25_fri": 0.049151445419243545, "total_collapse_25": 0.17792028964034912, "cumulative_collapse_score": 0.46364461652128075, "shock_rank": 164, "top100_affected": false }, "geometry": { "type": "Point", "coordinates": [ -0.226621276502508, 51.501992974750998, 0.0 ] } },
{ "type": "Feature", "properties": { "clean_name": "Eastcote", "2019_Midweek": 9860, "2019_Friday": 9368, "2023_Monday": 6865.0, "2023_Midweek": 7908.0, "2023_Friday": 7057.0, "2024_Monday": 6827.0, "2024_Midweek": 7775.0, "2024_Friday": 7027.0, "2025_Monday": 6941.0, "2025_Midweek": 7521.0, "2025_Friday": 6984.0, "raw_ratio_19_mon": 1.0, "raw_ratio_19_fri": 0.95010141987829611, "raw_ratio_23_mon": 0.86810824481537685, "raw_ratio_23_fri": 0.89238745574102174, "collapse_23_mon": 0.13189175518462315, "collapse_23_fri": 0.060745056190598334, "total_collapse_23": 0.19263681137522148, "raw_ratio_24_mon": 0.87807073954983927, "raw_ratio_24_fri": 0.90379421221864953, "collapse_24_mon": 0.12192926045016073, "collapse_24_fri": 0.048739225824521282, "total_collapse_24": 0.17066848627468201, "raw_ratio_25_mon": 0.92288259539954798, "raw_ratio_25_fri": 0.92859992022337456, "collapse_25_mon": 0.077117404600452022, "collapse_25_fri": 0.022630741524074072, "total_collapse_25": 0.099748146124526094, "cumulative_collapse_score": 0.46305344377442959, "shock_rank": 165, "top100_affected": false }, "geometry": { "type": "Point", "coordinates": [ -0.397346888916094, 51.576513894401401, 0.0 ] } },
{ "type": "Feature", "properties": { "clean_name": "Edgware Road (Bak)", "2019_Midweek": 16083, "2019_Friday": 15840, "2023_Monday": 10293.0, "2023_Midweek": 11600.0, "2023_Friday": 11160.0, "2024_Monday": 10737.0, "2024_Midweek": 12628.0, "2024_Friday": 11326.0, "2025_Monday": 10735.0, "2025_Midweek": 11833.0, "2025_Friday": 11718.0, "raw_ratio_19_mon": 1.0, "raw_ratio_19_fri": 0.9848908785674314, "raw_ratio_23_mon": 0.88732758620689656, "raw_ratio_23_fri": 0.96206896551724141, "collapse_23_mon": 0.11267241379310344, "collapse_23_fri": 0.023172021943573595, "total_collapse_23": 0.13584443573667704, "raw_ratio_24_mon": 0.85025340513145387, "raw_ratio_24_fri": 0.89689578713968954, "collapse_24_mon": 0.14974659486854613, "collapse_24_fri": 0.089345016125781052, "total_collapse_24": 0.23909161099432719, "raw_ratio_25_mon": 0.90720865376489479, "raw_ratio_25_fri": 0.9902814163779261, "collapse_25_mon": 0.09279134623510521, "collapse_25_fri": -0.0054732335609966043, "total_collapse_25": 0.087318112674108606, "cumulative_collapse_score": 0.46225415940511283, "shock_rank": 166, "top100_affected": false }, "geometry": { "type": "Point", "coordinates": [ -0.170223205438699, 51.520470873302799, 0.0 ] } },
{ "type": "Feature", "properties": { "clean_name": "West Ham", "2019_Midweek": 14609, "2019_Friday": 14985, "2023_Monday": 17548.0, "2023_Midweek": 19134.0, "2023_Friday": 18304.0, "2024_Monday": 17258.0, "2024_Midweek": 18802.0, "2024_Friday": 17951.0, "2025_Monday": 16872.0, "2025_Midweek": 18358.0, "2025_Friday": 17349.0, "raw_ratio_19_mon": 1.0, "raw_ratio_19_fri": 1.0257375590389486, "raw_ratio_23_mon": 0.91711090205916168, "raw_ratio_23_fri": 0.95662172049754368, "collapse_23_mon": 0.082889097940838319, "collapse_23_fri": 0.067381600617376303, "total_collapse_23": 0.15027069855821462, "raw_ratio_24_mon": 0.91788107648122541, "raw_ratio_24_fri": 0.95473885756834376, "collapse_24_mon": 0.082118923518774589, "collapse_24_fri": 0.069217219204809166, "total_collapse_24": 0.15133614272358376, "raw_ratio_25_mon": 0.91905436322039435, "raw_ratio_25_fri": 0.94503758579365948, "collapse_25_mon": 0.080945636779605645, "collapse_25_fri": 0.078675069011706955, "total_collapse_25": 0.1596207057913126, "cumulative_collapse_score": 0.46122754707311098, "shock_rank": 167, "top100_affected": false }, "geometry": { "type": "Point", "coordinates": [ 0.004310365571871, 51.5282808249125, 0.0 ] } },
{ "type": "Feature", "properties": { "clean_name": "Brent Cross", "2019_Midweek": 7916, "2019_Friday": 7541, "2023_Monday": 6062.0, "2023_Midweek": 6664.0, "2023_Friday": 5877.0, "2024_Monday": 5758.0, "2024_Midweek": 6166.0, "2024_Friday": 5416.0, "2025_Monday": 5789.0, "2025_Midweek": 6330.0, "2025_Friday": 5630.0, "raw_ratio_19_mon": 1.0, "raw_ratio_19_fri": 0.95262758969176353, "raw_ratio_23_mon": 0.90966386554621848, "raw_ratio_23_fri": 0.88190276110444177, "collapse_23_mon": 0.090336134453781525, "collapse_23_fri": 0.074241843667582463, "total_collapse_23": 0.16457797812136399, "raw_ratio_24_mon": 0.93383068439831329, "raw_ratio_24_fri": 0.87836522867337008, "collapse_24_mon": 0.066169315601686707, "collapse_24_fri": 0.077955291051797215, "total_collapse_24": 0.14412460665348392, "raw_ratio_25_mon": 0.91453396524486574, "raw_ratio_25_fri": 0.88941548183254349, "collapse_25_mon": 0.085466034755134257, "collapse_25_fri": 0.066355529215433751, "total_collapse_25": 0.15182156397056801, "cumulative_collapse_score": 0.46052414874541592, "shock_rank": 168, "top100_affected": false }, "geometry": { "type": "Point", "coordinates": [ -0.213759581683029, 51.576672011070798, 0.0 ] } },
{ "type": "Feature", "properties": { "clean_name": "Kilburn", "2019_Midweek": 25787, "2019_Friday": 26511, "2023_Monday": 16913.0, "2023_Midweek": 18775.0, "2023_Friday": 18587.0, "2024_Monday": 16244.0, "2024_Midweek": 17919.0, "2024_Friday": 17692.0, "2025_Monday": 15626.0, "2025_Midweek": 17358.0, "2025_Friday": 16299.0, "raw_ratio_19_mon": 1.0, "raw_ratio_19_fri": 1.0280761624074146, "raw_ratio_23_mon": 0.90082556591211715, "raw_ratio_23_fri": 0.98998668442077231, "collapse_23_mon": 0.099174434087882846, "collapse_23_fri": 0.037049276483027582, "total_collapse_23": 0.13622371057091043, "raw_ratio_24_mon": 0.90652380155142587, "raw_ratio_24_fri": 0.98733188235950664, "collapse_24_mon": 0.093476198448574133, "collapse_24_fri": 0.039631577443152044, "total_collapse_24": 0.13310777589172618, "raw_ratio_25_mon": 0.90021891923032604, "raw_ratio_25_fri": 0.93899066712754931, "collapse_25_mon": 0.099781080769673958, "collapse_25_fri": 0.086652622186333517, "total_collapse_25": 0.18643370295600747, "cumulative_collapse_score": 0.45576518941864408, "shock_rank": 169, "top100_affected": false }, "geometry": { "type": "Point", "coordinates": [ -0.204689921720116, 51.546955239001797, 0.0 ] } },
{ "type": "Feature", "properties": { "clean_name": "Gloucester Road", "2019_Midweek": 43836, "2019_Friday": 47304, "2023_Monday": 35124.0, "2023_Midweek": 38612.0, "2023_Friday": 39475.0, "2024_Monday": 35442.0, "2024_Midweek": 38980.0, "2024_Friday": 39525.0, "2025_Monday": 36271.0, "2025_Midweek": 39292.0, "2025_Friday": 38842.0, "raw_ratio_19_mon": 1.0, "raw_ratio_19_fri": 1.0791130577607446, "raw_ratio_23_mon": 0.9096653889982389, "raw_ratio_23_fri": 1.0223505645913187, "collapse_23_mon": 0.0903346110017611, "collapse_23_fri": 0.052601062290185907, "total_collapse_23": 0.14293567329194701, "raw_ratio_24_mon": 0.90923550538737818, "raw_ratio_24_fri": 1.0139815289892253, "collapse_24_mon": 0.090764494612621816, "collapse_24_fri": 0.06035653845823441, "total_collapse_24": 0.15112103307085623, "raw_ratio_25_mon": 0.92311411992263059, "raw_ratio_25_fri": 0.98854728697953786, "collapse_25_mon": 0.076885880077369406, "collapse_25_fri": 0.083926118889839696, "total_collapse_25": 0.1608119989672091, "cumulative_collapse_score": 0.45486870533001234, "shock_rank": 170, "top100_affected": false }, "geometry": { "type": "Point", "coordinates": [ -0.18371055669604, 51.494489732690298, 0.0 ] } },
{ "type": "Feature", "properties": { "clean_name": "Moor Park", "2019_Midweek": 3392, "2019_Friday": 3309, "2023_Monday": 2808.0, "2023_Midweek": 3155.0, "2023_Friday": 2789.0, "2024_Monday": 2893.0, "2024_Midweek": 3092.0, "2024_Friday": 2840.0, "2025_Monday": 2871.0, "2025_Midweek": 3097.0, "2025_Friday": 2857.0, "raw_ratio_19_mon": 1.0, "raw_ratio_19_fri": 0.97553066037735847, "raw_ratio_23_mon": 0.89001584786053878, "raw_ratio_23_fri": 0.88399366085578446, "collapse_23_mon": 0.10998415213946122, "collapse_23_fri": 0.093833031845626746, "total_collapse_23": 0.20381718398508797, "raw_ratio_24_mon": 0.93564036222509706, "raw_ratio_24_fri": 0.91849935316946962, "collapse_24_mon": 0.064359637774902945, "collapse_24_fri": 0.058461829570613189, "total_collapse_24": 0.12282146734551613, "raw_ratio_25_mon": 0.92702615434291247, "raw_ratio_25_fri": 0.92250565062964163, "collapse_25_mon": 0.072973845657087533, "collapse_25_fri": 0.054355041723860853, "total_collapse_25": 0.12732888738094839, "cumulative_collapse_score": 0.45396753871155249, "shock_rank": 171, "top100_affected": false }, "geometry": { "type": "Point", "coordinates": [ -0.43226536317211, 51.629870358736397, 0.0 ] } },
{ "type": "Feature", "properties": { "clean_name": "Turnpike Lane", "2019_Midweek": 33545, "2019_Friday": 34977, "2023_Monday": 23993.0, "2023_Midweek": 26637.0, "2023_Friday": 27039.0, "2024_Monday": 23586.0, "2024_Midweek": 26302.0, "2024_Friday": 26240.0, "2025_Monday": 22562.0, "2025_Midweek": 25316.0, "2025_Friday": 24669.0, "raw_ratio_19_mon": 1.0, "raw_ratio_19_fri": 1.0426889253241913, "raw_ratio_23_mon": 0.90073957277471184, "raw_ratio_23_fri": 1.0150917896159477, "collapse_23_mon": 0.099260427225288161, "collapse_23_fri": 0.026467276133831708, "total_collapse_23": 0.12572770335911987, "raw_ratio_24_mon": 0.89673789065470311, "raw_ratio_24_fri": 0.9976427648087598, "collapse_24_mon": 0.10326210934529689, "collapse_24_fri": 0.043201917102385856, "total_collapse_24": 0.14646402644768275, "raw_ratio_25_mon": 0.89121504187075362, "raw_ratio_25_fri": 0.97444303997471959, "collapse_25_mon": 0.10878495812924638, "collapse_25_fri": 0.065451817595792328, "total_collapse_25": 0.17423677572503871, "cumulative_collapse_score": 0.44642850553184132, "shock_rank": 172, "top100_affected": false }, "geometry": { "type": "Point", "coordinates": [ -0.102946674314524, 51.590254814816802, 0.0 ] } },
{ "type": "Feature", "properties": { "clean_name": "Hainault", "2019_Midweek": 12438, "2019_Friday": 12397, "2023_Monday": 9573.0, "2023_Midweek": 10384.0, "2023_Friday": 9820.0, "2024_Monday": 9615.0, "2024_Midweek": 10479.0, "2024_Friday": 9781.0, "2025_Monday": 9312.0, "2025_Midweek": 10263.0, "2025_Friday": 9438.0, "raw_ratio_19_mon": 1.0, "raw_ratio_19_fri": 0.99670365010451845, "raw_ratio_23_mon": 0.92189907550077044, "raw_ratio_23_fri": 0.9456856702619415, "collapse_23_mon": 0.078100924499229563, "collapse_23_fri": 0.051186709145920162, "total_collapse_23": 0.12928763364514972, "raw_ratio_24_mon": 0.91754938448325218, "raw_ratio_24_fri": 0.93339059070522001, "collapse_24_mon": 0.082450615516747816, "collapse_24_fri": 0.063522451626076837, "total_collapse_24": 0.14597306714282465, "raw_ratio_25_mon": 0.9073370359543993, "raw_ratio_25_fri": 0.91961414790996787, "collapse_25_mon": 0.092662964045600704, "collapse_25_fri": 0.077344456585933696, "total_collapse_25": 0.1700074206315344, "cumulative_collapse_score": 0.44526812141950878, "shock_rank": 173, "top100_affected": false }, "geometry": { "type": "Point", "coordinates": [ 0.093535046767054, 51.603641740942699, 0.0 ] } },
{ "type": "Feature", "properties": { "clean_name": "North Greenwich", "2019_Midweek": 89110, "2019_Friday": 81861, "2023_Monday": 50177.0, "2023_Midweek": 77273.0, "2023_Friday": 81829.0, "2024_Monday": 51359.0, "2024_Midweek": 73065.0, "2024_Friday": 81840.0, "2025_Monday": 48241.0, "2025_Midweek": 71141.0, "2025_Friday": 75566.0, "raw_ratio_19_mon": 1.0, "raw_ratio_19_fri": 0.91865110537537875, "raw_ratio_23_mon": 0.64934711995134131, "raw_ratio_23_fri": 1.0589597919066167, "collapse_23_mon": 0.35065288004865869, "collapse_23_fri": -0.15273337800416087, "total_collapse_23": 0.19791950204449782, "raw_ratio_24_mon": 0.70292205570382538, "raw_ratio_24_fri": 1.1200985423937591, "collapse_24_mon": 0.29707794429617462, "collapse_24_fri": -0.21928612053001872, "total_collapse_24": 0.077791823766155899, "raw_ratio_25_mon": 0.67810404689279036, "raw_ratio_25_fri": 1.0622004188864369, "collapse_25_mon": 0.32189595310720964, "collapse_25_fri": -0.15626097075494294, "total_collapse_25": 0.1656349823522667, "cumulative_collapse_score": 0.44134630816292042, "shock_rank": 174, "top100_affected": false }, "geometry": { "type": "Point", "coordinates": [ 0.004314429744857, 51.500534961134598, 0.0 ] } },
{ "type": "Feature", "properties": { "clean_name": "Bermondsey", "2019_Midweek": 30063, "2019_Friday": 30865, "2023_Monday": 19760.0, "2023_Midweek": 22619.0, "2023_Friday": 22819.0, "2024_Monday": 20659.0, "2024_Midweek": 23362.0, "2024_Friday": 23106.0, "2025_Monday": 20745.0, "2025_Midweek": 23689.0, "2025_Friday": 23853.0, "raw_ratio_19_mon": 1.0, "raw_ratio_19_fri": 1.0266773109802747, "raw_ratio_23_mon": 0.8736018391617667, "raw_ratio_23_fri": 1.0088421238781555, "collapse_23_mon": 0.1263981608382333, "collapse_23_fri": 0.017371755381532794, "total_collapse_23": 0.14376991621976609, "raw_ratio_24_mon": 0.88429928944439684, "raw_ratio_24_fri": 0.9890420340724253, "collapse_24_mon": 0.11570071055560316, "collapse_24_fri": 0.036657357190367001, "total_collapse_24": 0.15235806774597016, "raw_ratio_25_mon": 0.87572290936721686, "raw_ratio_25_fri": 1.0069230444510111, "collapse_25_mon": 0.12427709063278314, "collapse_25_fri": 0.019240969210084335, "total_collapse_25": 0.14351805984286747, "cumulative_collapse_score": 0.43964604380860373, "shock_rank": 175, "top100_affected": false }, "geometry": { "type": "Point", "coordinates": [ -0.064333036476377, 51.497703512063502, 0.0 ] } },
{ "type": "Feature", "properties": { "clean_name": "Russell Square", "2019_Midweek": 39668, "2019_Friday": 42686, "2023_Monday": 24708.0, "2023_Midweek": 26610.0, "2023_Friday": 27899.0, "2024_Monday": 26940.0, "2024_Midweek": 29906.0, "2024_Friday": 28728.0, "2025_Monday": 25721.0, "2025_Midweek": 28177.0, "2025_Friday": 28879.0, "raw_ratio_19_mon": 1.0, "raw_ratio_19_fri": 1.076081476252899, "raw_ratio_23_mon": 0.92852311161217582, "raw_ratio_23_fri": 1.0484404359263435, "collapse_23_mon": 0.071476888387824178, "collapse_23_fri": 0.025686754150630264, "total_collapse_23": 0.097163642538454442, "raw_ratio_24_mon": 0.90082257740921556, "raw_ratio_24_fri": 0.96060991105463789, "collapse_24_mon": 0.099177422590784436, "collapse_24_fri": 0.10730745556586752, "total_collapse_24": 0.20648487815665195, "raw_ratio_25_mon": 0.91283671079249029, "raw_ratio_25_fri": 1.0249139368988891, "collapse_25_mon": 0.087163289207509709, "collapse_25_fri": 0.047549874691816152, "total_collapse_25": 0.13471316389932586, "cumulative_collapse_score": 0.43836168459443225, "shock_rank": 176, "top100_affected": false }, "geometry": { "type": "Point", "coordinates": [ -0.124244105841182, 51.523060996691498, 0.0 ] } },
{ "type": "Feature", "properties": { "clean_name": "Edgware Road (DIS)", "2019_Midweek": 23129, "2019_Friday": 22372, "2023_Monday": 17170.0, "2023_Midweek": 19772.0, "2023_Friday": 18388.0, "2024_Monday": 17942.0, "2024_Midweek": 19886.0, "2024_Friday": 18482.0, "2025_Monday": 18321.0, "2025_Midweek": 20535.0, "2025_Friday": 19405.0, "raw_ratio_19_mon": 1.0, "raw_ratio_19_fri": 0.96727052617925546, "raw_ratio_23_mon": 0.86839975723244989, "raw_ratio_23_fri": 0.93000202306291724, "collapse_23_mon": 0.13160024276755011, "collapse_23_fri": 0.038529555184059872, "total_collapse_23": 0.17012979795160998, "raw_ratio_24_mon": 0.9022427838680479, "raw_ratio_24_fri": 0.92939756612692348, "collapse_24_mon": 0.097757216131952096, "collapse_24_fri": 0.039154465092543611, "total_collapse_24": 0.13691168122449571, "raw_ratio_25_mon": 0.89218407596785976, "raw_ratio_25_fri": 0.94497199902605311, "collapse_25_mon": 0.10781592403214024, "collapse_25_fri": 0.023053041056964818, "total_collapse_25": 0.13086896508910506, "cumulative_collapse_score": 0.43791044426521075, "shock_rank": 177, "top100_affected": false }, "geometry": { "type": "Point", "coordinates": [ -0.167748227536376, 51.519874113215998, 0.0 ] } },
{ "type": "Feature", "properties": { "clean_name": "Archway", "2019_Midweek": 29001, "2019_Friday": 28461, "2023_Monday": 21929.0, "2023_Midweek": 24960.0, "2023_Friday": 23779.0, "2024_Monday": 22005.0, "2024_Midweek": 24475.0, "2024_Friday": 23071.0, "2025_Monday": 20701.0, "2025_Midweek": 23477.0, "2025_Friday": 22422.0, "raw_ratio_19_mon": 1.0, "raw_ratio_19_fri": 0.98137995241543396, "raw_ratio_23_mon": 0.87856570512820509, "raw_ratio_23_fri": 0.95268429487179485, "collapse_23_mon": 0.12143429487179491, "collapse_23_fri": 0.029240109779103962, "total_collapse_23": 0.15067440465089887, "raw_ratio_24_mon": 0.89908069458631257, "raw_ratio_24_fri": 0.94263534218590395, "collapse_24_mon": 0.10091930541368743, "collapse_24_fri": 0.039479724579832065, "total_collapse_24": 0.1403990299935195, "raw_ratio_25_mon": 0.88175661285513485, "raw_ratio_25_fri": 0.95506240149933974, "collapse_25_mon": 0.11824338714486515, "collapse_25_fri": 0.026816882545154686, "total_collapse_25": 0.14506026969001984, "cumulative_collapse_score": 0.43613370433443821, "shock_rank": 178, "top100_affected": false }, "geometry": { "type": "Point", "coordinates": [ -0.135025978070087, 51.564540882623398, 0.0 ] } },
{ "type": "Feature", "properties": { "clean_name": "Earl's Court", "2019_Midweek": 59324, "2019_Friday": 64856, "2023_Monday": 46713.0, "2023_Midweek": 51645.0, "2023_Friday": 53003.0, "2024_Monday": 47201.0, "2024_Midweek": 51922.0, "2024_Friday": 53396.0, "2025_Monday": 46218.0, "2025_Midweek": 50570.0, "2025_Friday": 52922.0, "raw_ratio_19_mon": 1.0, "raw_ratio_19_fri": 1.0932506236936148, "raw_ratio_23_mon": 0.90450188788846941, "raw_ratio_23_fri": 1.026294897860393, "collapse_23_mon": 0.095498112111530586, "collapse_23_fri": 0.061244626238590949, "total_collapse_23": 0.15674273835012154, "raw_ratio_24_mon": 0.90907515118832094, "raw_ratio_24_fri": 1.0283887369515812, "collapse_24_mon": 0.09092484881167906, "collapse_24_fri": 0.059329384622616277, "total_collapse_24": 0.15025423343429534, "raw_ratio_25_mon": 0.91394107178168871, "raw_ratio_25_fri": 1.046509788412102, "collapse_25_mon": 0.086058928218311292, "collapse_25_fri": 0.042753998276805039, "total_collapse_25": 0.12881292649511633, "cumulative_collapse_score": 0.4358098982795332, "shock_rank": 179, "top100_affected": false }, "geometry": { "type": "Point", "coordinates": [ -0.193151477589029, 51.491985576823701, 0.0 ] } },
{ "type": "Feature", "properties": { "clean_name": "Northwood", "2019_Midweek": 9590, "2019_Friday": 9305, "2023_Monday": 7061.0, "2023_Midweek": 8062.0, "2023_Friday": 7356.0, "2024_Monday": 6981.0, "2024_Midweek": 7716.0, "2024_Friday": 7211.0, "2025_Monday": 7026.0, "2025_Midweek": 7645.0, "2025_Friday": 7169.0, "raw_ratio_19_mon": 1.0, "raw_ratio_19_fri": 0.97028154327424398, "raw_ratio_23_mon": 0.87583726122550232, "raw_ratio_23_fri": 0.91242867774745717, "collapse_23_mon": 0.12416273877449768, "collapse_23_fri": 0.059624823256516413, "total_collapse_23": 0.1837875620310141, "raw_ratio_24_mon": 0.90474339035769824, "raw_ratio_24_fri": 0.93455158113011927, "collapse_24_mon": 0.095256609642301759, "collapse_24_fri": 0.036824324230215533, "total_collapse_24": 0.13208093387251729, "raw_ratio_25_mon": 0.91903204708960107, "raw_ratio_25_fri": 0.93773708306082404, "collapse_25_mon": 0.080967952910398933, "collapse_25_fri": 0.033541254534841136, "total_collapse_25": 0.11450920744524007, "cumulative_collapse_score": 0.43037770334877146, "shock_rank": 180, "top100_affected": false }, "geometry": { "type": "Point", "coordinates": [ -0.423914085984195, 51.611017342082199, 0.0 ] } },
{ "type": "Feature", "properties": { "clean_name": "Bow Road", "2019_Midweek": 17292, "2019_Friday": 17201, "2023_Monday": 12713.0, "2023_Midweek": 13962.0, "2023_Friday": 13766.0, "2024_Monday": 12869.0, "2024_Midweek": 14305.0, "2024_Friday": 13520.0, "2025_Monday": 12136.0, "2025_Midweek": 13857.0, "2025_Friday": 13028.0, "raw_ratio_19_mon": 1.0, "raw_ratio_19_fri": 0.99473745084432108, "raw_ratio_23_mon": 0.91054290216301392, "raw_ratio_23_fri": 0.98596189657642175, "collapse_23_mon": 0.089457097836986077, "collapse_23_fri": 0.0088219803732640933, "total_collapse_23": 0.09827907821025017, "raw_ratio_24_mon": 0.8996155190492835, "raw_ratio_24_fri": 0.94512408248864033, "collapse_24_mon": 0.1003844809507165, "collapse_24_fri": 0.049875842428139694, "total_collapse_24": 0.1502603233788562, "raw_ratio_25_mon": 0.87580284332828173, "raw_ratio_25_fri": 0.94017464097568015, "collapse_25_mon": 0.12419715667171827, "collapse_25_fri": 0.054851468417448923, "total_collapse_25": 0.17904862508916719, "cumulative_collapse_score": 0.42758802667827356, "shock_rank": 181, "top100_affected": false }, "geometry": { "type": "Point", "coordinates": [ -0.025175687286684, 51.526904122791898, 0.0 ] } },
{ "type": "Feature", "properties": { "clean_name": "Bromley-by-Bow", "2019_Midweek": 14164, "2019_Friday": 14291, "2023_Monday": 11607.0, "2023_Midweek": 13061.0, "2023_Friday": 12249.0, "2024_Monday": 11857.0, "2024_Midweek": 12990.0, "2024_Friday": 12547.0, "2025_Monday": 12340.0, "2025_Midweek": 13152.0, "2025_Friday": 12554.0, "raw_ratio_19_mon": 1.0, "raw_ratio_19_fri": 1.0089663936741033, "raw_ratio_23_mon": 0.8886762116223873, "raw_ratio_23_fri": 0.93783018145624375, "collapse_23_mon": 0.1113237883776127, "collapse_23_fri": 0.070504045193041986, "total_collapse_23": 0.18182783357065468, "raw_ratio_24_mon": 0.91277906081601234, "raw_ratio_24_fri": 0.96589684372594309, "collapse_24_mon": 0.087220939183987656, "collapse_24_fri": 0.042686803265393758, "total_collapse_24": 0.12990774244938141, "raw_ratio_25_mon": 0.93826034063260344, "raw_ratio_25_fri": 0.95453163017031628, "collapse_25_mon": 0.06173965936739656, "collapse_25_fri": 0.053951017442281146, "total_collapse_25": 0.11569067680967771, "cumulative_collapse_score": 0.4274262528297138, "shock_rank": 182, "top100_affected": false }, "geometry": { "type": "Point", "coordinates": [ -0.011433820529312, 51.5247616983537, 0.0 ] } },
{ "type": "Feature", "properties": { "clean_name": "Gants Hill", "2019_Midweek": 21388, "2019_Friday": 21226, "2023_Monday": 15606.0, "2023_Midweek": 17094.0, "2023_Friday": 15905.0, "2024_Monday": 15165.0, "2024_Midweek": 16514.0, "2024_Friday": 15704.0, "2025_Monday": 15156.0, "2025_Midweek": 16239.0, "2025_Friday": 14717.0, "raw_ratio_19_mon": 1.0, "raw_ratio_19_fri": 0.99242565924817649, "raw_ratio_23_mon": 0.91295191295191291, "raw_ratio_23_fri": 0.93044343044343047, "collapse_23_mon": 0.087048087048087086, "collapse_23_fri": 0.06245528642588849, "total_collapse_23": 0.14950337347397558, "raw_ratio_24_mon": 0.91831173549715395, "raw_ratio_24_fri": 0.95095070848976626, "collapse_24_mon": 0.081688264502846053, "collapse_24_fri": 0.041791493772772914, "total_collapse_24": 0.12347975827561897, "raw_ratio_25_mon": 0.933308701274709, "raw_ratio_25_fri": 0.90627501693454027, "collapse_25_mon": 0.066691298725291004, "collapse_25_fri": 0.086808156873836362, "total_collapse_25": 0.15349945559912737, "cumulative_collapse_score": 0.42648258734872191, "shock_rank": 183, "top100_affected": false }, "geometry": { "type": "Point", "coordinates": [ 0.066220725307974, 51.576536215128002, 0.0 ] } },
{ "type": "Feature", "properties": { "clean_name": "Chorleywood", "2019_Midweek": 5229, "2019_Friday": 4539, "2023_Monday": 5275.0, "2023_Midweek": 5439.0, "2023_Friday": 4343.0, "2024_Monday": 4225.0, "2024_Midweek": 5057.0, "2024_Friday": 4533.0, "2025_Monday": 4405.0, "2025_Midweek": 5393.0, "2025_Friday": 4684.0, "raw_ratio_19_mon": 1.0, "raw_ratio_19_fri": 0.86804360298336203, "raw_ratio_23_mon": 0.96984739841882694, "raw_ratio_23_fri": 0.7984923699209413, "collapse_23_mon": 0.030152601581173055, "collapse_23_fri": 0.080124123746066922, "total_collapse_23": 0.11027672532723998, "raw_ratio_24_mon": 0.83547557840616971, "raw_ratio_24_fri": 0.89638125370773181, "collapse_24_mon": 0.16452442159383029, "collapse_24_fri": -0.032645423141161034, "total_collapse_24": 0.13187899845266926, "raw_ratio_25_mon": 0.81679955497867607, "raw_ratio_25_fri": 0.86853328388651951, "collapse_25_mon": 0.18320044502132393, "collapse_25_fri": -0.00056412016801288267, "total_collapse_25": 0.18263632485331105, "cumulative_collapse_score": 0.42479204863322029, "shock_rank": 184, "top100_affected": false }, "geometry": { "type": "Point", "coordinates": [ -0.518531312608756, 51.654297659682904, 0.0 ] } },
{ "type": "Feature", "properties": { "clean_name": "Arnos Grove", "2019_Midweek": 14152, "2019_Friday": 14393, "2023_Monday": 10037.0, "2023_Midweek": 11171.0, "2023_Friday": 11187.0, "2024_Monday": 9479.0, "2024_Midweek": 10669.0, "2024_Friday": 10713.0, "2025_Monday": 9418.0, "2025_Midweek": 10514.0, "2025_Friday": 9882.0, "raw_ratio_19_mon": 1.0, "raw_ratio_19_fri": 1.0170293951384963, "raw_ratio_23_mon": 0.89848715423865366, "raw_ratio_23_fri": 1.001432280010742, "collapse_23_mon": 0.10151284576134634, "collapse_23_fri": 0.015335953122210699, "total_collapse_23": 0.11684879888355704, "raw_ratio_24_mon": 0.88846189895960259, "raw_ratio_24_fri": 1.0041240978535946, "collapse_24_mon": 0.11153810104039741, "collapse_24_fri": 0.012689207752096809, "total_collapse_24": 0.12422730879249422, "raw_ratio_25_mon": 0.89575803690317668, "raw_ratio_25_fri": 0.93988967091497055, "collapse_25_mon": 0.10424196309682332, "collapse_25_fri": 0.075848077343940612, "total_collapse_25": 0.18009004044076393, "cumulative_collapse_score": 0.42116614811681519, "shock_rank": 185, "top100_affected": false }, "geometry": { "type": "Point", "coordinates": [ -0.133019683101503, 51.616455215324798, 0.0 ] } },
{ "type": "Feature", "properties": { "clean_name": "Greenford", "2019_Midweek": 14078, "2019_Friday": 13651, "2023_Monday": 10760.0, "2023_Midweek": 11613.0, "2023_Friday": 10760.0, "2024_Monday": 10194.0, "2024_Midweek": 11077.0, "2024_Friday": 10334.0, "2025_Monday": 9682.0, "2025_Midweek": 10989.0, "2025_Friday": 9949.0, "raw_ratio_19_mon": 1.0, "raw_ratio_19_fri": 0.96966898707202731, "raw_ratio_23_mon": 0.92654783432360288, "raw_ratio_23_fri": 0.92654783432360288, "collapse_23_mon": 0.073452165676397119, "collapse_23_fri": 0.044469972045441342, "total_collapse_23": 0.11792213772183846, "raw_ratio_24_mon": 0.92028527579669583, "raw_ratio_24_fri": 0.93292407691613255, "collapse_24_mon": 0.079714724203304166, "collapse_24_fri": 0.037894282116671785, "total_collapse_24": 0.11760900631997595, "raw_ratio_25_mon": 0.88106288106288111, "raw_ratio_25_fri": 0.9053599053599054, "collapse_25_mon": 0.11893711893711889, "collapse_25_fri": 0.066320654336184282, "total_collapse_25": 0.18525777327330317, "cumulative_collapse_score": 0.42078891731511758, "shock_rank": 186, "top100_affected": false }, "geometry": { "type": "Point", "coordinates": [ -0.346481627280673, 51.542592368015697, 0.0 ] } },
{ "type": "Feature", "properties": { "clean_name": "Holloway Road", "2019_Midweek": 21971, "2019_Friday": 22271, "2023_Monday": 17037.0, "2023_Midweek": 17937.0, "2023_Friday": 17241.0, "2024_Monday": 16173.0, "2024_Midweek": 17758.0, "2024_Friday": 16695.0, "2025_Monday": 15206.0, "2025_Midweek": 16339.0, "2025_Friday": 15168.0, "raw_ratio_19_mon": 1.0, "raw_ratio_19_fri": 1.0136543625688408, "raw_ratio_23_mon": 0.94982438534872049, "raw_ratio_23_fri": 0.96119752466967723, "collapse_23_mon": 0.05017561465127951, "collapse_23_fri": 0.051750221610278979, "total_collapse_23": 0.10192583626155849, "raw_ratio_24_mon": 0.91074445320418962, "raw_ratio_24_fri": 0.94013965536659538, "collapse_24_mon": 0.089255546795810381, "collapse_24_fri": 0.072524432308407105, "total_collapse_24": 0.16177997910421749, "raw_ratio_25_mon": 0.93065671093702185, "raw_ratio_25_fri": 0.92833098720851948, "collapse_25_mon": 0.069343289062978153, "collapse_25_fri": 0.084174032600315196, "total_collapse_25": 0.15351732166329335, "cumulative_collapse_score": 0.41722313702906932, "shock_rank": 187, "top100_affected": false }, "geometry": { "type": "Point", "coordinates": [ -0.113237215123649, 51.552758210385399, 0.0 ] } },
{ "type": "Feature", "properties": { "clean_name": "Redbridge", "2019_Midweek": 9188, "2019_Friday": 9114, "2023_Monday": 6444.0, "2023_Midweek": 6946.0, "2023_Friday": 6576.0, "2024_Monday": 6230.0, "2024_Midweek": 6880.0, "2024_Friday": 6555.0, "2025_Monday": 6073.0, "2025_Midweek": 6755.0, "2025_Friday": 6287.0, "raw_ratio_19_mon": 1.0, "raw_ratio_19_fri": 0.99194601654331738, "raw_ratio_23_mon": 0.92772818888568964, "raw_ratio_23_fri": 0.94673193204722139, "collapse_23_mon": 0.072271811114310358, "collapse_23_fri": 0.04558119468401689, "total_collapse_23": 0.11785300579832725, "raw_ratio_24_mon": 0.90552325581395354, "raw_ratio_24_fri": 0.95276162790697672, "collapse_24_mon": 0.094476744186046457, "collapse_24_fri": 0.039502541451689521, "total_collapse_24": 0.13397928563773598, "raw_ratio_25_mon": 0.89903774981495188, "raw_ratio_25_fri": 0.93071798667653594, "collapse_25_mon": 0.10096225018504812, "collapse_25_fri": 0.061725163310948905, "total_collapse_25": 0.16268741349599702, "cumulative_collapse_score": 0.41451970493206025, "shock_rank": 188, "top100_affected": false }, "geometry": { "type": "Point", "coordinates": [ 0.045436837333952, 51.576251036716698, 0.0 ] } },
{ "type": "Feature", "properties": { "clean_name": "West Brompton", "2019_Midweek": 17517, "2019_Friday": 18013, "2023_Monday": 17017.0, "2023_Midweek": 16975.0, "2023_Friday": 16150.0, "2024_Monday": 14605.0, "2024_Midweek": 16942.0, "2024_Friday": 16005.0, "2025_Monday": 16258.0, "2025_Midweek": 18296.0, "2025_Friday": 18606.0, "raw_ratio_19_mon": 1.0, "raw_ratio_19_fri": 1.0283153508020779, "raw_ratio_23_mon": 1.0024742268041238, "raw_ratio_23_fri": 0.95139911634756991, "collapse_23_mon": -0.0024742268041237914, "collapse_23_fri": 0.074798294506168705, "total_collapse_23": 0.072324067702044914, "raw_ratio_24_mon": 0.86205878880887732, "raw_ratio_24_fri": 0.94469366072482586, "collapse_24_mon": 0.13794121119112268, "collapse_24_fri": 0.081319110924511384, "total_collapse_24": 0.21926032211563407, "raw_ratio_25_mon": 0.88860953213817229, "raw_ratio_25_fri": 1.0169435942282465, "collapse_25_mon": 0.11139046786182771, "collapse_25_fri": 0.011058627652462349, "total_collapse_25": 0.12244909551429006, "cumulative_collapse_score": 0.41403348533196904, "shock_rank": 189, "top100_affected": false }, "geometry": { "type": "Point", "coordinates": [ -0.195547893072088, 51.487280504759198, 0.0 ] } },
{ "type": "Feature", "properties": { "clean_name": "Willesden Green", "2019_Midweek": 25455, "2019_Friday": 26565, "2023_Monday": 16805.0, "2023_Midweek": 18517.0, "2023_Friday": 18656.0, "2024_Monday": 17370.0, "2024_Midweek": 18896.0, "2024_Friday": 18811.0, "2025_Monday": 16754.0, "2025_Midweek": 18498.0, "2025_Friday": 18040.0, "raw_ratio_19_mon": 1.0, "raw_ratio_19_fri": 1.0436063641720683, "raw_ratio_23_mon": 0.90754441864232871, "raw_ratio_23_fri": 1.0075066155424746, "collapse_23_mon": 0.09245558135767129, "collapse_23_fri": 0.034591345807126306, "total_collapse_23": 0.1270469271647976, "raw_ratio_24_mon": 0.91924216765453004, "raw_ratio_24_fri": 0.99550169348010165, "collapse_24_mon": 0.08075783234546996, "collapse_24_fri": 0.046094650572708895, "total_collapse_24": 0.12685248291817885, "raw_ratio_25_mon": 0.90571953724726995, "raw_ratio_25_fri": 0.97524056654773494, "collapse_25_mon": 0.094280462752730054, "collapse_25_fri": 0.065509180445225135, "total_collapse_25": 0.15978964319795519, "cumulative_collapse_score": 0.41368905328093164, "shock_rank": 190, "top100_affected": false }, "geometry": { "type": "Point", "coordinates": [ -0.222691934916957, 51.549374676036003, 0.0 ] } },
{ "type": "Feature", "properties": { "clean_name": "Mile End", "2019_Midweek": 48580, "2019_Friday": 51796, "2023_Monday": 35176.0, "2023_Midweek": 38284.0, "2023_Friday": 37557.0, "2024_Monday": 34066.0, "2024_Midweek": 36623.0, "2024_Friday": 37175.0, "2025_Monday": 34321.0, "2025_Midweek": 36669.0, "2025_Friday": 36335.0, "raw_ratio_19_mon": 1.0, "raw_ratio_19_fri": 1.0662000823384108, "raw_ratio_23_mon": 0.91881726047434964, "raw_ratio_23_fri": 0.9810103437467349, "collapse_23_mon": 0.08118273952565036, "collapse_23_fri": 0.079900330156452481, "total_collapse_23": 0.16108306968210284, "raw_ratio_24_mon": 0.93018048767168171, "raw_ratio_24_fri": 1.0150724954263715, "collapse_24_mon": 0.069819512328318289, "collapse_24_fri": 0.04795308850465041, "total_collapse_24": 0.1177726008329687, "raw_ratio_25_mon": 0.93596771114565436, "raw_ratio_25_fri": 0.9908914887234449, "collapse_25_mon": 0.064032288854345643, "collapse_25_fri": 0.07063270286923784, "total_collapse_25": 0.13466499172358348, "cumulative_collapse_score": 0.41352066223865502, "shock_rank": 191, "top100_affected": false }, "geometry": { "type": "Point", "coordinates": [ -0.033740698179592, 51.525236255267302, 0.0 ] } },
{ "type": "Feature", "properties": { "clean_name": "Newbury Park", "2019_Midweek": 16867, "2019_Friday": 16828, "2023_Monday": 10994.0, "2023_Midweek": 11925.0, "2023_Friday": 11383.0, "2024_Monday": 10366.0, "2024_Midweek": 11192.0, "2024_Friday": 10568.0, "2025_Monday": 9804.0, "2025_Midweek": 10663.0, "2025_Friday": 9753.0, "raw_ratio_19_mon": 1.0, "raw_ratio_19_fri": 0.99768779273136898, "raw_ratio_23_mon": 0.92192872117400415, "raw_ratio_23_fri": 0.95454926624737946, "collapse_23_mon": 0.078071278825995849, "collapse_23_fri": 0.043238502864597739, "total_collapse_23": 0.12130978169059359, "raw_ratio_24_mon": 0.92619728377412436, "raw_ratio_24_fri": 0.94424588992137237, "collapse_24_mon": 0.073802716225875642, "collapse_24_fri": 0.05356575794486651, "total_collapse_24": 0.12736847417074215, "raw_ratio_25_mon": 0.91944105786364061, "raw_ratio_25_fri": 0.91465816374378694, "collapse_25_mon": 0.08055894213635939, "collapse_25_fri": 0.083222055629519009, "total_collapse_25": 0.1637809977658784, "cumulative_collapse_score": 0.41245925362721414, "shock_rank": 192, "top100_affected": false }, "geometry": { "type": "Point", "coordinates": [ 0.089947289618984, 51.575706743297403, 0.0 ] } },
{ "type": "Feature", "properties": { "clean_name": "Finchley Road", "2019_Midweek": 30176, "2019_Friday": 30861, "2023_Monday": 22402.0, "2023_Midweek": 24369.0, "2023_Friday": 24006.0, "2024_Monday": 22702.0, "2024_Midweek": 25080.0, "2024_Friday": 24083.0, "2025_Monday": 22975.0, "2025_Midweek": 24996.0, "2025_Friday": 24095.0, "raw_ratio_19_mon": 1.0, "raw_ratio_19_fri": 1.0227001590668081, "raw_ratio_23_mon": 0.91928269522754325, "raw_ratio_23_fri": 0.98510402560630306, "collapse_23_mon": 0.080717304772456755, "collapse_23_fri": 0.036761638420796494, "total_collapse_23": 0.11747894319325325, "raw_ratio_24_mon": 0.90518341307814987, "raw_ratio_24_fri": 0.96024720893141946, "collapse_24_mon": 0.094816586921850132, "collapse_24_fri": 0.06106672574723726, "total_collapse_24": 0.15588331266908739, "raw_ratio_25_mon": 0.91914706353016484, "raw_ratio_25_fri": 0.96395423267722835, "collapse_25_mon": 0.080852936469835157, "collapse_25_fri": 0.05744198421087976, "total_collapse_25": 0.13829492068071492, "cumulative_collapse_score": 0.41165717654305556, "shock_rank": 193, "top100_affected": false }, "geometry": { "type": "Point", "coordinates": [ -0.181066237852478, 51.547233075573303, 0.0 ] } },
{ "type": "Feature", "properties": { "clean_name": "Acton Town", "2019_Midweek": 20114, "2019_Friday": 20381, "2023_Monday": 14834.0, "2023_Midweek": 16563.0, "2023_Friday": 16261.0, "2024_Monday": 14845.0, "2024_Midweek": 16444.0, "2024_Friday": 15848.0, "2025_Monday": 14331.0, "2025_Midweek": 15884.0, "2025_Friday": 15578.0, "raw_ratio_19_mon": 1.0, "raw_ratio_19_fri": 1.0132743362831858, "raw_ratio_23_mon": 0.89561069854494957, "raw_ratio_23_fri": 0.98176658817847007, "collapse_23_mon": 0.10438930145505043, "collapse_23_fri": 0.031094982845701891, "total_collapse_23": 0.13548428430075232, "raw_ratio_24_mon": 0.90276088542933597, "raw_ratio_24_fri": 0.96375577718316707, "collapse_24_mon": 0.097239114570664031, "collapse_24_fri": 0.048869844351983494, "total_collapse_24": 0.14610895892264752, "raw_ratio_25_mon": 0.90222865776882399, "raw_ratio_25_fri": 0.98073533115084366, "collapse_25_mon": 0.097771342231176006, "collapse_25_fri": 0.032112729955935837, "total_collapse_25": 0.12988407218711184, "cumulative_collapse_score": 0.41147731541051169, "shock_rank": 194, "top100_affected": false }, "geometry": { "type": "Point", "coordinates": [ -0.279999104605516, 51.502646450286797, 0.0 ] } },
{ "type": "Feature", "properties": { "clean_name": "West Acton", "2019_Midweek": 5666, "2019_Friday": 5634, "2023_Monday": 3330.0, "2023_Midweek": 3744.0, "2023_Friday": 3531.0, "2024_Monday": 3180.0, "2024_Midweek": 3635.0, "2024_Friday": 3400.0, "2025_Monday": 3399.0, "2025_Midweek": 3604.0, "2025_Friday": 3565.0, "raw_ratio_19_mon": 1.0, "raw_ratio_19_fri": 0.99435227673843984, "raw_ratio_23_mon": 0.88942307692307687, "raw_ratio_23_fri": 0.94310897435897434, "collapse_23_mon": 0.11057692307692313, "collapse_23_fri": 0.051534354150168937, "total_collapse_23": 0.16211127722709207, "raw_ratio_24_mon": 0.87482806052269602, "raw_ratio_24_fri": 0.93535075653370015, "collapse_24_mon": 0.12517193947730398, "collapse_24_fri": 0.059336637110410928, "total_collapse_24": 0.18450857658771491, "raw_ratio_25_mon": 0.94311875693673697, "raw_ratio_25_fri": 0.98917869034406214, "collapse_25_mon": 0.056881243063263032, "collapse_25_fri": 0.0052029713366248398, "total_collapse_25": 0.062084214399887871, "cumulative_collapse_score": 0.40870406821469485, "shock_rank": 195, "top100_affected": false }, "geometry": { "type": "Point", "coordinates": [ -0.280930981543848, 51.517981395752699, 0.0 ] } },
{ "type": "Feature", "properties": { "clean_name": "Canada Water", "2019_Midweek": 39367, "2019_Friday": 42797, "2023_Monday": 27230.0, "2023_Midweek": 30514.0, "2023_Friday": 31987.0, "2024_Monday": 27660.0, "2024_Midweek": 30636.0, "2024_Friday": 32008.0, "2025_Monday": 27026.0, "2025_Midweek": 29821.0, "2025_Friday": 31321.0, "raw_ratio_19_mon": 1.0, "raw_ratio_19_fri": 1.0871288134732136, "raw_ratio_23_mon": 0.89237726945008844, "raw_ratio_23_fri": 1.0482729239037818, "collapse_23_mon": 0.10762273054991156, "collapse_23_fri": 0.035741753035956281, "total_collapse_23": 0.14336448358586784, "raw_ratio_24_mon": 0.90285938112025066, "raw_ratio_24_fri": 1.0447839143491318, "collapse_24_mon": 0.097140618879749341, "collapse_24_fri": 0.038951133112548275, "total_collapse_24": 0.13609175199229762, "raw_ratio_25_mon": 0.90627410214278525, "raw_ratio_25_fri": 1.0503001240736394, "collapse_25_mon": 0.093725897857214746, "collapse_25_fri": 0.033877024454822435, "total_collapse_25": 0.12760292231203718, "cumulative_collapse_score": 0.40705915789020264, "shock_rank": 196, "top100_affected": false }, "geometry": { "type": "Point", "coordinates": [ -0.04996079141194, 51.497922014511602, 0.0 ] } },
{ "type": "Feature", "properties": { "clean_name": "Golders Green", "2019_Midweek": 25844, "2019_Friday": 25872, "2023_Monday": 19113.0, "2023_Midweek": 20739.0, "2023_Friday": 20235.0, "2024_Monday": 18842.0, "2024_Midweek": 20680.0, "2024_Friday": 19683.0, "2025_Monday": 18435.0, "2025_Midweek": 20491.0, "2025_Friday": 19241.0, "raw_ratio_19_mon": 1.0, "raw_ratio_19_fri": 1.0010834236186348, "raw_ratio_23_mon": 0.9215969911760451, "raw_ratio_23_fri": 0.9756979603645306, "collapse_23_mon": 0.078403008823954901, "collapse_23_fri": 0.025357989809023929, "total_collapse_23": 0.10376099863297883, "raw_ratio_24_mon": 0.91112185686653768, "raw_ratio_24_fri": 0.95178916827853, "collapse_24_mon": 0.088878143133462317, "collapse_24_fri": 0.049240906578914223, "total_collapse_24": 0.13811904971237654, "raw_ratio_25_mon": 0.89966326680005859, "raw_ratio_25_fri": 0.93899760870626126, "collapse_25_mon": 0.10033673319994141, "collapse_25_fri": 0.062018622471992191, "total_collapse_25": 0.1623553556719336, "cumulative_collapse_score": 0.40423540401728897, "shock_rank": 197, "top100_affected": false }, "geometry": { "type": "Point", "coordinates": [ -0.193997309394488, 51.572288905836601, 0.0 ] } },
{ "type": "Feature", "properties": { "clean_name": "Hendon Central", "2019_Midweek": 24492, "2019_Friday": 23841, "2023_Monday": 17543.0, "2023_Midweek": 18468.0, "2023_Friday": 17285.0, "2024_Monday": 23443.0, "2024_Midweek": 25542.0, "2024_Friday": 23087.0, "2025_Monday": 16262.0, "2025_Midweek": 17917.0, "2025_Friday": 16257.0, "raw_ratio_19_mon": 1.0, "raw_ratio_19_fri": 0.97341989220970115, "raw_ratio_23_mon": 0.94991336365605372, "raw_ratio_23_fri": 0.93594325319471516, "collapse_23_mon": 0.050086636343946278, "collapse_23_fri": 0.038499972432156193, "total_collapse_23": 0.088586608776102471, "raw_ratio_24_mon": 0.91782162712395265, "raw_ratio_24_fri": 0.9038837992326364, "collapse_24_mon": 0.082178372876047345, "collapse_24_fri": 0.071434838689411917, "total_collapse_24": 0.15361321156545926, "raw_ratio_25_mon": 0.90762962549533965, "raw_ratio_25_fri": 0.90735056091979682, "collapse_25_mon": 0.092370374504660346, "collapse_25_fri": 0.067873413948757899, "total_collapse_25": 0.16024378845341825, "cumulative_collapse_score": 0.40244360879497998, "shock_rank": 198, "top100_affected": false }, "geometry": { "type": "Point", "coordinates": [ -0.22632104409561, 51.583174665148398, 0.0 ] } },
{ "type": "Feature", "properties": { "clean_name": "Tottenham Hale", "2019_Midweek": 44367, "2019_Friday": 46960, "2023_Monday": 39154.0, "2023_Midweek": 43170.0, "2023_Friday": 42402.0, "2024_Monday": 39927.0, "2024_Midweek": 43195.0, "2024_Friday": 43550.0, "2025_Monday": 41683.0, "2025_Midweek": 45162.0, "2025_Friday": 46171.0, "raw_ratio_19_mon": 1.0, "raw_ratio_19_fri": 1.0584443392611627, "raw_ratio_23_mon": 0.90697243456103771, "raw_ratio_23_fri": 0.98220986796386378, "collapse_23_mon": 0.09302756543896229, "collapse_23_fri": 0.072025016781244844, "total_collapse_23": 0.16505258222020713, "raw_ratio_24_mon": 0.92434309526565572, "raw_ratio_24_fri": 1.0082185438129414, "collapse_24_mon": 0.075656904734344277, "collapse_24_fri": 0.047452467347768978, "total_collapse_24": 0.12310937208211326, "raw_ratio_25_mon": 0.92296621053097738, "raw_ratio_25_fri": 1.0223417917718436, "collapse_25_mon": 0.077033789469022618, "collapse_25_fri": 0.03410906568267924, "total_collapse_25": 0.11114285515170186, "cumulative_collapse_score": 0.39930480945402225, "shock_rank": 199, "top100_affected": false }, "geometry": { "type": "Point", "coordinates": [ -0.060139414171698, 51.588050475968899, 0.0 ] } },
{ "type": "Feature", "properties": { "clean_name": "Oakwood", "2019_Midweek": 8663, "2019_Friday": 8869, "2023_Monday": 6892.0, "2023_Midweek": 7620.0, "2023_Friday": 7774.0, "2024_Monday": 6780.0, "2024_Midweek": 7452.0, "2024_Friday": 7455.0, "2025_Monday": 6676.0, "2025_Midweek": 7536.0, "2025_Friday": 7169.0, "raw_ratio_19_mon": 1.0, "raw_ratio_19_fri": 1.023779291238601, "raw_ratio_23_mon": 0.90446194225721788, "raw_ratio_23_fri": 1.0202099737532808, "collapse_23_mon": 0.095538057742782123, "collapse_23_fri": 0.0034864130539327132, "total_collapse_23": 0.099024470796714836, "raw_ratio_24_mon": 0.90982286634460552, "raw_ratio_24_fri": 1.000402576489533, "collapse_24_mon": 0.090177133655394481, "collapse_24_fri": 0.022833744488801044, "total_collapse_24": 0.11301087814419553, "raw_ratio_25_mon": 0.88588110403397025, "raw_ratio_25_fri": 0.9513004246284501, "collapse_25_mon": 0.11411889596602975, "collapse_25_fri": 0.070795402124674389, "total_collapse_25": 0.18491429809070414, "cumulative_collapse_score": 0.39694964703161451, "shock_rank": 200, "top100_affected": false }, "geometry": { "type": "Point", "coordinates": [ -0.131242593808805, 51.6473364234459, 0.0 ] } },
{ "type": "Feature", "properties": { "clean_name": "Edgware", "2019_Midweek": 16217, "2019_Friday": 15747, "2023_Monday": 13184.0, "2023_Midweek": 14026.0, "2023_Friday": 13365.0, "2024_Monday": 12356.0, "2024_Midweek": 13492.0, "2024_Friday": 12437.0, "2025_Monday": 12806.0, "2025_Midweek": 14560.0, "2025_Friday": 13477.0, "raw_ratio_19_mon": 1.0, "raw_ratio_19_fri": 0.9710180674600728, "raw_ratio_23_mon": 0.93996862968772277, "raw_ratio_23_fri": 0.95287323541993441, "collapse_23_mon": 0.060031370312277232, "collapse_23_fri": 0.018686400025079375, "total_collapse_23": 0.078717770337356607, "raw_ratio_24_mon": 0.91580195671509046, "raw_ratio_24_fri": 0.92180551437889124, "collapse_24_mon": 0.084198043284909541, "collapse_24_fri": 0.050681397937227479, "total_collapse_24": 0.13487944122213702, "raw_ratio_25_mon": 0.87953296703296702, "raw_ratio_25_fri": 0.92561813186813191, "collapse_25_mon": 0.12046703296703298, "collapse_25_fri": 0.046754985425446427, "total_collapse_25": 0.16722201839247941, "cumulative_collapse_score": 0.38081922995197304, "shock_rank": 201, "top100_affected": false }, "geometry": { "type": "Point", "coordinates": [ -0.274754442836556, 51.613610747663003, 0.0 ] } },
{ "type": "Feature", "properties": { "clean_name": "Plaistow", "2019_Midweek": 18694, "2019_Friday": 18797, "2023_Monday": 13922.0, "2023_Midweek": 15429.0, "2023_Friday": 14764.0, "2024_Monday": 14371.0, "2024_Midweek": 15357.0, "2024_Friday": 15039.0, "2025_Monday": 14699.0, "2025_Midweek": 16055.0, "2025_Friday": 15182.0, "raw_ratio_19_mon": 1.0, "raw_ratio_19_fri": 1.0055097892371885, "raw_ratio_23_mon": 0.9023267872188736, "raw_ratio_23_fri": 0.95689934538855403, "collapse_23_mon": 0.097673212781126395, "collapse_23_fri": 0.048344078167067761, "total_collapse_23": 0.14601729094819416, "raw_ratio_24_mon": 0.93579475157908443, "raw_ratio_24_fri": 0.9792928306309826, "collapse_24_mon": 0.064205248420915573, "collapse_24_fri": 0.026073300217290707, "total_collapse_24": 0.09027854863820628, "raw_ratio_25_mon": 0.91554033011522895, "raw_ratio_25_fri": 0.94562441606976022, "collapse_25_mon": 0.084459669884771049, "collapse_25_fri": 0.059557225407879111, "total_collapse_25": 0.14401689529265016, "cumulative_collapse_score": 0.3803127348790506, "shock_rank": 202, "top100_affected": false }, "geometry": { "type": "Point", "coordinates": [ 0.017016176421667, 51.531232778481801, 0.0 ] } },
{ "type": "Feature", "properties": { "clean_name": "Hampstead", "2019_Midweek": 14755, "2019_Friday": 15301, "2023_Monday": 11179.0, "2023_Midweek": 12656.0, "2023_Friday": 12851.0, "2024_Monday": 11273.0, "2024_Midweek": 12807.0, "2024_Friday": 12956.0, "2025_Monday": 11846.0, "2025_Midweek": 13201.0, "2025_Friday": 13798.0, "raw_ratio_19_mon": 1.0, "raw_ratio_19_fri": 1.0370044052863436, "raw_ratio_23_mon": 0.88329646017699115, "raw_ratio_23_fri": 1.0154077117572693, "collapse_23_mon": 0.11670353982300885, "collapse_23_fri": 0.02082603836491026, "total_collapse_23": 0.13752957818791911, "raw_ratio_24_mon": 0.88022175372842981, "raw_ratio_24_fri": 1.0116342625126884, "collapse_24_mon": 0.11977824627157019, "collapse_24_fri": 0.024464836064654771, "total_collapse_24": 0.14424308233622496, "raw_ratio_25_mon": 0.89735626088932652, "raw_ratio_25_fri": 1.0452238466782819, "collapse_25_mon": 0.10264373911067348, "collapse_25_fri": -0.0079261393201783825, "total_collapse_25": 0.094717599790495099, "cumulative_collapse_score": 0.37649026031463917, "shock_rank": 203, "top100_affected": false }, "geometry": { "type": "Point", "coordinates": [ -0.178497747443859, 51.556592276538098, 0.0 ] } },
{ "type": "Feature", "properties": { "clean_name": "Harrow and Wealdstone", "2019_Midweek": 15834, "2019_Friday": 15896, "2023_Monday": 11656.0, "2023_Midweek": 12744.0, "2023_Friday": 12001.0, "2024_Monday": 16327.0, "2024_Midweek": 17271.0, "2024_Friday": 16168.0, "2025_Monday": 18000.0, "2025_Midweek": 18571.0, "2025_Friday": 17281.0, "raw_ratio_19_mon": 1.0, "raw_ratio_19_fri": 1.0039156246052798, "raw_ratio_23_mon": 0.91462649089767734, "raw_ratio_23_fri": 0.94169805398618955, "collapse_23_mon": 0.085373509102322664, "collapse_23_fri": 0.061974900175055025, "total_collapse_23": 0.14734840927737769, "raw_ratio_24_mon": 0.94534190261131379, "raw_ratio_24_fri": 0.93613571883504143, "collapse_24_mon": 0.054658097388686211, "collapse_24_fri": 0.067515540259559303, "total_collapse_24": 0.12217363764824551, "raw_ratio_25_mon": 0.96925313661084489, "raw_ratio_25_fri": 0.93053685854288948, "collapse_25_mon": 0.03074686338915511, "collapse_25_fri": 0.073092563024150015, "total_collapse_25": 0.10383942641330512, "cumulative_collapse_score": 0.37336147333892833, "shock_rank": 204, "top100_affected": false }, "geometry": { "type": "Point", "coordinates": [ -0.334863781389938, 51.592045931048297, 0.0 ] } },
{ "type": "Feature", "properties": { "clean_name": "Perivale", "2019_Midweek": 8227, "2019_Friday": 8143, "2023_Monday": 5594.0, "2023_Midweek": 6106.0, "2023_Friday": 5875.0, "2024_Monday": 5453.0, "2024_Midweek": 5869.0, "2024_Friday": 5766.0, "2025_Monday": 5182.0, "2025_Midweek": 5637.0, "2025_Friday": 5013.0, "raw_ratio_19_mon": 1.0, "raw_ratio_19_fri": 0.98978971678619176, "raw_ratio_23_mon": 0.91614805109728137, "raw_ratio_23_fri": 0.96216835899115627, "collapse_23_mon": 0.083851948902718632, "collapse_23_fri": 0.027906288908234878, "total_collapse_23": 0.11175823781095351, "raw_ratio_24_mon": 0.9291191003578122, "raw_ratio_24_fri": 0.98245016186743905, "collapse_24_mon": 0.0708808996421878, "collapse_24_fri": 0.0074152668938448629, "total_collapse_24": 0.078296166536032663, "raw_ratio_25_mon": 0.9192833067234345, "raw_ratio_25_fri": 0.88930282064928157, "collapse_25_mon": 0.080716693276565499, "collapse_25_fri": 0.10152347961664743, "total_collapse_25": 0.18224017289321293, "cumulative_collapse_score": 0.3722945772401991, "shock_rank": 205, "top100_affected": false }, "geometry": { "type": "Point", "coordinates": [ -0.323402230736006, 51.5367520396955, 0.0 ] } },
{ "type": "Feature", "properties": { "clean_name": "Barkingside", "2019_Midweek": 5485, "2019_Friday": 5174, "2023_Monday": 3855.0, "2023_Midweek": 4298.0, "2023_Friday": 3846.0, "2024_Monday": 3922.0, "2024_Midweek": 4362.0, "2024_Friday": 4129.0, "2025_Monday": 3824.0, "2025_Midweek": 4182.0, "2025_Friday": 3808.0, "raw_ratio_19_mon": 1.0, "raw_ratio_19_fri": 0.9432999088422972, "raw_ratio_23_mon": 0.89692880409492792, "raw_ratio_23_fri": 0.89483480688692418, "collapse_23_mon": 0.10307119590507208, "collapse_23_fri": 0.051378253619099534, "total_collapse_23": 0.15444944952417161, "raw_ratio_24_mon": 0.89912883998165982, "raw_ratio_24_fri": 0.94658413571756073, "collapse_24_mon": 0.10087116001834018, "collapse_24_fri": -0.0034816359510669859, "total_collapse_24": 0.097389524067273192, "raw_ratio_25_mon": 0.91439502630320424, "raw_ratio_25_fri": 0.91056910569105687, "collapse_25_mon": 0.085604973696795761, "collapse_25_fri": 0.034698193908881514, "total_collapse_25": 0.12030316760567727, "cumulative_collapse_score": 0.37214214119712208, "shock_rank": 206, "top100_affected": false }, "geometry": { "type": "Point", "coordinates": [ 0.088651775446433, 51.585704957535803, 0.0 ] } },
{ "type": "Feature", "properties": { "clean_name": "Wood Green", "2019_Midweek": 37768, "2019_Friday": 40974, "2023_Monday": 26815.0, "2023_Midweek": 29490.0, "2023_Friday": 32661.0, "2024_Monday": 25997.0, "2024_Midweek": 28741.0, "2024_Friday": 30430.0, "2025_Monday": 24161.0, "2025_Midweek": 26826.0, "2025_Friday": 26687.0, "raw_ratio_19_mon": 1.0, "raw_ratio_19_fri": 1.0848866765515781, "raw_ratio_23_mon": 0.90929128518141744, "raw_ratio_23_fri": 1.1075279755849441, "collapse_23_mon": 0.090708714818582559, "collapse_23_fri": -0.02086973646439616, "total_collapse_23": 0.069838978354186398, "raw_ratio_24_mon": 0.9045266344246895, "raw_ratio_24_fri": 1.0587662224696426, "collapse_24_mon": 0.095473365575310498, "collapse_24_fri": 0.024076665928797314, "total_collapse_24": 0.11955003150410781, "raw_ratio_25_mon": 0.90065607992246333, "raw_ratio_25_fri": 0.99481845970327298, "collapse_25_mon": 0.099343920077536674, "collapse_25_fri": 0.083020852587660121, "total_collapse_25": 0.18236477266519679, "cumulative_collapse_score": 0.37175378252349101, "shock_rank": 207, "top100_affected": false }, "geometry": { "type": "Point", "coordinates": [ -0.109833682268479, 51.5974740526689, 0.0 ] } },
{ "type": "Feature", "properties": { "clean_name": "Watford", "2019_Midweek": 6804, "2019_Friday": 6581, "2023_Monday": 5761.0, "2023_Midweek": 6414.0, "2023_Friday": 5792.0, "2024_Monday": 5635.0, "2024_Midweek": 6047.0, "2024_Friday": 5612.0, "2025_Monday": 6074.0, "2025_Midweek": 6351.0, "2025_Friday": 5875.0, "raw_ratio_19_mon": 1.0, "raw_ratio_19_fri": 0.96722516166960615, "raw_ratio_23_mon": 0.89819145618958529, "raw_ratio_23_fri": 0.90302463361396945, "collapse_23_mon": 0.10180854381041471, "collapse_23_fri": 0.066375990410355912, "total_collapse_23": 0.16818453422077062, "raw_ratio_24_mon": 0.93186704150818589, "raw_ratio_24_fri": 0.92806350256325454, "collapse_24_mon": 0.068132958491814111, "collapse_24_fri": 0.040488668676434636, "total_collapse_24": 0.10862162716824875, "raw_ratio_25_mon": 0.95638482128798619, "raw_ratio_25_fri": 0.92505117304361517, "collapse_25_mon": 0.043615178712013813, "collapse_25_fri": 0.043603072270360532, "total_collapse_25": 0.087218250982374346, "cumulative_collapse_score": 0.36402441237139371, "shock_rank": 208, "top100_affected": false }, "geometry": { "type": "Point", "coordinates": [ -0.417389649821613, 51.657485313772497, 0.0 ] } },
{ "type": "Feature", "properties": { "clean_name": "Harrow-on-the-Hill", "2019_Midweek": 35777, "2019_Friday": 35787, "2023_Monday": 26876.0, "2023_Midweek": 29182.0, "2023_Friday": 28537.0, "2024_Monday": 26629.0, "2024_Midweek": 28730.0, "2024_Friday": 27821.0, "2025_Monday": 26235.0, "2025_Midweek": 29063.0, "2025_Friday": 27383.0, "raw_ratio_19_mon": 1.0, "raw_ratio_19_fri": 1.0002795091818766, "raw_ratio_23_mon": 0.9209786854910561, "raw_ratio_23_fri": 0.97789733397299705, "collapse_23_mon": 0.079021314508943896, "collapse_23_fri": 0.022375920933525695, "total_collapse_23": 0.10139723544246959, "raw_ratio_24_mon": 0.92687086668987118, "raw_ratio_24_fri": 0.96836059867734081, "collapse_24_mon": 0.073129133310128824, "collapse_24_fri": 0.03190999136895456, "total_collapse_24": 0.10503912467908338, "raw_ratio_25_mon": 0.90269414719746754, "raw_ratio_25_fri": 0.94219454288958471, "collapse_25_mon": 0.097305852802532455, "collapse_25_fri": 0.05806873554752634, "total_collapse_25": 0.1553745883500588, "cumulative_collapse_score": 0.36181094847161177, "shock_rank": 209, "top100_affected": false }, "geometry": { "type": "Point", "coordinates": [ -0.336729895702129, 51.579416317194202, 0.0 ] } },
{ "type": "Feature", "properties": { "clean_name": "South Kensington", "2019_Midweek": 101152, "2019_Friday": 112355, "2023_Monday": 74973.0, "2023_Midweek": 86117.0, "2023_Friday": 91128.0, "2024_Monday": 85587.0, "2024_Midweek": 88892.0, "2024_Friday": 94128.0, "2025_Monday": 84617.0, "2025_Midweek": 88803.0, "2025_Friday": 93477.0, "raw_ratio_19_mon": 1.0, "raw_ratio_19_fri": 1.1107541126225877, "raw_ratio_23_mon": 0.87059465610738873, "raw_ratio_23_fri": 1.0581882787370671, "collapse_23_mon": 0.12940534389261127, "collapse_23_fri": 0.047324455780233921, "total_collapse_23": 0.17672979967284519, "raw_ratio_24_mon": 0.96282005129820458, "raw_ratio_24_fri": 1.058902938397156, "collapse_24_mon": 0.037179948701795418, "collapse_24_fri": 0.04668105536247491, "total_collapse_24": 0.083861004064270328, "raw_ratio_25_mon": 0.95286195286195285, "raw_ratio_25_fri": 1.052633356981183, "collapse_25_mon": 0.047138047138047146, "collapse_25_fri": 0.052325492186723999, "total_collapse_25": 0.099463539324771144, "cumulative_collapse_score": 0.36005434306188666, "shock_rank": 210, "top100_affected": false }, "geometry": { "type": "Point", "coordinates": [ -0.173140744694982, 51.494089686384498, 0.0 ] } },
{ "type": "Feature", "properties": { "clean_name": "Burnt Oak", "2019_Midweek": 13997, "2019_Friday": 13922, "2023_Monday": 10201.0, "2023_Midweek": 10812.0, "2023_Friday": 10350.0, "2024_Monday": 14438.0, "2024_Midweek": 15826.0, "2024_Friday": 14739.0, "2025_Monday": 10092.0, "2025_Midweek": 10750.0, "2025_Friday": 10161.0, "raw_ratio_19_mon": 1.0, "raw_ratio_19_fri": 0.99464170893762949, "raw_ratio_23_mon": 0.94348871624121344, "raw_ratio_23_fri": 0.95726970033296332, "collapse_23_mon": 0.056511283758786557, "collapse_23_fri": 0.037573337483085223, "total_collapse_23": 0.09408462124187178, "raw_ratio_24_mon": 0.91229622140780997, "raw_ratio_24_fri": 0.93131555667888288, "collapse_24_mon": 0.087703778592190029, "collapse_24_fri": 0.063667300184289344, "total_collapse_24": 0.15137107877647937, "raw_ratio_25_mon": 0.93879069767441858, "raw_ratio_25_fri": 0.94520930232558142, "collapse_25_mon": 0.061209302325581416, "collapse_25_fri": 0.049698706748228516, "total_collapse_25": 0.11090800907380993, "cumulative_collapse_score": 0.35636370909216109, "shock_rank": 211, "top100_affected": false }, "geometry": { "type": "Point", "coordinates": [ -0.263969437496311, 51.602836857157399, 0.0 ] } },
{ "type": "Feature", "properties": { "clean_name": "Dollis Hill", "2019_Midweek": 12944, "2019_Friday": 13308, "2023_Monday": 9784.0, "2023_Midweek": 10464.0, "2023_Friday": 10278.0, "2024_Monday": 9645.0, "2024_Midweek": 10465.0, "2024_Friday": 10191.0, "2025_Monday": 9422.0, "2025_Midweek": 10256.0, "2025_Friday": 10187.0, "raw_ratio_19_mon": 1.0, "raw_ratio_19_fri": 1.0281211372064276, "raw_ratio_23_mon": 0.93501529051987764, "raw_ratio_23_fri": 0.98222477064220182, "collapse_23_mon": 0.06498470948012236, "collapse_23_fri": 0.044641010580653617, "total_collapse_23": 0.10962572006077598, "raw_ratio_24_mon": 0.92164357381748685, "raw_ratio_24_fri": 0.97381748686096514, "collapse_24_mon": 0.07835642618251315, "collapse_24_fri": 0.052818338598712544, "total_collapse_24": 0.13117476478122569, "raw_ratio_25_mon": 0.91868174726989082, "raw_ratio_25_fri": 0.99327223088923555, "collapse_25_mon": 0.081318252730109175, "collapse_25_fri": 0.033895720120959871, "total_collapse_25": 0.11521397285106905, "cumulative_collapse_score": 0.35601445769307072, "shock_rank": 212, "top100_affected": false }, "geometry": { "type": "Point", "coordinates": [ -0.239016205755934, 51.551964217854298, 0.0 ] } },
{ "type": "Feature", "properties": { "clean_name": "Royal Oak", "2019_Midweek": 8706, "2019_Friday": 8404, "2023_Monday": 6556.0, "2023_Midweek": 7432.0, "2023_Friday": 6975.0, "2024_Monday": 6557.0, "2024_Midweek": 7329.0, "2024_Friday": 6954.0, "2025_Monday": 6511.0, "2025_Midweek": 7335.0, "2025_Friday": 7271.0, "raw_ratio_19_mon": 1.0, "raw_ratio_19_fri": 0.96531127957730301, "raw_ratio_23_mon": 0.88213132400430572, "raw_ratio_23_fri": 0.93850914962325083, "collapse_23_mon": 0.11786867599569428, "collapse_23_fri": 0.027765271701568062, "total_collapse_23": 0.14563394769726234, "raw_ratio_24_mon": 0.89466502933551639, "raw_ratio_24_fri": 0.94883340155546458, "collapse_24_mon": 0.10533497066448361, "collapse_24_fri": 0.017070014999776895, "total_collapse_24": 0.1224049856642605, "raw_ratio_25_mon": 0.88766189502385817, "raw_ratio_25_fri": 0.9912747102931152, "collapse_25_mon": 0.11233810497614183, "collapse_25_fri": -0.026896433580659407, "total_collapse_25": 0.085441671395482421, "cumulative_collapse_score": 0.35348060475700527, "shock_rank": 213, "top100_affected": false }, "geometry": { "type": "Point", "coordinates": [ -0.187761671856866, 51.519049749258798, 0.0 ] } },
{ "type": "Feature", "properties": { "clean_name": "Ealing Common", "2019_Midweek": 10061, "2019_Friday": 10145, "2023_Monday": 5936.0, "2023_Midweek": 6749.0, "2023_Friday": 6584.0, "2024_Monday": 5784.0, "2024_Midweek": 6386.0, "2024_Friday": 6460.0, "2025_Monday": 5333.0, "2025_Midweek": 5883.0, "2025_Friday": 5844.0, "raw_ratio_19_mon": 1.0, "raw_ratio_19_fri": 1.0083490706689195, "raw_ratio_23_mon": 0.8795377092902652, "raw_ratio_23_fri": 0.97555193361979553, "collapse_23_mon": 0.1204622907097348, "collapse_23_fri": 0.032525578694059809, "total_collapse_23": 0.15298786940379461, "raw_ratio_24_mon": 0.90573128719072971, "raw_ratio_24_fri": 1.0115878484184153, "collapse_24_mon": 0.094268712809270294, "collapse_24_fri": -0.0032119608612790618, "total_collapse_24": 0.091056751947991232, "raw_ratio_25_mon": 0.90651028386877441, "raw_ratio_25_fri": 0.99337072921978586, "collapse_25_mon": 0.093489716131225586, "collapse_25_fri": 0.014854321667790438, "total_collapse_25": 0.10834403779901602, "cumulative_collapse_score": 0.35238865915080186, "shock_rank": 214, "top100_affected": false }, "geometry": { "type": "Point", "coordinates": [ -0.288121126759677, 51.5095442418354, 0.0 ] } },
{ "type": "Feature", "properties": { "clean_name": "Holland Park", "2019_Midweek": 12327, "2019_Friday": 11903, "2023_Monday": 8196.0, "2023_Midweek": 9429.0, "2023_Friday": 8961.0, "2024_Monday": 8743.0, "2024_Midweek": 9520.0, "2024_Friday": 9467.0, "2025_Monday": 8861.0, "2025_Midweek": 9983.0, "2025_Friday": 9304.0, "raw_ratio_19_mon": 1.0, "raw_ratio_19_fri": 0.96560395878964878, "raw_ratio_23_mon": 0.86923321667196951, "raw_ratio_23_fri": 0.9503658924594337, "collapse_23_mon": 0.13076678332803049, "collapse_23_fri": 0.015780865634929087, "total_collapse_23": 0.14654764896295958, "raw_ratio_24_mon": 0.91838235294117643, "raw_ratio_24_fri": 0.99443277310924372, "collapse_24_mon": 0.081617647058823573, "collapse_24_fri": -0.029855733354418712, "total_collapse_24": 0.051761913704404861, "raw_ratio_25_mon": 0.88760893518982265, "raw_ratio_25_fri": 0.9319843734348392, "collapse_25_mon": 0.11239106481017735, "collapse_25_fri": 0.034817157747520588, "total_collapse_25": 0.14720822255769794, "cumulative_collapse_score": 0.34551778522506238, "shock_rank": 215, "top100_affected": false }, "geometry": { "type": "Point", "coordinates": [ -0.205636397539602, 51.507154912395201, 0.0 ] } },
{ "type": "Feature", "properties": { "clean_name": "St John's Wood", "2019_Midweek": 25226, "2019_Friday": 25553, "2023_Monday": 18944.0, "2023_Midweek": 20816.0, "2023_Friday": 20352.0, "2024_Monday": 19478.0, "2024_Midweek": 20793.0, "2024_Friday": 19736.0, "2025_Monday": 20155.0, "2025_Midweek": 21659.0, "2025_Friday": 21413.0, "raw_ratio_19_mon": 1.0, "raw_ratio_19_fri": 1.0129628161420756, "raw_ratio_23_mon": 0.91006917755572636, "raw_ratio_23_fri": 0.97770945426594924, "collapse_23_mon": 0.089930822444273639, "collapse_23_fri": 0.034802227006111353, "total_collapse_23": 0.12473304945038499, "raw_ratio_24_mon": 0.93675756264127352, "raw_ratio_24_fri": 0.94916558457173084, "collapse_24_mon": 0.063242437358726478, "collapse_24_fri": 0.062980822744629461, "total_collapse_24": 0.12622326010335594, "raw_ratio_25_mon": 0.93056004432337591, "raw_ratio_25_fri": 0.98864213490927555, "collapse_25_mon": 0.069439955676624088, "collapse_25_fri": 0.024009451132102511, "total_collapse_25": 0.093449406808726598, "cumulative_collapse_score": 0.34440571636246753, "shock_rank": 216, "top100_affected": false }, "geometry": { "type": "Point", "coordinates": [ -0.174122398684123, 51.535206957322103, 0.0 ] } },
{ "type": "Feature", "properties": { "clean_name": "Willesden Junction", "2019_Midweek": 17157, "2019_Friday": 17110, "2023_Monday": 13988.0, "2023_Midweek": 15252.0, "2023_Friday": 14785.0, "2024_Monday": 14208.0, "2024_Midweek": 15724.0, "2024_Friday": 15147.0, "2025_Monday": 14418.0, "2025_Midweek": 15721.0, "2025_Friday": 15378.0, "raw_ratio_19_mon": 1.0, "raw_ratio_19_fri": 0.99726059334382466, "raw_ratio_23_mon": 0.91712562286913191, "raw_ratio_23_fri": 0.9693810647783897, "collapse_23_mon": 0.082874377130868093, "collapse_23_fri": 0.027956111723972388, "total_collapse_23": 0.11083048885484048, "raw_ratio_24_mon": 0.90358687356906642, "raw_ratio_24_fri": 0.96330450267107604, "collapse_24_mon": 0.096413126430933582, "collapse_24_fri": 0.034049365731873116, "total_collapse_24": 0.1304624921628067, "raw_ratio_25_mon": 0.91711723172826154, "raw_ratio_25_fri": 0.97818204948794607, "collapse_25_mon": 0.082882768271738461, "collapse_25_fri": 0.019130951311239541, "total_collapse_25": 0.102013719582978, "cumulative_collapse_score": 0.34330670060062518, "shock_rank": 217, "top100_affected": false }, "geometry": { "type": "Point", "coordinates": [ -0.244549258009932, 51.532405511111399, 0.0 ] } },
{ "type": "Feature", "properties": { "clean_name": "Uxbridge", "2019_Midweek": 27430, "2019_Friday": 27187, "2023_Monday": 18749.0, "2023_Midweek": 20020.0, "2023_Friday": 18597.0, "2024_Monday": 17612.0, "2024_Midweek": 18741.0, "2024_Friday": 17533.0, "2025_Monday": 16859.0, "2025_Midweek": 17648.0, "2025_Friday": 16848.0, "raw_ratio_19_mon": 1.0, "raw_ratio_19_fri": 0.99114108640174992, "raw_ratio_23_mon": 0.93651348651348654, "raw_ratio_23_fri": 0.92892107892107889, "collapse_23_mon": 0.063486513486513463, "collapse_23_fri": 0.062776135844146319, "total_collapse_23": 0.12626264933065978, "raw_ratio_24_mon": 0.93975775038685239, "raw_ratio_24_fri": 0.93554239368230085, "collapse_24_mon": 0.060242249613147614, "collapse_24_fri": 0.056095639139827402, "total_collapse_24": 0.11633788875297502, "raw_ratio_25_mon": 0.95529238440616504, "raw_ratio_25_fri": 0.95466908431550312, "collapse_25_mon": 0.04470761559383496, "collapse_25_fri": 0.036797992320805828, "total_collapse_25": 0.081505607914640787, "cumulative_collapse_score": 0.32410614599827559, "shock_rank": 218, "top100_affected": false }, "geometry": { "type": "Point", "coordinates": [ -0.47761385063621, 51.546464016624, 0.0 ] } },
{ "type": "Feature", "properties": { "clean_name": "Woodside Park", "2019_Midweek": 14666, "2019_Friday": 14426, "2023_Monday": 12988.0, "2023_Midweek": 12598.0, "2023_Friday": 11965.0, "2024_Monday": 9542.0, "2024_Midweek": 10893.0, "2024_Friday": 10187.0, "2025_Monday": 9780.0, "2025_Midweek": 10959.0, "2025_Friday": 10379.0, "raw_ratio_19_mon": 1.0, "raw_ratio_19_fri": 0.98363561980090009, "raw_ratio_23_mon": 1.0309572948086998, "raw_ratio_23_fri": 0.94975392919511037, "collapse_23_mon": -0.030957294808699798, "collapse_23_fri": 0.034445367698912488, "total_collapse_23": 0.0034880728902126901, "raw_ratio_24_mon": 0.8759753970439732, "raw_ratio_24_fri": 0.93518773524281651, "collapse_24_mon": 0.1240246029560268, "collapse_24_fri": 0.049253894005881982, "total_collapse_24": 0.17327849696190878, "raw_ratio_25_mon": 0.89241719134957564, "raw_ratio_25_fri": 0.94707546308969792, "collapse_25_mon": 0.10758280865042436, "collapse_25_fri": 0.037168394449361597, "total_collapse_25": 0.14475120309978595, "cumulative_collapse_score": 0.32151777295190742, "shock_rank": 219, "top100_affected": false }, "geometry": { "type": "Point", "coordinates": [ -0.185486090420871, 51.618089354040301, 0.0 ] } },
{ "type": "Feature", "properties": { "clean_name": "Northwood Hills", "2019_Midweek": 6598, "2019_Friday": 6316, "2023_Monday": 4622.0, "2023_Midweek": 5203.0, "2023_Friday": 4801.0, "2024_Monday": 4520.0, "2024_Midweek": 4801.0, "2024_Friday": 4652.0, "2025_Monday": 4720.0, "2025_Midweek": 5297.0, "2025_Friday": 4979.0, "raw_ratio_19_mon": 1.0, "raw_ratio_19_fri": 0.95725977568960297, "raw_ratio_23_mon": 0.8883336536613492, "raw_ratio_23_fri": 0.92273688256774933, "collapse_23_mon": 0.1116663463386508, "collapse_23_fri": 0.036064288919884446, "total_collapse_23": 0.14773063525853525, "raw_ratio_24_mon": 0.94147052697354716, "raw_ratio_24_fri": 0.96896479900020827, "collapse_24_mon": 0.058529473026452838, "collapse_24_fri": -0.012227635181028207, "total_collapse_24": 0.046301837845424632, "raw_ratio_25_mon": 0.89107041721729285, "raw_ratio_25_fri": 0.93996601850103834, "collapse_25_mon": 0.10892958278270715, "collapse_25_fri": 0.018065897709016676, "total_collapse_25": 0.12699548049172382, "cumulative_collapse_score": 0.3210279535956837, "shock_rank": 220, "top100_affected": false }, "geometry": { "type": "Point", "coordinates": [ -0.408724956208854, 51.600195157834399, 0.0 ] } },
{ "type": "Feature", "properties": { "clean_name": "Queensbury", "2019_Midweek": 13844, "2019_Friday": 13852, "2023_Monday": 10353.0, "2023_Midweek": 10788.0, "2023_Friday": 10639.0, "2024_Monday": 10038.0, "2024_Midweek": 10692.0, "2024_Friday": 10214.0, "2025_Monday": 9592.0, "2025_Midweek": 10319.0, "2025_Friday": 9527.0, "raw_ratio_19_mon": 1.0, "raw_ratio_19_fri": 1.0005778676683039, "raw_ratio_23_mon": 0.95967741935483875, "raw_ratio_23_fri": 0.98618835743418609, "collapse_23_mon": 0.040322580645161255, "collapse_23_fri": 0.01438119980371988, "total_collapse_23": 0.054703780448881134, "raw_ratio_24_mon": 0.9388327721661055, "raw_ratio_24_fri": 0.95529367751589978, "collapse_24_mon": 0.0611672278338945, "collapse_24_fri": 0.045258036996093209, "total_collapse_24": 0.10642526482998771, "raw_ratio_25_mon": 0.92954743676712859, "raw_ratio_25_fri": 0.92324837678069582, "collapse_25_mon": 0.070452563232871412, "collapse_25_fri": 0.077284830482821754, "total_collapse_25": 0.14773739371569317, "cumulative_collapse_score": 0.30886643899456201, "shock_rank": 221, "top100_affected": false }, "geometry": { "type": "Point", "coordinates": [ -0.286198003128832, 51.5941996009634, 0.0 ] } },
{ "type": "Feature", "properties": { "clean_name": "Rayners Lane", "2019_Midweek": 14095, "2019_Friday": 13722, "2023_Monday": 10824.0, "2023_Midweek": 11805.0, "2023_Friday": 11067.0, "2024_Monday": 10555.0, "2024_Midweek": 11439.0, "2024_Friday": 11036.0, "2025_Monday": 10437.0, "2025_Midweek": 11070.0, "2025_Friday": 10341.0, "raw_ratio_19_mon": 1.0, "raw_ratio_19_fri": 0.97353671514721529, "raw_ratio_23_mon": 0.9168996188055909, "raw_ratio_23_fri": 0.93748411689961886, "collapse_23_mon": 0.083100381194409101, "collapse_23_fri": 0.037032602557926841, "total_collapse_23": 0.12013298375233594, "raw_ratio_24_mon": 0.92272051752775597, "raw_ratio_24_fri": 0.964769647696477, "collapse_24_mon": 0.077279482472244032, "collapse_24_fri": 0.0090053793702198348, "total_collapse_24": 0.086284861842463867, "raw_ratio_25_mon": 0.94281842818428185, "raw_ratio_25_fri": 0.93414634146341469, "collapse_25_mon": 0.057181571815718146, "collapse_25_fri": 0.040461107496951532, "total_collapse_25": 0.097642679312669678, "cumulative_collapse_score": 0.30406052490746949, "shock_rank": 222, "top100_affected": false }, "geometry": { "type": "Point", "coordinates": [ -0.371424615779741, 51.575197076660501, 0.0 ] } },
{ "type": "Feature", "properties": { "clean_name": "Preston Road", "2019_Midweek": 10902, "2019_Friday": 10783, "2023_Monday": 7948.0, "2023_Midweek": 8596.0, "2023_Friday": 8246.0, "2024_Monday": 7829.0, "2024_Midweek": 8604.0, "2024_Friday": 8092.0, "2025_Monday": 7771.0, "2025_Midweek": 8062.0, "2025_Friday": 7821.0, "raw_ratio_19_mon": 1.0, "raw_ratio_19_fri": 0.98908457163823149, "raw_ratio_23_mon": 0.92461610051186593, "raw_ratio_23_fri": 0.95928338762214982, "collapse_23_mon": 0.075383899488134065, "collapse_23_fri": 0.030130066599584726, "total_collapse_23": 0.10551396608771879, "raw_ratio_24_mon": 0.90992561599256161, "raw_ratio_24_fri": 0.94049279404927943, "collapse_24_mon": 0.090074384007438391, "collapse_24_fri": 0.049128031092901314, "total_collapse_24": 0.1392024151003397, "raw_ratio_25_mon": 0.96390473827834289, "raw_ratio_25_fri": 0.97010667328206401, "collapse_25_mon": 0.036095261721657113, "collapse_25_fri": 0.019187336351566109, "total_collapse_25": 0.055282598073223221, "cumulative_collapse_score": 0.29999897926128172, "shock_rank": 223, "top100_affected": false }, "geometry": { "type": "Point", "coordinates": [ -0.295106291500494, 51.572016147939202, 0.0 ] } },
{ "type": "Feature", "properties": { "clean_name": "Boston Manor", "2019_Midweek": 7286, "2019_Friday": 7112, "2023_Monday": 4709.0, "2023_Midweek": 5147.0, "2023_Friday": 4814.0, "2024_Monday": 4322.0, "2024_Midweek": 4716.0, "2024_Friday": 4472.0, "2025_Monday": 4132.0, "2025_Midweek": 4425.0, "2025_Friday": 4357.0, "raw_ratio_19_mon": 1.0, "raw_ratio_19_fri": 0.9761185835849574, "raw_ratio_23_mon": 0.91490188459296673, "raw_ratio_23_fri": 0.93530211773848848, "collapse_23_mon": 0.08509811540703327, "collapse_23_fri": 0.041815068919765497, "total_collapse_23": 0.12691318432679877, "raw_ratio_24_mon": 0.91645462256149279, "raw_ratio_24_fri": 0.94826123833757425, "collapse_24_mon": 0.083545377438507207, "collapse_24_fri": 0.028538894470252152, "total_collapse_24": 0.11208427190875936, "raw_ratio_25_mon": 0.93378531073446325, "raw_ratio_25_fri": 0.98463276836158187, "collapse_25_mon": 0.066214689265536752, "collapse_25_fri": -0.0087224901971998392, "total_collapse_25": 0.057492199068336913, "cumulative_collapse_score": 0.29648965530389504, "shock_rank": 224, "top100_affected": false }, "geometry": { "type": "Point", "coordinates": [ -0.325573315900841, 51.495220137378702, 0.0 ] } },
{ "type": "Feature", "properties": { "clean_name": "Hounslow Central", "2019_Midweek": 11899, "2019_Friday": 11899, "2023_Monday": 9809.0, "2023_Midweek": 10223.0, "2023_Friday": 9958.0, "2024_Monday": 9870.0, "2024_Midweek": 10545.0, "2024_Friday": 10240.0, "2025_Monday": 9822.0, "2025_Midweek": 10703.0, "2025_Friday": 10165.0, "raw_ratio_19_mon": 1.0, "raw_ratio_19_fri": 1.0, "raw_ratio_23_mon": 0.95950308128729334, "raw_ratio_23_fri": 0.97407805927809843, "collapse_23_mon": 0.040496918712706664, "collapse_23_fri": 0.025921940721901571, "total_collapse_23": 0.066418859434608235, "raw_ratio_24_mon": 0.93598862019914653, "raw_ratio_24_fri": 0.97107633949739214, "collapse_24_mon": 0.064011379800853474, "collapse_24_fri": 0.028923660502607862, "total_collapse_24": 0.092935040303461336, "raw_ratio_25_mon": 0.9176866299168458, "raw_ratio_25_fri": 0.94973371951789221, "collapse_25_mon": 0.082313370083154203, "collapse_25_fri": 0.050266280482107795, "total_collapse_25": 0.132579650565262, "cumulative_collapse_score": 0.29193355030333157, "shock_rank": 225, "top100_affected": false }, "geometry": { "type": "Point", "coordinates": [ -0.366272590499386, 51.471319678598299, 0.0 ] } },
{ "type": "Feature", "properties": { "clean_name": "Stepney Green", "2019_Midweek": 20068, "2019_Friday": 20394, "2023_Monday": 17896.0, "2023_Midweek": 18443.0, "2023_Friday": 17698.0, "2024_Monday": 17749.0, "2024_Midweek": 18352.0, "2024_Friday": 18005.0, "2025_Monday": 16863.0, "2025_Midweek": 17953.0, "2025_Friday": 17176.0, "raw_ratio_19_mon": 1.0, "raw_ratio_19_fri": 1.0162447677895157, "raw_ratio_23_mon": 0.97034105080518351, "raw_ratio_23_fri": 0.95960527029225184, "collapse_23_mon": 0.029658949194816486, "collapse_23_fri": 0.055734109825198108, "total_collapse_23": 0.085393059020014594, "raw_ratio_24_mon": 0.96714254577157799, "raw_ratio_24_fri": 0.98109197907585, "collapse_24_mon": 0.032857454228422012, "collapse_24_fri": 0.034590868093843374, "total_collapse_24": 0.067448322322265386, "raw_ratio_25_mon": 0.9392859132178466, "raw_ratio_25_fri": 0.95672032529382278, "collapse_25_mon": 0.060714086782153398, "collapse_25_fri": 0.058572938707637801, "total_collapse_25": 0.1192870254897912, "cumulative_collapse_score": 0.27212840683207118, "shock_rank": 226, "top100_affected": false }, "geometry": { "type": "Point", "coordinates": [ -0.046563851823429, 51.521862925881301, 0.0 ] } },
{ "type": "Feature", "properties": { "clean_name": "Stonebridge Park", "2019_Midweek": 8311, "2019_Friday": 8091, "2023_Monday": 7906.0, "2023_Midweek": 8449.0, "2023_Friday": 8358.0, "2024_Monday": 7849.0, "2024_Midweek": 8596.0, "2024_Friday": 8137.0, "2025_Monday": 7960.0, "2025_Midweek": 8596.0, "2025_Friday": 8162.0, "raw_ratio_19_mon": 1.0, "raw_ratio_19_fri": 0.97352905787510524, "raw_ratio_23_mon": 0.93573203929459103, "raw_ratio_23_fri": 0.9892294946147473, "collapse_23_mon": 0.064267960705408966, "collapse_23_fri": -0.01612734269474303, "total_collapse_23": 0.048140618010665936, "raw_ratio_24_mon": 0.91309911586784553, "raw_ratio_24_fri": 0.94660307119590503, "collapse_24_mon": 0.086900884132154466, "collapse_24_fri": 0.027658123259279854, "total_collapse_24": 0.11455900739143432, "raw_ratio_25_mon": 0.92601209865053513, "raw_ratio_25_fri": 0.94951140065146578, "collapse_25_mon": 0.073987901349464869, "collapse_25_fri": 0.024670714273349104, "total_collapse_25": 0.098658615622813972, "cumulative_collapse_score": 0.26135824102491423, "shock_rank": 227, "top100_affected": false }, "geometry": { "type": "Point", "coordinates": [ -0.276443341234838, 51.544194367455802, 0.0 ] } },
{ "type": "Feature", "properties": { "clean_name": "Ladbroke Grove", "2019_Midweek": 18626, "2019_Friday": 19679, "2023_Monday": 16131.0, "2023_Midweek": 17651.0, "2023_Friday": 19417.0, "2024_Monday": 16786.0, "2024_Midweek": 18108.0, "2024_Friday": 19315.0, "2025_Monday": 16240.0, "2025_Midweek": 18865.0, "2025_Friday": 19700.0, "raw_ratio_19_mon": 1.0, "raw_ratio_19_fri": 1.0565338773757114, "raw_ratio_23_mon": 0.91388589881593107, "raw_ratio_23_fri": 1.1000509886125431, "collapse_23_mon": 0.086114101184068925, "collapse_23_fri": -0.041188562116836636, "total_collapse_23": 0.04492553906723229, "raw_ratio_24_mon": 0.92699359399160597, "raw_ratio_24_fri": 1.0666556218246079, "collapse_24_mon": 0.073006406008394031, "collapse_24_fri": -0.0095801418824710272, "total_collapse_24": 0.063426264125923004, "raw_ratio_25_mon": 0.86085343228200373, "raw_ratio_25_fri": 1.0442618605883911, "collapse_25_mon": 0.13914656771799627, "collapse_25_fri": 0.011615355692902396, "total_collapse_25": 0.15076192341089867, "cumulative_collapse_score": 0.25911372660405396, "shock_rank": 228, "top100_affected": false }, "geometry": { "type": "Point", "coordinates": [ -0.210877644206675, 51.517322093498002, 0.0 ] } },
{ "type": "Feature", "properties": { "clean_name": "Becontree", "2019_Midweek": 11621, "2019_Friday": 11733, "2023_Monday": 9761.0, "2023_Midweek": 10494.0, "2023_Friday": 9788.0, "2024_Monday": 9810.0, "2024_Midweek": 9988.0, "2024_Friday": 9915.0, "2025_Monday": 9801.0, "2025_Midweek": 10150.0, "2025_Friday": 9858.0, "raw_ratio_19_mon": 1.0, "raw_ratio_19_fri": 1.0096377248085362, "raw_ratio_23_mon": 0.93015056222603387, "raw_ratio_23_fri": 0.93272346102534787, "collapse_23_mon": 0.069849437773966128, "collapse_23_fri": 0.076180061316324155, "total_collapse_23": 0.14602949909029028, "raw_ratio_24_mon": 0.98217861433720466, "raw_ratio_24_fri": 0.99269122947537047, "collapse_24_mon": 0.017821385662795342, "collapse_24_fri": 0.016784728736616294, "total_collapse_24": 0.034606114399411636, "raw_ratio_25_mon": 0.96561576354679801, "raw_ratio_25_fri": 0.97123152709359606, "collapse_25_mon": 0.034384236453201988, "collapse_25_fri": 0.0380395826851887, "total_collapse_25": 0.072423819138390688, "cumulative_collapse_score": 0.25305943262809261, "shock_rank": 229, "top100_affected": false }, "geometry": { "type": "Point", "coordinates": [ 0.127369132999237, 51.5403456308199, 0.0 ] } },
{ "type": "Feature", "properties": { "clean_name": "Upney", "2019_Midweek": 8818, "2019_Friday": 8699, "2023_Monday": 7368.0, "2023_Midweek": 7870.0, "2023_Friday": 7424.0, "2024_Monday": 7440.0, "2024_Midweek": 7611.0, "2024_Friday": 7493.0, "2025_Monday": 6988.0, "2025_Midweek": 7620.0, "2025_Friday": 7279.0, "raw_ratio_19_mon": 1.0, "raw_ratio_19_fri": 0.98650487638920392, "raw_ratio_23_mon": 0.93621346886912327, "raw_ratio_23_fri": 0.94332909783989838, "collapse_23_mon": 0.063786531130876734, "collapse_23_fri": 0.04376641168499551, "total_collapse_23": 0.10755294281587224, "raw_ratio_24_mon": 0.97753251872290103, "raw_ratio_24_fri": 0.98449612403100772, "collapse_24_mon": 0.022467481277098966, "collapse_24_fri": 0.0020362315547274301, "total_collapse_24": 0.024503712831826396, "raw_ratio_25_mon": 0.91706036745406827, "raw_ratio_25_fri": 0.95524934383202098, "collapse_25_mon": 0.08293963254593173, "collapse_25_fri": 0.031683099906798406, "total_collapse_25": 0.11462273245273014, "cumulative_collapse_score": 0.24667938810042878, "shock_rank": 230, "top100_affected": false }, "geometry": { "type": "Point", "coordinates": [ 0.101580801616486, 51.5383556220537, 0.0 ] } },
{ "type": "Feature", "properties": { "clean_name": "Ruislip", "2019_Midweek": 6555, "2019_Friday": 6346, "2023_Monday": 4572.0, "2023_Midweek": 5088.0, "2023_Friday": 5075.0, "2024_Monday": 4445.0, "2024_Midweek": 5077.0, "2024_Friday": 4822.0, "2025_Monday": 4394.0, "2025_Midweek": 4686.0, "2025_Friday": 4713.0, "raw_ratio_19_mon": 1.0, "raw_ratio_19_fri": 0.96811594202898554, "raw_ratio_23_mon": 0.89858490566037741, "raw_ratio_23_fri": 0.9974449685534591, "collapse_23_mon": 0.10141509433962259, "collapse_23_fri": -0.030294952547734733, "total_collapse_23": 0.071120141791887859, "raw_ratio_24_mon": 0.87551703762064215, "raw_ratio_24_fri": 0.94977348828048058, "collapse_24_mon": 0.12448296237935785, "collapse_24_fri": 0.018946546536629416, "total_collapse_24": 0.14342950891598727, "raw_ratio_25_mon": 0.93768672641912076, "raw_ratio_25_fri": 1.0057618437900129, "collapse_25_mon": 0.062313273580879236, "collapse_25_fri": -0.038885736848965458, "total_collapse_25": 0.023427536731913778, "cumulative_collapse_score": 0.23797718743978891, "shock_rank": 231, "top100_affected": false }, "geometry": { "type": "Point", "coordinates": [ -0.421769765301183, 51.571293449854203, 0.0 ] } },
{ "type": "Feature", "properties": { "clean_name": "Barking", "2019_Midweek": 60373, "2019_Friday": 60555, "2023_Monday": 49704.0, "2023_Midweek": 52467.0, "2023_Friday": 50979.0, "2024_Monday": 57030.0, "2024_Midweek": 59525.0, "2024_Friday": 58529.0, "2025_Monday": 56644.0, "2025_Midweek": 59697.0, "2025_Friday": 57554.0, "raw_ratio_19_mon": 1.0, "raw_ratio_19_fri": 1.0030145926159044, "raw_ratio_23_mon": 0.9473383269483675, "raw_ratio_23_fri": 0.97163931614157473, "collapse_23_mon": 0.052661673051632496, "collapse_23_fri": 0.03128097707183064, "total_collapse_23": 0.083942650123463136, "raw_ratio_24_mon": 0.95808483830323399, "raw_ratio_24_fri": 0.98326753464930705, "collapse_24_mon": 0.041915161696766012, "collapse_24_fri": 0.019687707548796674, "total_collapse_24": 0.061602869245562686, "raw_ratio_25_mon": 0.94885840159472001, "raw_ratio_25_fri": 0.96410204867916316, "collapse_25_mon": 0.051141598405279987, "collapse_25_fri": 0.038795591034479049, "total_collapse_25": 0.089937189439759035, "cumulative_collapse_score": 0.23548270880878486, "shock_rank": 232, "top100_affected": false }, "geometry": { "type": "Point", "coordinates": [ 0.080209129564163, 51.539886147518601, 0.0 ] } },
{ "type": "Feature", "properties": { "clean_name": "Richmond", "2019_Midweek": 24618, "2019_Friday": 23799, "2023_Monday": 27092.0, "2023_Midweek": 28381.0, "2023_Friday": 29085.0, "2024_Monday": 33749.0, "2024_Midweek": 39902.0, "2024_Friday": 39479.0, "2025_Monday": 34833.0, "2025_Midweek": 41198.0, "2025_Friday": 41277.0, "raw_ratio_19_mon": 1.0, "raw_ratio_19_fri": 0.96673165976115039, "raw_ratio_23_mon": 0.95458229096931047, "raw_ratio_23_fri": 1.0248053275078397, "collapse_23_mon": 0.045417709030689535, "collapse_23_fri": -0.060072169107441287, "total_collapse_23": -0.014654460076751752, "raw_ratio_24_mon": 0.8457972031477119, "raw_ratio_24_fri": 0.9893990276176633, "collapse_24_mon": 0.1542027968522881, "collapse_24_fri": -0.023447424761193103, "total_collapse_24": 0.130755372091095, "raw_ratio_25_mon": 0.84550220884508953, "raw_ratio_25_fri": 1.0019175688140201, "collapse_25_mon": 0.15449779115491047, "collapse_25_fri": -0.036396769152634345, "total_collapse_25": 0.11810102200227612, "cumulative_collapse_score": 0.23420193401661937, "shock_rank": 233, "top100_affected": false }, "geometry": { "type": "Point", "coordinates": [ -0.301646518963653, 51.463118431841799, 0.0 ] } },
{ "type": "Feature", "properties": { "clean_name": "Dagenham East", "2019_Midweek": 10213, "2019_Friday": 9940, "2023_Monday": 8851.0, "2023_Midweek": 9469.0, "2023_Friday": 8970.0, "2024_Monday": 8821.0, "2024_Midweek": 9192.0, "2024_Friday": 8921.0, "2025_Monday": 9275.0, "2025_Midweek": 9845.0, "2025_Friday": 9205.0, "raw_ratio_19_mon": 1.0, "raw_ratio_19_fri": 0.97326936257710761, "raw_ratio_23_mon": 0.93473439645157885, "raw_ratio_23_fri": 0.94730172140669555, "collapse_23_mon": 0.065265603548421147, "collapse_23_fri": 0.026680836949036002, "total_collapse_23": 0.091946440497457149, "raw_ratio_24_mon": 0.95963881636205395, "raw_ratio_24_fri": 0.97051784160139254, "collapse_24_mon": 0.040361183637946052, "collapse_24_fri": 0.0028270909180058146, "total_collapse_24": 0.043188274555951867, "raw_ratio_25_mon": 0.94210259014728293, "raw_ratio_25_fri": 0.9349923819197562, "collapse_25_mon": 0.057897409852717074, "collapse_25_fri": 0.039328249844419516, "total_collapse_25": 0.097225659697136591, "cumulative_collapse_score": 0.23236037475054561, "shock_rank": 234, "top100_affected": false }, "geometry": { "type": "Point", "coordinates": [ 0.166003962649862, 51.544161770606699, 0.0 ] } },
{ "type": "Feature", "properties": { "clean_name": "Neasden", "2019_Midweek": 11300, "2019_Friday": 11462, "2023_Monday": 8490.0, "2023_Midweek": 8866.0, "2023_Friday": 8723.0, "2024_Monday": 8375.0, "2024_Midweek": 8821.0, "2024_Friday": 8649.0, "2025_Monday": 8459.0, "2025_Midweek": 8761.0, "2025_Friday": 8522.0, "raw_ratio_19_mon": 1.0, "raw_ratio_19_fri": 1.0143362831858407, "raw_ratio_23_mon": 0.95759079630047372, "raw_ratio_23_fri": 0.9838709677419355, "collapse_23_mon": 0.042409203699526277, "collapse_23_fri": 0.030034729062653032, "total_collapse_23": 0.072443932762179308, "raw_ratio_24_mon": 0.94943883913388505, "raw_ratio_24_fri": 0.98050107697539957, "collapse_24_mon": 0.050561160866114951, "collapse_24_fri": 0.033356990942068121, "total_collapse_24": 0.083918151808183072, "raw_ratio_25_mon": 0.96552904919529736, "raw_ratio_25_fri": 0.97272000913137768, "collapse_25_mon": 0.034470950804702638, "collapse_25_fri": 0.041028083826158745, "total_collapse_25": 0.075499034630861384, "cumulative_collapse_score": 0.23186111920122376, "shock_rank": 235, "top100_affected": false }, "geometry": { "type": "Point", "coordinates": [ -0.251146617248987, 51.5544285977155, 0.0 ] } },
{ "type": "Feature", "properties": { "clean_name": "Upton Park", "2019_Midweek": 32007, "2019_Friday": 31895, "2023_Monday": 27576.0, "2023_Midweek": 29058.0, "2023_Friday": 28759.0, "2024_Monday": 34541.0, "2024_Midweek": 37522.0, "2024_Friday": 38022.0, "2025_Monday": 34267.0, "2025_Midweek": 37743.0, "2025_Friday": 37197.0, "raw_ratio_19_mon": 1.0, "raw_ratio_19_fri": 0.99650076545755617, "raw_ratio_23_mon": 0.94899855461490812, "raw_ratio_23_fri": 0.98971023470300779, "collapse_23_mon": 0.051001445385091881, "collapse_23_fri": 0.0068143758539216392, "total_collapse_23": 0.057815821239013521, "raw_ratio_24_mon": 0.92055327541175846, "raw_ratio_24_fri": 1.0133255156974574, "collapse_24_mon": 0.079446724588241535, "collapse_24_fri": -0.016883830723577908, "total_collapse_24": 0.062562893864663627, "raw_ratio_25_mon": 0.90790345229578995, "raw_ratio_25_fri": 0.98553374135601302, "collapse_25_mon": 0.092096547704210052, "collapse_25_fri": 0.011005535049948056, "total_collapse_25": 0.10310208275415811, "cumulative_collapse_score": 0.22348079785783526, "shock_rank": 236, "top100_affected": false }, "geometry": { "type": "Point", "coordinates": [ 0.03523731439865, 51.535381142130099, 0.0 ] } },
{ "type": "Feature", "properties": { "clean_name": "Kingsbury", "2019_Midweek": 15133, "2019_Friday": 15259, "2023_Monday": 11549.0, "2023_Midweek": 11985.0, "2023_Friday": 12144.0, "2024_Monday": 12435.0, "2024_Midweek": 13248.0, "2024_Friday": 12719.0, "2025_Monday": 11220.0, "2025_Midweek": 11926.0, "2025_Friday": 11760.0, "raw_ratio_19_mon": 1.0, "raw_ratio_19_fri": 1.0083261745853433, "raw_ratio_23_mon": 0.96362119315811434, "raw_ratio_23_fri": 1.0132665832290364, "collapse_23_mon": 0.036378806841885658, "collapse_23_fri": -0.0048996136054135775, "total_collapse_23": 0.031479193236472081, "raw_ratio_24_mon": 0.93863224637681164, "raw_ratio_24_fri": 0.96006944444444442, "collapse_24_mon": 0.061367753623188359, "collapse_24_fri": 0.047858253963052877, "total_collapse_24": 0.10922600758624124, "raw_ratio_25_mon": 0.94080160992788864, "raw_ratio_25_fri": 0.98608083179607575, "collapse_25_mon": 0.059198390072111362, "collapse_25_fri": 0.022061653609672049, "total_collapse_25": 0.081260043681783412, "cumulative_collapse_score": 0.22196524450449673, "shock_rank": 237, "top100_affected": false }, "geometry": { "type": "Point", "coordinates": [ -0.278620804099266, 51.584643276262803, 0.0 ] } },
{ "type": "Feature", "properties": { "clean_name": "North Wembley", "2019_Midweek": 5240, "2019_Friday": 5247, "2023_Monday": 4414.0, "2023_Midweek": 4573.0, "2023_Friday": 4489.0, "2024_Monday": 4447.0, "2024_Midweek": 4698.0, "2024_Friday": 4570.0, "2025_Monday": 4652.0, "2025_Midweek": 4866.0, "2025_Friday": 4696.0, "raw_ratio_19_mon": 1.0, "raw_ratio_19_fri": 1.0013358778625954, "raw_ratio_23_mon": 0.96523070194620597, "raw_ratio_23_fri": 0.98163131423573147, "collapse_23_mon": 0.034769298053794029, "collapse_23_fri": 0.019678275853776794, "total_collapse_23": 0.054447573907570823, "raw_ratio_24_mon": 0.94657300979140058, "raw_ratio_24_fri": 0.97275436355896128, "collapse_24_mon": 0.053426990208599423, "collapse_24_fri": 0.028543383829053304, "total_collapse_24": 0.081970374037652727, "raw_ratio_25_mon": 0.95602137279079324, "raw_ratio_25_fri": 0.96506370735717217, "collapse_25_mon": 0.043978627209206755, "collapse_25_fri": 0.036223779959675517, "total_collapse_25": 0.080202407168882273, "cumulative_collapse_score": 0.21662035511410582, "shock_rank": 238, "top100_affected": false }, "geometry": { "type": "Point", "coordinates": [ -0.303859909432008, 51.562395726373701, 0.0 ] } },
{ "type": "Feature", "properties": { "clean_name": "Dagenham Heathway", "2019_Midweek": 19754, "2019_Friday": 19995, "2023_Monday": 16039.0, "2023_Midweek": 17258.0, "2023_Friday": 16875.0, "2024_Monday": 16259.0, "2024_Midweek": 16553.0, "2024_Friday": 16355.0, "2025_Monday": 15959.0, "2025_Midweek": 16694.0, "2025_Friday": 16463.0, "raw_ratio_19_mon": 1.0, "raw_ratio_19_fri": 1.0122000607471904, "raw_ratio_23_mon": 0.92936609108819102, "raw_ratio_23_fri": 0.97780739367249969, "collapse_23_mon": 0.070633908911808985, "collapse_23_fri": 0.033978131802622658, "total_collapse_23": 0.10461204071443164, "raw_ratio_24_mon": 0.9822388690871745, "raw_ratio_24_fri": 0.98803842203830117, "collapse_24_mon": 0.017761130912825496, "collapse_24_fri": 0.02387041815730917, "total_collapse_24": 0.041631549070134666, "raw_ratio_25_mon": 0.95597220558284413, "raw_ratio_25_fri": 0.98616269318317962, "collapse_25_mon": 0.044027794417155874, "collapse_25_fri": 0.025723538827680303, "total_collapse_25": 0.069751333244836178, "cumulative_collapse_score": 0.21599492302940249, "shock_rank": 239, "top100_affected": false }, "geometry": { "type": "Point", "coordinates": [ 0.147546820248486, 51.541618480418698, 0.0 ] } },
{ "type": "Feature", "properties": { "clean_name": "Hounslow West", "2019_Midweek": 11103, "2019_Friday": 11372, "2023_Monday": 8535.0, "2023_Midweek": 9047.0, "2023_Friday": 9131.0, "2024_Monday": 8764.0, "2024_Midweek": 9071.0, "2024_Friday": 9221.0, "2025_Monday": 8444.0, "2025_Midweek": 9005.0, "2025_Friday": 8859.0, "raw_ratio_19_mon": 1.0, "raw_ratio_19_fri": 1.0242276862109341, "raw_ratio_23_mon": 0.94340665413949376, "raw_ratio_23_fri": 1.0092848458052393, "collapse_23_mon": 0.056593345860506239, "collapse_23_fri": 0.01458937363915136, "total_collapse_23": 0.071182719499657598, "raw_ratio_24_mon": 0.96615588138022268, "raw_ratio_24_fri": 1.0165362143093375, "collapse_24_mon": 0.033844118619777319, "collapse_24_fri": 0.0075095332855633634, "total_collapse_24": 0.041353651905340683, "raw_ratio_25_mon": 0.93770127706829542, "raw_ratio_25_fri": 0.98378678511937812, "collapse_25_mon": 0.062298722931704575, "collapse_25_fri": 0.039484288148043056, "total_collapse_25": 0.10178301107974763, "cumulative_collapse_score": 0.21431938248474591, "shock_rank": 240, "top100_affected": false }, "geometry": { "type": "Point", "coordinates": [ -0.385772788856648, 51.473618745259898, 0.0 ] } },
{ "type": "Feature", "properties": { "clean_name": "Canning Town", "2019_Midweek": 46395, "2019_Friday": 48919, "2023_Monday": 36354.0, "2023_Midweek": 38969.0, "2023_Friday": 41831.0, "2024_Monday": 35364.0, "2024_Midweek": 38529.0, "2024_Friday": 40572.0, "2025_Monday": 34813.0, "2025_Midweek": 37430.0, "2025_Friday": 39019.0, "raw_ratio_19_mon": 1.0, "raw_ratio_19_fri": 1.0544024140532384, "raw_ratio_23_mon": 0.93289537837768488, "raw_ratio_23_fri": 1.0734429931484, "collapse_23_mon": 0.067104621622315119, "collapse_23_fri": -0.018058170999407652, "total_collapse_23": 0.049046450622907467, "raw_ratio_24_mon": 0.91785408393677492, "raw_ratio_24_fri": 1.053024994160243, "collapse_24_mon": 0.082145916063225077, "collapse_24_fri": 0.0013063512323540083, "total_collapse_24": 0.083452267295579086, "raw_ratio_25_mon": 0.93008282126636388, "raw_ratio_25_fri": 1.0424525781458722, "collapse_25_mon": 0.069917178733636121, "collapse_25_fri": 0.011333278213419229, "total_collapse_25": 0.081250456947055349, "cumulative_collapse_score": 0.2137491748655419, "shock_rank": 241, "top100_affected": false }, "geometry": { "type": "Point", "coordinates": [ 0.007974158419873, 51.5141228765766, 0.0 ] } },
{ "type": "Feature", "properties": { "clean_name": "Hounslow East", "2019_Midweek": 12593, "2019_Friday": 13043, "2023_Monday": 10622.0, "2023_Midweek": 11243.0, "2023_Friday": 11126.0, "2024_Monday": 10659.0, "2024_Midweek": 10899.0, "2024_Friday": 11129.0, "2025_Monday": 10109.0, "2025_Midweek": 10527.0, "2025_Friday": 10612.0, "raw_ratio_19_mon": 1.0, "raw_ratio_19_fri": 1.0357341380131819, "raw_ratio_23_mon": 0.94476563194876817, "raw_ratio_23_fri": 0.98959352485991281, "collapse_23_mon": 0.05523436805123183, "collapse_23_fri": 0.044548703629465503, "total_collapse_23": 0.099783071680697333, "raw_ratio_24_mon": 0.97797963115882192, "raw_ratio_24_fri": 1.0211028534727957, "collapse_24_mon": 0.022020368841178084, "collapse_24_fri": 0.014126486714489239, "total_collapse_24": 0.036146855555667323, "raw_ratio_25_mon": 0.96029258098223613, "raw_ratio_25_fri": 1.0080744751591146, "collapse_25_mon": 0.039707419017763868, "collapse_25_fri": 0.026705369494845477, "total_collapse_25": 0.066412788512609344, "cumulative_collapse_score": 0.202342715748974, "shock_rank": 242, "top100_affected": false }, "geometry": { "type": "Point", "coordinates": [ -0.356313033726448, 51.4732627979418, 0.0 ] } },
{ "type": "Feature", "properties": { "clean_name": "Heathrow Terminal 4", "2019_Midweek": 5897, "2019_Friday": 7407, "2023_Monday": 4413.0, "2023_Midweek": 4154.0, "2023_Friday": 4897.0, "2024_Monday": 4730.0, "2024_Midweek": 4721.0, "2024_Friday": 5393.0, "2025_Monday": 4805.0, "2025_Midweek": 4807.0, "2025_Friday": 5396.0, "raw_ratio_19_mon": 1.0, "raw_ratio_19_fri": 1.2560624046125148, "raw_ratio_23_mon": 1.0623495426095331, "raw_ratio_23_fri": 1.1788637457871931, "collapse_23_mon": -0.062349542609533071, "collapse_23_fri": 0.06146084664410989, "total_collapse_23": -0.00088869596542318074, "raw_ratio_24_mon": 1.0019063757678457, "raw_ratio_24_fri": 1.1423427239991528, "collapse_24_mon": -0.0019063757678456916, "collapse_24_fri": 0.090536648653570362, "total_collapse_24": 0.08863027288572467, "raw_ratio_25_mon": 0.99958394008737261, "raw_ratio_25_fri": 1.1225296442687747, "collapse_25_mon": 0.00041605991262738673, "collapse_25_fri": 0.106310609929396, "total_collapse_25": 0.10672666984202339, "cumulative_collapse_score": 0.19446824676232488, "shock_rank": 243, "top100_affected": false }, "geometry": { "type": "Point", "coordinates": [ -0.445693269874028, 51.458540541081803, 0.0 ] } },
{ "type": "Feature", "properties": { "clean_name": "Sudbury Hill", "2019_Midweek": 6418, "2019_Friday": 6312, "2023_Monday": 5564.0, "2023_Midweek": 5873.0, "2023_Friday": 5476.0, "2024_Monday": 5542.0, "2024_Midweek": 5756.0, "2024_Friday": 5571.0, "2025_Monday": 5105.0, "2025_Midweek": 5163.0, "2025_Friday": 4970.0, "raw_ratio_19_mon": 1.0, "raw_ratio_19_fri": 0.98348395138672484, "raw_ratio_23_mon": 0.94738634428741697, "raw_ratio_23_fri": 0.93240252000681079, "collapse_23_mon": 0.05261365571258303, "collapse_23_fri": 0.05193926276874028, "total_collapse_23": 0.10455291848132331, "raw_ratio_24_mon": 0.96282140375260594, "raw_ratio_24_fri": 0.96785962473940235, "collapse_24_mon": 0.037178596247394058, "collapse_24_fri": 0.015886712360981603, "total_collapse_24": 0.053065308608375661, "raw_ratio_25_mon": 0.98876622118923108, "raw_ratio_25_fri": 0.96261863257795854, "collapse_25_mon": 0.011233778810768924, "collapse_25_fri": 0.021215718649344462, "total_collapse_25": 0.032449497460113386, "cumulative_collapse_score": 0.19006772454981236, "shock_rank": 244, "top100_affected": false }, "geometry": { "type": "Point", "coordinates": [ -0.33660181396072, 51.556966716028299, 0.0 ] } },
{ "type": "Feature", "properties": { "clean_name": "Wembley Central", "2019_Midweek": 18170, "2019_Friday": 19148, "2023_Monday": 14645.0, "2023_Midweek": 15179.0, "2023_Friday": 16132.0, "2024_Monday": 15262.0, "2024_Midweek": 15815.0, "2024_Friday": 15796.0, "2025_Monday": 15617.0, "2025_Midweek": 15965.0, "2025_Friday": 16060.0, "raw_ratio_19_mon": 1.0, "raw_ratio_19_fri": 1.0538249862410567, "raw_ratio_23_mon": 0.96481981685223006, "raw_ratio_23_fri": 1.06278410962514, "collapse_23_mon": 0.035180183147769939, "collapse_23_fri": -0.0085015287178187293, "total_collapse_23": 0.02667865442995121, "raw_ratio_24_mon": 0.96503319633259566, "raw_ratio_24_fri": 0.99879860891558647, "collapse_24_mon": 0.034966803667404345, "collapse_24_fri": 0.052215859411102628, "total_collapse_24": 0.087182663078506972, "raw_ratio_25_mon": 0.97820231756968368, "raw_ratio_25_fri": 1.0059505167554024, "collapse_25_mon": 0.021797682430316323, "collapse_25_fri": 0.045429241202963211, "total_collapse_25": 0.067226923633279534, "cumulative_collapse_score": 0.18108824114173772, "shock_rank": 245, "top100_affected": false }, "geometry": { "type": "Point", "coordinates": [ -0.29680323156636, 51.552283329103297, 0.0 ] } },
{ "type": "Feature", "properties": { "clean_name": "Northolt", "2019_Midweek": 16553, "2019_Friday": 16277, "2023_Monday": 12769.0, "2023_Midweek": 13444.0, "2023_Friday": 13198.0, "2024_Monday": 13665.0, "2024_Midweek": 13948.0, "2024_Friday": 13665.0, "2025_Monday": 13256.0, "2025_Midweek": 13948.0, "2025_Friday": 12957.0, "raw_ratio_19_mon": 1.0, "raw_ratio_19_fri": 0.9833262852655108, "raw_ratio_23_mon": 0.94979172865218686, "raw_ratio_23_fri": 0.98170187444213031, "collapse_23_mon": 0.050208271347813138, "collapse_23_fri": 0.0016519550506491898, "total_collapse_23": 0.051860226398462328, "raw_ratio_24_mon": 0.97971035273874396, "raw_ratio_24_fri": 0.97971035273874396, "collapse_24_mon": 0.020289647261256039, "collapse_24_fri": 0.0036772458755035542, "total_collapse_24": 0.023966893136759593, "raw_ratio_25_mon": 0.95038715227989679, "raw_ratio_25_fri": 0.92895038715227984, "collapse_25_mon": 0.049612847720103215, "collapse_25_fri": 0.05529791985429211, "total_collapse_25": 0.10491076757439532, "cumulative_collapse_score": 0.18073788710961725, "shock_rank": 246, "top100_affected": false }, "geometry": { "type": "Point", "coordinates": [ -0.368628937494066, 51.548260261656402, 0.0 ] } },
{ "type": "Feature", "properties": { "clean_name": "East Ham", "2019_Midweek": 42948, "2019_Friday": 42695, "2023_Monday": 35105.0, "2023_Midweek": 36302.0, "2023_Friday": 36120.0, "2024_Monday": 34447.0, "2024_Midweek": 35885.0, "2024_Friday": 35186.0, "2025_Monday": 34163.0, "2025_Midweek": 36350.0, "2025_Friday": 35000.0, "raw_ratio_19_mon": 1.0, "raw_ratio_19_fri": 0.99410915525752075, "raw_ratio_23_mon": 0.96702661010412649, "raw_ratio_23_fri": 0.9949865021210953, "collapse_23_mon": 0.032973389895873506, "collapse_23_fri": -0.0008825458038832501, "total_collapse_23": 0.032090844091990256, "raw_ratio_24_mon": 0.95992754632854949, "raw_ratio_24_fri": 0.98052110909850909, "collapse_24_mon": 0.040072453671450514, "collapse_24_fri": 0.01366856555655771, "total_collapse_24": 0.053741019228008224, "raw_ratio_25_mon": 0.9398349381017882, "raw_ratio_25_fri": 0.96286107290233836, "collapse_25_mon": 0.060165061898211802, "collapse_25_fri": 0.031433250755132258, "total_collapse_25": 0.091598312653344061, "cumulative_collapse_score": 0.17743017597334254, "shock_rank": 247, "top100_affected": false }, "geometry": { "type": "Point", "coordinates": [ 0.052853536469472, 51.539408016337603, 0.0 ] } },
{ "type": "Feature", "properties": { "clean_name": "Harlesden", "2019_Midweek": 10604, "2019_Friday": 10156, "2023_Monday": 8192.0, "2023_Midweek": 8985.0, "2023_Friday": 8943.0, "2024_Monday": 9029.0, "2024_Midweek": 9478.0, "2024_Friday": 9023.0, "2025_Monday": 8387.0, "2025_Midweek": 8919.0, "2025_Friday": 8486.0, "raw_ratio_19_mon": 1.0, "raw_ratio_19_fri": 0.95775179177668801, "raw_ratio_23_mon": 0.91174179187534776, "raw_ratio_23_fri": 0.99532554257095163, "collapse_23_mon": 0.088258208124652238, "collapse_23_fri": -0.039231198643400189, "total_collapse_23": 0.049027009481252048, "raw_ratio_24_mon": 0.9526271365266934, "raw_ratio_24_fri": 0.95199409158050219, "collapse_24_mon": 0.047372863473306603, "collapse_24_fri": 0.0060116830327249238, "total_collapse_24": 0.053384546506031527, "raw_ratio_25_mon": 0.94035205740553873, "raw_ratio_25_fri": 0.95145195649736514, "collapse_25_mon": 0.059647942594461267, "collapse_25_fri": 0.0065777327000728913, "total_collapse_25": 0.066225675294534159, "cumulative_collapse_score": 0.16863723128181773, "shock_rank": 248, "top100_affected": false }, "geometry": { "type": "Point", "coordinates": [ -0.258566531371696, 51.536700210928501, 0.0 ] } },
{ "type": "Feature", "properties": { "clean_name": "Kenton", "2019_Midweek": 6357, "2019_Friday": 6214, "2023_Monday": 5165.0, "2023_Midweek": 5322.0, "2023_Friday": 5224.0, "2024_Monday": 5648.0, "2024_Midweek": 5917.0, "2024_Friday": 5654.0, "2025_Monday": 5675.0, "2025_Midweek": 6032.0, "2025_Friday": 5850.0, "raw_ratio_19_mon": 1.0, "raw_ratio_19_fri": 0.97750511247443761, "raw_ratio_23_mon": 0.97049981210071401, "raw_ratio_23_fri": 0.98158586997369413, "collapse_23_mon": 0.02950018789928599, "collapse_23_fri": -0.0041746661446369071, "total_collapse_23": 0.025325521754649083, "raw_ratio_24_mon": 0.95453777251985805, "raw_ratio_24_fri": 0.95555179989859729, "collapse_24_mon": 0.045462227480141948, "collapse_24_fri": 0.022458514329677604, "total_collapse_24": 0.067920741809819551, "raw_ratio_25_mon": 0.94081564986737398, "raw_ratio_25_fri": 0.96982758620689657, "collapse_25_mon": 0.059184350132626018, "collapse_25_fri": 0.0078542057423170997, "total_collapse_25": 0.067038555874943118, "cumulative_collapse_score": 0.16028481943941175, "shock_rank": 249, "top100_affected": false }, "geometry": { "type": "Point", "coordinates": [ -0.316705448121499, 51.581613501623799, 0.0 ] } },
{ "type": "Feature", "properties": { "clean_name": "Whitechapel", "2019_Midweek": 44865, "2019_Friday": 42974, "2023_Monday": 57745.0, "2023_Midweek": 60883.0, "2023_Friday": 59024.0, "2024_Monday": 57560.0, "2024_Midweek": 61325.0, "2024_Friday": 58803.0, "2025_Monday": 58514.0, "2025_Midweek": 61937.0, "2025_Friday": 59968.0, "raw_ratio_19_mon": 1.0, "raw_ratio_19_fri": 0.95785133177309711, "raw_ratio_23_mon": 0.94845851879835097, "raw_ratio_23_fri": 0.96946602499876811, "collapse_23_mon": 0.051541481201649031, "collapse_23_fri": -0.012125778646849827, "total_collapse_23": 0.039415702554799203, "raw_ratio_24_mon": 0.93860578883000412, "raw_ratio_24_fri": 0.95887484712596815, "collapse_24_mon": 0.061394211169995883, "collapse_24_fri": -0.0010685534580574529, "total_collapse_24": 0.06032565771193843, "raw_ratio_25_mon": 0.94473416536157706, "raw_ratio_25_fri": 0.96820963236837432, "collapse_25_mon": 0.055265834638422939, "collapse_25_fri": -0.01081410053071874, "total_collapse_25": 0.044451734107704199, "cumulative_collapse_score": 0.14419309437444183, "shock_rank": 250, "top100_affected": false }, "geometry": { "type": "Point", "coordinates": [ -0.060741995760638, 51.5195334172938, 0.0 ] } },
{ "type": "Feature", "properties": { "clean_name": "South Harrow", "2019_Midweek": 7250, "2019_Friday": 7316, "2023_Monday": 6654.0, "2023_Midweek": 6691.0, "2023_Friday": 6584.0, "2024_Monday": 6445.0, "2024_Midweek": 6969.0, "2024_Friday": 6853.0, "2025_Monday": 5968.0, "2025_Midweek": 6104.0, "2025_Friday": 6286.0, "raw_ratio_19_mon": 1.0, "raw_ratio_19_fri": 1.0091034482758621, "raw_ratio_23_mon": 0.99447018382902408, "raw_ratio_23_fri": 0.98400836945150205, "collapse_23_mon": 0.0055298161709759208, "collapse_23_fri": 0.024868688009378137, "total_collapse_23": 0.030398504180354058, "raw_ratio_24_mon": 0.92480987229157696, "raw_ratio_24_fri": 0.98335485722485294, "collapse_24_mon": 0.075190127708423038, "collapse_24_fri": 0.025516304691062919, "total_collapse_24": 0.10070643239948596, "raw_ratio_25_mon": 0.97771952817824381, "raw_ratio_25_fri": 1.0298165137614679, "collapse_25_mon": 0.022280471821756187, "collapse_25_fri": -0.020526206228901334, "total_collapse_25": 0.0017542655928548534, "cumulative_collapse_score": 0.13285920217269487, "shock_rank": 251, "top100_affected": false }, "geometry": { "type": "Point", "coordinates": [ -0.352071047655855, 51.564550941317499, 0.0 ] } },
{ "type": "Feature", "properties": { "clean_name": "Hatton Cross", "2019_Midweek": 10282, "2019_Friday": 10641, "2023_Monday": 8928.0, "2023_Midweek": 9349.0, "2023_Friday": 9324.0, "2024_Monday": 9629.0, "2024_Midweek": 9926.0, "2024_Friday": 10324.0, "2025_Monday": 9098.0, "2025_Midweek": 9452.0, "2025_Friday": 9915.0, "raw_ratio_19_mon": 1.0, "raw_ratio_19_fri": 1.0349153861116513, "raw_ratio_23_mon": 0.95496844582308271, "raw_ratio_23_fri": 0.99732591721039687, "collapse_23_mon": 0.045031554176917288, "collapse_23_fri": 0.036321296799426639, "total_collapse_23": 0.081352850976343927, "raw_ratio_24_mon": 0.97007858150312309, "raw_ratio_24_fri": 1.0400967156961516, "collapse_24_mon": 0.029921418496876906, "collapse_24_fri": -0.0050065248367476833, "total_collapse_24": 0.024914893660129223, "raw_ratio_25_mon": 0.96254760897164626, "raw_ratio_25_fri": 1.0489843419382141, "collapse_25_mon": 0.037452391028353738, "collapse_25_fri": -0.013594305404446727, "total_collapse_25": 0.02385808562390701, "cumulative_collapse_score": 0.13012583026038016, "shock_rank": 252, "top100_affected": false }, "geometry": { "type": "Point", "coordinates": [ -0.423443496172184, 51.466627826375003, 0.0 ] } },
{ "type": "Feature", "properties": { "clean_name": "Wembley Park", "2019_Midweek": 48867, "2019_Friday": 52689, "2023_Monday": 45938.0, "2023_Midweek": 49044.0, "2023_Friday": 59769.0, "2024_Monday": 48033.0, "2024_Midweek": 50983.0, "2024_Friday": 53230.0, "2025_Monday": 45340.0, "2025_Midweek": 50214.0, "2025_Friday": 53951.0, "raw_ratio_19_mon": 1.0, "raw_ratio_19_fri": 1.0782122905027933, "raw_ratio_23_mon": 0.93666911344914772, "raw_ratio_23_fri": 1.2186811842427208, "collapse_23_mon": 0.063330886550852283, "collapse_23_fri": -0.13027944030801564, "total_collapse_23": -0.066948553757163354, "raw_ratio_24_mon": 0.94213757527018815, "raw_ratio_24_fri": 1.0440735147009788, "collapse_24_mon": 0.057862424729811845, "collapse_24_fri": 0.031662387919817681, "total_collapse_24": 0.089524812649629526, "raw_ratio_25_mon": 0.90293543633249695, "raw_ratio_25_fri": 1.0744214760823674, "collapse_25_mon": 0.097064563667503045, "collapse_25_fri": 0.0035158330635038926, "total_collapse_25": 0.10058039673100694, "cumulative_collapse_score": 0.12315665562347311, "shock_rank": 253, "top100_affected": false }, "geometry": { "type": "Point", "coordinates": [ -0.280026668594193, 51.563762888993701, 0.0 ] } },
{ "type": "Feature", "properties": { "clean_name": "North Acton", "2019_Midweek": 21003, "2019_Friday": 20859, "2023_Monday": 18426.0, "2023_Midweek": 19450.0, "2023_Friday": 19326.0, "2024_Monday": 19175.0, "2024_Midweek": 20226.0, "2024_Friday": 20185.0, "2025_Monday": 18540.0, "2025_Midweek": 19592.0, "2025_Friday": 20081.0, "raw_ratio_19_mon": 1.0, "raw_ratio_19_fri": 0.99314383659477212, "raw_ratio_23_mon": 0.94735218508997432, "raw_ratio_23_fri": 0.99362467866323911, "collapse_23_mon": 0.052647814910025681, "collapse_23_fri": -0.00048416155923169946, "total_collapse_23": 0.052163653350793981, "raw_ratio_24_mon": 0.94803717986749725, "raw_ratio_24_fri": 0.99797290616038759, "collapse_24_mon": 0.051962820132502752, "collapse_24_fri": -0.0048624070227059057, "total_collapse_24": 0.047100413109796846, "raw_ratio_25_mon": 0.94630461412821565, "raw_ratio_25_fri": 1.0249591670069416, "collapse_25_mon": 0.053695385871784351, "collapse_25_fri": -0.032034967383230084, "total_collapse_25": 0.021660418488554267, "cumulative_collapse_score": 0.12092448494914509, "shock_rank": 254, "top100_affected": false }, "geometry": { "type": "Point", "coordinates": [ -0.259736737285887, 51.523613209294403, 0.0 ] } },
{ "type": "Feature", "properties": { "clean_name": "Bayswater", "2019_Midweek": 12563, "2019_Friday": 14113, "2023_Monday": 10366.0, "2023_Midweek": 11373.0, "2023_Friday": 12178.0, "2024_Monday": 10838.0, "2024_Midweek": 11113.0, "2024_Friday": 12838.0, "2025_Monday": 10634.0, "2025_Midweek": 10905.0, "2025_Friday": 12761.0, "raw_ratio_19_mon": 1.0, "raw_ratio_19_fri": 1.1233781740030249, "raw_ratio_23_mon": 0.91145695946540051, "raw_ratio_23_fri": 1.0707816758990591, "collapse_23_mon": 0.088543040534599493, "collapse_23_fri": 0.046819939465749361, "total_collapse_23": 0.13536298000034885, "raw_ratio_24_mon": 0.97525420678484653, "raw_ratio_24_fri": 1.1552236119859625, "collapse_24_mon": 0.024745793215153467, "collapse_24_fri": -0.028347923005714204, "total_collapse_24": -0.0036021297905607375, "raw_ratio_25_mon": 0.97514901421366351, "raw_ratio_25_fri": 1.1701971572673087, "collapse_25_mon": 0.024850985786336488, "collapse_25_fri": -0.041676956476241589, "total_collapse_25": -0.016825970689905101, "cumulative_collapse_score": 0.11493487951988302, "shock_rank": 255, "top100_affected": false }, "geometry": { "type": "Point", "coordinates": [ -0.187898072385123, 51.512325419753402, 0.0 ] } },
{ "type": "Feature", "properties": { "clean_name": "Northwick Park", "2019_Midweek": 15328, "2019_Friday": 14151, "2023_Monday": 12248.0, "2023_Midweek": 12339.0, "2023_Friday": 11292.0, "2024_Monday": 10981.0, "2024_Midweek": 11314.0, "2024_Friday": 10520.0, "2025_Monday": 10909.0, "2025_Midweek": 11323.0, "2025_Friday": 10212.0, "raw_ratio_19_mon": 1.0, "raw_ratio_19_fri": 0.92321242171189977, "raw_ratio_23_mon": 0.99262501013048055, "raw_ratio_23_fri": 0.91514709457816679, "collapse_23_mon": 0.0073749898695194549, "collapse_23_fri": 0.0087361553463259911, "total_collapse_23": 0.016111145215845446, "raw_ratio_24_mon": 0.97056743857168115, "raw_ratio_24_fri": 0.92982146013788225, "collapse_24_mon": 0.029432561428318849, "collapse_24_fri": -0.0071587407952413695, "total_collapse_24": 0.022273820633077479, "raw_ratio_25_mon": 0.96343725161176363, "raw_ratio_25_fri": 0.90188112690982958, "collapse_25_mon": 0.036562748388236366, "collapse_25_fri": 0.023105511039935855, "total_collapse_25": 0.059668259428172221, "cumulative_collapse_score": 0.098053225277095146, "shock_rank": 256, "top100_affected": false }, "geometry": { "type": "Point", "coordinates": [ -0.318043772012892, 51.578476899384199, 0.0 ] } },
{ "type": "Feature", "properties": { "clean_name": "Lancaster Gate", "2019_Midweek": 20536, "2019_Friday": 20769, "2023_Monday": 8231.0, "2023_Midweek": 9885.0, "2023_Friday": 11012.0, "2024_Monday": 7742.0, "2024_Midweek": 8984.0, "2024_Friday": 10248.0, "2025_Monday": 7654.0, "2025_Midweek": 8500.0, "2025_Friday": 9273.0, "raw_ratio_19_mon": 1.0, "raw_ratio_19_fri": 1.0113459291001168, "raw_ratio_23_mon": 0.83267577137076376, "raw_ratio_23_fri": 1.1140111279716742, "collapse_23_mon": 0.16732422862923624, "collapse_23_fri": -0.10151343463942908, "total_collapse_23": 0.065810793989807159, "raw_ratio_24_mon": 0.86175422974176319, "raw_ratio_24_fri": 1.1406945681211043, "collapse_24_mon": 0.13824577025823681, "collapse_24_fri": -0.12789752279527167, "total_collapse_24": 0.010348247462965143, "raw_ratio_25_mon": 0.90047058823529413, "raw_ratio_25_fri": 1.0909411764705883, "collapse_25_mon": 0.099529411764705866, "collapse_25_fri": -0.078702296692185536, "total_collapse_25": 0.02082711507252033, "cumulative_collapse_score": 0.096986156525292633, "shock_rank": 257, "top100_affected": false }, "geometry": { "type": "Point", "coordinates": [ -0.175420466686948, 51.511688670685203, 0.0 ] } },
{ "type": "Feature", "properties": { "clean_name": "Caledonian Road", "2019_Midweek": 18204, "2019_Friday": 18917, "2023_Monday": 13406.0, "2023_Midweek": 14927.0, "2023_Friday": 14680.0, "2024_Monday": 12726.0, "2024_Midweek": 11557.0, "2024_Friday": 13777.0, "2025_Monday": 12354.0, "2025_Midweek": 13972.0, "2025_Friday": 13912.0, "raw_ratio_19_mon": 1.0, "raw_ratio_19_fri": 1.0391672159964842, "raw_ratio_23_mon": 0.89810410665237494, "raw_ratio_23_fri": 0.9834528036444028, "collapse_23_mon": 0.10189589334762506, "collapse_23_fri": 0.053614482341665659, "total_collapse_23": 0.15551037568929071, "raw_ratio_24_mon": 1.1011508176862508, "raw_ratio_24_fri": 1.1920913731937355, "collapse_24_mon": -0.10115081768625078, "collapse_24_fri": -0.14716029801864794, "total_collapse_24": -0.24831111570489872, "raw_ratio_25_mon": 0.88419696535929004, "raw_ratio_25_fri": 0.99570569710850276, "collapse_25_mon": 0.11580303464070996, "collapse_25_fri": 0.041823412266047133, "total_collapse_25": 0.15762644690675709, "cumulative_collapse_score": 0.064825706891149082, "shock_rank": 258, "top100_affected": false }, "geometry": { "type": "Point", "coordinates": [ -0.118447284607226, 51.548525982821602, 0.0 ] } },
{ "type": "Feature", "properties": { "clean_name": "Park Royal", "2019_Midweek": 6940, "2019_Friday": 6787, "2023_Monday": 5039.0, "2023_Midweek": 5649.0, "2023_Friday": 5716.0, "2024_Monday": 5333.0, "2024_Midweek": 5544.0, "2024_Friday": 5768.0, "2025_Monday": 4296.0, "2025_Midweek": 4544.0, "2025_Friday": 4868.0, "raw_ratio_19_mon": 1.0, "raw_ratio_19_fri": 0.97795389048991355, "raw_ratio_23_mon": 0.89201628606833072, "raw_ratio_23_fri": 1.011860506284298, "collapse_23_mon": 0.10798371393166928, "collapse_23_fri": -0.034670975926481162, "total_collapse_23": 0.073312738005188116, "raw_ratio_24_mon": 0.96194083694083699, "raw_ratio_24_fri": 1.0404040404040404, "collapse_24_mon": 0.038059163059163015, "collapse_24_fri": -0.063857969707387774, "total_collapse_24": -0.025798806648224759, "raw_ratio_25_mon": 0.94542253521126762, "raw_ratio_25_fri": 1.0713028169014085, "collapse_25_mon": 0.054577464788732377, "collapse_25_fri": -0.095453300323526502, "total_collapse_25": -0.040875835534794125, "cumulative_collapse_score": 0.0066380958221692321, "shock_rank": 259, "top100_affected": false }, "geometry": { "type": "Point", "coordinates": [ -0.283944537895108, 51.526481314541101, 0.0 ] } },
{ "type": "Feature", "properties": { "clean_name": "Sudbury Town", "2019_Midweek": 6160, "2019_Friday": 6038, "2023_Monday": 5349.0, "2023_Midweek": 5371.0, "2023_Friday": 5379.0, "2024_Monday": 5470.0, "2024_Midweek": 5497.0, "2024_Friday": 5596.0, "2025_Monday": 4567.0, "2025_Midweek": 4707.0, "2025_Friday": 4643.0, "raw_ratio_19_mon": 1.0, "raw_ratio_19_fri": 0.98019480519480517, "raw_ratio_23_mon": 0.99590392850493392, "raw_ratio_23_fri": 1.0014894805436605, "collapse_23_mon": 0.0040960714950660781, "collapse_23_fri": -0.021724942058454655, "total_collapse_23": -0.017628870563388577, "raw_ratio_24_mon": 0.99508822994360557, "raw_ratio_24_fri": 1.0180098235401127, "collapse_24_mon": 0.0049117700563944267, "collapse_24_fri": -0.038579084631847449, "total_collapse_24": -0.033667314575453022, "raw_ratio_25_mon": 0.97025706394731248, "raw_ratio_25_fri": 0.98640322923305712, "collapse_25_mon": 0.029742936052687519, "collapse_25_fri": -0.0063338675183226556, "total_collapse_25": 0.023409068534364863, "cumulative_collapse_score": -0.027887116604476736, "shock_rank": 260, "top100_affected": false }, "geometry": { "type": "Point", "coordinates": [ -0.315723404663266, 51.5508072804286, 0.0 ] } },
{ "type": "Feature", "properties": { "clean_name": "North Ealing", "2019_Midweek": 2898, "2019_Friday": 2752, "2023_Monday": 1975.0, "2023_Midweek": 2118.0, "2023_Friday": 2153.0, "2024_Monday": 2047.0, "2024_Midweek": 2107.0, "2024_Friday": 2108.0, "2025_Monday": 1773.0, "2025_Midweek": 1851.0, "2025_Friday": 1864.0, "raw_ratio_19_mon": 1.0, "raw_ratio_19_fri": 0.94962042788129741, "raw_ratio_23_mon": 0.93248347497639283, "raw_ratio_23_fri": 1.0165250236071766, "collapse_23_mon": 0.067516525023607166, "collapse_23_fri": -0.070454040121220141, "total_collapse_23": -0.0029375150976129749, "raw_ratio_24_mon": 0.97152349311817754, "raw_ratio_24_fri": 1.0004746084480303, "collapse_24_mon": 0.028476506881822461, "collapse_24_fri": -0.053552113111334343, "total_collapse_24": -0.025075606229511882, "raw_ratio_25_mon": 0.95786061588330629, "raw_ratio_25_fri": 1.0070232306861155, "collapse_25_mon": 0.042139384116693712, "collapse_25_fri": -0.060448154988504088, "total_collapse_25": -0.018308770871810376, "cumulative_collapse_score": -0.046321892198935233, "shock_rank": 261, "top100_affected": false }, "geometry": { "type": "Point", "coordinates": [ -0.288802338201631, 51.517483418089597, 0.0 ] } },
{ "type": "Feature", "properties": { "clean_name": "Alperton", "2019_Midweek": 9384, "2019_Friday": 9391, "2023_Monday": 8684.0, "2023_Midweek": 8773.0, "2023_Friday": 8707.0, "2024_Monday": 8474.0, "2024_Midweek": 8445.0, "2024_Friday": 8535.0, "2025_Monday": 7581.0, "2025_Midweek": 7238.0, "2025_Friday": 7344.0, "raw_ratio_19_mon": 1.0, "raw_ratio_19_fri": 1.0007459505541347, "raw_ratio_23_mon": 0.98985523766100536, "raw_ratio_23_fri": 0.99247691781602643, "collapse_23_mon": 0.01014476233899464, "collapse_23_fri": 0.0082628690463644183, "total_collapse_23": 0.018407631385359058, "raw_ratio_24_mon": 1.0034339846062759, "raw_ratio_24_fri": 1.0106571936056838, "collapse_24_mon": -0.0034339846062758639, "collapse_24_fri": -0.0099038552652259693, "total_collapse_24": -0.013337839871501833, "raw_ratio_25_mon": 1.0473887814313345, "raw_ratio_25_fri": 1.0146449295385465, "collapse_25_mon": -0.047388781431334515, "collapse_25_fri": -0.013888618761550342, "total_collapse_25": -0.061277400192884857, "cumulative_collapse_score": -0.056207608679027632, "shock_rank": 262, "top100_affected": false }, "geometry": { "type": "Point", "coordinates": [ -0.299926137316424, 51.540732372674597, 0.0 ] } },
{ "type": "Feature", "properties": { "clean_name": "Heathrow Terminal 5", "2019_Midweek": 12605, "2019_Friday": 16056, "2023_Monday": 11168.0, "2023_Midweek": 10438.0, "2023_Friday": 11997.0, "2024_Monday": 12424.0, "2024_Midweek": 11451.0, "2024_Friday": 12842.0, "2025_Monday": 12143.0, "2025_Midweek": 10578.0, "2025_Friday": 13861.0, "raw_ratio_19_mon": 1.0, "raw_ratio_19_fri": 1.2737802459341532, "raw_ratio_23_mon": 1.069936769496072, "raw_ratio_23_fri": 1.1493581145813374, "collapse_23_mon": -0.069936769496071971, "collapse_23_fri": 0.097679432343188988, "total_collapse_23": 0.027742662847117017, "raw_ratio_24_mon": 1.0849707449131081, "raw_ratio_24_fri": 1.1214741070648853, "collapse_24_mon": -0.084970744913108076, "collapse_24_fri": 0.11957018438260603, "total_collapse_24": 0.03459943946949795, "raw_ratio_25_mon": 1.1479485725089809, "raw_ratio_25_fri": 1.3103611268670827, "collapse_25_mon": -0.14794857250898086, "collapse_25_fri": -0.028718360996485837, "total_collapse_25": -0.17666693350546669, "cumulative_collapse_score": -0.11432483118885173, "shock_rank": 263, "top100_affected": false }, "geometry": { "type": "Point", "coordinates": [ -0.488020171532433, 51.472526161045003, 0.0 ] } },
{ "type": "Feature", "properties": { "clean_name": "South Ealing", "2019_Midweek": 11389, "2019_Friday": 11764, "2023_Monday": 7457.0, "2023_Midweek": 5060.0, "2023_Friday": 4936.0, "2024_Monday": 6866.0, "2024_Midweek": 7405.0, "2024_Friday": 7319.0, "2025_Monday": 6687.0, "2025_Midweek": 7348.0, "2025_Friday": 6984.0, "raw_ratio_19_mon": 1.0, "raw_ratio_19_fri": 1.0329265080340679, "raw_ratio_23_mon": 1.4737154150197629, "raw_ratio_23_fri": 0.97549407114624509, "collapse_23_mon": -0.47371541501976289, "collapse_23_fri": 0.055601668115897174, "total_collapse_23": -0.41811374690386571, "raw_ratio_24_mon": 0.92721134368669822, "raw_ratio_24_fri": 0.98838622552329503, "collapse_24_mon": 0.072788656313301781, "collapse_24_fri": 0.043120475817340465, "total_collapse_24": 0.11590913213064225, "raw_ratio_25_mon": 0.91004354926510611, "raw_ratio_25_fri": 0.95046271094175283, "collapse_25_mon": 0.089956450734893889, "collapse_25_fri": 0.07983510583852238, "total_collapse_25": 0.16979155657341627, "cumulative_collapse_score": -0.1324130581998072, "shock_rank": 264, "top100_affected": false }, "geometry": { "type": "Point", "coordinates": [ -0.30748301640737, 51.500900357560504, 0.0 ] } },
{ "type": "Feature", "properties": { "clean_name": "Heathrow Terminals 123", "2019_Midweek": 22127, "2019_Friday": 27647, "2023_Monday": 17909.0, "2023_Midweek": 15538.0, "2023_Friday": 17639.0, "2024_Monday": 17092.0, "2024_Midweek": 16062.0, "2024_Friday": 20206.0, "2025_Monday": 17489.0, "2025_Midweek": 15724.0, "2025_Friday": 18378.0, "raw_ratio_19_mon": 1.0, "raw_ratio_19_fri": 1.2494689745559724, "raw_ratio_23_mon": 1.1525936413952889, "raw_ratio_23_fri": 1.1352168876303257, "collapse_23_mon": -0.15259364139528886, "collapse_23_fri": 0.091440515332722683, "total_collapse_23": -0.061153126062566177, "raw_ratio_24_mon": 1.0641265097746233, "raw_ratio_24_fri": 1.2580002490349895, "collapse_24_mon": -0.064126509774623308, "collapse_24_fri": -0.0068279202227081726, "total_collapse_24": -0.070954429997331481, "raw_ratio_25_mon": 1.112248791656067, "raw_ratio_25_fri": 1.1687865683032308, "collapse_25_mon": -0.11224879165606705, "collapse_25_fri": 0.064573357078685278, "total_collapse_25": -0.04767543457738177, "cumulative_collapse_score": -0.17978299063727943, "shock_rank": 265, "top100_affected": false }, "geometry": { "type": "Point", "coordinates": [ -0.452405626454076, 51.471304285862502, 0.0 ] } }
]
}
