clean_name,2019_Midweek,2019_Friday,2023_Monday,2023_Midweek,2023_Friday,2024_Monday,2024_Midweek,2024_Friday,2025_Monday,2025_Midweek,2025_Friday,raw_ratio_19_mon,raw_ratio_19_fri,raw_ratio_23_mon,raw_ratio_23_fri,collapse_23_mon,collapse_23_fri,total_collapse_23,raw_ratio_24_mon,raw_ratio_24_fri,collapse_24_mon,collapse_24_fri,total_collapse_24,raw_ratio_25_mon,raw_ratio_25_fri,collapse_25_mon,collapse_25_fri,total_collapse_25,cumulative_collapse_score,shock_rank,top100_affected,geometry
Bank and Monument,228118,210609,118906.0,160968.0,106923.0,117442.0,170980.0,101083.0,131476.0,181300.0,108426.0,1.0,0.9232458639826756,0.7386934049003528,0.6642500372744894,0.26130659509964715,0.28052747032186676,0.5418340654215139,0.6868756579716926,0.5911978009123874,0.3131243420283074,0.35965291156345647,0.6727772535917639,0.725184776613348,0.5980474351902924,0.274815223386652,0.3522338322638676,0.6270490556505196,1.8416603746637974,1,True,POINT Z (-0.088882065096841 51.5134270269479 0)
Chancery Lane,64852,59920,26059.0,34566.0,22999.0,26895.0,37183.0,23642.0,25472.0,35539.0,23381.0,1.0,0.9239499167334855,0.7538911068680206,0.6653648093502286,0.24610889313197937,0.27986918197628463,0.525978075108264,0.7233144178791383,0.635828201059624,0.2766855821208617,0.3118369410026913,0.588522523123553,0.716733729142632,0.657896958271195,0.283266270857368,0.28795170998325204,0.57121798084062,1.6857185790724372,2,True,POINT Z (-0.111543537681388 51.5182506335764 0)
Moorgate,94115,83568,78602.0,102150.0,66164.0,83876.0,115194.0,69474.0,91205.0,119131.0,74439.0,1.0,0.8879349731711205,0.7694762604013705,0.6477141458639256,0.23052373959862948,0.27053876079380434,0.5010625003924338,0.7281282011215862,0.6031043283504349,0.27187179887841384,0.3207787207698978,0.5926505196483116,0.7655857837170845,0.6248499550914539,0.23441421628291548,0.2962886089958814,0.5307028252787969,1.6244158453195423,3,True,POINT Z (-0.089285420587671 51.5183647341257 0)
Cannon Street,26761,23796,12640.0,16582.0,10640.0,13887.0,17766.0,11653.0,13985.0,19200.0,11871.0,1.0,0.8892044392959905,0.7622723435050054,0.6416596309250995,0.2377276564949946,0.27838908290525355,0.5161167394002482,0.7816616008105369,0.6559157942136665,0.21833839918946307,0.2623565906475067,0.4806949898369698,0.7283854166666667,0.61828125,0.2716145833333333,0.30468042817070096,0.5762950115040343,1.5731067407412522,4,True,POINT Z (-0.090385961310068 51.5114746298082 0)
Mansion House,25400,23527,14313.0,18414.0,12747.0,13689.0,18219.0,11789.0,14708.0,18767.0,11956.0,1.0,0.9262598425196851,0.7772890192245031,0.6922450309547084,0.2227109807754969,0.25264488518512385,0.47535586596062074,0.7513584719249136,0.6470717382951864,0.24864152807508644,0.30141445349182927,0.5500559815669157,0.7837160974050195,0.6370757180156658,0.21628390259498054,0.3122062635441021,0.5284901661390826,1.553902013666619,5,True,POINT Z (-0.094079885333069 51.5118179804533 0)
Waterloo,280218,275968,194037.0,274711.0,205805.0,207517.0,284629.0,217417.0,206602.0,265279.0,213680.0,1.0,0.98483323697978,0.7063313809785556,0.74916912682783,0.29366861902144437,0.23929341669526583,0.5329620357167102,0.7290789062252968,0.76386102610767,0.2709210937747032,0.22437525722605844,0.49529635100076164,0.7788102337538968,0.8054915767927352,0.2211897662461032,0.18210358206130173,0.40329334830740493,1.4315517350248768,6,True,POINT Z (-0.114401197448965 51.5034266227996 0)
Liverpool Street,228674,235846,168847.0,211625.0,182760.0,166832.0,222752.0,172229.0,175044.0,226377.0,174669.0,1.0,1.0313634256627338,0.7978594211458948,0.863603071470762,0.2021405788541052,0.16265881649252034,0.36479939534662553,0.7489584829765839,0.7731872216635541,0.25104151702341615,0.25032514977276865,0.5013666667961848,0.7732410978147073,0.7715845691037517,0.2267589021852927,0.2518790661905169,0.47863796837580963,1.34480403051862,7,True,POINT Z (-0.083187103332268 51.5173539786175 0)
St Paul's,54751,54397,28686.0,35476.0,27759.0,28527.0,35816.0,26495.0,28006.0,35211.0,26116.0,1.0,0.9935343646691385,0.808602999210734,0.7824726575713158,0.19139700078926603,0.2124352358643471,0.4038322366536131,0.7964876033057852,0.7397531829350011,0.20351239669421484,0.2554327165307968,0.45894511322501164,0.7953764448609809,0.7417000369202806,0.2046235551390191,0.25347319298082094,0.45809674811984,1.3208740979984648,8,True,POINT Z (-0.097491844834556 51.5149545361712 0)
Old Street,92971,94807,43771.0,59226.0,50266.0,44066.0,58826.0,49430.0,43640.0,57204.0,46476.0,1.0,1.0197480934915188,0.7390504170465674,0.8487150913450174,0.2609495829534326,0.167720835408381,0.42867041836181363,0.7490905381973957,0.8402747084622446,0.2509094618026043,0.17599776471733786,0.4269072265199422,0.7628837144255647,0.8124606670862178,0.23711628557443531,0.2032731688622912,0.4403894544367265,1.2959670993184824,9,True,POINT Z (-0.087610917874237 51.5250870447369 0)
Covent Garden,45823,55717,30841.0,38212.0,40272.0,30351.0,41036.0,39232.0,26236.0,35714.0,34897.0,1.0,1.2159177705519062,0.8071024808960536,1.0539097665654769,0.19289751910394637,0.1332392764626622,0.3261367955666086,0.7396188712350131,0.956038600253436,0.26038112876498687,0.21373087604477625,0.4741120048097631,0.7346138769110153,0.977123816990536,0.2653861230889847,0.19638988700114268,0.46177601009012736,1.262024810466499,10,True,POINT Z (-0.124341543174305 51.5131460789873 0)
Blackfriars,55851,52408,31045.0,38761.0,28270.0,33540.0,41805.0,30827.0,33386.0,41827.0,30667.0,1.0,0.938353834309144,0.800933928433219,0.7293413482624287,0.19906607156678102,0.22274378641037806,0.4218098579771591,0.8022963760315752,0.7373998325559143,0.19770362396842478,0.21415589131276958,0.41185951528119435,0.7981925550481747,0.7331866975876826,0.20180744495182534,0.21864581272001105,0.4204532576718364,1.2541226309301898,11,True,POINT Z (-0.103603883187671 51.5116263548801 0)
Southwark,51940,50432,26649.0,33148.0,26453.0,26644.0,34247.0,25238.0,27288.0,33249.0,25498.0,1.0,0.9709664998074702,0.8039399058766743,0.7980270302884035,0.1960600941233257,0.17811064496391826,0.37417073908724396,0.7779951528601046,0.736940461938272,0.22200484713989543,0.24102380248505217,0.4630286496249476,0.8207164125236849,0.7668802069235165,0.17928358747631512,0.21018880973176857,0.3894723972080837,1.2266717859202751,12,True,POINT Z (-0.10537174281666 51.5042889814589 0)
Oxford Circus,244740,268380,136728.0,177466.0,160339.0,139251.0,177867.0,154692.0,143595.0,178607.0,158048.0,1.0,1.0965923020348125,0.7704461699705859,0.9034913729953906,0.2295538300294141,0.17609181523626238,0.4056456452656765,0.782893960093778,0.8697060162930729,0.21710603990622201,0.20690122055456206,0.4240072604607841,0.8039718488077175,0.8848925294081419,0.19602815119228245,0.1930523971706214,0.38908054836290384,1.2187334540893644,13,True,POINT Z (-0.141605199843146 51.5153213176106 0)
Charing Cross,62361,66017,39925.0,48540.0,44885.0,40519.0,55199.0,47287.0,38339.0,50985.0,42674.0,1.0,1.058626385080419,0.8225175113308612,0.9247012772970746,0.17748248866913885,0.12650837884904087,0.3039908675181797,0.7340531531368322,0.8566640700012681,0.26594684686316783,0.19077770772151004,0.45672455458467787,0.7519662645876238,0.8369912719427283,0.24803373541237617,0.20936103261856076,0.4573947680309369,1.2181101901337945,14,True,POINT Z (-0.127358365578834 51.5073793841553 0)
Farringdon,98706,88177,128933.0,165095.0,123844.0,126030.0,163481.0,119438.0,137368.0,172209.0,123183.0,1.0,0.893329686138634,0.7809624761500954,0.7501377994488022,0.2190375238499046,0.16029007981226995,0.37932760366217455,0.7709152745578997,0.7305925459227678,0.22908472544210035,0.1821691842787494,0.41125390972084974,0.797681886544838,0.7153110464609863,0.20231811345516204,0.19927541023194129,0.4015935236871033,1.1921750370701276,15,True,POINT Z (-0.105166098257485 51.5204720783579 0)
Holborn,107328,107526,61667.0,76347.0,65749.0,59687.0,76723.0,61115.0,57108.0,73790.0,58860.0,1.0,1.0018448121645795,0.8077200151937862,0.8611864251378574,0.19227998480621378,0.14039937654896528,0.33267936135517906,0.7779544595492877,0.7965668704299884,0.22204554045071234,0.20489993983306543,0.42694548028377777,0.7739260062339071,0.7976690608483534,0.22607399376609294,0.20379977900477952,0.42987377277087246,1.1894986144098292,16,True,POINT Z (-0.120390788915067 51.5175798200696 0)
Marylebone,41506,41030,22622.0,29808.0,25475.0,23725.0,30914.0,25148.0,23429.0,29887.0,24746.0,1.0,0.9885317785380426,0.7589237788513151,0.8546363392377885,0.24107622114868488,0.13544879609057636,0.37652501723926124,0.7674516400336417,0.8134825645338681,0.23254835996635825,0.17708000673793,0.40962836670428826,0.7839194298524442,0.8279854117174691,0.21608057014755577,0.16240890814659337,0.37848947829414914,1.1646428622376988,17,True,POINT Z (-0.164215220446776 51.5221606227201 0)
Embankment,67406,71677,43571.0,57083.0,52502.0,44646.0,58500.0,52255.0,48071.0,59921.0,52482.0,1.0,1.0633623119603597,0.7632920484207207,0.9197484364872204,0.23670795157927926,0.13505639033640393,0.3717643419156832,0.7631794871794871,0.8932478632478632,0.23682051282051286,0.15997788035094296,0.3967983931714558,0.8022396154937335,0.8758532067221843,0.19776038450626654,0.17633604570063555,0.3740964302069021,1.1426591652940412,18,True,POINT Z (-0.122144131709805 51.5074532989423 0)
Green Park,126001,133084,80184.0,100494.0,91377.0,86346.0,108494.0,92912.0,83884.0,103820.0,92341.0,1.0,1.0562138395727019,0.7978983819929548,0.9092781658606484,0.20210161800704518,0.13911545958486715,0.34121707759191233,0.7958596788762512,0.856379154607628,0.2041403211237488,0.1891990783286065,0.3933393994523553,0.8079753419379696,0.8894336351377384,0.1920246580620304,0.1579038241938161,0.3499284822558465,1.0844849593001142,19,True,POINT Z (-0.142516829185471 51.5068691045559 0)
Mornington Crescent,13701,13460,7501.0,10448.0,9081.0,7488.0,9854.0,8971.0,6578.0,9713.0,9169.0,1.0,0.9824100430625502,0.717936447166922,0.8691615620214395,0.28206355283307805,0.11527618415633423,0.3973397369894123,0.7598944591029023,0.9103917190988431,0.24010554089709768,0.07330780509856993,0.3134133459956676,0.6772366930917327,0.9439925872541954,0.32276330690826727,0.039105316644150734,0.361868623552418,1.0726217065374979,20,True,POINT Z (-0.1387241182319 51.5347070026989 0)
Leicester Square,93568,122600,60084.0,80100.0,97439.0,61874.0,77284.0,85456.0,63199.0,80668.0,87430.0,1.0,1.3102770177838576,0.7501123595505618,1.2164669163545567,0.24988764044943823,0.07159562455576529,0.3214832650052035,0.8006055587184928,1.1057398685368252,0.19939444128150718,0.15610221844001904,0.3554966597215262,0.7834457281697823,1.0838250607427977,0.2165542718302177,0.17282754254826993,0.3893818143784876,1.0663617391052174,21,True,POINT Z (-0.128306746943324 51.5114061801348 0)
Aldgate,35391,32184,21430.0,27263.0,20652.0,22498.0,28214.0,22625.0,21917.0,26970.0,20681.0,1.0,0.9093837416292277,0.7860470234383596,0.7575101786303782,0.21395297656164036,0.16700712366679982,0.3809601002284402,0.7974055433472744,0.8019068547529595,0.20259445665272557,0.11818650582395007,0.32078096247667565,0.8126436781609195,0.7668149796069708,0.18735632183908046,0.15677513847656277,0.34413146031564323,1.045872523020759,22,True,POINT Z (-0.075822667815969 51.5144938991707 0)
Tottenham Court Road,132723,144037,153658.0,199836.0,196157.0,152005.0,201453.0,188592.0,159698.0,201763.0,191264.0,1.0,1.0852452099485395,0.7689205148221542,0.9815899037210513,0.23107948517784582,0.09551325845741665,0.3265927436352625,0.7545432433371556,0.9361588062724308,0.2454567566628444,0.13737577674558743,0.3828325334084318,0.7915128145398314,0.9479636999846355,0.20848718546016864,0.1264981487183101,0.33498533417847876,1.044410611222173,23,True,POINT Z (-0.130478416245152 51.5164588799847 0)
London Bridge,239224,250176,142236.0,179693.0,176270.0,145779.0,191459.0,169767.0,149457.0,193084.0,170635.0,1.0,1.045781359729793,0.7915500325555253,0.9809508439393855,0.20844996744447475,0.06199241857510085,0.2704423860195756,0.7614110592868447,0.8867015914634465,0.23858894071315528,0.15211570447904055,0.39070464519219583,0.7740517080648837,0.8837345404072838,0.22594829193511634,0.15495286640448291,0.38090115833959926,1.0420481895513707,24,True,POINT Z (-0.089622674026004 51.5050664437801 0)
Bond Street,120419,121335,109905.0,130852.0,118669.0,111238.0,143282.0,119537.0,120293.0,152003.0,126618.0,1.0,1.007606773017547,0.8399183810717452,0.9068948124598784,0.1600816189282548,0.09995165103551251,0.2600332699637673,0.7763571139431331,0.8342778576513449,0.22364288605686689,0.17202039526503232,0.3956632813218992,0.7913856963349407,0.8329967171700559,0.2086143036650593,0.173291863972465,0.3819061676375243,1.037602718923191,25,True,POINT Z (-0.149656033847428 51.514381142575 0)
Temple,32152,30402,23530.0,29078.0,23525.0,26654.0,32113.0,25629.0,28003.0,33990.0,26214.0,1.0,0.9455710375715352,0.8092028337574799,0.809030882454089,0.19079716624252008,0.14439967986764446,0.33519684611016454,0.8300065394077165,0.7980880017438421,0.16999346059228349,0.15597245470469012,0.3259659152969736,0.8238599588114152,0.7712268314210062,0.17614004118858484,0.18437980778079754,0.3605198489693824,1.0216826103765206,26,True,POINT Z (-0.114226122796381 51.5109859451486 0)
Gunnersbury,20106,18439,12963.0,15716.0,12086.0,12205.0,14478.0,11028.0,12448.0,15005.0,11369.0,1.0,0.9170894260419775,0.8248282005599389,0.769025197251209,0.17517179944006112,0.16145015369961446,0.3366219531396756,0.8430031772344246,0.7617074181516784,0.15699682276557536,0.16942950543100788,0.32642632819658324,0.8295901366211262,0.7576807730756414,0.17040986337887376,0.1738201842041951,0.34423004758306885,1.0072783289193277,27,True,POINT Z (-0.275113608793886 51.4917426132631 0)
Canary Wharf,168710,159240,96499.0,115514.0,91121.0,98735.0,119308.0,93202.0,103212.0,122189.0,95802.0,1.0,0.9438681761602751,0.8353879183475597,0.7888307910729435,0.16461208165244035,0.16425745565237193,0.3288695373048123,0.8275639521239145,0.7811881852013277,0.17243604787608546,0.17235456716078879,0.34479061503687425,0.8446914206679815,0.784047663864996,0.15530857933201847,0.16932503535127186,0.32463361468329033,0.9982937670249769,28,True,POINT Z (-0.017726664743273 51.5034310127041 0)
Barbican,38423,34610,17118.0,20711.0,16031.0,17329.0,20514.0,15798.0,17278.0,21339.0,15658.0,1.0,0.9007625640892174,0.8265173096422191,0.7740331224952923,0.17348269035778086,0.14069128385909802,0.31417397421687887,0.8447401774397972,0.7701082187774203,0.15525982256020276,0.1450485960680491,0.30030841862825186,0.809691175781433,0.7337738413233985,0.19030882421856699,0.18538594899829697,0.37569477321686395,0.9901771660619947,29,True,POINT Z (-0.098773979194686 51.5202103844398 0)
White City,32768,31715,23820.0,29340.0,23987.0,25079.0,29309.0,23385.0,25315.0,29553.0,23386.0,1.0,0.967864990234375,0.8118609406952966,0.8175528289025221,0.18813905930470343,0.1553028189349568,0.3434418782396602,0.8556757310041284,0.7978777849807226,0.14432426899587159,0.17563111277791843,0.31995538177379,0.8565966230162758,0.7913240618549724,0.14340337698372418,0.18240243232338849,0.32580580930711267,0.9892030693205629,30,True,POINT Z (-0.224438284364719 51.5122166736237 0)
Chalk Farm,16770,18647,11674.0,14045.0,15702.0,11743.0,15952.0,14910.0,11427.0,15835.0,15491.0,1.0,1.1119260584376864,0.8311854752580989,1.1179779280882876,0.16881452474190106,-0.005442690729907218,0.16337183401199384,0.7361459378134403,0.934679037111334,0.2638540621865597,0.15940540288748484,0.42325946507404455,0.721629302178718,0.9782759709504263,0.278370697821282,0.1201969199957823,0.3985676178170643,0.9851989169031027,31,True,POINT Z (-0.152616492596534 51.5438606020943 0)
Amersham,8184,7597,5519.0,6610.0,5472.0,5494.0,7006.0,5477.0,6291.0,7578.0,5969.0,1.0,0.9282746823069403,0.8349470499243571,0.8278366111951588,0.1650529500756429,0.10819865393955774,0.27325160401520066,0.7841849842991722,0.7817584927205252,0.21581501570082784,0.15783710617022784,0.3736521218710557,0.830166270783848,0.7876748482449195,0.16983372921615203,0.1514636095779358,0.32129733879408784,0.9682010646803442,32,True,POINT Z (-0.607682857863921 51.6741494619535 0)
Kew Gardens,11810,13090,10148.0,14205.0,10690.0,8893.0,10183.0,11137.0,9593.0,10789.0,10654.0,1.0,1.1083827265029635,0.7143963393171419,0.7525519183386131,0.28560366068285814,0.3210360461742535,0.6066397068571117,0.8733182755573013,1.0936855543552981,0.12668172444269865,0.013260015512905121,0.13994173995560377,0.8891463527667068,0.9874872555380481,0.11085364723329316,0.10907375951838438,0.21992740675167755,0.966508853564393,33,True,POINT Z (-0.285018368341176 51.4769978542773 0)
Warren Street,64520,63413,46267.0,54940.0,46398.0,46790.0,55396.0,46138.0,46134.0,55035.0,43873.0,1.0,0.9828425294482331,0.8421368765926466,0.8445212959592282,0.15786312340735342,0.14073590564569727,0.2985990290530507,0.8446458228030905,0.8328760199292368,0.15535417719690947,0.15258447312326562,0.3079386503201751,0.8382665576451349,0.7971836104297265,0.1617334423548651,0.18889996459833236,0.35063340695319745,0.9571710863264232,34,True,POINT Z (-0.138316275529769 51.5245289307367 0)
Piccadilly Circus,111832,139151,68110.0,83733.0,88341.0,68486.0,83022.0,92256.0,64829.0,76172.0,77907.0,1.0,1.2442860719650906,0.813418843227879,1.0550320662104546,0.18658115677212095,0.15209846836567786,0.3386796251377988,0.8249138782491388,1.1112235311122354,0.17508612175086125,0.10693886546741671,0.28202498721827796,0.8510870136007982,1.0227773985191408,0.1489129863992018,0.17802069671657006,0.32693368311577187,0.9476382954718486,35,True,POINT Z (-0.133662111522037 51.5100620986633 0)
Great Portland Street,29448,26309,17650.0,21472.0,16497.0,18086.0,22582.0,17791.0,18427.0,22483.0,17473.0,1.0,0.8934053246400435,0.8220007451564829,0.7683029061102832,0.17799925484351709,0.1400287362067879,0.318027991050305,0.8009033743689664,0.7878398724647949,0.19909662563103359,0.11816076003104337,0.31725738566207695,0.8195970288662545,0.7771649690877552,0.18040297113374548,0.13010931583502927,0.31051228696877475,0.9457976636811567,36,True,POINT Z (-0.144265574194803 51.5238482366569 0)
Borough,18760,19147,11447.0,14707.0,13109.0,11675.0,14141.0,12830.0,11481.0,13725.0,11999.0,1.0,1.0206289978678038,0.7783368463996736,0.8913442578364045,0.2216631536003264,0.12667163122102953,0.34833478482135594,0.8256134643943144,0.9072908563750796,0.17438653560568562,0.11104734602828159,0.2854338816339672,0.8365027322404371,0.8742440801457195,0.16349726775956286,0.14342617937359903,0.3069234471331619,0.940692113588485,37,True,POINT Z (-0.093287238298321 51.501192719769 0)
South Kenton,4689,5048,1813.0,3137.0,3015.0,3202.0,3414.0,3087.0,2983.0,3130.0,2913.0,1.0,1.0765621667732992,0.5779407076824992,0.9611093401338858,0.42205929231750083,0.10724213631382906,0.5293014286313299,0.9379027533684827,0.9042179261862917,0.06209724663151728,0.16008758797790767,0.22218483460942495,0.953035143769968,0.9306709265175719,0.04696485623003199,0.135515852923753,0.182480709153785,0.9339669723945399,38,True,POINT Z (-0.308350944844092 51.5702149819473 0)
Theydon Bois,2944,2992,2179.0,2552.0,2329.0,2156.0,2545.0,2205.0,2086.0,2569.0,2157.0,1.0,1.016304347826087,0.8538401253918495,0.9126175548589341,0.1461598746081505,0.10202336848104876,0.24818324308919926,0.8471512770137525,0.8664047151277013,0.15284872298624752,0.14749482575670025,0.3003435487429478,0.8119891008174387,0.8396263137407551,0.1880108991825613,0.173843627121396,0.3618545263039573,0.9103813181361043,39,True,POINT Z (0.103354074905424 51.6718358056893 0)
Goodge Street,30496,28413,16886.0,19853.0,16595.0,16705.0,20684.0,17092.0,16827.0,20121.0,15522.0,1.0,0.9316959601259182,0.8505515539213218,0.8358938195738679,0.14944844607867824,0.10282554036093783,0.25227398643961607,0.8076290852833108,0.8263391993811642,0.1923709147166892,0.11308062420976372,0.30545153892645294,0.8362904428209333,0.7714328313702102,0.16370955717906666,0.17201226109647239,0.33572181827553904,0.893447343641608,40,True,POINT Z (-0.134317418003295 51.5206035646107 0)
Victoria,272658,286045,170434.0,202988.0,187908.0,169450.0,204933.0,186542.0,174142.0,204532.0,182555.0,1.0,1.0490981375936155,0.8396259877431178,0.9257098941809369,0.1603740122568822,0.1176136330731673,0.2779876453300495,0.8268556064665037,0.9102584747210064,0.1731443935334963,0.1323419210247333,0.3054863145582296,0.8514168932000861,0.8925498210548961,0.14858310679991393,0.14922180387985862,0.29780491067977255,0.8812788705680517,41,True,POINT Z (-0.14306445018881 51.4964021600764 0)
Pimlico,35634,35958,21139.0,25488.0,22803.0,22402.0,26819.0,22647.0,22707.0,27389.0,24971.0,1.0,1.009092439804681,0.8293706842435656,0.8946563088512242,0.17062931575643436,0.1134050027920207,0.28403431854845507,0.8353033297289235,0.8444386442447519,0.16469667027107648,0.16317018051567145,0.32786685078674793,0.8290554602212568,0.9117163824893205,0.17094453977874324,0.09649864915667039,0.26744318893541363,0.8793443582706166,42,True,POINT Z (-0.133683792044099 51.489083026302 0)
Chiswick Park,8655,8272,6488.0,7782.0,6488.0,6642.0,7827.0,6623.0,6325.0,7662.0,6265.0,1.0,0.9557481224725592,0.8337188383448985,0.8337188383448985,0.16628116165510154,0.1276793343961441,0.29396049605124563,0.8486009965504024,0.8461735019803245,0.15139900344959756,0.11464801019829451,0.26604701364789207,0.825502479770295,0.8176716262072566,0.174497520229705,0.14446954487139674,0.31896706510110173,0.8789745748002394,43,True,POINT Z (-0.26854880833146 51.4946682889916 0)
East Finchley,23225,22772,15974.0,18929.0,16341.0,16230.0,19326.0,16546.0,16299.0,19390.0,16161.0,1.0,0.9804951560818084,0.8438903270114639,0.863278567277722,0.15610967298853606,0.1195483609245962,0.27565803391313226,0.8398013039428749,0.856152333643796,0.1601986960571251,0.1268163556614631,0.2870150517185882,0.840587931923672,0.8334708612686952,0.15941206807632802,0.14994902718402225,0.30936109526035027,0.8720341808920707,44,True,POINT Z (-0.165018716089878 51.5871566525116 0)
Clapham South,26492,26812,18301.0,22550.0,20249.0,18938.0,22392.0,20416.0,17914.0,21745.0,19189.0,1.0,1.0120791182243696,0.8115742793791574,0.897960088691796,0.18842572062084262,0.11275702410774802,0.30118274472859063,0.8457484816005716,0.9117541979278314,0.1542515183994284,0.09912754693778492,0.2533790653372133,0.8238215681765924,0.8824557369510232,0.17617843182340764,0.1280763321159739,0.30425476393938156,0.8588165740051855,45,True,POINT Z (-0.147186832640558 51.4532375285868 0)
King's Cross St Pancras,275889,305233,196524.0,235401.0,243875.0,201826.0,241972.0,238517.0,199415.0,243219.0,223985.0,1.0,1.1063616164471943,0.8348477704002957,1.0359981478413431,0.16515222959970433,0.06359897845318063,0.22875120805288496,0.8340882416147323,0.9857214884366786,0.16591175838526773,0.10904222111204609,0.2749539794973138,0.8198989388164576,0.9209190071499348,0.1801010611835424,0.16761482551497264,0.34771588669851505,0.8514210742487138,46,True,POINT Z (-0.124750344185488 51.529787127414 0)
Tooting Bec,24987,25616,17890.0,21723.0,20129.0,18558.0,21710.0,20016.0,18179.0,22228.0,19564.0,1.0,1.0251730900068035,0.823551074897574,0.9266215531924689,0.17644892510242605,0.09613160721345171,0.27258053231587775,0.8548134500230309,0.9219714417319208,0.14518654997696911,0.1006675353468337,0.24585408532380282,0.8178423609861436,0.8801511606982184,0.1821576390138564,0.1414609208164278,0.3236185598302842,0.8420531774699648,47,True,POINT Z (-0.15920812954631 51.4358993700234 0)
Shepherd's Bush,61396,65661,34467.0,41136.0,39702.0,35060.0,42162.0,39729.0,34450.0,41409.0,39052.0,1.0,1.0694670662583883,0.8378792298716453,0.9651400233372228,0.16212077012835469,0.09755049614212197,0.25967126627047665,0.8315544803377449,0.9422940088231109,0.16844551966225507,0.11891255135158296,0.28735807101383803,0.8319447463111884,0.943080006761815,0.16805525368881158,0.11817760778622943,0.286232861475041,0.8332621987593557,48,True,POINT Z (-0.218811085425774 51.5043540320894 0)
Croxley,4036,3767,2871.0,3353.0,2741.0,2846.0,3433.0,2732.0,2956.0,3424.0,2880.0,1.0,0.9333498513379583,0.8562481359976141,0.8174768863704146,0.14375186400238593,0.12414740817865844,0.26789927218104437,0.8290125254879115,0.7958054180017478,0.1709874745120885,0.14736642764665409,0.3183539021587426,0.8633177570093458,0.8411214953271028,0.13668224299065423,0.09881434692323143,0.23549658991388567,0.8217497642536726,49,True,POINT Z (-0.441746350839895 51.647081796 0)
Loughton,11626,11731,8446.0,9926.0,9037.0,8098.0,9666.0,8556.0,8207.0,9742.0,8549.0,1.0,1.0090314811629106,0.850896635099738,0.9104372355430184,0.149103364900262,0.09771176366693957,0.24681512856720156,0.8377819159942065,0.8851644941030415,0.16221808400579352,0.1227582978056464,0.2849763818114399,0.8424348183124615,0.8775405460890987,0.15756518168753852,0.13031400657813808,0.2878791882656766,0.8196706986443181,50,True,POINT Z (0.055364592448419 51.6413140398805 0)
Sloane Square,56555,55656,38307.0,47265.0,44962.0,39163.0,47253.0,44469.0,39017.0,51494.0,43852.0,1.0,0.9841039695871275,0.8104728657569026,0.9512747275997038,0.18952713424309742,0.03335952602771941,0.22288666027081683,0.8287939390091634,0.9410831058345502,0.17120606099083657,0.04371577097755874,0.21492183196839532,0.7576999262049947,0.8515943605080204,0.2423000737950053,0.13465000972885055,0.37695008352385584,0.814758575763068,51,True,POINT Z (-0.156310789558297 51.4923380170884 0)
Upminster,16484,15691,14913.0,18151.0,14767.0,13942.0,16230.0,14106.0,15262.0,17787.0,15071.0,1.0,0.9518927444794952,0.8216076249242465,0.8135639909646851,0.17839237507575345,0.14531968471978396,0.3237120597955374,0.859026494146642,0.8691312384473198,0.140973505853358,0.08694415049610482,0.22791765634946282,0.8580423905099229,0.8473042109405746,0.14195760949007707,0.1098742837840525,0.2518318932741296,0.8034616094191298,52,True,POINT Z (0.251143119887474 51.5590893129807 0)
Aldgate East,45444,48548,31271.0,36864.0,36061.0,33969.0,40192.0,37880.0,33581.0,39676.0,36425.0,1.0,1.0683038464923862,0.8482801649305556,0.9782172309027778,0.15171983506944442,0.084326772654984,0.23604660772442843,0.8451681926751592,0.9424761146496815,0.1548318073248408,0.11778271907925908,0.2726145264040999,0.8463806835366469,0.9180612965016635,0.15361931646335314,0.1406365337764358,0.29425585023978895,0.8029169843683173,53,True,POINT Z (-0.071127223916364 51.5154283167147 0)
Roding Valley,1677,1832,1022.0,980.0,770.0,537.0,632.0,539.0,684.0,751.0,734.0,1.0,1.0924269528920691,1.042857142857143,0.7857142857142857,-0.04285714285714293,0.2807626325639426,0.2379054897067997,0.8496835443037974,0.8528481012658228,0.15031645569620256,0.21930880686529208,0.36962526256149464,0.9107856191744341,0.9773635153129161,0.08921438082556588,0.1053282668232749,0.19454264764884077,0.8020733999171351,54,True,POINT Z (0.04373608548952 51.6170800915503 0)
Tufnell Park,12934,13748,13113.0,16807.0,16529.0,12920.0,16342.0,15867.0,9264.0,10630.0,10420.0,1.0,1.062934900262873,0.7802106265246623,0.9834592729219968,0.21978937347533767,0.074769985745337,0.29455935922067467,0.7906009056419043,0.9709337902337535,0.20939909435809567,0.08655385198695309,0.29595294634504876,0.8714957666980244,0.980244590780809,0.12850423330197558,0.07779433101840372,0.2062985643203793,0.7968108698861027,55,True,POINT Z (-0.13843964784622 51.5568469062101 0)
Paddington TfL,158116,160469,139849.0,163011.0,157179.0,154454.0,186973.0,168891.0,164370.0,200375.0,177027.0,1.0,1.0148814794201726,0.8579114292900479,0.9642232732760366,0.14208857070995207,0.049915391276110666,0.19200396198606273,0.8260764923277693,0.9032908494809411,0.17392350767223075,0.10995434659324566,0.2838778542654764,0.8203119151590768,0.8834784778540237,0.17968808484092325,0.12947620409944105,0.3091642889403643,0.7850461051919034,56,True,POINT Z (-0.17596495802982 51.516563062743 0)
Clapham Common,29894,33176,21082.0,26407.0,26509.0,20967.0,25230.0,25943.0,20242.0,24141.0,24576.0,1.0,1.109787917307821,0.79834892263415,1.0038626121861627,0.20165107736584997,0.09544643933285657,0.29709751669870654,0.8310344827586207,1.028260007927071,0.16896551724137931,0.07346260317784359,0.2424281204192229,0.8384905347748643,1.018019137566795,0.16150946522513565,0.08269037562027448,0.24419984084541013,0.7837254779633396,57,True,POINT Z (-0.137167009784716 51.4622112335521 0)
Putney Bridge,19481,19256,14803.0,17549.0,16582.0,14106.0,17098.0,15193.0,13892.0,16330.0,13778.0,1.0,0.9884502848929726,0.8435238475126788,0.944897145136475,0.15647615248732116,0.04406204380953105,0.2005381962968522,0.8250087729559012,0.8885834600538075,0.17499122704409875,0.10103373570273033,0.2760249627468291,0.8507042253521127,0.8437232088181261,0.14929577464788735,0.14641816415735798,0.2957139388052453,0.7722770978489266,58,True,POINT Z (-0.208703119435311 51.4682560043575 0)
Vauxhall,104910,108883,59557.0,72305.0,67787.0,60929.0,71718.0,68371.0,62195.0,74393.0,69489.0,1.0,1.0378705557144219,0.8236913076550723,0.9375146946960791,0.17630869234492774,0.09669400530325534,0.2730026976481831,0.8495635684207591,0.9533311023731839,0.15043643157924091,0.08145471790848235,0.23189114948772327,0.8360329600903311,0.9340798193378409,0.16396703990966888,0.10000354649731469,0.26397058640698357,0.7688644335428899,59,True,POINT Z (-0.124227036738512 51.4856984493909 0)
Wanstead,9102,9050,5777.0,6838.0,6364.0,5585.0,6715.0,6045.0,5562.0,6590.0,5737.0,1.0,0.994286969896726,0.8448376718338696,0.9306814858145657,0.1551623281661304,0.0639709520569971,0.2191332802231275,0.8317200297840656,0.9002233804914371,0.16827997021593444,0.09460406527811493,0.2628840354940494,0.8440060698027314,0.8705614567526555,0.1559939301972686,0.12443642216987072,0.2804303523671393,0.7624476680843162,60,True,POINT Z (0.028647479421731 51.5756029971839 0)
Balham,42436,43612,28102.0,33792.0,32007.0,28748.0,33697.0,32263.0,27575.0,34227.0,31984.0,1.0,1.0277123197285323,0.8316169507575758,0.9471768465909091,0.1683830492424242,0.07836382963560895,0.24674687887803315,0.8531323263198505,0.9574442828738463,0.14686767368014952,0.06837325534177419,0.2152409290219237,0.8056505098314196,0.9344669413036492,0.19434949016858039,0.09073101162153396,0.28508050179011435,0.7470683096900712,61,True,POINT Z (-0.15266560362294 51.4436277491606 0)
Southfields,19688,19485,15252.0,17618.0,15880.0,15391.0,17803.0,15689.0,15317.0,17719.0,15322.0,1.0,0.9896891507517269,0.865705528436826,0.9013508911340674,0.13429447156317398,0.08925859149871596,0.22355306306188993,0.8645172161995169,0.8812559680952649,0.13548278380048306,0.10956286888069922,0.24504565268118228,0.8644393024437045,0.8647214854111406,0.13556069755629552,0.12626961227741673,0.26183030983371225,0.7304290255767845,62,True,POINT Z (-0.206629303693064 51.4450797805852 0)
Stamford Brook,9269,9072,6592.0,7852.0,7144.0,6496.0,7830.0,7072.0,6637.0,7934.0,7091.0,1.0,0.9787463588305103,0.8395313295975547,0.9098318899643403,0.16046867040244528,0.0704109581041149,0.23087962850656019,0.8296296296296296,0.9031928480204342,0.1703703703703704,0.07719416795619438,0.24756453832656478,0.8365263423241744,0.8937484245021426,0.16347365767582556,0.08684367871358467,0.2503173363894102,0.7287615032225352,63,True,POINT Z (-0.245978135514486 51.4949190385423 0)
Knightsbridge,47274,55828,37396.0,44640.0,42695.0,40132.0,42661.0,44245.0,37512.0,40793.0,42751.0,1.0,1.1809451284003891,0.8377240143369176,0.9564292114695341,0.16227598566308243,0.1901154520489583,0.35239143771204073,0.9407186892009095,1.0371299313190032,0.05928131079909049,0.12177974541136061,0.1810610562104511,0.9195695339886746,1.0479984311033756,0.08043046601132542,0.11257652375186311,0.19300698976318853,0.7264594836856804,64,True,POINT Z (-0.161441486053111 51.5012424520044 0)
Wood Lane,15160,15438,13760.0,16490.0,15379.0,15316.0,17069.0,15605.0,15822.0,18148.0,15878.0,1.0,1.0183377308707124,0.834445118253487,0.9326258338386901,0.165554881746513,0.08416843885253644,0.24972332059904945,0.8972991973753588,0.9142304763020681,0.10270080262464121,0.10223254173213159,0.2049333443567728,0.8718316067886268,0.8749173462640512,0.1281683932113732,0.1408377400334878,0.269006133244861,0.7236627982006832,65,True,POINT Z (-0.223566003960841 51.5101420095008 0)
West Finchley,5574,5374,4103.0,4828.0,4075.0,4171.0,4835.0,4257.0,4249.0,4864.0,4249.0,1.0,0.964119124506638,0.84983429991715,0.8440347970173985,0.15016570008285002,0.12455341299311884,0.27471911307596886,0.8626680455015512,0.8804550155118924,0.13733195449844882,0.08677777140616139,0.2241097259046102,0.8735608552631579,0.8735608552631579,0.12643914473684215,0.09392850628268667,0.22036765101952882,0.7191964900001079,66,True,POINT Z (-0.188317206667133 51.6094899674085 0)
Highgate,18732,18687,12872.0,15463.0,14517.0,13066.0,15585.0,14257.0,13097.0,15368.0,13799.0,1.0,0.9975976937860346,0.8324387246976654,0.9388217034210696,0.16756127530233456,0.058917528309333944,0.2264788036116685,0.8383702277831248,0.9147898620468399,0.16162977221687524,0.08300724054896957,0.24463701276584482,0.8522254034357105,0.8979047371160854,0.14777459656428948,0.09993302640025081,0.2477076229645403,0.7188234393420536,67,True,POINT Z (-0.146442109971085 51.5778466191736 0)
Totteridge and Whetstone,8567,8419,6033.0,7164.0,6460.0,5951.0,7020.0,6382.0,6415.0,7399.0,6454.0,1.0,0.9827244076105988,0.8421273031825796,0.9017308766052484,0.15787269681742044,0.08241733936605733,0.24029003618347777,0.8477207977207977,0.9091168091168091,0.15227920227920233,0.07490156744224918,0.22718076972145151,0.8670090552777402,0.8722800378429517,0.1329909447222598,0.11238590281499372,0.24537684753725353,0.7128476534421828,68,True,POINT Z (-0.179179947727096 51.6305906764516 0)
Turnham Green,19533,20278,13772.0,16414.0,15747.0,13956.0,16604.0,16043.0,13806.0,16621.0,15917.0,1.0,1.0381405826037986,0.8390398440355794,0.9593639575971732,0.1609601559644206,0.07588242510377818,0.23684258106819878,0.8405203565405927,0.9662129607323536,0.15947964345940735,0.06928504970978078,0.22876469316918813,0.8306359424824018,0.9576439444076771,0.1693640575175982,0.07753924617244512,0.24690330369004332,0.7125105779274302,69,True,POINT Z (-0.254527388575046 51.4949587165302 0)
Oval,23513,24109,15958.0,19501.0,18579.0,15237.0,17873.0,17032.0,14642.0,17285.0,16159.0,1.0,1.0253476800068047,0.8183170093841341,0.952720373314189,0.1816829906158659,0.07083188279329178,0.2525148734091577,0.852514966709562,0.9529457841436804,0.14748503329043805,0.07061204435810864,0.2180970776485467,0.8470928550766561,0.9348568122649696,0.1529071449233439,0.08825383770433315,0.24116098262767705,0.7117729336853814,70,True,POINT Z (-0.112380891880082 51.4818384288355 0)
Kensal Green,8227,8110,5434.0,6435.0,6162.0,5765.0,6844.0,6219.0,5625.0,6810.0,5932.0,1.0,0.9857785340950529,0.8444444444444444,0.9575757575757575,0.15555555555555556,0.028609647647872105,0.18416520320342766,0.842343658679135,0.9086791350087668,0.15765634132086503,0.07821168388198219,0.23586802520284722,0.8259911894273128,0.871071953010279,0.17400881057268724,0.116361410922865,0.29037022149555225,0.7104034499018271,71,True,POINT Z (-0.224454457556846 51.5305736054161 0)
Buckhurst Hill,6275,6240,5589.0,6583.0,5850.0,6721.0,7577.0,6850.0,6813.0,7637.0,6580.0,1.0,0.9944223107569721,0.8490050129120462,0.8886525900045572,0.15099498708795378,0.106362980404071,0.2573579674920248,0.8870265276494654,0.9040517355153754,0.11297347235053457,0.09087746148093256,0.20385093383146713,0.892104229409454,0.8615948670944088,0.107895770590546,0.13357246938823475,0.24146823997878075,0.7026771413022727,72,True,POINT Z (0.046850474676384 51.6259845361285 0)
Hanger Lane,12043,11883,7837.0,9091.0,8355.0,8331.0,9684.0,8626.0,8024.0,9058.0,7658.0,1.0,0.9867142738520303,0.8620613793862061,0.919040809591904,0.13793862061379392,0.06858466128794916,0.20652328190174307,0.8602850061957868,0.8907476249483685,0.13971499380421315,0.09725880272210718,0.23697379652632033,0.8858467652903511,0.8454404945904173,0.11415323470964889,0.14317597607065602,0.2573292107803049,0.7008262892083683,73,True,POINT Z (-0.292661519529402 51.5301868520695 0)
Euston,129490,135581,82849.0,100695.0,101094.0,87388.0,105805.0,102047.0,92897.0,109576.0,105968.0,1.0,1.0470383813421886,0.822771736431799,1.0039624608967674,0.17722826356820098,0.04114072722931372,0.2183689907975147,0.8259345021501819,0.9644818297812012,0.17406549784981806,0.07884768412706988,0.25291318197688795,0.8477860115353727,0.9670730816967219,0.1522139884646273,0.07637284465442418,0.22858683311905148,0.6998690058934541,74,True,POINT Z (-0.134572986979356 51.5280864880292 0)
Bethnal Green,45596,50672,27909.0,33395.0,33923.0,26835.0,31470.0,32558.0,25462.0,30014.0,30730.0,1.0,1.1113255548732346,0.8357239107650846,1.0158107501122922,0.16427608923491543,0.08594673661746,0.25022282585237543,0.8527168732125834,1.03457260883381,0.14728312678741662,0.06906432206373536,0.21634744885115198,0.8483374425268209,1.023855534084094,0.15166255747317914,0.07870782814772759,0.23037038562090673,0.6969406603244341,75,True,POINT Z (-0.054663268097705 51.5272388869757 0)
Mill Hill East,5023,4783,5141.0,5915.0,4959.0,5082.0,5678.0,4880.0,5047.0,5803.0,4899.0,1.0,0.9522197889707347,0.8691462383770077,0.8383770076077769,0.13085376162299234,0.1195551517428678,0.25040891336586013,0.8950334624867912,0.8594575554772808,0.10496653751320884,0.0974168301981223,0.20238336771133114,0.8697225572979493,0.8442185076684473,0.13027744270205066,0.11342053857022572,0.24369798127227638,0.6964902623494676,76,True,POINT Z (-0.21003599178201 51.6082365189399 0)
Latimer Road,8037,7679,6594.0,7293.0,6110.0,6706.0,7674.0,6669.0,6838.0,7794.0,6429.0,1.0,0.9554560159263407,0.9041546688605512,0.8377896613190731,0.09584533113944882,0.1231520369811967,0.21899736812064552,0.8738597862913735,0.8690383111806098,0.1261402137086265,0.09044655463490547,0.21658676834353197,0.8773415447780344,0.8248652809853734,0.12265845522196561,0.13667896037512095,0.25933741559708656,0.694921552061264,77,True,POINT Z (-0.21782991407451 51.5134601262303 0)
Parsons Green,22457,22237,17187.0,20101.0,18327.0,17294.0,20151.0,17858.0,16801.0,19645.0,17931.0,1.0,0.9902035000222648,0.8550320879558231,0.9117456842943137,0.14496791204417692,0.0792340319198902,0.22420194396406712,0.8582204357103865,0.8862091211354275,0.14177956428961347,0.10502323904581123,0.2468028033354247,0.8552303385085264,0.9127513362178672,0.14476966149147363,0.07821843065860301,0.22298809215007664,0.6939928394495685,78,True,POINT Z (-0.20173953648515 51.4749860987056 0)
Queen's Park,17826,17858,13206.0,15337.0,14205.0,13951.0,16171.0,14604.0,14270.0,16601.0,14991.0,1.0,1.0017951307079547,0.8610549651170373,0.9261915628871357,0.13894503488296273,0.07546809273008848,0.2144131276130512,0.8627172098200482,0.9030981386432503,0.13728279017995182,0.09852013554403738,0.2358029257239892,0.859586771881212,0.9030178904885248,0.14041322811878798,0.098600239900972,0.23901346801975998,0.6892295213568004,79,True,POINT Z (-0.205716929565442 51.5339801351448 0)
Hammersmith (DIS),90053,92013,65765.0,70470.0,65378.0,62468.0,76309.0,68966.0,62020.0,72527.0,67992.0,1.0,1.0217649606342931,0.9332340002838088,0.9277423016886619,0.06676599971619124,0.09201985052145811,0.15878585023764935,0.818619035762492,0.903772818409362,0.18138096423750805,0.1154787517392295,0.29685971597673755,0.855129813724544,0.9374715623147242,0.144870186275456,0.0824978361630655,0.2273680224385215,0.6830135886529084,80,True,POINT Z (-0.223018446935571 51.4920004980521 0)
Elm Park,10971,10815,8315.0,9582.0,8257.0,8325.0,9394.0,8359.0,8698.0,9837.0,8808.0,1.0,0.9857806945583811,0.8677729075349614,0.8617198914631601,0.1322270924650386,0.12585030705110223,0.25807739951614084,0.8862039599744518,0.8898232914626357,0.11379604002554822,0.09734153207243856,0.21113757209798678,0.8842126664633526,0.8953949374809393,0.11578733353664739,0.09168951834457828,0.20747685188122567,0.6766918234953533,81,True,POINT Z (0.198693956591701 51.5497214798208 0)
Finchley Central,29319,28340,19392.0,22772.0,20455.0,15510.0,17775.0,15536.0,15238.0,17294.0,14856.0,1.0,0.9666086837886695,0.8515721060952046,0.898252239592482,0.14842789390479538,0.07071780477727663,0.219145698682072,0.8725738396624473,0.8740365682137834,0.12742616033755272,0.09577000199506303,0.22319616233261574,0.8811148375159015,0.8590262518792645,0.11888516248409853,0.1112988469002062,0.23018400938430472,0.6725258703989925,82,True,POINT Z (-0.19252922549939 51.6009348679323 0)
Hyde Park Corner,13201,14622,11266.0,12994.0,12897.0,9418.0,11011.0,11475.0,8783.0,9957.0,9831.0,1.0,1.1076433603514886,0.8670155456364476,0.9925350161613052,0.13298445436355244,0.10392184732968202,0.23690630169323446,0.8553264916901281,1.0421396785033148,0.1446735083098719,0.059137881553668614,0.20381138986354053,0.8820929998995681,0.9873455860198855,0.11790700010043187,0.1086069565689709,0.22651395666940277,0.6672316482261778,83,True,POINT Z (-0.154124887061521 51.5027528559006 0)
Westminster,71460,74187,54632.0,63304.0,60032.0,57444.0,63576.0,56335.0,57279.0,61686.0,56078.0,1.0,1.0381612090680101,0.8630102363199798,0.9483129028181474,0.13698976368002025,0.08654562072351213,0.22353538440353238,0.9035485088712721,0.8861048194287152,0.09645149112872786,0.146467030660682,0.24291852178940987,0.92855753331388,0.9090879616120352,0.07144246668611998,0.12432871342963014,0.19577118011575012,0.6622250863086924,84,True,POINT Z (-0.125633447749655 51.5009655911588 0)
South Ruislip,6505,6423,4696.0,5378.0,4936.0,4766.0,5530.0,4813.0,4609.0,5201.0,4651.0,1.0,0.9873943120676403,0.8731870583860171,0.9178133134994422,0.12681294161398293,0.07046931273332224,0.19728225434730517,0.8618444846292947,0.8703435804701628,0.13815551537070525,0.11854507380376633,0.2567005891744716,0.8861757354354932,0.8942511055566237,0.11382426456450678,0.09433233043035383,0.2081565949948606,0.6621394385166374,85,True,POINT Z (-0.398845328625941 51.556861433018 0)
Regent's Park,13604,13118,7027.0,8370.0,7643.0,6752.0,8257.0,7642.0,6790.0,8106.0,7329.0,1.0,0.9642752131725963,0.8395459976105137,0.913142174432497,0.16045400238948626,0.05302743246076469,0.21348143485025095,0.8177304105607364,0.9255177425214969,0.18226958943926364,0.040193370234605674,0.2224629596738693,0.8376511226252159,0.9041450777202072,0.1623488773747841,0.0623578565859354,0.2247067339607195,0.6606511284848398,86,True,POINT Z (-0.146287770475268 51.5232801488787 0)
West Ruislip,5098,4820,3665.0,4191.0,3732.0,4280.0,5099.0,4355.0,4248.0,4891.0,4218.0,1.0,0.9454688112985484,0.8744929611071344,0.8904795991410165,0.12550703889286563,0.05816078912429412,0.18366782801715975,0.8393802706413022,0.8540890370660914,0.16061972935869784,0.09665022594130002,0.25726995529999785,0.8685340421181762,0.862400327131466,0.1314659578818238,0.08785957101323372,0.21932552889505752,0.6602633122122151,87,True,POINT Z (-0.437626140162556 51.5696310313101 0)
West Hampstead,34251,34751,22632.0,26220.0,24394.0,24214.0,28248.0,25963.0,24659.0,27871.0,25891.0,1.0,1.014598113923681,0.8631578947368421,0.9303585049580473,0.13684210526315788,0.08302756314010884,0.21986966840326672,0.8571934296233361,0.9191093174738034,0.1428065703766639,0.09411489646930327,0.23692146684596715,0.8847547630153206,0.9289584155573894,0.11524523698467937,0.08440750794923468,0.19965274493391405,0.6564438801831479,88,True,POINT Z (-0.190144437494366 51.5468041342918 0)
Hammersmith (H&C),33861,33935,26996.0,30747.0,27759.0,29300.0,33593.0,30342.0,30782.0,34602.0,31414.0,1.0,1.0021854050382446,0.8780043581487624,0.9028197872963216,0.12199564185123757,0.09914893715512763,0.2211445790063652,0.872205519006936,0.9032238859286161,0.127794480993064,0.09874571971625545,0.22654020070931946,0.8896017571238657,0.9078665973065141,0.11039824287613431,0.09411313241797925,0.20451137529411356,0.6521961550097982,89,True,POINT Z (-0.224905917275528 51.4937850044917 0)
Barons Court,22941,22379,16561.0,19191.0,17519.0,17442.0,20199.0,18205.0,17496.0,20107.0,17552.0,1.0,0.9755023756593,0.8629565942368819,0.9128758272106716,0.13704340576311813,0.06419927825014449,0.20124268401326262,0.8635080944601218,0.9012822416951334,0.13649190553987822,0.07608401149613231,0.21257591703601053,0.8701447257174119,0.8729298254339285,0.12985527428258814,0.10514843713839972,0.23500371142098786,0.648822312470261,90,True,POINT Z (-0.214660488067239 51.4902993374424 0)
Marble Arch,37494,40353,24847.0,28205.0,27768.0,24869.0,28658.0,28168.0,23434.0,26879.0,26151.0,1.0,1.0762522003520563,0.8809430951958872,0.9845062932104237,0.1190569048041128,0.0852457324701601,0.2043026372742729,0.8677856096029032,0.9829018075232047,0.13221439039709681,0.0867365407460402,0.21895093114313702,0.8718330295025857,0.9729156590646973,0.12816697049741432,0.09601517307333374,0.22418214357074806,0.647435711988158,91,True,POINT Z (-0.157334022942238 51.5136012982456 0)
Shepherd's Bush Market,10617,11338,8892.0,10860.0,10875.0,9648.0,10929.0,10558.0,9623.0,11093.0,11161.0,1.0,1.0679099557313743,0.8187845303867404,1.0013812154696133,0.18121546961325963,0.062298080380941534,0.24351354999420116,0.8827889102388141,0.9660536188123342,0.11721108976118588,0.09537914350586063,0.2125902332670465,0.8674839989182367,1.0061299918867754,0.1325160010817633,0.05785128560046793,0.19036728668223124,0.6464710699434789,92,True,POINT Z (-0.226272239161867 51.5060918115633 0)
Kennington,17506,18676,12731.0,15279.0,15612.0,13341.0,15617.0,15634.0,12777.0,15075.0,14862.0,1.0,1.066834228264595,0.8332351593690687,1.0217946200667583,0.16676484063093133,0.042218000702041736,0.20898284133297307,0.8542613818274957,1.0010885573413588,0.14573861817250433,0.06162688558482399,0.20736550375732832,0.8475621890547264,0.9858706467661692,0.15243781094527364,0.07589143594514047,0.22832924689041412,0.6446775919807155,93,True,POINT Z (-0.105940029542131 51.488341112167 0)
East Putney,21755,21395,17866.0,20325.0,18674.0,17987.0,20804.0,18860.0,17453.0,20332.0,17966.0,1.0,0.9834520799816134,0.8790159901599016,0.9187699876998769,0.12098400984009838,0.06577045653606817,0.18675446637616655,0.8645933474331859,0.9065564314554894,0.13540665256681406,0.07818952249057398,0.21359617505738804,0.8584005508557938,0.8836317135549873,0.1415994491442062,0.10149997997715599,0.24309942912136218,0.6434500705549168,94,True,POINT Z (-0.21103973778595 51.4591498588384 0)
Arsenal,8711,9142,6120.0,7380.0,7078.0,6188.0,7275.0,7069.0,6146.0,6914.0,6889.0,1.0,1.0494776719090804,0.8292682926829268,0.9590785907859078,0.1707317073170732,0.08613721238940664,0.25686891970647985,0.8505841924398625,0.9716838487972509,0.1494158075601375,0.07412622983232842,0.22354203739246592,0.8889210297946196,0.9963841481052936,0.11107897020538038,0.05059042724292129,0.16166939744830167,0.6420803545472474,95,True,POINT Z (-0.107258995220346 51.5586182630652 0)
Chesham,4100,3788,3071.0,3614.0,3164.0,3238.0,3664.0,3081.0,3318.0,3830.0,3198.0,1.0,0.9239024390243903,0.8497509684560044,0.8754842280022136,0.1502490315439956,0.05240619461217644,0.20265522615617204,0.8837336244541485,0.8408842794759825,0.11626637554585151,0.08985598050382038,0.20612235604967188,0.8663185378590078,0.8349869451697128,0.1336814621409922,0.09623905089867413,0.22992051303966632,0.6386980952455102,96,True,POINT Z (-0.610957106041938 51.7052267134821 0)
Chigwell,1889,1780,1127.0,1309.0,1094.0,1006.0,1131.0,961.0,1088.0,1192.0,1023.0,1.0,0.942297511911064,0.8609625668449198,0.8357524828113063,0.13903743315508021,0.11306941571316986,0.2521068488682501,0.8894783377541998,0.8496905393457118,0.11052166224580018,0.09827784897525305,0.20879951122105322,0.912751677852349,0.8582214765100671,0.08724832214765099,0.08922451172611423,0.17647283387376522,0.6373791939630685,97,True,POINT Z (0.075621709630792 51.6176545264783 0)
Clapham North,18878,21299,14027.0,16865.0,18019.0,13507.0,16000.0,17147.0,12917.0,15334.0,16447.0,1.0,1.1282445174276936,0.8317225022235398,1.0684257337681589,0.16827749777646017,0.05301934353371973,0.2212968413101799,0.8441875,1.0716875,0.15581250000000002,0.05012833348983525,0.20594083348983527,0.8423764184165906,1.0725838007043171,0.1576235815834094,0.049333912874027,0.2069574944574364,0.6341951692574516,98,True,POINT Z (-0.129333403541793 51.4657303680798 0)
Warwick Avenue,12958,13366,9035.0,10505.0,9878.0,9099.0,10337.0,10018.0,8983.0,10324.0,9714.0,1.0,1.0314863404846426,0.8600666349357449,0.9403141361256544,0.13993336506425513,0.08838915338050046,0.2283225184447556,0.8802360452742575,0.969139982586824,0.11976395472574253,0.06044322202902397,0.1802071767547665,0.8701084850833011,0.9409143742735374,0.12989151491669892,0.08780723763006892,0.21769875254676785,0.6262284477462899,99,True,POINT Z (-0.183581995971193 51.5232005763863 0)
Ruislip Gardens,3776,3506,2486.0,2924.0,2668.0,2550.0,3037.0,2660.0,2505.0,3022.0,2611.0,1.0,0.9284957627118644,0.8502051983584131,0.9124487004103967,0.14979480164158687,0.017282860025767843,0.16707766166735472,0.8396443859071452,0.875864339809022,0.16035561409285481,0.056684612915326005,0.21704022700818082,0.828921244209133,0.8639973527465254,0.17107875579086695,0.06946548660271534,0.2405442423935823,0.6246621310691178,100,True,POINT Z (-0.410696109804698 51.56077688512 0)
Hornchurch,7581,7144,5363.0,6136.0,5448.0,5380.0,5972.0,5198.0,5481.0,6377.0,5275.0,1.0,0.9423558897243107,0.8740221642764016,0.8878748370273793,0.12597783572359844,0.057813670282116036,0.18379150600571448,0.9008707300736771,0.8703951774949765,0.09912926992632287,0.07636256430719246,0.17549183423351533,0.8594950603732162,0.8271914693429512,0.1405049396267838,0.12220905247915548,0.26271399210593926,0.6219973323451691,101,False,POINT Z (0.219134036058355 51.5540505146079 0)
High Barnet,13709,13696,10344.0,11716.0,11362.0,11108.0,12837.0,11715.0,11117.0,12782.0,11224.0,1.0,0.9990517178495879,0.8828951860703311,0.9697849095254353,0.11710481392966887,0.029294587858922916,0.1463994017885918,0.8653112097842175,0.9125964010282777,0.1346887902157825,0.08653737867284916,0.22122616888863167,0.8697386950398999,0.8781098419652636,0.13026130496010013,0.12105667176534762,0.25131797672544776,0.6189435474026712,102,False,POINT Z (-0.194140784281301 51.650524935439 0)
Stanmore,12549,13017,9332.0,10448.0,9945.0,9565.0,10726.0,10013.0,9861.0,10864.0,9855.0,1.0,1.0372938082715755,0.8931852986217458,0.9518568147013783,0.10681470137825422,0.08236527865963006,0.18917998003788428,0.8917583442103301,0.9335260115606936,0.10824165578966993,0.10003703471805003,0.20827869050771997,0.9076767304860088,0.9071244477172312,0.09232326951399117,0.12548938354432404,0.2178126530583152,0.6152713236039195,103,False,POINT Z (-0.303238655645259 51.6197138463166 0)
Euston Square,50640,46501,37454.0,43126.0,37595.0,38897.0,44720.0,38049.0,40330.0,46650.0,38892.0,1.0,0.9182661927330174,0.868478412094792,0.8717479014979362,0.13152158790520796,0.05065883030783225,0.1821804182130402,0.8697898032200357,0.8508273703041145,0.13021019677996426,0.07344147368442921,0.20365167046439347,0.8645230439442658,0.8336977491961415,0.13547695605573418,0.09209578247150374,0.22757273852723792,0.6134048272046716,104,False,POINT Z (-0.135851312776002 51.5256349922743 0)
Epping,13501,13632,9323.0,10777.0,10556.0,9712.0,11149.0,10181.0,9874.0,11164.0,10078.0,1.0,1.0097029849640768,0.8650830472302125,0.9794933655006032,0.13491695276978755,0.02991931282103566,0.1648362655908232,0.8711095165485694,0.913176069602655,0.12889048345143062,0.09559931662958898,0.2244898000810196,0.8844500179147259,0.9027230383375134,0.11554998208527412,0.105951896963412,0.22150187904868612,0.6108279447205289,105,False,POINT Z (0.114025844922751 51.6935652064952 0)
Finsbury Park,108663,112072,56989.0,67475.0,66833.0,56807.0,67894.0,66719.0,59256.0,69007.0,66658.0,1.0,1.0313722242161545,0.8445942941830308,0.9904853649499815,0.15540570581696922,0.039643165004998204,0.19504887082196742,0.8367013285415501,0.9826936106283324,0.1632986714584499,0.04719791016751296,0.21049658162596285,0.858695494659962,0.9659599750749924,0.14130450534003802,0.06342254290479421,0.20472704824483223,0.6102725006927625,106,False,POINT Z (-0.106653230276946 51.5645726811384 0)
Fulham Broadway,29291,30125,20996.0,24221.0,22788.0,20198.0,23428.0,21972.0,20303.0,23265.0,23082.0,1.0,1.0284729097675054,0.8668510796416333,0.9408364642252591,0.13314892035836667,0.08521026145652899,0.21835918181489566,0.8621307836776507,0.9378521427351887,0.13786921632234928,0.08811196305870828,0.22598117938105755,0.8726842897055663,0.9921341070277241,0.12731571029443367,0.03533277580252059,0.16264848609695426,0.6069888472929075,107,False,POINT Z (-0.194742482172033 51.4807686154393 0)
Woodford,19332,19216,13758.0,15963.0,15060.0,13588.0,15593.0,14496.0,13630.0,15590.0,13994.0,1.0,0.9939995861783572,0.8618680699116708,0.9434316857733509,0.13813193008832925,0.05087316041994072,0.18900509050826997,0.8714166613223883,0.929647918937985,0.12858333867761174,0.06474013484028274,0.19332347351789447,0.8742783835792175,0.8976266837716484,0.1257216164207825,0.0969546705519615,0.222676286972744,0.6050048509989084,108,False,POINT Z (0.03403824393238 51.6068624242835 0)
Osterley,7160,7225,5309.0,5894.0,5314.0,5271.0,5708.0,5151.0,5012.0,5501.0,4845.0,1.0,1.0090782122905029,0.9007465218866644,0.9015948422124194,0.09925347811333562,0.1065163916621561,0.20576986977549172,0.9234407848633497,0.9024176594253679,0.07655921513665032,0.10570097695700575,0.18226019209365607,0.9111070714415561,0.8807489547355026,0.08889292855844388,0.12717473828287917,0.21606766684132306,0.6040977287104708,109,False,POINT Z (-0.352199309980199 51.4812435134735 0)
Stockwell,35752,37140,20730.0,24518.0,24904.0,20878.0,24383.0,24371.0,20484.0,24513.0,23483.0,1.0,1.0388230029089283,0.8455012643771923,1.015743535361775,0.1544987356228077,0.022216939250022216,0.1767156748728299,0.8562523069351597,0.9995078538325883,0.14374769306484025,0.037845859175479446,0.1815935522403197,0.8356382327744463,0.9579814792151103,0.16436176722555373,0.0778203057377862,0.24218207296333993,0.6004913000764895,110,False,POINT Z (-0.12301670611174 51.4718293063076 0)
Maida Vale,10869,10752,8109.0,9385.0,8862.0,8460.0,9579.0,8862.0,8236.0,9397.0,8263.0,1.0,0.9892354402428927,0.8640383590836441,0.9442727757059137,0.13596164091635587,0.04545193460309005,0.18141357551944592,0.8831819605386784,0.925148762918885,0.11681803946132163,0.06478404909176327,0.1816020885530849,0.8764499308289879,0.8793231882515696,0.12355006917101208,0.11110828375127324,0.23465835292228532,0.5976740169948161,111,False,POINT Z (-0.185804459598915 51.5297309387148 0)
St James's Park,53758,45333,30471.0,37971.0,31358.0,32731.0,39012.0,30992.0,33462.0,37693.0,30282.0,1.0,0.8432791398489528,0.8024808406415422,0.8258407732216692,0.19751915935845776,0.020679233960900656,0.21819839331935842,0.8389982569465806,0.7944222290577259,0.1610017430534194,0.05793681888061186,0.21893856193403127,0.8877510413074046,0.803385243944499,0.11224895869259544,0.047308054971690106,0.15955701366428554,0.5966939689176752,112,False,POINT Z (-0.133601971319782 51.4995625338571 0)
Angel,58105,58664,33538.0,42033.0,41775.0,33510.0,41139.0,41759.0,32489.0,39552.0,39351.0,1.0,1.0096205145856638,0.7978968905383865,0.9938619655984584,0.20210310946161347,0.015608388260288653,0.21771149772190213,0.8145555312477212,1.0150708573373197,0.18544446875227882,-0.005398407295529983,0.18004606145674884,0.8214249595469255,0.9949180825242718,0.17857504045307449,0.014562334906027208,0.1931373753591017,0.5908949345377527,113,False,POINT Z (-0.104700331754964 51.5314896253369 0)
Ruislip Manor,6509,6498,4384.0,5066.0,4777.0,4256.0,4931.0,4556.0,4490.0,4909.0,4415.0,1.0,0.9983100322630204,0.8653770232925385,0.9429530201342282,0.13462297670746148,0.05545072206006596,0.19007369876752744,0.8631109308456703,0.9239505171364835,0.13688906915432975,0.07448539303764679,0.21137446219197653,0.9146465675290283,0.8993685068242004,0.08535343247097171,0.09910901647911341,0.18446244895008512,0.5859106099095891,114,False,POINT Z (-0.411791491503135 51.5734778825197 0)
South Wimbledon,15353,15322,10761.0,12357.0,12345.0,10994.0,12733.0,11642.0,10889.0,12777.0,11645.0,1.0,0.9979808506480818,0.8708424374848264,0.9990288905074047,0.12915756251517363,-0.0010501602897914353,0.1281074022253822,0.8634257441294275,0.9143171287206472,0.13657425587057248,0.08383299326144789,0.22040724913202037,0.8522344838381467,0.9114033028097362,0.1477655161618533,0.08675271452565725,0.23451823068751054,0.5830328820449131,115,False,POINT Z (-0.193281732374388 51.4149885265076 0)
West Kensington,15875,15870,10956.0,12769.0,12319.0,10898.0,12900.0,12252.0,10386.0,12255.0,11671.0,1.0,0.9996850393700787,0.8580155063043308,0.9647583992481792,0.14198449369566923,0.03493764410429456,0.1769221377999638,0.8448062015503875,0.9497674418604651,0.15519379844961245,0.049933324540964996,0.20512712299057745,0.8474908200734395,0.9523459812321502,0.15250917992656055,0.04735397277502296,0.1998631527015835,0.5819124134921247,116,False,POINT Z (-0.205433285639364 51.4907915454301 0)
Morden,32133,32482,24753.0,27886.0,27222.0,24730.0,28505.0,26564.0,24936.0,28520.0,26057.0,1.0,1.0108611085177233,0.8876497167037223,0.9761887685576992,0.11235028329627772,0.0342998060444385,0.14665008934071622,0.8675670934923697,0.9319066830380635,0.1324329065076303,0.07810610658019546,0.21053901308782574,0.8743338008415147,0.9136395511921459,0.12566619915848531,0.09617696883020677,0.22184316798869208,0.579032270417234,117,False,POINT Z (-0.194730076004683 51.4025372733651 0)
Fairlop,4164,4065,2815.0,3123.0,2809.0,2846.0,3359.0,2990.0,2813.0,3137.0,2891.0,1.0,0.9762247838616714,0.9013768812039705,0.8994556516170349,0.09862311879602947,0.07863878638786381,0.1772619051838933,0.8472759749925574,0.8901458767490324,0.15272402500744264,0.08817529378032685,0.2408993187877695,0.8967166082244182,0.9215811284666879,0.10328339177558177,0.055974460286521865,0.15925785206210363,0.5774190760337664,118,False,POINT Z (0.091079822153104 51.5955594831277 0)
North Harrow,6778,6500,4584.0,5265.0,4553.0,4801.0,5200.0,4708.0,4878.0,5463.0,4687.0,1.0,0.9589849513130717,0.8706552706552707,0.8647673314339981,0.1293447293447293,0.09824723500620935,0.22759196435093865,0.9232692307692307,0.9053846153846153,0.07673076923076927,0.05589278106508877,0.13262355029585804,0.8929159802306426,0.8579535053999634,0.10708401976935744,0.10535248313831513,0.21243650290767258,0.5726520175544693,119,False,POINT Z (-0.362582721579554 51.5849491481384 0)
Northfields,13128,13051,7616.0,9995.0,9720.0,7723.0,8589.0,8361.0,7154.0,8127.0,7556.0,1.0,0.9941346739792809,0.7619809904952476,0.9724862431215607,0.2380190095047524,0.021776155106899897,0.2597951646116523,0.8991733612760507,0.9734544184421935,0.10082663872394926,0.020802267618641013,0.12162890634259027,0.880275624461671,0.9297403716008367,0.11972437553832904,0.064774224321831,0.18449859986016004,0.5659226708144026,120,False,POINT Z (-0.312972772078149 51.4996553291648 0)
South Woodford,17629,17367,12435.0,14329.0,13421.0,12198.0,14077.0,12967.0,12182.0,13823.0,12744.0,1.0,0.9851381246809234,0.867820503873264,0.936632005024775,0.13217949612673596,0.049237886993622526,0.1814173831203585,0.8665198550827591,0.9211479718690062,0.13348014491724092,0.0649555135556682,0.19843565847290912,0.881284815163134,0.9219416913839253,0.11871518483686605,0.06414981992242641,0.18286500475929246,0.5627180463525601,121,False,POINT Z (0.027388896244925 51.5918936591862 0)
Highbury and Islington,55772,59418,40895.0,47065.0,48593.0,40653.0,47260.0,48783.0,40400.0,48375.0,48268.0,1.0,1.065373305601377,0.8689047062573038,1.032465738871773,0.13109529374269624,0.030888296671774063,0.1619835904144703,0.8601988997037664,1.0322259839187473,0.1398011002962336,0.031113339810892704,0.1709144401071263,0.8351421188630491,0.9977881136950905,0.16485788113695088,0.06343803768214029,0.22829591881909117,0.5611939493406878,122,False,POINT Z (-0.103710311810678 51.547426643679 0)
Baker Street,93166,93087,64782.0,73927.0,73249.0,67606.0,77566.0,71005.0,69035.0,78747.0,71344.0,1.0,0.9991520511774682,0.8762968874700718,0.9908287905636641,0.12370311252992816,0.008330324302487702,0.13203343683241586,0.8715932238351856,0.9154139700384188,0.12840677616481444,0.08380914700657094,0.21221592317138538,0.8766683175232073,0.9059900694629637,0.12333168247679271,0.09324104534911992,0.21657272782591264,0.5608220878297139,123,False,POINT Z (-0.157032980300198 51.523003746323 0)
Belsize Park,19031,18646,15692.0,17892.0,16397.0,16352.0,18259.0,16799.0,16039.0,18404.0,16684.0,1.0,0.9797698491934212,0.8770400178850883,0.9164431030628214,0.12295998211491166,0.06463430792724689,0.18759429004215855,0.8955583547839422,0.9200394326085766,0.10444164521605781,0.06096372187204646,0.16540536708810427,0.8714953271028038,0.9065420560747663,0.12850467289719625,0.0747397903486604,0.20324446324585665,0.5562441203761195,124,False,POINT Z (-0.164595401481609 51.5503280491108 0)
Chalfont and Latimer,6159,5680,5619.0,5777.0,4708.0,4670.0,5529.0,4885.0,4785.0,5639.0,4869.0,1.0,0.9222276343562267,0.9726501644452138,0.8149558594426173,0.027349835554786206,0.11631810945297894,0.14366794500776514,0.8446373666124073,0.8835232410924218,0.1553626333875927,0.041968372907002505,0.1973310062945952,0.8485547082816102,0.863450966483419,0.15144529171838983,0.06373336222334902,0.21517865394173885,0.5561776052440992,125,False,POINT Z (-0.560701231920061 51.6680354766743 0)
Colliers Wood,22007,22475,15839.0,17988.0,17789.0,15838.0,18081.0,17195.0,15763.0,17927.0,16642.0,1.0,1.0212659608306447,0.880531465421392,0.9889370691572159,0.11946853457860795,0.03165570273891649,0.15112423731752445,0.875947126818207,0.950998285493059,0.12405287318179303,0.06880448192010002,0.19285735510189306,0.8792882244658894,0.9283204105539131,0.12071177553411061,0.09101013236663102,0.21172190790074163,0.5557035003201591,126,False,POINT Z (-0.178032911097111 51.4181591066557 0)
West Harrow,4252,4645,3365.0,3339.0,3674.0,3699.0,4117.0,3694.0,3796.0,4240.0,3792.0,1.0,1.0924270931326434,1.0077867625037435,1.1003294399520815,-0.0077867625037435495,-0.007233752136975413,-0.015020514640718963,0.898469759533641,0.8972552829730386,0.10153024046635895,0.1786588884388891,0.28018912890524805,0.8952830188679245,0.8943396226415095,0.1047169811320755,0.18132786319231464,0.28604484432439015,0.5512134585889192,127,False,POINT Z (-0.353268235642068 51.5795683742179 0)
Canons Park,9969,9914,6750.0,7371.0,6762.0,6725.0,7577.0,6893.0,6560.0,7259.0,6555.0,1.0,0.99448289698064,0.9157509157509157,0.9173789173789174,0.08424908424908428,0.07753173014419734,0.16178081439328162,0.8875544410716643,0.9097268048040121,0.11244555892833574,0.0852262944229174,0.19767185335125315,0.9037057445929191,0.9030169444827111,0.09629425540708092,0.09197337910549253,0.18826763451257345,0.5477203022571082,128,False,POINT Z (-0.294670499457552 51.6077114607851 0)
Ickenham,3843,3749,2799.0,3129.0,2878.0,2625.0,3160.0,2791.0,2685.0,2915.0,2725.0,1.0,0.9755399427530576,0.8945349952061361,0.9197826781719399,0.10546500479386389,0.05715528615236998,0.16262029094623387,0.8306962025316456,0.8832278481012659,0.16930379746835444,0.09462666837739009,0.26393046584574453,0.9210977701543739,0.934819897084048,0.07890222984562612,0.041741033743932676,0.12064326358955879,0.5471940203815372,129,False,POINT Z (-0.442019216932921 51.5619706644323 0)
Rickmansworth,8430,7979,6114.0,6969.0,6502.0,5791.0,6788.0,6145.0,6064.0,7039.0,6159.0,1.0,0.9465005931198102,0.8773138183383555,0.9329889510690199,0.12268618166164447,0.014275365645840532,0.136961547307485,0.8531231585150265,0.9052740129640542,0.14687684148497349,0.043556845558719526,0.190433687043693,0.8614860065350192,0.8749822417957096,0.13851399346498083,0.07556080983358415,0.214074803298565,0.541470037649743,130,False,POINT Z (-0.47368448665146 51.640291811549 0)
Brixton,102245,105674,55588.0,65152.0,68677.0,53644.0,66329.0,72336.0,52457.0,66393.0,65611.0,1.0,1.033537092278351,0.8532048133595285,1.0541042485265226,0.14679518664047153,-0.01989977563633727,0.12689541100413426,0.8087563509173966,1.0905637051666692,0.19124364908260338,-0.0551761647592226,0.13606748432338078,0.7900983537421113,0.9882216498727275,0.20990164625788865,0.043845008315791745,0.2537466545736804,0.5167095499011954,131,False,POINT Z (-0.114869173557957 51.4626677839642 0)
Leytonstone,31782,32965,21443.0,24128.0,23699.0,20857.0,23780.0,22653.0,20617.0,22660.0,22151.0,1.0,1.0372223271033918,0.88871850132626,0.9822198275862069,0.11128149867374004,0.053028649769609304,0.16431014844334935,0.8770815811606392,0.9526072329688814,0.12291841883936083,0.08157855063804065,0.20449696947740148,0.9098411297440424,0.9775375110326566,0.09015887025595759,0.057542934153196,0.1477018044091536,0.5165089223299044,132,False,POINT Z (0.008210661403407 51.5683222558993 0)
High Street Kensington,38576,38330,27374.0,31892.0,31485.0,28722.0,32541.0,31299.0,27605.0,32486.0,30110.0,1.0,0.9936229780174202,0.8583343785275304,0.987238178853631,0.14166562147246964,0.0064257764816679774,0.14809139795413762,0.8826403613902462,0.9618327648197659,0.11735963860975385,0.03199424117695571,0.14935387978670955,0.8497506618235547,0.9268608015760635,0.15024933817644526,0.06719065271071678,0.21743999088716204,0.5148852686280092,133,False,POINT Z (-0.192181979243048 51.5004463089042 0)
Lambeth North,11892,12540,7677.0,9027.0,8902.0,7738.0,8527.0,8573.0,7583.0,8432.0,8357.0,1.0,1.0544904137235116,0.8504486540378864,0.9861526531516561,0.1495513459621136,0.0648064313174247,0.2143577772795383,0.9074703881787264,1.0053946288260818,0.09252961182127362,0.04655877783095974,0.13908838965223336,0.8993121442125237,0.9911053130929791,0.1006878557874763,0.0601096983012992,0.1607975540887755,0.5142437210205472,134,False,POINT Z (-0.112207385371564 51.4988434974009 0)
Tooting Broadway,50192,52230,36260.0,42066.0,43310.0,36339.0,41571.0,41365.0,35692.0,40868.0,39610.0,1.0,1.0406040803315268,0.8619787952265487,1.0295725764275188,0.13802120477345126,0.010601057705341255,0.1486222624787925,0.8741430324023959,0.9950446224531524,0.12585696759760412,0.043781740567324756,0.16963870816492888,0.8733483410002937,0.9692179700499168,0.12665165899970632,0.06860064421318346,0.19525230321288978,0.5135132738566112,135,False,POINT Z (-0.16836453629052 51.4276757551805 0)
Debden,8337,7855,6283.0,6971.0,6114.0,6283.0,7125.0,6378.0,6333.0,7066.0,6172.0,1.0,0.9421854384071009,0.9013054081193516,0.8770621144742504,0.09869459188064844,0.06911943368913742,0.16781402556978586,0.8818245614035087,0.8951578947368422,0.11817543859649127,0.049913256725518385,0.16808869532200965,0.8962637984715539,0.8734786300594396,0.10373620152844609,0.07292280855435418,0.17665901008280027,0.5125617309745958,136,False,POINT Z (0.083793529867595 51.645394091677 0)
Ravenscourt Park,10984,11201,8700.0,9637.0,9425.0,8205.0,9474.0,9088.0,8475.0,9529.0,9036.0,1.0,1.0197560087399855,0.9027705717546954,0.9780014527342534,0.09722942824530456,0.04094563370832616,0.13817506195363072,0.8660544648511717,0.9592569136584336,0.13394553514882834,0.059327029763036054,0.1932725649118644,0.8893902822961486,0.9482631965578759,0.11060971770385142,0.07010776261122142,0.18071748031507284,0.512165107180568,137,False,POINT Z (-0.235752094598315 51.4941687153592 0)
East Acton,13564,13667,10114.0,11200.0,10412.0,11681.0,12532.0,11623.0,11114.0,12108.0,10888.0,1.0,1.0075936301975819,0.9030357142857143,0.9296428571428571,0.09696428571428573,0.07736330472775932,0.17432759044204504,0.9320938397701883,0.9274656878391319,0.06790616022981166,0.07952406600936679,0.14743022623917845,0.9179055170135447,0.8992401717872481,0.08209448298645527,0.10753686323829414,0.18963134622474942,0.5113891629059729,138,False,POINT Z (-0.247139059644396 51.51659882902 0)
Pinner,9997,10011,7849.0,7601.0,7311.0,7722.0,9047.0,8064.0,7810.0,9099.0,8142.0,1.0,1.0014004201260378,1.0326272858834364,0.9618471253782397,-0.03262728588343644,0.039497980980295444,0.006870695096859003,0.8535426108102133,0.8913451973029733,0.14645738918978668,0.1099013148099266,0.2563587039997133,0.8583360808880097,0.8948236069897791,0.14166391911199028,0.10642776954581734,0.24809168865780762,0.5113210877543799,139,False,POINT Z (-0.381140145085807 51.5928280888514 0)
Elephant and Castle,63972,67174,41187.0,48587.0,46969.0,40208.0,45083.0,45507.0,39254.0,43103.0,43315.0,1.0,1.0500531482523605,0.847695885730751,0.9666989112313994,0.15230411426924895,0.07938096958205443,0.23168508385130338,0.89186611361267,1.0094048754519442,0.10813388638733001,0.03871068132891042,0.14684456771624044,0.9107022713036216,1.004918451151892,0.08929772869637842,0.042983250110327886,0.1322809788067063,0.5108106303742501,140,False,POINT Z (-0.101160770427679 51.4958386917426 0)
Cockfosters,5787,5931,4108.0,4755.0,4761.0,4063.0,4642.0,4473.0,4002.0,4512.0,4386.0,1.0,1.0248833592534992,0.8639327024185068,1.001261829652997,0.13606729758149316,0.023048017500945317,0.15911531508243848,0.8752692804825506,0.9635932787591556,0.1247307195174494,0.05980200570237171,0.18453272521982111,0.886968085106383,0.9720744680851063,0.11303191489361697,0.05152673296096599,0.16455864785458296,0.5082066881568426,141,False,POINT Z (-0.149137109613063 51.6515315378229 0)
Hillingdon,5587,5565,4285.0,4844.0,4580.0,4393.0,4936.0,4592.0,4322.0,4641.0,4181.0,1.0,0.996062287453016,0.8845995045417011,0.9454995871180842,0.11540049545829889,0.05076258881783713,0.16616308427613602,0.8899918962722853,0.9303079416531604,0.11000810372771475,0.06601429110220891,0.17602239482992366,0.9312648136177548,0.900883430295195,0.06873518638224518,0.09555512577551584,0.16429031215776102,0.5064757912638207,142,False,POINT Z (-0.449363066188412 51.5539509504471 0)
Walthamstow Central,61088,61953,39822.0,45564.0,44277.0,39253.0,43384.0,42556.0,39085.0,44610.0,41351.0,1.0,1.014159900471451,0.8739794574664208,0.9717540163286805,0.1260205425335792,0.04181380482807229,0.16783434736165148,0.9047805642633229,0.9809146229024526,0.09521943573667713,0.03278110044929183,0.12800053618596896,0.876148845550325,0.9269446312485989,0.12385115444967498,0.08599755243952001,0.209848706889195,0.5056835904368154,143,False,POINT Z (-0.021489893196447 51.5831214954807 0)
Wimbledon Park,7164,7129,5959.0,6386.0,6043.0,5794.0,6568.0,6034.0,5554.0,6296.0,5816.0,1.0,0.9951144611948632,0.9331349827748199,0.9462887566551832,0.06686501722518012,0.0490654155312481,0.11593043275642823,0.8821559074299634,0.9186967113276492,0.11784409257003658,0.07679292468070154,0.19463701725073812,0.8821473951715375,0.9237611181702668,0.11785260482846249,0.07170365400872614,0.18955625883718863,0.500123708844355,144,False,POINT Z (-0.199061896285376 51.4340549280799 0)
Stratford,195726,210915,156410.0,174581.0,173242.0,156198.0,171380.0,172088.0,157853.0,171991.0,171070.0,1.0,1.0776033843229822,0.8959165086693283,0.9923302077545666,0.10408349133067174,0.07913224643590888,0.18321573776658062,0.9114132337495624,1.0041311704983078,0.0885867662504376,0.06818112757768868,0.15676789382812628,0.9177980243152258,0.9946450686373124,0.08220197568477416,0.07698408977973781,0.15918606546451197,0.4991696970592189,145,False,POINT Z (-0.003776772458058 51.5414582459241 0)
Notting Hill Gate,44854,48572,33134.0,37781.0,40217.0,33204.0,37227.0,39998.0,32882.0,38441.0,37546.0,1.0,1.0828911579792215,0.8770016675048304,1.0644768534448532,0.12299833249516956,0.017004760264855423,0.14000309276002498,0.8919332742364413,1.0744352217476563,0.10806672576355869,0.007808666798374109,0.1158753925619328,0.8553887776072423,0.9767175671808745,0.1446112223927577,0.09804641031188865,0.24265763270464635,0.49853611802660414,146,False,POINT Z (-0.196065723250765 51.5091574066812 0)
Wimbledon,40525,39237,33526.0,37862.0,35560.0,50550.0,58959.0,55469.0,51138.0,58713.0,53775.0,1.0,0.9682171499074645,0.88547884422376,0.9392002535523745,0.11452115577624,0.029969409608023745,0.14449056538426375,0.857375464305704,0.9408063230380433,0.142624535694296,0.02831061903008114,0.17093515472437715,0.870982576260794,0.9158959685248582,0.129017423739206,0.05403868480082885,0.18305610854003485,0.49848182864867574,147,False,POINT Z (-0.206490546635829 51.4214342815961 0)
Grange Hill,2339,2171,1387.0,1536.0,1279.0,1181.0,1260.0,1171.0,1289.0,1461.0,1208.0,1.0,0.9281744335185977,0.9029947916666666,0.8326822916666666,0.09700520833333337,0.10288167655074476,0.19988688488407813,0.9373015873015873,0.9293650793650794,0.0626984126984127,-0.001282782420507056,0.06141563027790564,0.8822724161533196,0.8268309377138946,0.11772758384668036,0.10918582988816239,0.22691341373484275,0.4882159288968265,148,False,POINT Z (0.092348743953445 51.6131998649931 0)
Seven Sisters,53250,56922,36893.0,41115.0,41401.0,36828.0,40727.0,40961.0,35237.0,39101.0,38730.0,1.0,1.0689577464788733,0.8973124163930439,1.0069560987474158,0.10268758360695607,0.058001963067006,0.16068954667396207,0.904264983917303,1.0057455741891128,0.09573501608269697,0.05913439749885363,0.1548694135815506,0.9011789979795913,0.9905117516176057,0.09882100202040867,0.07338549640494885,0.1722064984253575,0.4877654586808702,149,False,POINT Z (-0.072484705227818 51.5833999195093 0)
Queensway,23392,26281,17528.0,18919.0,20150.0,15513.0,18085.0,19058.0,15925.0,17820.0,18990.0,1.0,1.1235037619699042,0.9264760293884455,1.0650668639991543,0.07352397061155447,0.0520130861585093,0.12553705677006377,0.8577826928393697,1.0538014929499586,0.1422173071606303,0.06204008511527592,0.20425739227590622,0.893658810325477,1.0656565656565657,0.106341189674523,0.051488208826209525,0.15782939850073252,0.4876238475467025,150,False,POINT Z (-0.187113881705539 51.5102536052379 0)
Leyton,34999,36176,25698.0,28362.0,27538.0,26216.0,29029.0,28061.0,26049.0,28604.0,27169.0,1.0,1.0336295322723505,0.906071504125238,0.970947041816515,0.09392849587476204,0.06064309164815862,0.15457158752292066,0.903096903096903,0.9666540356195529,0.09690309690309695,0.06479642324610979,0.16169952014920674,0.9106768284156062,0.9498321913019158,0.08932317158439385,0.08107096242327083,0.17039413400766468,0.4866652416797921,151,False,POINT Z (-0.00545943464187 51.5566054289395 0)
Camden Town,55867,71954,48185.0,53578.0,64372.0,45184.0,50136.0,60844.0,45241.0,47833.0,54984.0,1.0,1.2879517425313691,0.8993430139236254,1.2014632871701072,0.10065698607637463,0.06715193784456208,0.16780892392093671,0.9012286580501038,1.213579064943354,0.09877134194989623,0.05774492563039779,0.15651626758029402,0.9458114690694709,1.1494992996466875,0.05418853093052911,0.10749816030573012,0.16168669123625923,0.48601188273748996,152,False,POINT Z (-0.142597262583471 51.5392327631812 0)
Bounds Green,19272,19518,13042.0,14657.0,14441.0,12720.0,14239.0,13614.0,12183.0,13653.0,12747.0,1.0,1.0127646326276463,0.8898137408746674,0.9852630142593982,0.11018625912533264,0.027154994835171475,0.13734125396050412,0.8933211601938338,0.9561064681508533,0.10667883980616621,0.05594405911449707,0.16262289892066328,0.8923313557459899,0.933640958031202,0.10766864425401013,0.07812641955234523,0.18579506380635535,0.48575921668752275,153,False,POINT Z (-0.124316721796801 51.6070665091036 0)
Ealing Broadway,53296,53749,46933.0,53048.0,50303.0,49709.0,55018.0,53103.0,52648.0,58346.0,54577.0,1.0,1.008499699789853,0.8847270396621927,0.9482544110993817,0.11527296033780732,0.059737537555068165,0.17501049789287548,0.9035043076811226,0.9651932094950744,0.09649569231887745,0.04294150043257583,0.13943719275145328,0.9023412059095739,0.9354025982929421,0.0976587940904261,0.07248103446351295,0.17013982855393905,0.4845875191982678,154,False,POINT Z (-0.300982951016848 51.5150055321924 0)
Tower Hill,64764,74554,48137.0,49087.0,51332.0,46397.0,48409.0,51448.0,46025.0,51346.0,50174.0,1.0,1.1511642270397133,0.980646607044635,1.045735123352415,0.01935339295536498,0.09158476367739077,0.11093815663275575,0.9584374806337664,1.0627775826809065,0.04156251936623356,0.0767802215206933,0.11834274088692687,0.8963697269504928,0.9771744634440852,0.10363027304950723,0.15114243433628327,0.2547727073857905,0.4840536049054731,155,False,POINT Z (-0.076500085324855 51.5099465212841 0)
Blackhorse Road,31778,31589,27090.0,30967.0,29676.0,26867.0,31311.0,29485.0,27048.0,30453.0,29836.0,1.0,0.9940524891434326,0.8748022088029193,0.958310459521426,0.12519779119708074,0.03595587759435637,0.1611536687914371,0.8580690492159305,0.9416818370540705,0.14193095078406948,0.05268399069599383,0.1946149414800633,0.8881883558270122,0.9797392703510327,0.11181164417298783,0.014398856145648287,0.12621050031863612,0.48197911059013654,156,False,POINT Z (-0.041767975411359 51.5868423163447 0)
Snaresbrook,7902,7844,5961.0,6582.0,6148.0,5555.0,6359.0,6063.0,5706.0,6388.0,6003.0,1.0,0.9926600860541634,0.9056517775752051,0.9340625949559405,0.0943482224247949,0.05903077188400796,0.15337899430880286,0.873565025947476,0.9534518005975783,0.12643497405252402,0.039498198837064735,0.16593317288958875,0.893237319974953,0.9397307451471509,0.10676268002504696,0.05332071033238306,0.16008339035743002,0.47939555755582164,157,False,POINT Z (0.02142019395183 51.5806784712596 0)
Manor House,26972,27906,17647.0,19977.0,19872.0,17134.0,19110.0,18690.0,16118.0,18151.0,17778.0,1.0,1.0346285036333975,0.8833658707513641,0.9947439555488812,0.11663412924863592,0.038549632012311874,0.1551837612609478,0.8965986394557823,0.978021978021978,0.10340136054421767,0.05471193323268142,0.1581132937768991,0.887995151782271,0.979450168034819,0.11200484821772905,0.05333154403228202,0.16533639225001107,0.47863344728785795,158,False,POINT Z (-0.096038962334246 51.5707535853732 0)
Southgate,17705,17780,11996.0,13687.0,13143.0,11982.0,13614.0,13108.0,11659.0,12940.0,12332.0,1.0,1.0042360914995765,0.8764521078395557,0.9602542558632279,0.12354789216044426,0.04379631045790511,0.16734420261834937,0.880123402379903,0.9628323784339651,0.11987659762009695,0.041229062982376274,0.16110566060247322,0.9010046367851623,0.9530139103554869,0.0989953632148377,0.05100611457570903,0.15000147779054673,0.4784513410113693,159,False,POINT Z (-0.127736382206168 51.6322612488299 0)
Swiss Cottage,23513,23850,16887.0,18577.0,18036.0,17238.0,19103.0,18230.0,17272.0,19198.0,17834.0,1.0,1.0143324969165994,0.9090272918124562,0.9708779673790171,0.09097270818754377,0.042840517946212686,0.13381322613375646,0.9023713552845103,0.9543003716693713,0.09762864471548971,0.05918387257601987,0.15681251729150958,0.8996770496926764,0.9289509323887905,0.10032295030732363,0.08417512481100098,0.1844980751183246,0.47512381854359065,160,False,POINT Z (-0.174814497247458 51.5437076008137 0)
Upminster Bridge,4126,3768,2916.0,3328.0,2779.0,2545.0,2781.0,2351.0,3018.0,3244.0,2861.0,1.0,0.9132331555986427,0.8762019230769231,0.8350360576923077,0.12379807692307687,0.08562665232524902,0.2094247292483259,0.915138439410284,0.8453793599424667,0.08486156058971595,0.07430062655981484,0.1591621871495308,0.9303329223181258,0.8819358816276203,0.06966707768187419,0.03427084724109308,0.10393792492296727,0.47252484132082395,161,False,POINT Z (0.235853851010437 51.5584976290184 0)
Kilburn Park,10529,10830,7722.0,8715.0,8791.0,7821.0,8833.0,8580.0,7765.0,8588.0,8190.0,1.0,1.0285877101339158,0.8860585197934595,1.008720596672404,0.11394148020654049,0.019314943456718137,0.13325642366325863,0.8854296388542964,0.9713574097135741,0.11457036114570363,0.05563968911595363,0.17021005026165725,0.9041686073591058,0.9536562645551933,0.09583139264089424,0.07284886338858443,0.16868025602947867,0.47214672995439455,162,False,POINT Z (-0.193995458251398 51.5349495027193 0)
Westbourne Park,13905,14129,10784.0,12266.0,12225.0,11685.0,13002.0,12620.0,11852.0,13582.0,13033.0,1.0,1.0161093131966918,0.8791782162074026,0.9966574270340779,0.12082178379259745,0.019143497564664713,0.13996528135726216,0.8987078910936779,0.9706199046300569,0.10129210890632212,0.04476822323724672,0.14606033214356884,0.8726255337947283,0.9595788543660727,0.1273744662052717,0.055634229601511764,0.18300869580678347,0.46903430930761447,163,False,POINT Z (-0.201128498562751 51.5209217056555 0)
Goldhawk Road,7052,6953,5392.0,6248.0,6031.0,5660.0,6275.0,6003.0,5548.0,6368.0,5970.0,1.0,0.9859614293817357,0.8629961587708067,0.9652688860435339,0.1370038412291933,0.02098717325197741,0.1579910144811707,0.90199203187251,0.9566533864541833,0.09800796812749002,0.029725344272270915,0.12773331239976093,0.8712311557788944,0.9375,0.12876884422110557,0.049151445419243545,0.17792028964034912,0.46364461652128075,164,False,POINT Z (-0.226621276502508 51.501992974751 0)
Eastcote,9860,9368,6865.0,7908.0,7057.0,6827.0,7775.0,7027.0,6941.0,7521.0,6984.0,1.0,0.9501014198782961,0.8681082448153769,0.8923874557410217,0.13189175518462315,0.060745056190598334,0.19263681137522148,0.8780707395498393,0.9037942122186495,0.12192926045016073,0.04873922582452128,0.170668486274682,0.922882595399548,0.9285999202233746,0.07711740460045202,0.02263074152407407,0.0997481461245261,0.4630534437744296,165,False,POINT Z (-0.397346888916094 51.5765138944014 0)
Edgware Road (Bak),16083,15840,10293.0,11600.0,11160.0,10737.0,12628.0,11326.0,10735.0,11833.0,11718.0,1.0,0.9848908785674314,0.8873275862068966,0.9620689655172414,0.11267241379310344,0.023172021943573595,0.13584443573667704,0.8502534051314539,0.8968957871396895,0.14974659486854613,0.08934501612578105,0.23909161099432719,0.9072086537648948,0.9902814163779261,0.09279134623510521,-0.005473233560996604,0.0873181126741086,0.46225415940511283,166,False,POINT Z (-0.170223205438699 51.5204708733028 0)
West Ham,14609,14985,17548.0,19134.0,18304.0,17258.0,18802.0,17951.0,16872.0,18358.0,17349.0,1.0,1.0257375590389486,0.9171109020591617,0.9566217204975437,0.08288909794083832,0.0673816006173763,0.15027069855821462,0.9178810764812254,0.9547388575683438,0.08211892351877459,0.06921721920480917,0.15133614272358376,0.9190543632203944,0.9450375857936595,0.08094563677960565,0.07867506901170696,0.1596207057913126,0.461227547073111,167,False,POINT Z (0.004310365571871 51.5282808249125 0)
Brent Cross,7916,7541,6062.0,6664.0,5877.0,5758.0,6166.0,5416.0,5789.0,6330.0,5630.0,1.0,0.9526275896917635,0.9096638655462185,0.8819027611044418,0.09033613445378152,0.07424184366758246,0.164577978121364,0.9338306843983133,0.8783652286733701,0.0661693156016867,0.07795529105179722,0.14412460665348392,0.9145339652448657,0.8894154818325435,0.08546603475513426,0.06635552921543375,0.151821563970568,0.4605241487454159,168,False,POINT Z (-0.213759581683029 51.5766720110708 0)
Kilburn,25787,26511,16913.0,18775.0,18587.0,16244.0,17919.0,17692.0,15626.0,17358.0,16299.0,1.0,1.0280761624074146,0.9008255659121172,0.9899866844207723,0.09917443408788285,0.03704927648302758,0.13622371057091043,0.9065238015514259,0.9873318823595066,0.09347619844857413,0.039631577443152044,0.13310777589172618,0.900218919230326,0.9389906671275493,0.09978108076967396,0.08665262218633352,0.18643370295600747,0.4557651894186441,169,False,POINT Z (-0.204689921720116 51.5469552390018 0)
Gloucester Road,43836,47304,35124.0,38612.0,39475.0,35442.0,38980.0,39525.0,36271.0,39292.0,38842.0,1.0,1.0791130577607446,0.9096653889982389,1.0223505645913187,0.0903346110017611,0.05260106229018591,0.142935673291947,0.9092355053873782,1.0139815289892253,0.09076449461262182,0.06035653845823441,0.15112103307085623,0.9231141199226306,0.9885472869795379,0.0768858800773694,0.0839261188898397,0.1608119989672091,0.45486870533001234,170,False,POINT Z (-0.18371055669604 51.4944897326903 0)
Moor Park,3392,3309,2808.0,3155.0,2789.0,2893.0,3092.0,2840.0,2871.0,3097.0,2857.0,1.0,0.9755306603773585,0.8900158478605388,0.8839936608557845,0.10998415213946122,0.09383303184562675,0.20381718398508797,0.935640362225097,0.9184993531694696,0.06435963777490294,0.05846182957061319,0.12282146734551613,0.9270261543429125,0.9225056506296416,0.07297384565708753,0.05435504172386085,0.12732888738094839,0.4539675387115525,171,False,POINT Z (-0.43226536317211 51.6298703587364 0)
Turnpike Lane,33545,34977,23993.0,26637.0,27039.0,23586.0,26302.0,26240.0,22562.0,25316.0,24669.0,1.0,1.0426889253241913,0.9007395727747118,1.0150917896159477,0.09926042722528816,0.026467276133831708,0.12572770335911987,0.8967378906547031,0.9976427648087598,0.10326210934529689,0.043201917102385856,0.14646402644768275,0.8912150418707536,0.9744430399747196,0.10878495812924638,0.06545181759579233,0.1742367757250387,0.4464285055318413,172,False,POINT Z (-0.102946674314524 51.5902548148168 0)
Hainault,12438,12397,9573.0,10384.0,9820.0,9615.0,10479.0,9781.0,9312.0,10263.0,9438.0,1.0,0.9967036501045184,0.9218990755007704,0.9456856702619415,0.07810092449922956,0.05118670914592016,0.12928763364514972,0.9175493844832522,0.93339059070522,0.08245061551674782,0.06352245162607684,0.14597306714282465,0.9073370359543993,0.9196141479099679,0.0926629640456007,0.0773444565859337,0.1700074206315344,0.4452681214195088,173,False,POINT Z (0.093535046767054 51.6036417409427 0)
North Greenwich,89110,81861,50177.0,77273.0,81829.0,51359.0,73065.0,81840.0,48241.0,71141.0,75566.0,1.0,0.9186511053753788,0.6493471199513413,1.0589597919066167,0.3506528800486587,-0.15273337800416087,0.19791950204449782,0.7029220557038254,1.120098542393759,0.2970779442961746,-0.21928612053001872,0.0777918237661559,0.6781040468927904,1.062200418886437,0.32189595310720964,-0.15626097075494294,0.1656349823522667,0.4413463081629204,174,False,POINT Z (0.004314429744857 51.5005349611346 0)
Bermondsey,30063,30865,19760.0,22619.0,22819.0,20659.0,23362.0,23106.0,20745.0,23689.0,23853.0,1.0,1.0266773109802747,0.8736018391617667,1.0088421238781555,0.1263981608382333,0.017371755381532794,0.1437699162197661,0.8842992894443968,0.9890420340724253,0.11570071055560316,0.036657357190367,0.15235806774597016,0.8757229093672169,1.006923044451011,0.12427709063278314,0.019240969210084335,0.14351805984286747,0.4396460438086037,175,False,POINT Z (-0.064333036476377 51.4977035120635 0)
Russell Square,39668,42686,24708.0,26610.0,27899.0,26940.0,29906.0,28728.0,25721.0,28177.0,28879.0,1.0,1.076081476252899,0.9285231116121758,1.0484404359263435,0.07147688838782418,0.025686754150630264,0.09716364253845444,0.9008225774092156,0.9606099110546379,0.09917742259078444,0.10730745556586752,0.20648487815665195,0.9128367107924903,1.024913936898889,0.08716328920750971,0.04754987469181615,0.13471316389932586,0.43836168459443225,176,False,POINT Z (-0.124244105841182 51.5230609966915 0)
Edgware Road (DIS),23129,22372,17170.0,19772.0,18388.0,17942.0,19886.0,18482.0,18321.0,20535.0,19405.0,1.0,0.9672705261792555,0.8683997572324499,0.9300020230629172,0.1316002427675501,0.03852955518405987,0.17012979795160998,0.9022427838680479,0.9293975661269235,0.0977572161319521,0.03915446509254361,0.1369116812244957,0.8921840759678598,0.9449719990260531,0.10781592403214024,0.023053041056964818,0.13086896508910506,0.43791044426521075,177,False,POINT Z (-0.167748227536376 51.519874113216 0)
Archway,29001,28461,21929.0,24960.0,23779.0,22005.0,24475.0,23071.0,20701.0,23477.0,22422.0,1.0,0.981379952415434,0.8785657051282051,0.9526842948717948,0.12143429487179491,0.029240109779103962,0.15067440465089887,0.8990806945863126,0.942635342185904,0.10091930541368743,0.039479724579832065,0.1403990299935195,0.8817566128551348,0.9550624014993397,0.11824338714486515,0.026816882545154686,0.14506026969001984,0.4361337043344382,178,False,POINT Z (-0.135025978070087 51.5645408826234 0)
Earl's Court,59324,64856,46713.0,51645.0,53003.0,47201.0,51922.0,53396.0,46218.0,50570.0,52922.0,1.0,1.0932506236936148,0.9045018878884694,1.026294897860393,0.09549811211153059,0.06124462623859095,0.15674273835012154,0.9090751511883209,1.0283887369515812,0.09092484881167906,0.05932938462261628,0.15025423343429534,0.9139410717816887,1.046509788412102,0.08605892821831129,0.04275399827680504,0.12881292649511633,0.4358098982795332,179,False,POINT Z (-0.193151477589029 51.4919855768237 0)
Northwood,9590,9305,7061.0,8062.0,7356.0,6981.0,7716.0,7211.0,7026.0,7645.0,7169.0,1.0,0.970281543274244,0.8758372612255023,0.9124286777474572,0.12416273877449768,0.05962482325651641,0.1837875620310141,0.9047433903576982,0.9345515811301193,0.09525660964230176,0.03682432423021553,0.1320809338725173,0.9190320470896011,0.937737083060824,0.08096795291039893,0.033541254534841136,0.11450920744524007,0.43037770334877146,180,False,POINT Z (-0.423914085984195 51.6110173420822 0)
Bow Road,17292,17201,12713.0,13962.0,13766.0,12869.0,14305.0,13520.0,12136.0,13857.0,13028.0,1.0,0.9947374508443211,0.9105429021630139,0.9859618965764217,0.08945709783698608,0.008821980373264093,0.09827907821025017,0.8996155190492835,0.9451240824886403,0.1003844809507165,0.049875842428139694,0.1502603233788562,0.8758028433282817,0.9401746409756802,0.12419715667171827,0.05485146841744892,0.1790486250891672,0.42758802667827356,181,False,POINT Z (-0.025175687286684 51.5269041227919 0)
Bromley-by-Bow,14164,14291,11607.0,13061.0,12249.0,11857.0,12990.0,12547.0,12340.0,13152.0,12554.0,1.0,1.0089663936741033,0.8886762116223873,0.9378301814562437,0.1113237883776127,0.07050404519304199,0.18182783357065468,0.9127790608160123,0.9658968437259431,0.08722093918398766,0.04268680326539376,0.1299077424493814,0.9382603406326034,0.9545316301703163,0.06173965936739656,0.053951017442281146,0.1156906768096777,0.4274262528297138,182,False,POINT Z (-0.011433820529312 51.5247616983537 0)
Gants Hill,21388,21226,15606.0,17094.0,15905.0,15165.0,16514.0,15704.0,15156.0,16239.0,14717.0,1.0,0.9924256592481765,0.9129519129519129,0.9304434304434305,0.08704808704808709,0.06245528642588849,0.14950337347397558,0.918311735497154,0.9509507084897663,0.08168826450284605,0.041791493772772914,0.12347975827561897,0.933308701274709,0.9062750169345403,0.066691298725291,0.08680815687383636,0.15349945559912737,0.4264825873487219,183,False,POINT Z (0.066220725307974 51.576536215128 0)
Chorleywood,5229,4539,5275.0,5439.0,4343.0,4225.0,5057.0,4533.0,4405.0,5393.0,4684.0,1.0,0.868043602983362,0.969847398418827,0.7984923699209413,0.030152601581173055,0.08012412374606692,0.11027672532723998,0.8354755784061697,0.8963812537077318,0.1645244215938303,-0.032645423141161034,0.13187899845266926,0.8167995549786761,0.8685332838865195,0.18320044502132393,-0.0005641201680128827,0.18263632485331105,0.4247920486332203,184,False,POINT Z (-0.518531312608756 51.6542976596829 0)
Arnos Grove,14152,14393,10037.0,11171.0,11187.0,9479.0,10669.0,10713.0,9418.0,10514.0,9882.0,1.0,1.0170293951384963,0.8984871542386537,1.001432280010742,0.10151284576134634,0.0153359531222107,0.11684879888355704,0.8884618989596026,1.0041240978535946,0.11153810104039741,0.01268920775209681,0.12422730879249422,0.8957580369031767,0.9398896709149706,0.10424196309682332,0.07584807734394061,0.18009004044076393,0.4211661481168152,185,False,POINT Z (-0.133019683101503 51.6164552153248 0)
Greenford,14078,13651,10760.0,11613.0,10760.0,10194.0,11077.0,10334.0,9682.0,10989.0,9949.0,1.0,0.9696689870720273,0.9265478343236029,0.9265478343236029,0.07345216567639712,0.04446997204544134,0.11792213772183846,0.9202852757966958,0.9329240769161325,0.07971472420330417,0.037894282116671785,0.11760900631997595,0.8810628810628811,0.9053599053599054,0.11893711893711889,0.06632065433618428,0.18525777327330317,0.4207889173151176,186,False,POINT Z (-0.346481627280673 51.5425923680157 0)
Holloway Road,21971,22271,17037.0,17937.0,17241.0,16173.0,17758.0,16695.0,15206.0,16339.0,15168.0,1.0,1.0136543625688408,0.9498243853487205,0.9611975246696772,0.05017561465127951,0.05175022161027898,0.10192583626155849,0.9107444532041896,0.9401396553665954,0.08925554679581038,0.0725244323084071,0.1617799791042175,0.9306567109370218,0.9283309872085195,0.06934328906297815,0.0841740326003152,0.15351732166329335,0.4172231370290693,187,False,POINT Z (-0.113237215123649 51.5527582103854 0)
Redbridge,9188,9114,6444.0,6946.0,6576.0,6230.0,6880.0,6555.0,6073.0,6755.0,6287.0,1.0,0.9919460165433174,0.9277281888856896,0.9467319320472214,0.07227181111431036,0.04558119468401689,0.11785300579832725,0.9055232558139535,0.9527616279069767,0.09447674418604646,0.03950254145168952,0.13397928563773598,0.8990377498149519,0.9307179866765359,0.10096225018504812,0.061725163310948905,0.16268741349599702,0.41451970493206025,188,False,POINT Z (0.045436837333952 51.5762510367167 0)
West Brompton,17517,18013,17017.0,16975.0,16150.0,14605.0,16942.0,16005.0,16258.0,18296.0,18606.0,1.0,1.028315350802078,1.0024742268041238,0.9513991163475699,-0.0024742268041237914,0.0747982945061687,0.07232406770204491,0.8620587888088773,0.9446936607248259,0.13794121119112268,0.08131911092451138,0.21926032211563407,0.8886095321381723,1.0169435942282465,0.11139046786182771,0.01105862765246235,0.12244909551429006,0.41403348533196904,189,False,POINT Z (-0.195547893072088 51.4872805047592 0)
Willesden Green,25455,26565,16805.0,18517.0,18656.0,17370.0,18896.0,18811.0,16754.0,18498.0,18040.0,1.0,1.0436063641720683,0.9075444186423287,1.0075066155424746,0.09245558135767129,0.034591345807126306,0.1270469271647976,0.91924216765453,0.9955016934801016,0.08075783234546996,0.046094650572708895,0.12685248291817885,0.90571953724727,0.9752405665477349,0.09428046275273005,0.06550918044522513,0.1597896431979552,0.41368905328093164,190,False,POINT Z (-0.222691934916957 51.549374676036 0)
Mile End,48580,51796,35176.0,38284.0,37557.0,34066.0,36623.0,37175.0,34321.0,36669.0,36335.0,1.0,1.0662000823384108,0.9188172604743496,0.9810103437467349,0.08118273952565036,0.07990033015645248,0.16108306968210284,0.9301804876716817,1.0150724954263715,0.06981951232831829,0.04795308850465041,0.1177726008329687,0.9359677111456544,0.9908914887234449,0.06403228885434564,0.07063270286923784,0.13466499172358348,0.413520662238655,191,False,POINT Z (-0.033740698179592 51.5252362552673 0)
Newbury Park,16867,16828,10994.0,11925.0,11383.0,10366.0,11192.0,10568.0,9804.0,10663.0,9753.0,1.0,0.997687792731369,0.9219287211740042,0.9545492662473795,0.07807127882599585,0.04323850286459774,0.12130978169059359,0.9261972837741244,0.9442458899213724,0.07380271622587564,0.05356575794486651,0.12736847417074215,0.9194410578636406,0.914658163743787,0.08055894213635939,0.08322205562951901,0.1637809977658784,0.41245925362721414,192,False,POINT Z (0.089947289618984 51.5757067432974 0)
Finchley Road,30176,30861,22402.0,24369.0,24006.0,22702.0,25080.0,24083.0,22975.0,24996.0,24095.0,1.0,1.0227001590668081,0.9192826952275432,0.9851040256063031,0.08071730477245675,0.036761638420796494,0.11747894319325325,0.9051834130781499,0.9602472089314195,0.09481658692185013,0.06106672574723726,0.1558833126690874,0.9191470635301648,0.9639542326772284,0.08085293646983516,0.05744198421087976,0.13829492068071492,0.41165717654305556,193,False,POINT Z (-0.181066237852478 51.5472330755733 0)
Acton Town,20114,20381,14834.0,16563.0,16261.0,14845.0,16444.0,15848.0,14331.0,15884.0,15578.0,1.0,1.0132743362831858,0.8956106985449496,0.9817665881784701,0.10438930145505043,0.03109498284570189,0.13548428430075232,0.902760885429336,0.9637557771831671,0.09723911457066403,0.048869844351983494,0.14610895892264752,0.902228657768824,0.9807353311508437,0.097771342231176,0.03211272995593584,0.12988407218711184,0.4114773154105117,194,False,POINT Z (-0.279999104605516 51.5026464502868 0)
West Acton,5666,5634,3330.0,3744.0,3531.0,3180.0,3635.0,3400.0,3399.0,3604.0,3565.0,1.0,0.9943522767384398,0.8894230769230769,0.9431089743589743,0.11057692307692313,0.05153435415016894,0.16211127722709207,0.874828060522696,0.9353507565337001,0.12517193947730398,0.05933663711041093,0.1845085765877149,0.943118756936737,0.9891786903440621,0.05688124306326303,0.00520297133662484,0.06208421439988787,0.40870406821469485,195,False,POINT Z (-0.280930981543848 51.5179813957527 0)
Canada Water,39367,42797,27230.0,30514.0,31987.0,27660.0,30636.0,32008.0,27026.0,29821.0,31321.0,1.0,1.0871288134732136,0.8923772694500884,1.0482729239037818,0.10762273054991156,0.03574175303595628,0.14336448358586784,0.9028593811202507,1.0447839143491318,0.09714061887974934,0.038951133112548275,0.13609175199229762,0.9062741021427853,1.0503001240736394,0.09372589785721475,0.033877024454822435,0.12760292231203718,0.40705915789020264,196,False,POINT Z (-0.04996079141194 51.4979220145116 0)
Golders Green,25844,25872,19113.0,20739.0,20235.0,18842.0,20680.0,19683.0,18435.0,20491.0,19241.0,1.0,1.0010834236186348,0.9215969911760451,0.9756979603645306,0.0784030088239549,0.02535798980902393,0.10376099863297883,0.9111218568665377,0.95178916827853,0.08887814313346232,0.04924090657891422,0.13811904971237654,0.8996632668000586,0.9389976087062613,0.10033673319994141,0.06201862247199219,0.1623553556719336,0.40423540401728897,197,False,POINT Z (-0.193997309394488 51.5722889058366 0)
Hendon Central,24492,23841,17543.0,18468.0,17285.0,23443.0,25542.0,23087.0,16262.0,17917.0,16257.0,1.0,0.9734198922097012,0.9499133636560537,0.9359432531947152,0.05008663634394628,0.03849997243215619,0.08858660877610247,0.9178216271239527,0.9038837992326364,0.08217837287604735,0.07143483868941192,0.15361321156545926,0.9076296254953397,0.9073505609197968,0.09237037450466035,0.0678734139487579,0.16024378845341825,0.40244360879498,198,False,POINT Z (-0.22632104409561 51.5831746651484 0)
Tottenham Hale,44367,46960,39154.0,43170.0,42402.0,39927.0,43195.0,43550.0,41683.0,45162.0,46171.0,1.0,1.0584443392611627,0.9069724345610377,0.9822098679638638,0.09302756543896229,0.07202501678124484,0.16505258222020713,0.9243430952656557,1.0082185438129414,0.07565690473434428,0.04745246734776898,0.12310937208211326,0.9229662105309774,1.0223417917718436,0.07703378946902262,0.03410906568267924,0.11114285515170186,0.39930480945402225,199,False,POINT Z (-0.060139414171698 51.5880504759689 0)
Oakwood,8663,8869,6892.0,7620.0,7774.0,6780.0,7452.0,7455.0,6676.0,7536.0,7169.0,1.0,1.023779291238601,0.9044619422572179,1.0202099737532808,0.09553805774278212,0.003486413053932713,0.09902447079671484,0.9098228663446055,1.000402576489533,0.09017713365539448,0.022833744488801044,0.11301087814419553,0.8858811040339702,0.9513004246284501,0.11411889596602975,0.07079540212467439,0.18491429809070414,0.3969496470316145,200,False,POINT Z (-0.131242593808805 51.6473364234459 0)
Edgware,16217,15747,13184.0,14026.0,13365.0,12356.0,13492.0,12437.0,12806.0,14560.0,13477.0,1.0,0.9710180674600728,0.9399686296877228,0.9528732354199344,0.06003137031227723,0.018686400025079375,0.07871777033735661,0.9158019567150905,0.9218055143788912,0.08419804328490954,0.05068139793722748,0.13487944122213702,0.879532967032967,0.9256181318681319,0.12046703296703298,0.04675498542544643,0.1672220183924794,0.38081922995197304,201,False,POINT Z (-0.274754442836556 51.613610747663 0)
Plaistow,18694,18797,13922.0,15429.0,14764.0,14371.0,15357.0,15039.0,14699.0,16055.0,15182.0,1.0,1.0055097892371885,0.9023267872188736,0.956899345388554,0.0976732127811264,0.04834407816706776,0.14601729094819416,0.9357947515790844,0.9792928306309826,0.06420524842091557,0.026073300217290707,0.09027854863820628,0.915540330115229,0.9456244160697602,0.08445966988477105,0.05955722540787911,0.14401689529265016,0.3803127348790506,202,False,POINT Z (0.017016176421667 51.5312327784818 0)
Hampstead,14755,15301,11179.0,12656.0,12851.0,11273.0,12807.0,12956.0,11846.0,13201.0,13798.0,1.0,1.0370044052863436,0.8832964601769911,1.0154077117572693,0.11670353982300885,0.02082603836491026,0.1375295781879191,0.8802217537284298,1.0116342625126884,0.11977824627157019,0.02446483606465477,0.14424308233622496,0.8973562608893265,1.045223846678282,0.10264373911067348,-0.007926139320178383,0.0947175997904951,0.37649026031463917,203,False,POINT Z (-0.178497747443859 51.5565922765381 0)
Harrow and Wealdstone,15834,15896,11656.0,12744.0,12001.0,16327.0,17271.0,16168.0,18000.0,18571.0,17281.0,1.0,1.0039156246052798,0.9146264908976773,0.9416980539861896,0.08537350910232266,0.061974900175055025,0.1473484092773777,0.9453419026113138,0.9361357188350414,0.05465809738868621,0.0675155402595593,0.12217363764824551,0.9692531366108449,0.9305368585428895,0.03074686338915511,0.07309256302415001,0.10383942641330512,0.37336147333892833,204,False,POINT Z (-0.334863781389938 51.5920459310483 0)
Perivale,8227,8143,5594.0,6106.0,5875.0,5453.0,5869.0,5766.0,5182.0,5637.0,5013.0,1.0,0.9897897167861918,0.9161480510972814,0.9621683589911563,0.08385194890271863,0.027906288908234878,0.11175823781095351,0.9291191003578122,0.982450161867439,0.0708808996421878,0.007415266893844863,0.07829616653603266,0.9192833067234345,0.8893028206492816,0.0807166932765655,0.10152347961664743,0.18224017289321293,0.3722945772401991,205,False,POINT Z (-0.323402230736006 51.5367520396955 0)
Barkingside,5485,5174,3855.0,4298.0,3846.0,3922.0,4362.0,4129.0,3824.0,4182.0,3808.0,1.0,0.9432999088422972,0.8969288040949279,0.8948348068869242,0.10307119590507208,0.051378253619099534,0.1544494495241716,0.8991288399816598,0.9465841357175607,0.10087116001834018,-0.003481635951066986,0.09738952406727319,0.9143950263032042,0.9105691056910569,0.08560497369679576,0.034698193908881514,0.12030316760567727,0.3721421411971221,206,False,POINT Z (0.088651775446433 51.5857049575358 0)
Wood Green,37768,40974,26815.0,29490.0,32661.0,25997.0,28741.0,30430.0,24161.0,26826.0,26687.0,1.0,1.084886676551578,0.9092912851814174,1.107527975584944,0.09070871481858256,-0.02086973646439616,0.0698389783541864,0.9045266344246895,1.0587662224696426,0.0954733655753105,0.024076665928797314,0.11955003150410781,0.9006560799224633,0.994818459703273,0.09934392007753667,0.08302085258766012,0.1823647726651968,0.371753782523491,207,False,POINT Z (-0.109833682268479 51.5974740526689 0)
Watford,6804,6581,5761.0,6414.0,5792.0,5635.0,6047.0,5612.0,6074.0,6351.0,5875.0,1.0,0.9672251616696061,0.8981914561895853,0.9030246336139695,0.10180854381041471,0.06637599041035591,0.16818453422077062,0.9318670415081859,0.9280635025632545,0.06813295849181411,0.040488668676434636,0.10862162716824875,0.9563848212879862,0.9250511730436152,0.04361517871201381,0.04360307227036053,0.08721825098237435,0.3640244123713937,208,False,POINT Z (-0.417389649821613 51.6574853137725 0)
Harrow-on-the-Hill,35777,35787,26876.0,29182.0,28537.0,26629.0,28730.0,27821.0,26235.0,29063.0,27383.0,1.0,1.0002795091818766,0.9209786854910561,0.977897333972997,0.0790213145089439,0.022375920933525695,0.10139723544246959,0.9268708666898712,0.9683605986773408,0.07312913331012882,0.03190999136895456,0.10503912467908338,0.9026941471974675,0.9421945428895847,0.09730585280253246,0.05806873554752634,0.1553745883500588,0.36181094847161177,209,False,POINT Z (-0.336729895702129 51.5794163171942 0)
South Kensington,101152,112355,74973.0,86117.0,91128.0,85587.0,88892.0,94128.0,84617.0,88803.0,93477.0,1.0,1.1107541126225877,0.8705946561073887,1.0581882787370671,0.12940534389261127,0.04732445578023392,0.1767297996728452,0.9628200512982046,1.058902938397156,0.03717994870179542,0.04668105536247491,0.08386100406427033,0.9528619528619529,1.052633356981183,0.047138047138047146,0.052325492186724,0.09946353932477114,0.36005434306188666,210,False,POINT Z (-0.173140744694982 51.4940896863845 0)
Burnt Oak,13997,13922,10201.0,10812.0,10350.0,14438.0,15826.0,14739.0,10092.0,10750.0,10161.0,1.0,0.9946417089376295,0.9434887162412134,0.9572697003329633,0.05651128375878656,0.03757333748308522,0.09408462124187178,0.91229622140781,0.9313155566788829,0.08770377859219003,0.06366730018428934,0.15137107877647937,0.9387906976744186,0.9452093023255814,0.061209302325581416,0.049698706748228516,0.11090800907380993,0.3563637090921611,211,False,POINT Z (-0.263969437496311 51.6028368571574 0)
Dollis Hill,12944,13308,9784.0,10464.0,10278.0,9645.0,10465.0,10191.0,9422.0,10256.0,10187.0,1.0,1.0281211372064276,0.9350152905198776,0.9822247706422018,0.06498470948012236,0.04464101058065362,0.10962572006077598,0.9216435738174868,0.9738174868609651,0.07835642618251315,0.052818338598712544,0.1311747647812257,0.9186817472698908,0.9932722308892356,0.08131825273010918,0.03389572012095987,0.11521397285106905,0.3560144576930707,212,False,POINT Z (-0.239016205755934 51.5519642178543 0)
Royal Oak,8706,8404,6556.0,7432.0,6975.0,6557.0,7329.0,6954.0,6511.0,7335.0,7271.0,1.0,0.965311279577303,0.8821313240043057,0.9385091496232508,0.11786867599569428,0.02776527170156806,0.14563394769726234,0.8946650293355164,0.9488334015554646,0.10533497066448361,0.017070014999776895,0.1224049856642605,0.8876618950238582,0.9912747102931152,0.11233810497614183,-0.026896433580659407,0.08544167139548242,0.35348060475700527,213,False,POINT Z (-0.187761671856866 51.5190497492588 0)
Ealing Common,10061,10145,5936.0,6749.0,6584.0,5784.0,6386.0,6460.0,5333.0,5883.0,5844.0,1.0,1.0083490706689195,0.8795377092902652,0.9755519336197955,0.1204622907097348,0.03252557869405981,0.1529878694037946,0.9057312871907297,1.0115878484184153,0.0942687128092703,-0.0032119608612790618,0.09105675194799123,0.9065102838687744,0.9933707292197859,0.09348971613122559,0.014854321667790438,0.10834403779901602,0.35238865915080186,214,False,POINT Z (-0.288121126759677 51.5095442418354 0)
Holland Park,12327,11903,8196.0,9429.0,8961.0,8743.0,9520.0,9467.0,8861.0,9983.0,9304.0,1.0,0.9656039587896488,0.8692332166719695,0.9503658924594337,0.1307667833280305,0.015780865634929087,0.14654764896295958,0.9183823529411764,0.9944327731092437,0.08161764705882357,-0.029855733354418712,0.05176191370440486,0.8876089351898226,0.9319843734348392,0.11239106481017735,0.03481715774752059,0.14720822255769794,0.3455177852250624,215,False,POINT Z (-0.205636397539602 51.5071549123952 0)
St John's Wood,25226,25553,18944.0,20816.0,20352.0,19478.0,20793.0,19736.0,20155.0,21659.0,21413.0,1.0,1.0129628161420756,0.9100691775557264,0.9777094542659492,0.08993082244427364,0.03480222700611135,0.12473304945038499,0.9367575626412735,0.9491655845717308,0.06324243735872648,0.06298082274462946,0.12622326010335594,0.9305600443233759,0.9886421349092755,0.06943995567662409,0.02400945113210251,0.0934494068087266,0.34440571636246753,216,False,POINT Z (-0.174122398684123 51.5352069573221 0)
Willesden Junction,17157,17110,13988.0,15252.0,14785.0,14208.0,15724.0,15147.0,14418.0,15721.0,15378.0,1.0,0.9972605933438247,0.9171256228691319,0.9693810647783897,0.0828743771308681,0.027956111723972388,0.11083048885484048,0.9035868735690664,0.963304502671076,0.09641312643093358,0.034049365731873116,0.1304624921628067,0.9171172317282615,0.9781820494879461,0.08288276827173846,0.01913095131123954,0.102013719582978,0.3433067006006252,217,False,POINT Z (-0.244549258009932 51.5324055111114 0)
Uxbridge,27430,27187,18749.0,20020.0,18597.0,17612.0,18741.0,17533.0,16859.0,17648.0,16848.0,1.0,0.9911410864017499,0.9365134865134865,0.9289210789210789,0.06348651348651346,0.06277613584414632,0.12626264933065978,0.9397577503868524,0.9355423936823009,0.060242249613147614,0.0560956391398274,0.11633788875297502,0.955292384406165,0.9546690843155031,0.04470761559383496,0.03679799232080583,0.08150560791464079,0.3241061459982756,218,False,POINT Z (-0.47761385063621 51.546464016624 0)
Woodside Park,14666,14426,12988.0,12598.0,11965.0,9542.0,10893.0,10187.0,9780.0,10959.0,10379.0,1.0,0.9836356198009001,1.0309572948086998,0.9497539291951104,-0.030957294808699798,0.03444536769891249,0.00348807289021269,0.8759753970439732,0.9351877352428165,0.1240246029560268,0.04925389400588198,0.17327849696190878,0.8924171913495756,0.9470754630896979,0.10758280865042436,0.0371683944493616,0.14475120309978595,0.3215177729519074,219,False,POINT Z (-0.185486090420871 51.6180893540403 0)
Northwood Hills,6598,6316,4622.0,5203.0,4801.0,4520.0,4801.0,4652.0,4720.0,5297.0,4979.0,1.0,0.957259775689603,0.8883336536613492,0.9227368825677493,0.1116663463386508,0.036064288919884446,0.14773063525853525,0.9414705269735472,0.9689647990002083,0.05852947302645284,-0.012227635181028207,0.04630183784542463,0.8910704172172929,0.9399660185010383,0.10892958278270715,0.018065897709016676,0.12699548049172382,0.3210279535956837,220,False,POINT Z (-0.408724956208854 51.6001951578344 0)
Queensbury,13844,13852,10353.0,10788.0,10639.0,10038.0,10692.0,10214.0,9592.0,10319.0,9527.0,1.0,1.000577867668304,0.9596774193548387,0.9861883574341861,0.040322580645161255,0.01438119980371988,0.054703780448881134,0.9388327721661055,0.9552936775158998,0.0611672278338945,0.04525803699609321,0.10642526482998771,0.9295474367671286,0.9232483767806958,0.07045256323287141,0.07728483048282175,0.14773739371569317,0.308866438994562,221,False,POINT Z (-0.286198003128832 51.5941996009634 0)
Rayners Lane,14095,13722,10824.0,11805.0,11067.0,10555.0,11439.0,11036.0,10437.0,11070.0,10341.0,1.0,0.9735367151472153,0.9168996188055909,0.9374841168996189,0.0831003811944091,0.03703260255792684,0.12013298375233594,0.922720517527756,0.964769647696477,0.07727948247224403,0.009005379370219835,0.08628486184246387,0.9428184281842819,0.9341463414634147,0.057181571815718146,0.04046110749695153,0.09764267931266968,0.3040605249074695,222,False,POINT Z (-0.371424615779741 51.5751970766605 0)
Preston Road,10902,10783,7948.0,8596.0,8246.0,7829.0,8604.0,8092.0,7771.0,8062.0,7821.0,1.0,0.9890845716382315,0.9246161005118659,0.9592833876221498,0.07538389948813407,0.030130066599584726,0.10551396608771879,0.9099256159925616,0.9404927940492794,0.09007438400743839,0.049128031092901314,0.1392024151003397,0.9639047382783429,0.970106673282064,0.03609526172165711,0.01918733635156611,0.05528259807322322,0.2999989792612817,223,False,POINT Z (-0.295106291500494 51.5720161479392 0)
Boston Manor,7286,7112,4709.0,5147.0,4814.0,4322.0,4716.0,4472.0,4132.0,4425.0,4357.0,1.0,0.9761185835849574,0.9149018845929667,0.9353021177384885,0.08509811540703327,0.0418150689197655,0.12691318432679877,0.9164546225614928,0.9482612383375743,0.0835453774385072,0.028538894470252152,0.11208427190875936,0.9337853107344632,0.9846327683615819,0.06621468926553675,-0.00872249019719984,0.05749219906833691,0.29648965530389504,224,False,POINT Z (-0.325573315900841 51.4952201373787 0)
Hounslow Central,11899,11899,9809.0,10223.0,9958.0,9870.0,10545.0,10240.0,9822.0,10703.0,10165.0,1.0,1.0,0.9595030812872933,0.9740780592780984,0.040496918712706664,0.02592194072190157,0.06641885943460824,0.9359886201991465,0.9710763394973921,0.06401137980085347,0.028923660502607862,0.09293504030346134,0.9176866299168458,0.9497337195178922,0.0823133700831542,0.050266280482107795,0.132579650565262,0.29193355030333157,225,False,POINT Z (-0.366272590499386 51.4713196785983 0)
Stepney Green,20068,20394,17896.0,18443.0,17698.0,17749.0,18352.0,18005.0,16863.0,17953.0,17176.0,1.0,1.0162447677895157,0.9703410508051835,0.9596052702922518,0.029658949194816486,0.05573410982519811,0.0853930590200146,0.967142545771578,0.98109197907585,0.03285745422842201,0.034590868093843374,0.06744832232226539,0.9392859132178466,0.9567203252938228,0.0607140867821534,0.0585729387076378,0.1192870254897912,0.2721284068320712,226,False,POINT Z (-0.046563851823429 51.5218629258813 0)
Stonebridge Park,8311,8091,7906.0,8449.0,8358.0,7849.0,8596.0,8137.0,7960.0,8596.0,8162.0,1.0,0.9735290578751052,0.935732039294591,0.9892294946147473,0.06426796070540897,-0.01612734269474303,0.048140618010665936,0.9130991158678455,0.946603071195905,0.08690088413215447,0.027658123259279854,0.11455900739143432,0.9260120986505351,0.9495114006514658,0.07398790134946487,0.024670714273349104,0.09865861562281397,0.26135824102491423,227,False,POINT Z (-0.276443341234838 51.5441943674558 0)
Ladbroke Grove,18626,19679,16131.0,17651.0,19417.0,16786.0,18108.0,19315.0,16240.0,18865.0,19700.0,1.0,1.0565338773757114,0.9138858988159311,1.1000509886125431,0.08611410118406893,-0.041188562116836636,0.04492553906723229,0.926993593991606,1.066655621824608,0.07300640600839403,-0.009580141882471027,0.063426264125923,0.8608534322820037,1.044261860588391,0.13914656771799627,0.011615355692902396,0.15076192341089867,0.25911372660405396,228,False,POINT Z (-0.210877644206675 51.517322093498 0)
Becontree,11621,11733,9761.0,10494.0,9788.0,9810.0,9988.0,9915.0,9801.0,10150.0,9858.0,1.0,1.0096377248085362,0.9301505622260339,0.9327234610253479,0.06984943777396613,0.07618006131632415,0.14602949909029028,0.9821786143372047,0.9926912294753705,0.01782138566279534,0.016784728736616294,0.034606114399411636,0.965615763546798,0.9712315270935961,0.03438423645320199,0.0380395826851887,0.07242381913839069,0.2530594326280926,229,False,POINT Z (0.127369132999237 51.5403456308199 0)
Upney,8818,8699,7368.0,7870.0,7424.0,7440.0,7611.0,7493.0,6988.0,7620.0,7279.0,1.0,0.9865048763892039,0.9362134688691233,0.9433290978398984,0.06378653113087673,0.04376641168499551,0.10755294281587224,0.977532518722901,0.9844961240310077,0.022467481277098966,0.00203623155472743,0.024503712831826396,0.9170603674540683,0.955249343832021,0.08293963254593173,0.031683099906798406,0.11462273245273014,0.24667938810042878,230,False,POINT Z (0.101580801616486 51.5383556220537 0)
Ruislip,6555,6346,4572.0,5088.0,5075.0,4445.0,5077.0,4822.0,4394.0,4686.0,4713.0,1.0,0.9681159420289855,0.8985849056603774,0.9974449685534591,0.10141509433962259,-0.030294952547734733,0.07112014179188786,0.8755170376206421,0.9497734882804806,0.12448296237935785,0.018946546536629416,0.14342950891598727,0.9376867264191208,1.0057618437900129,0.062313273580879236,-0.03888573684896546,0.02342753673191378,0.2379771874397889,231,False,POINT Z (-0.421769765301183 51.5712934498542 0)
Barking,60373,60555,49704.0,52467.0,50979.0,57030.0,59525.0,58529.0,56644.0,59697.0,57554.0,1.0,1.0030145926159044,0.9473383269483675,0.9716393161415747,0.052661673051632496,0.03128097707183064,0.08394265012346314,0.958084838303234,0.983267534649307,0.04191516169676601,0.019687707548796674,0.061602869245562686,0.94885840159472,0.9641020486791632,0.05114159840527999,0.03879559103447905,0.08993718943975904,0.23548270880878486,232,False,POINT Z (0.080209129564163 51.5398861475186 0)
Richmond,24618,23799,27092.0,28381.0,29085.0,33749.0,39902.0,39479.0,34833.0,41198.0,41277.0,1.0,0.9667316597611504,0.9545822909693105,1.0248053275078397,0.045417709030689535,-0.06007216910744129,-0.014654460076751752,0.8457972031477119,0.9893990276176633,0.1542027968522881,-0.023447424761193103,0.130755372091095,0.8455022088450895,1.00191756881402,0.15449779115491047,-0.036396769152634345,0.11810102200227612,0.23420193401661937,233,False,POINT Z (-0.301646518963653 51.4631184318418 0)
Dagenham East,10213,9940,8851.0,9469.0,8970.0,8821.0,9192.0,8921.0,9275.0,9845.0,9205.0,1.0,0.9732693625771076,0.9347343964515789,0.9473017214066956,0.06526560354842115,0.026680836949036002,0.09194644049745715,0.959638816362054,0.9705178416013925,0.04036118363794605,0.0028270909180058146,0.04318827455595187,0.9421025901472829,0.9349923819197562,0.057897409852717074,0.039328249844419516,0.09722565969713659,0.2323603747505456,234,False,POINT Z (0.166003962649862 51.5441617706067 0)
Neasden,11300,11462,8490.0,8866.0,8723.0,8375.0,8821.0,8649.0,8459.0,8761.0,8522.0,1.0,1.0143362831858407,0.9575907963004737,0.9838709677419355,0.04240920369952628,0.03003472906265303,0.07244393276217931,0.949438839133885,0.9805010769753996,0.05056116086611495,0.03335699094206812,0.08391815180818307,0.9655290491952974,0.9727200091313777,0.03447095080470264,0.041028083826158745,0.07549903463086138,0.23186111920122376,235,False,POINT Z (-0.251146617248987 51.5544285977155 0)
Upton Park,32007,31895,27576.0,29058.0,28759.0,34541.0,37522.0,38022.0,34267.0,37743.0,37197.0,1.0,0.9965007654575562,0.9489985546149081,0.9897102347030078,0.05100144538509188,0.006814375853921639,0.05781582123901352,0.9205532754117585,1.0133255156974574,0.07944672458824154,-0.01688383072357791,0.06256289386466363,0.90790345229579,0.985533741356013,0.09209654770421005,0.011005535049948056,0.10310208275415811,0.22348079785783526,236,False,POINT Z (0.03523731439865 51.5353811421301 0)
Kingsbury,15133,15259,11549.0,11985.0,12144.0,12435.0,13248.0,12719.0,11220.0,11926.0,11760.0,1.0,1.0083261745853433,0.9636211931581143,1.0132665832290364,0.03637880684188566,-0.0048996136054135775,0.03147919323647208,0.9386322463768116,0.9600694444444444,0.06136775362318836,0.04785825396305288,0.10922600758624124,0.9408016099278886,0.9860808317960758,0.05919839007211136,0.02206165360967205,0.08126004368178341,0.22196524450449673,237,False,POINT Z (-0.278620804099266 51.5846432762628 0)
North Wembley,5240,5247,4414.0,4573.0,4489.0,4447.0,4698.0,4570.0,4652.0,4866.0,4696.0,1.0,1.0013358778625954,0.965230701946206,0.9816313142357315,0.03476929805379403,0.019678275853776794,0.05444757390757082,0.9465730097914006,0.9727543635589613,0.05342699020859942,0.028543383829053304,0.08197037403765273,0.9560213727907932,0.9650637073571722,0.043978627209206755,0.03622377995967552,0.08020240716888227,0.21662035511410582,238,False,POINT Z (-0.303859909432008 51.5623957263737 0)
Dagenham Heathway,19754,19995,16039.0,17258.0,16875.0,16259.0,16553.0,16355.0,15959.0,16694.0,16463.0,1.0,1.0122000607471904,0.929366091088191,0.9778073936724997,0.07063390891180898,0.03397813180262266,0.10461204071443164,0.9822388690871745,0.9880384220383012,0.017761130912825496,0.02387041815730917,0.041631549070134666,0.9559722055828441,0.9861626931831796,0.044027794417155874,0.025723538827680303,0.06975133324483618,0.21599492302940249,239,False,POINT Z (0.147546820248486 51.5416184804187 0)
Hounslow West,11103,11372,8535.0,9047.0,9131.0,8764.0,9071.0,9221.0,8444.0,9005.0,8859.0,1.0,1.024227686210934,0.9434066541394938,1.0092848458052393,0.05659334586050624,0.01458937363915136,0.0711827194996576,0.9661558813802227,1.0165362143093375,0.03384411861977732,0.007509533285563363,0.04135365190534068,0.9377012770682954,0.9837867851193781,0.062298722931704575,0.039484288148043056,0.10178301107974763,0.2143193824847459,240,False,POINT Z (-0.385772788856648 51.4736187452599 0)
Canning Town,46395,48919,36354.0,38969.0,41831.0,35364.0,38529.0,40572.0,34813.0,37430.0,39019.0,1.0,1.0544024140532384,0.9328953783776849,1.0734429931484,0.06710462162231512,-0.018058170999407652,0.04904645062290747,0.9178540839367749,1.053024994160243,0.08214591606322508,0.0013063512323540083,0.08345226729557909,0.9300828212663639,1.0424525781458722,0.06991717873363612,0.011333278213419229,0.08125045694705535,0.2137491748655419,241,False,POINT Z (0.007974158419873 51.5141228765766 0)
Hounslow East,12593,13043,10622.0,11243.0,11126.0,10659.0,10899.0,11129.0,10109.0,10527.0,10612.0,1.0,1.035734138013182,0.9447656319487682,0.9895935248599128,0.05523436805123183,0.0445487036294655,0.09978307168069733,0.9779796311588219,1.0211028534727957,0.022020368841178084,0.01412648671448924,0.03614685555566732,0.9602925809822361,1.0080744751591146,0.03970741901776387,0.026705369494845477,0.06641278851260934,0.202342715748974,242,False,POINT Z (-0.356313033726448 51.4732627979418 0)
Heathrow Terminal 4,5897,7407,4413.0,4154.0,4897.0,4730.0,4721.0,5393.0,4805.0,4807.0,5396.0,1.0,1.2560624046125148,1.062349542609533,1.178863745787193,-0.06234954260953307,0.06146084664410989,-0.0008886959654231807,1.0019063757678457,1.1423427239991528,-0.0019063757678456916,0.09053664865357036,0.08863027288572467,0.9995839400873726,1.1225296442687747,0.00041605991262738673,0.106310609929396,0.10672666984202339,0.19446824676232488,243,False,POINT Z (-0.445693269874028 51.4585405410818 0)
Sudbury Hill,6418,6312,5564.0,5873.0,5476.0,5542.0,5756.0,5571.0,5105.0,5163.0,4970.0,1.0,0.9834839513867248,0.947386344287417,0.9324025200068108,0.05261365571258303,0.05193926276874028,0.10455291848132331,0.9628214037526059,0.9678596247394023,0.03717859624739406,0.015886712360981603,0.05306530860837566,0.9887662211892311,0.9626186325779585,0.011233778810768924,0.02121571864934446,0.032449497460113386,0.19006772454981236,244,False,POINT Z (-0.33660181396072 51.5569667160283 0)
Wembley Central,18170,19148,14645.0,15179.0,16132.0,15262.0,15815.0,15796.0,15617.0,15965.0,16060.0,1.0,1.0538249862410567,0.9648198168522301,1.06278410962514,0.03518018314776994,-0.00850152871781873,0.02667865442995121,0.9650331963325957,0.9987986089155865,0.034966803667404345,0.05221585941110263,0.08718266307850697,0.9782023175696837,1.0059505167554024,0.021797682430316323,0.04542924120296321,0.06722692363327953,0.18108824114173772,245,False,POINT Z (-0.29680323156636 51.5522833291033 0)
Northolt,16553,16277,12769.0,13444.0,13198.0,13665.0,13948.0,13665.0,13256.0,13948.0,12957.0,1.0,0.9833262852655108,0.9497917286521869,0.9817018744421303,0.05020827134781314,0.0016519550506491898,0.05186022639846233,0.979710352738744,0.979710352738744,0.02028964726125604,0.003677245875503554,0.023966893136759593,0.9503871522798968,0.9289503871522798,0.049612847720103215,0.05529791985429211,0.10491076757439532,0.18073788710961725,246,False,POINT Z (-0.368628937494066 51.5482602616564 0)
East Ham,42948,42695,35105.0,36302.0,36120.0,34447.0,35885.0,35186.0,34163.0,36350.0,35000.0,1.0,0.9941091552575207,0.9670266101041265,0.9949865021210953,0.032973389895873506,-0.0008825458038832501,0.032090844091990256,0.9599275463285495,0.9805211090985091,0.040072453671450514,0.01366856555655771,0.053741019228008224,0.9398349381017882,0.9628610729023384,0.0601650618982118,0.03143325075513226,0.09159831265334406,0.17743017597334254,247,False,POINT Z (0.052853536469472 51.5394080163376 0)
Harlesden,10604,10156,8192.0,8985.0,8943.0,9029.0,9478.0,9023.0,8387.0,8919.0,8486.0,1.0,0.957751791776688,0.9117417918753478,0.9953255425709516,0.08825820812465224,-0.03923119864340019,0.04902700948125205,0.9526271365266934,0.9519940915805022,0.0473728634733066,0.006011683032724924,0.05338454650603153,0.9403520574055387,0.9514519564973651,0.05964794259446127,0.006577732700072891,0.06622567529453416,0.16863723128181773,248,False,POINT Z (-0.258566531371696 51.5367002109285 0)
Kenton,6357,6214,5165.0,5322.0,5224.0,5648.0,5917.0,5654.0,5675.0,6032.0,5850.0,1.0,0.9775051124744376,0.970499812100714,0.9815858699736941,0.02950018789928599,-0.004174666144636907,0.025325521754649083,0.954537772519858,0.9555517998985973,0.04546222748014195,0.022458514329677604,0.06792074180981955,0.940815649867374,0.9698275862068966,0.05918435013262602,0.0078542057423171,0.06703855587494312,0.16028481943941175,249,False,POINT Z (-0.316705448121499 51.5816135016238 0)
Whitechapel,44865,42974,57745.0,60883.0,59024.0,57560.0,61325.0,58803.0,58514.0,61937.0,59968.0,1.0,0.9578513317730971,0.948458518798351,0.9694660249987681,0.05154148120164903,-0.012125778646849827,0.039415702554799203,0.9386057888300041,0.9588748471259682,0.06139421116999588,-0.001068553458057453,0.06032565771193843,0.9447341653615771,0.9682096323683743,0.05526583463842294,-0.01081410053071874,0.0444517341077042,0.14419309437444183,250,False,POINT Z (-0.060741995760638 51.5195334172938 0)
South Harrow,7250,7316,6654.0,6691.0,6584.0,6445.0,6969.0,6853.0,5968.0,6104.0,6286.0,1.0,1.009103448275862,0.9944701838290241,0.984008369451502,0.005529816170975921,0.024868688009378137,0.030398504180354058,0.924809872291577,0.9833548572248529,0.07519012770842304,0.02551630469106292,0.10070643239948596,0.9777195281782438,1.0298165137614679,0.022280471821756187,-0.020526206228901334,0.0017542655928548534,0.13285920217269487,251,False,POINT Z (-0.352071047655855 51.5645509413175 0)
Hatton Cross,10282,10641,8928.0,9349.0,9324.0,9629.0,9926.0,10324.0,9098.0,9452.0,9915.0,1.0,1.0349153861116513,0.9549684458230827,0.9973259172103969,0.04503155417691729,0.03632129679942664,0.08135285097634393,0.9700785815031231,1.0400967156961516,0.029921418496876906,-0.005006524836747683,0.024914893660129223,0.9625476089716463,1.048984341938214,0.03745239102835374,-0.013594305404446727,0.02385808562390701,0.13012583026038016,252,False,POINT Z (-0.423443496172184 51.466627826375 0)
Wembley Park,48867,52689,45938.0,49044.0,59769.0,48033.0,50983.0,53230.0,45340.0,50214.0,53951.0,1.0,1.0782122905027933,0.9366691134491477,1.2186811842427208,0.06333088655085228,-0.13027944030801564,-0.06694855375716335,0.9421375752701882,1.0440735147009788,0.057862424729811845,0.03166238791981768,0.08952481264962953,0.902935436332497,1.0744214760823674,0.09706456366750305,0.0035158330635038926,0.10058039673100694,0.12315665562347311,253,False,POINT Z (-0.280026668594193 51.5637628889937 0)
North Acton,21003,20859,18426.0,19450.0,19326.0,19175.0,20226.0,20185.0,18540.0,19592.0,20081.0,1.0,0.9931438365947721,0.9473521850899743,0.9936246786632391,0.05264781491002568,-0.00048416155923169946,0.05216365335079398,0.9480371798674972,0.9979729061603876,0.05196282013250275,-0.004862407022705906,0.047100413109796846,0.9463046141282156,1.0249591670069416,0.05369538587178435,-0.032034967383230084,0.021660418488554267,0.1209244849491451,254,False,POINT Z (-0.259736737285887 51.5236132092944 0)
Bayswater,12563,14113,10366.0,11373.0,12178.0,10838.0,11113.0,12838.0,10634.0,10905.0,12761.0,1.0,1.1233781740030249,0.9114569594654005,1.0707816758990591,0.0885430405345995,0.04681993946574936,0.13536298000034885,0.9752542067848465,1.1552236119859625,0.024745793215153467,-0.028347923005714204,-0.0036021297905607375,0.9751490142136635,1.1701971572673087,0.024850985786336488,-0.04167695647624159,-0.0168259706899051,0.11493487951988302,255,False,POINT Z (-0.187898072385123 51.5123254197534 0)
Northwick Park,15328,14151,12248.0,12339.0,11292.0,10981.0,11314.0,10520.0,10909.0,11323.0,10212.0,1.0,0.9232124217118998,0.9926250101304805,0.9151470945781668,0.007374989869519455,0.008736155346325991,0.016111145215845446,0.9705674385716812,0.9298214601378822,0.02943256142831885,-0.0071587407952413695,0.02227382063307748,0.9634372516117636,0.9018811269098296,0.036562748388236366,0.023105511039935855,0.05966825942817222,0.09805322527709515,256,False,POINT Z (-0.318043772012892 51.5784768993842 0)
Lancaster Gate,20536,20769,8231.0,9885.0,11012.0,7742.0,8984.0,10248.0,7654.0,8500.0,9273.0,1.0,1.0113459291001168,0.8326757713707638,1.1140111279716742,0.16732422862923624,-0.10151343463942908,0.06581079398980716,0.8617542297417632,1.1406945681211043,0.1382457702582368,-0.12789752279527167,0.010348247462965143,0.9004705882352941,1.0909411764705883,0.09952941176470587,-0.07870229669218554,0.02082711507252033,0.09698615652529263,257,False,POINT Z (-0.175420466686948 51.5116886706852 0)
Caledonian Road,18204,18917,13406.0,14927.0,14680.0,12726.0,11557.0,13777.0,12354.0,13972.0,13912.0,1.0,1.0391672159964842,0.898104106652375,0.9834528036444028,0.10189589334762506,0.05361448234166566,0.15551037568929071,1.1011508176862508,1.1920913731937355,-0.10115081768625078,-0.14716029801864794,-0.24831111570489872,0.88419696535929,0.9957056971085028,0.11580303464070996,0.04182341226604713,0.1576264469067571,0.06482570689114908,258,False,POINT Z (-0.118447284607226 51.5485259828216 0)
Park Royal,6940,6787,5039.0,5649.0,5716.0,5333.0,5544.0,5768.0,4296.0,4544.0,4868.0,1.0,0.9779538904899135,0.8920162860683307,1.011860506284298,0.10798371393166928,-0.03467097592648116,0.07331273800518812,0.961940836940837,1.0404040404040404,0.038059163059163015,-0.06385796970738777,-0.02579880664822476,0.9454225352112676,1.0713028169014085,0.05457746478873238,-0.0954533003235265,-0.040875835534794125,0.006638095822169232,259,False,POINT Z (-0.283944537895108 51.5264813145411 0)
Sudbury Town,6160,6038,5349.0,5371.0,5379.0,5470.0,5497.0,5596.0,4567.0,4707.0,4643.0,1.0,0.9801948051948052,0.9959039285049339,1.0014894805436605,0.004096071495066078,-0.021724942058454655,-0.017628870563388577,0.9950882299436056,1.0180098235401127,0.004911770056394427,-0.03857908463184745,-0.03366731457545302,0.9702570639473125,0.9864032292330571,0.02974293605268752,-0.006333867518322656,0.023409068534364863,-0.027887116604476736,260,False,POINT Z (-0.315723404663266 51.5508072804286 0)
North Ealing,2898,2752,1975.0,2118.0,2153.0,2047.0,2107.0,2108.0,1773.0,1851.0,1864.0,1.0,0.9496204278812974,0.9324834749763928,1.0165250236071766,0.06751652502360717,-0.07045404012122014,-0.002937515097612975,0.9715234931181775,1.0004746084480303,0.02847650688182246,-0.05355211311133434,-0.025075606229511882,0.9578606158833063,1.0070232306861155,0.04213938411669371,-0.06044815498850409,-0.018308770871810376,-0.04632189219893523,261,False,POINT Z (-0.288802338201631 51.5174834180896 0)
Alperton,9384,9391,8684.0,8773.0,8707.0,8474.0,8445.0,8535.0,7581.0,7238.0,7344.0,1.0,1.0007459505541347,0.9898552376610054,0.9924769178160264,0.01014476233899464,0.008262869046364418,0.018407631385359058,1.0034339846062759,1.0106571936056838,-0.003433984606275864,-0.00990385526522597,-0.013337839871501833,1.0473887814313345,1.0146449295385465,-0.047388781431334515,-0.013888618761550342,-0.06127740019288486,-0.05620760867902763,262,False,POINT Z (-0.299926137316424 51.5407323726746 0)
Heathrow Terminal 5,12605,16056,11168.0,10438.0,11997.0,12424.0,11451.0,12842.0,12143.0,10578.0,13861.0,1.0,1.2737802459341532,1.069936769496072,1.1493581145813374,-0.06993676949607197,0.09767943234318899,0.027742662847117017,1.084970744913108,1.1214741070648853,-0.08497074491310808,0.11957018438260603,0.03459943946949795,1.1479485725089809,1.3103611268670827,-0.14794857250898086,-0.028718360996485837,-0.1766669335054667,-0.11432483118885173,263,False,POINT Z (-0.488020171532433 51.472526161045 0)
South Ealing,11389,11764,7457.0,5060.0,4936.0,6866.0,7405.0,7319.0,6687.0,7348.0,6984.0,1.0,1.032926508034068,1.4737154150197629,0.9754940711462451,-0.4737154150197629,0.055601668115897174,-0.4181137469038657,0.9272113436866982,0.988386225523295,0.07278865631330178,0.043120475817340465,0.11590913213064225,0.9100435492651061,0.9504627109417528,0.08995645073489389,0.07983510583852238,0.16979155657341627,-0.1324130581998072,264,False,POINT Z (-0.30748301640737 51.5009003575605 0)
Heathrow Terminals 123,22127,27647,17909.0,15538.0,17639.0,17092.0,16062.0,20206.0,17489.0,15724.0,18378.0,1.0,1.2494689745559724,1.1525936413952889,1.1352168876303257,-0.15259364139528886,0.09144051533272268,-0.06115312606256618,1.0641265097746233,1.2580002490349895,-0.06412650977462331,-0.0068279202227081726,-0.07095442999733148,1.112248791656067,1.1687865683032308,-0.11224879165606705,0.06457335707868528,-0.04767543457738177,-0.17978299063727943,265,False,POINT Z (-0.452405626454076 51.4713042858625 0)
