{
"type": "FeatureCollection",
"name": "tfl_top100_commuter_shock_stations",
"crs": { "type": "name", "properties": { "name": "urn:ogc:def:crs:OGC:1.3:CRS84" } },
"features": [
{ "type": "Feature", "properties": { "clean_name": "Bank and Monument", "2019_Midweek": 228118, "2019_Friday": 210609, "2023_Monday": 118906.0, "2023_Midweek": 160968.0, "2023_Friday": 106923.0, "2024_Monday": 117442.0, "2024_Midweek": 170980.0, "2024_Friday": 101083.0, "2025_Monday": 131476.0, "2025_Midweek": 181300.0, "2025_Friday": 108426.0, "raw_ratio_19_mon": 1.0, "raw_ratio_19_fri": 0.92324586398267561, "raw_ratio_23_mon": 0.73869340490035285, "raw_ratio_23_fri": 0.66425003727448939, "collapse_23_mon": 0.26130659509964715, "collapse_23_fri": 0.28052747032186676, "total_collapse_23": 0.54183406542151391, "raw_ratio_24_mon": 0.68687565797169259, "raw_ratio_24_fri": 0.59119780091238738, "collapse_24_mon": 0.31312434202830741, "collapse_24_fri": 0.35965291156345647, "total_collapse_24": 0.67277725359176388, "raw_ratio_25_mon": 0.72518477661334801, "raw_ratio_25_fri": 0.59804743519029235, "collapse_25_mon": 0.27481522338665199, "collapse_25_fri": 0.35223383226386762, "total_collapse_25": 0.6270490556505196, "cumulative_collapse_score": 1.8416603746637974, "shock_rank": 1, "top100_affected": true }, "geometry": { "type": "Point", "coordinates": [ -0.088882065096841, 51.513427026947902, 0.0 ] } },
{ "type": "Feature", "properties": { "clean_name": "Chancery Lane", "2019_Midweek": 64852, "2019_Friday": 59920, "2023_Monday": 26059.0, "2023_Midweek": 34566.0, "2023_Friday": 22999.0, "2024_Monday": 26895.0, "2024_Midweek": 37183.0, "2024_Friday": 23642.0, "2025_Monday": 25472.0, "2025_Midweek": 35539.0, "2025_Friday": 23381.0, "raw_ratio_19_mon": 1.0, "raw_ratio_19_fri": 0.92394991673348548, "raw_ratio_23_mon": 0.75389110686802063, "raw_ratio_23_fri": 0.66536480935022857, "collapse_23_mon": 0.24610889313197937, "collapse_23_fri": 0.27986918197628463, "total_collapse_23": 0.525978075108264, "raw_ratio_24_mon": 0.7233144178791383, "raw_ratio_24_fri": 0.63582820105962401, "collapse_24_mon": 0.2766855821208617, "collapse_24_fri": 0.31183694100269133, "total_collapse_24": 0.58852252312355302, "raw_ratio_25_mon": 0.716733729142632, "raw_ratio_25_fri": 0.65789695827119499, "collapse_25_mon": 0.283266270857368, "collapse_25_fri": 0.28795170998325204, "total_collapse_25": 0.57121798084062003, "cumulative_collapse_score": 1.6857185790724372, "shock_rank": 2, "top100_affected": true }, "geometry": { "type": "Point", "coordinates": [ -0.111543537681388, 51.5182506335764, 0.0 ] } },
{ "type": "Feature", "properties": { "clean_name": "Moorgate", "2019_Midweek": 94115, "2019_Friday": 83568, "2023_Monday": 78602.0, "2023_Midweek": 102150.0, "2023_Friday": 66164.0, "2024_Monday": 83876.0, "2024_Midweek": 115194.0, "2024_Friday": 69474.0, "2025_Monday": 91205.0, "2025_Midweek": 119131.0, "2025_Friday": 74439.0, "raw_ratio_19_mon": 1.0, "raw_ratio_19_fri": 0.88793497317112047, "raw_ratio_23_mon": 0.76947626040137052, "raw_ratio_23_fri": 0.64771414586392562, "collapse_23_mon": 0.23052373959862948, "collapse_23_fri": 0.27053876079380434, "total_collapse_23": 0.50106250039243383, "raw_ratio_24_mon": 0.72812820112158616, "raw_ratio_24_fri": 0.60310432835043493, "collapse_24_mon": 0.27187179887841384, "collapse_24_fri": 0.32077872076989777, "total_collapse_24": 0.59265051964831161, "raw_ratio_25_mon": 0.76558578371708452, "raw_ratio_25_fri": 0.62484995509145391, "collapse_25_mon": 0.23441421628291548, "collapse_25_fri": 0.29628860899588139, "total_collapse_25": 0.53070282527879686, "cumulative_collapse_score": 1.6244158453195423, "shock_rank": 3, "top100_affected": true }, "geometry": { "type": "Point", "coordinates": [ -0.089285420587671, 51.518364734125697, 0.0 ] } },
{ "type": "Feature", "properties": { "clean_name": "Cannon Street", "2019_Midweek": 26761, "2019_Friday": 23796, "2023_Monday": 12640.0, "2023_Midweek": 16582.0, "2023_Friday": 10640.0, "2024_Monday": 13887.0, "2024_Midweek": 17766.0, "2024_Friday": 11653.0, "2025_Monday": 13985.0, "2025_Midweek": 19200.0, "2025_Friday": 11871.0, "raw_ratio_19_mon": 1.0, "raw_ratio_19_fri": 0.88920443929599047, "raw_ratio_23_mon": 0.76227234350500539, "raw_ratio_23_fri": 0.64165963092509948, "collapse_23_mon": 0.23772765649499461, "collapse_23_fri": 0.27838908290525355, "total_collapse_23": 0.51611673940024816, "raw_ratio_24_mon": 0.78166160081053693, "raw_ratio_24_fri": 0.65591579421366653, "collapse_24_mon": 0.21833839918946307, "collapse_24_fri": 0.26235659064750672, "total_collapse_24": 0.48069498983696979, "raw_ratio_25_mon": 0.72838541666666667, "raw_ratio_25_fri": 0.61828125, "collapse_25_mon": 0.27161458333333333, "collapse_25_fri": 0.30468042817070096, "total_collapse_25": 0.57629501150403428, "cumulative_collapse_score": 1.5731067407412522, "shock_rank": 4, "top100_affected": true }, "geometry": { "type": "Point", "coordinates": [ -0.090385961310068, 51.511474629808198, 0.0 ] } },
{ "type": "Feature", "properties": { "clean_name": "Mansion House", "2019_Midweek": 25400, "2019_Friday": 23527, "2023_Monday": 14313.0, "2023_Midweek": 18414.0, "2023_Friday": 12747.0, "2024_Monday": 13689.0, "2024_Midweek": 18219.0, "2024_Friday": 11789.0, "2025_Monday": 14708.0, "2025_Midweek": 18767.0, "2025_Friday": 11956.0, "raw_ratio_19_mon": 1.0, "raw_ratio_19_fri": 0.92625984251968507, "raw_ratio_23_mon": 0.77728901922450311, "raw_ratio_23_fri": 0.69224503095470835, "collapse_23_mon": 0.22271098077549689, "collapse_23_fri": 0.25264488518512385, "total_collapse_23": 0.47535586596062074, "raw_ratio_24_mon": 0.75135847192491356, "raw_ratio_24_fri": 0.64707173829518638, "collapse_24_mon": 0.24864152807508644, "collapse_24_fri": 0.30141445349182927, "total_collapse_24": 0.55005598156691571, "raw_ratio_25_mon": 0.78371609740501946, "raw_ratio_25_fri": 0.63707571801566576, "collapse_25_mon": 0.21628390259498054, "collapse_25_fri": 0.31220626354410208, "total_collapse_25": 0.52849016613908262, "cumulative_collapse_score": 1.5539020136666191, "shock_rank": 5, "top100_affected": true }, "geometry": { "type": "Point", "coordinates": [ -0.094079885333069, 51.511817980453301, 0.0 ] } },
{ "type": "Feature", "properties": { "clean_name": "Waterloo", "2019_Midweek": 280218, "2019_Friday": 275968, "2023_Monday": 194037.0, "2023_Midweek": 274711.0, "2023_Friday": 205805.0, "2024_Monday": 207517.0, "2024_Midweek": 284629.0, "2024_Friday": 217417.0, "2025_Monday": 206602.0, "2025_Midweek": 265279.0, "2025_Friday": 213680.0, "raw_ratio_19_mon": 1.0, "raw_ratio_19_fri": 0.98483323697977998, "raw_ratio_23_mon": 0.70633138097855563, "raw_ratio_23_fri": 0.74916912682782999, "collapse_23_mon": 0.29366861902144437, "collapse_23_fri": 0.23929341669526583, "total_collapse_23": 0.53296203571671019, "raw_ratio_24_mon": 0.72907890622529681, "raw_ratio_24_fri": 0.76386102610767004, "collapse_24_mon": 0.27092109377470319, "collapse_24_fri": 0.22437525722605844, "total_collapse_24": 0.49529635100076164, "raw_ratio_25_mon": 0.7788102337538968, "raw_ratio_25_fri": 0.8054915767927352, "collapse_25_mon": 0.2211897662461032, "collapse_25_fri": 0.18210358206130173, "total_collapse_25": 0.40329334830740493, "cumulative_collapse_score": 1.4315517350248768, "shock_rank": 6, "top100_affected": true }, "geometry": { "type": "Point", "coordinates": [ -0.114401197448965, 51.503426622799601, 0.0 ] } },
{ "type": "Feature", "properties": { "clean_name": "Liverpool Street", "2019_Midweek": 228674, "2019_Friday": 235846, "2023_Monday": 168847.0, "2023_Midweek": 211625.0, "2023_Friday": 182760.0, "2024_Monday": 166832.0, "2024_Midweek": 222752.0, "2024_Friday": 172229.0, "2025_Monday": 175044.0, "2025_Midweek": 226377.0, "2025_Friday": 174669.0, "raw_ratio_19_mon": 1.0, "raw_ratio_19_fri": 1.0313634256627338, "raw_ratio_23_mon": 0.79785942114589481, "raw_ratio_23_fri": 0.86360307147076198, "collapse_23_mon": 0.20214057885410519, "collapse_23_fri": 0.16265881649252034, "total_collapse_23": 0.36479939534662553, "raw_ratio_24_mon": 0.74895848297658385, "raw_ratio_24_fri": 0.77318722166355414, "collapse_24_mon": 0.25104151702341615, "collapse_24_fri": 0.25032514977276865, "total_collapse_24": 0.5013666667961848, "raw_ratio_25_mon": 0.77324109781470729, "raw_ratio_25_fri": 0.77158456910375173, "collapse_25_mon": 0.22675890218529271, "collapse_25_fri": 0.25187906619051692, "total_collapse_25": 0.47863796837580963, "cumulative_collapse_score": 1.34480403051862, "shock_rank": 7, "top100_affected": true }, "geometry": { "type": "Point", "coordinates": [ -0.083187103332268, 51.5173539786175, 0.0 ] } },
{ "type": "Feature", "properties": { "clean_name": "St Paul's", "2019_Midweek": 54751, "2019_Friday": 54397, "2023_Monday": 28686.0, "2023_Midweek": 35476.0, "2023_Friday": 27759.0, "2024_Monday": 28527.0, "2024_Midweek": 35816.0, "2024_Friday": 26495.0, "2025_Monday": 28006.0, "2025_Midweek": 35211.0, "2025_Friday": 26116.0, "raw_ratio_19_mon": 1.0, "raw_ratio_19_fri": 0.99353436466913847, "raw_ratio_23_mon": 0.80860299921073397, "raw_ratio_23_fri": 0.78247265757131579, "collapse_23_mon": 0.19139700078926603, "collapse_23_fri": 0.21243523586434709, "total_collapse_23": 0.40383223665361312, "raw_ratio_24_mon": 0.79648760330578516, "raw_ratio_24_fri": 0.73975318293500114, "collapse_24_mon": 0.20351239669421484, "collapse_24_fri": 0.2554327165307968, "total_collapse_24": 0.45894511322501164, "raw_ratio_25_mon": 0.79537644486098091, "raw_ratio_25_fri": 0.74170003692028064, "collapse_25_mon": 0.20462355513901909, "collapse_25_fri": 0.25347319298082094, "total_collapse_25": 0.45809674811984002, "cumulative_collapse_score": 1.3208740979984648, "shock_rank": 8, "top100_affected": true }, "geometry": { "type": "Point", "coordinates": [ -0.097491844834556, 51.514954536171203, 0.0 ] } },
{ "type": "Feature", "properties": { "clean_name": "Old Street", "2019_Midweek": 92971, "2019_Friday": 94807, "2023_Monday": 43771.0, "2023_Midweek": 59226.0, "2023_Friday": 50266.0, "2024_Monday": 44066.0, "2024_Midweek": 58826.0, "2024_Friday": 49430.0, "2025_Monday": 43640.0, "2025_Midweek": 57204.0, "2025_Friday": 46476.0, "raw_ratio_19_mon": 1.0, "raw_ratio_19_fri": 1.0197480934915188, "raw_ratio_23_mon": 0.73905041704656738, "raw_ratio_23_fri": 0.84871509134501744, "collapse_23_mon": 0.26094958295343262, "collapse_23_fri": 0.16772083540838101, "total_collapse_23": 0.42867041836181363, "raw_ratio_24_mon": 0.74909053819739568, "raw_ratio_24_fri": 0.84027470846224461, "collapse_24_mon": 0.25090946180260432, "collapse_24_fri": 0.17599776471733786, "total_collapse_24": 0.42690722651994217, "raw_ratio_25_mon": 0.76288371442556469, "raw_ratio_25_fri": 0.81246066708621778, "collapse_25_mon": 0.23711628557443531, "collapse_25_fri": 0.20327316886229119, "total_collapse_25": 0.4403894544367265, "cumulative_collapse_score": 1.2959670993184824, "shock_rank": 9, "top100_affected": true }, "geometry": { "type": "Point", "coordinates": [ -0.087610917874237, 51.5250870447369, 0.0 ] } },
{ "type": "Feature", "properties": { "clean_name": "Covent Garden", "2019_Midweek": 45823, "2019_Friday": 55717, "2023_Monday": 30841.0, "2023_Midweek": 38212.0, "2023_Friday": 40272.0, "2024_Monday": 30351.0, "2024_Midweek": 41036.0, "2024_Friday": 39232.0, "2025_Monday": 26236.0, "2025_Midweek": 35714.0, "2025_Friday": 34897.0, "raw_ratio_19_mon": 1.0, "raw_ratio_19_fri": 1.2159177705519062, "raw_ratio_23_mon": 0.80710248089605363, "raw_ratio_23_fri": 1.0539097665654769, "collapse_23_mon": 0.19289751910394637, "collapse_23_fri": 0.1332392764626622, "total_collapse_23": 0.32613679556660857, "raw_ratio_24_mon": 0.73961887123501313, "raw_ratio_24_fri": 0.95603860025343601, "collapse_24_mon": 0.26038112876498687, "collapse_24_fri": 0.21373087604477625, "total_collapse_24": 0.47411200480976312, "raw_ratio_25_mon": 0.73461387691101532, "raw_ratio_25_fri": 0.97712381699053596, "collapse_25_mon": 0.26538612308898468, "collapse_25_fri": 0.19638988700114268, "total_collapse_25": 0.46177601009012736, "cumulative_collapse_score": 1.2620248104664991, "shock_rank": 10, "top100_affected": true }, "geometry": { "type": "Point", "coordinates": [ -0.124341543174305, 51.513146078987297, 0.0 ] } },
{ "type": "Feature", "properties": { "clean_name": "Blackfriars", "2019_Midweek": 55851, "2019_Friday": 52408, "2023_Monday": 31045.0, "2023_Midweek": 38761.0, "2023_Friday": 28270.0, "2024_Monday": 33540.0, "2024_Midweek": 41805.0, "2024_Friday": 30827.0, "2025_Monday": 33386.0, "2025_Midweek": 41827.0, "2025_Friday": 30667.0, "raw_ratio_19_mon": 1.0, "raw_ratio_19_fri": 0.93835383430914399, "raw_ratio_23_mon": 0.80093392843321898, "raw_ratio_23_fri": 0.72934134826242869, "collapse_23_mon": 0.19906607156678102, "collapse_23_fri": 0.22274378641037806, "total_collapse_23": 0.42180985797715909, "raw_ratio_24_mon": 0.80229637603157522, "raw_ratio_24_fri": 0.73739983255591435, "collapse_24_mon": 0.19770362396842478, "collapse_24_fri": 0.21415589131276958, "total_collapse_24": 0.41185951528119435, "raw_ratio_25_mon": 0.79819255504817466, "raw_ratio_25_fri": 0.73318669758768262, "collapse_25_mon": 0.20180744495182534, "collapse_25_fri": 0.21864581272001105, "total_collapse_25": 0.42045325767183639, "cumulative_collapse_score": 1.2541226309301898, "shock_rank": 11, "top100_affected": true }, "geometry": { "type": "Point", "coordinates": [ -0.103603883187671, 51.5116263548801, 0.0 ] } },
{ "type": "Feature", "properties": { "clean_name": "Southwark", "2019_Midweek": 51940, "2019_Friday": 50432, "2023_Monday": 26649.0, "2023_Midweek": 33148.0, "2023_Friday": 26453.0, "2024_Monday": 26644.0, "2024_Midweek": 34247.0, "2024_Friday": 25238.0, "2025_Monday": 27288.0, "2025_Midweek": 33249.0, "2025_Friday": 25498.0, "raw_ratio_19_mon": 1.0, "raw_ratio_19_fri": 0.97096649980747018, "raw_ratio_23_mon": 0.8039399058766743, "raw_ratio_23_fri": 0.79802703028840349, "collapse_23_mon": 0.1960600941233257, "collapse_23_fri": 0.17811064496391826, "total_collapse_23": 0.37417073908724396, "raw_ratio_24_mon": 0.77799515286010457, "raw_ratio_24_fri": 0.73694046193827201, "collapse_24_mon": 0.22200484713989543, "collapse_24_fri": 0.24102380248505217, "total_collapse_24": 0.46302864962494761, "raw_ratio_25_mon": 0.82071641252368488, "raw_ratio_25_fri": 0.76688020692351655, "collapse_25_mon": 0.17928358747631512, "collapse_25_fri": 0.21018880973176857, "total_collapse_25": 0.38947239720808369, "cumulative_collapse_score": 1.2266717859202751, "shock_rank": 12, "top100_affected": true }, "geometry": { "type": "Point", "coordinates": [ -0.10537174281666, 51.504288981458899, 0.0 ] } },
{ "type": "Feature", "properties": { "clean_name": "Oxford Circus", "2019_Midweek": 244740, "2019_Friday": 268380, "2023_Monday": 136728.0, "2023_Midweek": 177466.0, "2023_Friday": 160339.0, "2024_Monday": 139251.0, "2024_Midweek": 177867.0, "2024_Friday": 154692.0, "2025_Monday": 143595.0, "2025_Midweek": 178607.0, "2025_Friday": 158048.0, "raw_ratio_19_mon": 1.0, "raw_ratio_19_fri": 1.0965923020348125, "raw_ratio_23_mon": 0.7704461699705859, "raw_ratio_23_fri": 0.90349137299539062, "collapse_23_mon": 0.2295538300294141, "collapse_23_fri": 0.17609181523626238, "total_collapse_23": 0.40564564526567648, "raw_ratio_24_mon": 0.78289396009377799, "raw_ratio_24_fri": 0.86970601629307287, "collapse_24_mon": 0.21710603990622201, "collapse_24_fri": 0.20690122055456206, "total_collapse_24": 0.42400726046078407, "raw_ratio_25_mon": 0.80397184880771755, "raw_ratio_25_fri": 0.88489252940814189, "collapse_25_mon": 0.19602815119228245, "collapse_25_fri": 0.19305239717062139, "total_collapse_25": 0.38908054836290384, "cumulative_collapse_score": 1.2187334540893644, "shock_rank": 13, "top100_affected": true }, "geometry": { "type": "Point", "coordinates": [ -0.141605199843146, 51.515321317610599, 0.0 ] } },
{ "type": "Feature", "properties": { "clean_name": "Charing Cross", "2019_Midweek": 62361, "2019_Friday": 66017, "2023_Monday": 39925.0, "2023_Midweek": 48540.0, "2023_Friday": 44885.0, "2024_Monday": 40519.0, "2024_Midweek": 55199.0, "2024_Friday": 47287.0, "2025_Monday": 38339.0, "2025_Midweek": 50985.0, "2025_Friday": 42674.0, "raw_ratio_19_mon": 1.0, "raw_ratio_19_fri": 1.058626385080419, "raw_ratio_23_mon": 0.82251751133086115, "raw_ratio_23_fri": 0.92470127729707463, "collapse_23_mon": 0.17748248866913885, "collapse_23_fri": 0.12650837884904087, "total_collapse_23": 0.30399086751817972, "raw_ratio_24_mon": 0.73405315313683217, "raw_ratio_24_fri": 0.8566640700012681, "collapse_24_mon": 0.26594684686316783, "collapse_24_fri": 0.19077770772151004, "total_collapse_24": 0.45672455458467787, "raw_ratio_25_mon": 0.75196626458762383, "raw_ratio_25_fri": 0.83699127194272827, "collapse_25_mon": 0.24803373541237617, "collapse_25_fri": 0.20936103261856076, "total_collapse_25": 0.45739476803093693, "cumulative_collapse_score": 1.2181101901337945, "shock_rank": 14, "top100_affected": true }, "geometry": { "type": "Point", "coordinates": [ -0.127358365578834, 51.5073793841553, 0.0 ] } },
{ "type": "Feature", "properties": { "clean_name": "Farringdon", "2019_Midweek": 98706, "2019_Friday": 88177, "2023_Monday": 128933.0, "2023_Midweek": 165095.0, "2023_Friday": 123844.0, "2024_Monday": 126030.0, "2024_Midweek": 163481.0, "2024_Friday": 119438.0, "2025_Monday": 137368.0, "2025_Midweek": 172209.0, "2025_Friday": 123183.0, "raw_ratio_19_mon": 1.0, "raw_ratio_19_fri": 0.89332968613863395, "raw_ratio_23_mon": 0.7809624761500954, "raw_ratio_23_fri": 0.75013779944880221, "collapse_23_mon": 0.2190375238499046, "collapse_23_fri": 0.16029007981226995, "total_collapse_23": 0.37932760366217455, "raw_ratio_24_mon": 0.77091527455789965, "raw_ratio_24_fri": 0.73059254592276779, "collapse_24_mon": 0.22908472544210035, "collapse_24_fri": 0.1821691842787494, "total_collapse_24": 0.41125390972084974, "raw_ratio_25_mon": 0.79768188654483796, "raw_ratio_25_fri": 0.71531104646098631, "collapse_25_mon": 0.20231811345516204, "collapse_25_fri": 0.19927541023194129, "total_collapse_25": 0.40159352368710333, "cumulative_collapse_score": 1.1921750370701276, "shock_rank": 15, "top100_affected": true }, "geometry": { "type": "Point", "coordinates": [ -0.105166098257485, 51.520472078357898, 0.0 ] } },
{ "type": "Feature", "properties": { "clean_name": "Holborn", "2019_Midweek": 107328, "2019_Friday": 107526, "2023_Monday": 61667.0, "2023_Midweek": 76347.0, "2023_Friday": 65749.0, "2024_Monday": 59687.0, "2024_Midweek": 76723.0, "2024_Friday": 61115.0, "2025_Monday": 57108.0, "2025_Midweek": 73790.0, "2025_Friday": 58860.0, "raw_ratio_19_mon": 1.0, "raw_ratio_19_fri": 1.0018448121645795, "raw_ratio_23_mon": 0.80772001519378622, "raw_ratio_23_fri": 0.86118642513785737, "collapse_23_mon": 0.19227998480621378, "collapse_23_fri": 0.14039937654896528, "total_collapse_23": 0.33267936135517906, "raw_ratio_24_mon": 0.77795445954928766, "raw_ratio_24_fri": 0.79656687042998842, "collapse_24_mon": 0.22204554045071234, "collapse_24_fri": 0.20489993983306543, "total_collapse_24": 0.42694548028377777, "raw_ratio_25_mon": 0.77392600623390706, "raw_ratio_25_fri": 0.79766906084835343, "collapse_25_mon": 0.22607399376609294, "collapse_25_fri": 0.20379977900477952, "total_collapse_25": 0.42987377277087246, "cumulative_collapse_score": 1.1894986144098292, "shock_rank": 16, "top100_affected": true }, "geometry": { "type": "Point", "coordinates": [ -0.120390788915067, 51.517579820069599, 0.0 ] } },
{ "type": "Feature", "properties": { "clean_name": "Marylebone", "2019_Midweek": 41506, "2019_Friday": 41030, "2023_Monday": 22622.0, "2023_Midweek": 29808.0, "2023_Friday": 25475.0, "2024_Monday": 23725.0, "2024_Midweek": 30914.0, "2024_Friday": 25148.0, "2025_Monday": 23429.0, "2025_Midweek": 29887.0, "2025_Friday": 24746.0, "raw_ratio_19_mon": 1.0, "raw_ratio_19_fri": 0.98853177853804264, "raw_ratio_23_mon": 0.75892377885131512, "raw_ratio_23_fri": 0.85463633923778848, "collapse_23_mon": 0.24107622114868488, "collapse_23_fri": 0.13544879609057636, "total_collapse_23": 0.37652501723926124, "raw_ratio_24_mon": 0.76745164003364175, "raw_ratio_24_fri": 0.81348256453386814, "collapse_24_mon": 0.23254835996635825, "collapse_24_fri": 0.17708000673793001, "total_collapse_24": 0.40962836670428826, "raw_ratio_25_mon": 0.78391942985244423, "raw_ratio_25_fri": 0.82798541171746909, "collapse_25_mon": 0.21608057014755577, "collapse_25_fri": 0.16240890814659337, "total_collapse_25": 0.37848947829414914, "cumulative_collapse_score": 1.1646428622376988, "shock_rank": 17, "top100_affected": true }, "geometry": { "type": "Point", "coordinates": [ -0.164215220446776, 51.522160622720101, 0.0 ] } },
{ "type": "Feature", "properties": { "clean_name": "Embankment", "2019_Midweek": 67406, "2019_Friday": 71677, "2023_Monday": 43571.0, "2023_Midweek": 57083.0, "2023_Friday": 52502.0, "2024_Monday": 44646.0, "2024_Midweek": 58500.0, "2024_Friday": 52255.0, "2025_Monday": 48071.0, "2025_Midweek": 59921.0, "2025_Friday": 52482.0, "raw_ratio_19_mon": 1.0, "raw_ratio_19_fri": 1.0633623119603597, "raw_ratio_23_mon": 0.76329204842072074, "raw_ratio_23_fri": 0.91974843648722038, "collapse_23_mon": 0.23670795157927926, "collapse_23_fri": 0.13505639033640393, "total_collapse_23": 0.37176434191568319, "raw_ratio_24_mon": 0.76317948717948714, "raw_ratio_24_fri": 0.89324786324786321, "collapse_24_mon": 0.23682051282051286, "collapse_24_fri": 0.15997788035094296, "total_collapse_24": 0.39679839317145582, "raw_ratio_25_mon": 0.80223961549373346, "raw_ratio_25_fri": 0.87585320672218425, "collapse_25_mon": 0.19776038450626654, "collapse_25_fri": 0.17633604570063555, "total_collapse_25": 0.37409643020690209, "cumulative_collapse_score": 1.1426591652940412, "shock_rank": 18, "top100_affected": true }, "geometry": { "type": "Point", "coordinates": [ -0.122144131709805, 51.507453298942302, 0.0 ] } },
{ "type": "Feature", "properties": { "clean_name": "Green Park", "2019_Midweek": 126001, "2019_Friday": 133084, "2023_Monday": 80184.0, "2023_Midweek": 100494.0, "2023_Friday": 91377.0, "2024_Monday": 86346.0, "2024_Midweek": 108494.0, "2024_Friday": 92912.0, "2025_Monday": 83884.0, "2025_Midweek": 103820.0, "2025_Friday": 92341.0, "raw_ratio_19_mon": 1.0, "raw_ratio_19_fri": 1.0562138395727019, "raw_ratio_23_mon": 0.79789838199295482, "raw_ratio_23_fri": 0.90927816586064836, "collapse_23_mon": 0.20210161800704518, "collapse_23_fri": 0.13911545958486715, "total_collapse_23": 0.34121707759191233, "raw_ratio_24_mon": 0.7958596788762512, "raw_ratio_24_fri": 0.85637915460762803, "collapse_24_mon": 0.2041403211237488, "collapse_24_fri": 0.1891990783286065, "total_collapse_24": 0.3933393994523553, "raw_ratio_25_mon": 0.8079753419379696, "raw_ratio_25_fri": 0.88943363513773843, "collapse_25_mon": 0.1920246580620304, "collapse_25_fri": 0.1579038241938161, "total_collapse_25": 0.3499284822558465, "cumulative_collapse_score": 1.0844849593001142, "shock_rank": 19, "top100_affected": true }, "geometry": { "type": "Point", "coordinates": [ -0.142516829185471, 51.506869104555904, 0.0 ] } },
{ "type": "Feature", "properties": { "clean_name": "Mornington Crescent", "2019_Midweek": 13701, "2019_Friday": 13460, "2023_Monday": 7501.0, "2023_Midweek": 10448.0, "2023_Friday": 9081.0, "2024_Monday": 7488.0, "2024_Midweek": 9854.0, "2024_Friday": 8971.0, "2025_Monday": 6578.0, "2025_Midweek": 9713.0, "2025_Friday": 9169.0, "raw_ratio_19_mon": 1.0, "raw_ratio_19_fri": 0.9824100430625502, "raw_ratio_23_mon": 0.71793644716692195, "raw_ratio_23_fri": 0.86916156202143946, "collapse_23_mon": 0.28206355283307805, "collapse_23_fri": 0.11527618415633423, "total_collapse_23": 0.39733973698941227, "raw_ratio_24_mon": 0.75989445910290232, "raw_ratio_24_fri": 0.91039171909884309, "collapse_24_mon": 0.24010554089709768, "collapse_24_fri": 0.073307805098569934, "total_collapse_24": 0.31341334599566761, "raw_ratio_25_mon": 0.67723669309173273, "raw_ratio_25_fri": 0.94399258725419544, "collapse_25_mon": 0.32276330690826727, "collapse_25_fri": 0.039105316644150734, "total_collapse_25": 0.361868623552418, "cumulative_collapse_score": 1.0726217065374979, "shock_rank": 20, "top100_affected": true }, "geometry": { "type": "Point", "coordinates": [ -0.1387241182319, 51.534707002698902, 0.0 ] } },
{ "type": "Feature", "properties": { "clean_name": "Leicester Square", "2019_Midweek": 93568, "2019_Friday": 122600, "2023_Monday": 60084.0, "2023_Midweek": 80100.0, "2023_Friday": 97439.0, "2024_Monday": 61874.0, "2024_Midweek": 77284.0, "2024_Friday": 85456.0, "2025_Monday": 63199.0, "2025_Midweek": 80668.0, "2025_Friday": 87430.0, "raw_ratio_19_mon": 1.0, "raw_ratio_19_fri": 1.3102770177838576, "raw_ratio_23_mon": 0.75011235955056177, "raw_ratio_23_fri": 1.2164669163545567, "collapse_23_mon": 0.24988764044943823, "collapse_23_fri": 0.071595624555765291, "total_collapse_23": 0.32148326500520352, "raw_ratio_24_mon": 0.80060555871849282, "raw_ratio_24_fri": 1.1057398685368252, "collapse_24_mon": 0.19939444128150718, "collapse_24_fri": 0.15610221844001904, "total_collapse_24": 0.35549665972152622, "raw_ratio_25_mon": 0.78344572816978231, "raw_ratio_25_fri": 1.0838250607427977, "collapse_25_mon": 0.21655427183021769, "collapse_25_fri": 0.17282754254826993, "total_collapse_25": 0.38938181437848762, "cumulative_collapse_score": 1.0663617391052174, "shock_rank": 21, "top100_affected": true }, "geometry": { "type": "Point", "coordinates": [ -0.128306746943324, 51.511406180134799, 0.0 ] } },
{ "type": "Feature", "properties": { "clean_name": "Aldgate", "2019_Midweek": 35391, "2019_Friday": 32184, "2023_Monday": 21430.0, "2023_Midweek": 27263.0, "2023_Friday": 20652.0, "2024_Monday": 22498.0, "2024_Midweek": 28214.0, "2024_Friday": 22625.0, "2025_Monday": 21917.0, "2025_Midweek": 26970.0, "2025_Friday": 20681.0, "raw_ratio_19_mon": 1.0, "raw_ratio_19_fri": 0.90938374162922775, "raw_ratio_23_mon": 0.78604702343835964, "raw_ratio_23_fri": 0.75751017863037817, "collapse_23_mon": 0.21395297656164036, "collapse_23_fri": 0.16700712366679982, "total_collapse_23": 0.38096010022844018, "raw_ratio_24_mon": 0.79740554334727443, "raw_ratio_24_fri": 0.80190685475295953, "collapse_24_mon": 0.20259445665272557, "collapse_24_fri": 0.11818650582395007, "total_collapse_24": 0.32078096247667565, "raw_ratio_25_mon": 0.81264367816091954, "raw_ratio_25_fri": 0.76681497960697076, "collapse_25_mon": 0.18735632183908046, "collapse_25_fri": 0.15677513847656277, "total_collapse_25": 0.34413146031564323, "cumulative_collapse_score": 1.0458725230207591, "shock_rank": 22, "top100_affected": true }, "geometry": { "type": "Point", "coordinates": [ -0.075822667815969, 51.514493899170702, 0.0 ] } },
{ "type": "Feature", "properties": { "clean_name": "Tottenham Court Road", "2019_Midweek": 132723, "2019_Friday": 144037, "2023_Monday": 153658.0, "2023_Midweek": 199836.0, "2023_Friday": 196157.0, "2024_Monday": 152005.0, "2024_Midweek": 201453.0, "2024_Friday": 188592.0, "2025_Monday": 159698.0, "2025_Midweek": 201763.0, "2025_Friday": 191264.0, "raw_ratio_19_mon": 1.0, "raw_ratio_19_fri": 1.0852452099485395, "raw_ratio_23_mon": 0.76892051482215418, "raw_ratio_23_fri": 0.98158990372105126, "collapse_23_mon": 0.23107948517784582, "collapse_23_fri": 0.09551325845741665, "total_collapse_23": 0.32659274363526247, "raw_ratio_24_mon": 0.75454324333715561, "raw_ratio_24_fri": 0.93615880627243075, "collapse_24_mon": 0.24545675666284439, "collapse_24_fri": 0.13737577674558743, "total_collapse_24": 0.38283253340843182, "raw_ratio_25_mon": 0.79151281453983136, "raw_ratio_25_fri": 0.94796369998463548, "collapse_25_mon": 0.20848718546016864, "collapse_25_fri": 0.12649814871831011, "total_collapse_25": 0.33498533417847876, "cumulative_collapse_score": 1.0444106112221729, "shock_rank": 23, "top100_affected": true }, "geometry": { "type": "Point", "coordinates": [ -0.130478416245152, 51.516458879984697, 0.0 ] } },
{ "type": "Feature", "properties": { "clean_name": "London Bridge", "2019_Midweek": 239224, "2019_Friday": 250176, "2023_Monday": 142236.0, "2023_Midweek": 179693.0, "2023_Friday": 176270.0, "2024_Monday": 145779.0, "2024_Midweek": 191459.0, "2024_Friday": 169767.0, "2025_Monday": 149457.0, "2025_Midweek": 193084.0, "2025_Friday": 170635.0, "raw_ratio_19_mon": 1.0, "raw_ratio_19_fri": 1.0457813597297929, "raw_ratio_23_mon": 0.79155003255552525, "raw_ratio_23_fri": 0.98095084393938548, "collapse_23_mon": 0.20844996744447475, "collapse_23_fri": 0.061992418575100849, "total_collapse_23": 0.2704423860195756, "raw_ratio_24_mon": 0.76141105928684472, "raw_ratio_24_fri": 0.88670159146344651, "collapse_24_mon": 0.23858894071315528, "collapse_24_fri": 0.15211570447904055, "total_collapse_24": 0.39070464519219583, "raw_ratio_25_mon": 0.77405170806488366, "raw_ratio_25_fri": 0.88373454040728383, "collapse_25_mon": 0.22594829193511634, "collapse_25_fri": 0.15495286640448291, "total_collapse_25": 0.38090115833959926, "cumulative_collapse_score": 1.0420481895513707, "shock_rank": 24, "top100_affected": true }, "geometry": { "type": "Point", "coordinates": [ -0.089622674026004, 51.505066443780102, 0.0 ] } },
{ "type": "Feature", "properties": { "clean_name": "Bond Street", "2019_Midweek": 120419, "2019_Friday": 121335, "2023_Monday": 109905.0, "2023_Midweek": 130852.0, "2023_Friday": 118669.0, "2024_Monday": 111238.0, "2024_Midweek": 143282.0, "2024_Friday": 119537.0, "2025_Monday": 120293.0, "2025_Midweek": 152003.0, "2025_Friday": 126618.0, "raw_ratio_19_mon": 1.0, "raw_ratio_19_fri": 1.0076067730175471, "raw_ratio_23_mon": 0.83991838107174521, "raw_ratio_23_fri": 0.90689481245987835, "collapse_23_mon": 0.16008161892825479, "collapse_23_fri": 0.099951651035512512, "total_collapse_23": 0.2600332699637673, "raw_ratio_24_mon": 0.77635711394313311, "raw_ratio_24_fri": 0.83427785765134488, "collapse_24_mon": 0.22364288605686689, "collapse_24_fri": 0.17202039526503232, "total_collapse_24": 0.39566328132189921, "raw_ratio_25_mon": 0.79138569633494071, "raw_ratio_25_fri": 0.83299671717005586, "collapse_25_mon": 0.20861430366505929, "collapse_25_fri": 0.17329186397246499, "total_collapse_25": 0.38190616763752427, "cumulative_collapse_score": 1.0376027189231909, "shock_rank": 25, "top100_affected": true }, "geometry": { "type": "Point", "coordinates": [ -0.149656033847428, 51.514381142574997, 0.0 ] } },
{ "type": "Feature", "properties": { "clean_name": "Temple", "2019_Midweek": 32152, "2019_Friday": 30402, "2023_Monday": 23530.0, "2023_Midweek": 29078.0, "2023_Friday": 23525.0, "2024_Monday": 26654.0, "2024_Midweek": 32113.0, "2024_Friday": 25629.0, "2025_Monday": 28003.0, "2025_Midweek": 33990.0, "2025_Friday": 26214.0, "raw_ratio_19_mon": 1.0, "raw_ratio_19_fri": 0.94557103757153516, "raw_ratio_23_mon": 0.80920283375747992, "raw_ratio_23_fri": 0.80903088245408905, "collapse_23_mon": 0.19079716624252008, "collapse_23_fri": 0.14439967986764446, "total_collapse_23": 0.33519684611016454, "raw_ratio_24_mon": 0.83000653940771651, "raw_ratio_24_fri": 0.79808800174384209, "collapse_24_mon": 0.16999346059228349, "collapse_24_fri": 0.15597245470469012, "total_collapse_24": 0.32596591529697361, "raw_ratio_25_mon": 0.82385995881141516, "raw_ratio_25_fri": 0.77122683142100623, "collapse_25_mon": 0.17614004118858484, "collapse_25_fri": 0.18437980778079754, "total_collapse_25": 0.36051984896938238, "cumulative_collapse_score": 1.0216826103765206, "shock_rank": 26, "top100_affected": true }, "geometry": { "type": "Point", "coordinates": [ -0.114226122796381, 51.510985945148597, 0.0 ] } },
{ "type": "Feature", "properties": { "clean_name": "Gunnersbury", "2019_Midweek": 20106, "2019_Friday": 18439, "2023_Monday": 12963.0, "2023_Midweek": 15716.0, "2023_Friday": 12086.0, "2024_Monday": 12205.0, "2024_Midweek": 14478.0, "2024_Friday": 11028.0, "2025_Monday": 12448.0, "2025_Midweek": 15005.0, "2025_Friday": 11369.0, "raw_ratio_19_mon": 1.0, "raw_ratio_19_fri": 0.91708942604197752, "raw_ratio_23_mon": 0.82482820055993888, "raw_ratio_23_fri": 0.76902519725120899, "collapse_23_mon": 0.17517179944006112, "collapse_23_fri": 0.16145015369961446, "total_collapse_23": 0.33662195313967558, "raw_ratio_24_mon": 0.84300317723442464, "raw_ratio_24_fri": 0.76170741815167842, "collapse_24_mon": 0.15699682276557536, "collapse_24_fri": 0.16942950543100788, "total_collapse_24": 0.32642632819658324, "raw_ratio_25_mon": 0.82959013662112624, "raw_ratio_25_fri": 0.75768077307564141, "collapse_25_mon": 0.17040986337887376, "collapse_25_fri": 0.17382018420419509, "total_collapse_25": 0.34423004758306885, "cumulative_collapse_score": 1.0072783289193277, "shock_rank": 27, "top100_affected": true }, "geometry": { "type": "Point", "coordinates": [ -0.275113608793886, 51.491742613263099, 0.0 ] } },
{ "type": "Feature", "properties": { "clean_name": "Canary Wharf", "2019_Midweek": 168710, "2019_Friday": 159240, "2023_Monday": 96499.0, "2023_Midweek": 115514.0, "2023_Friday": 91121.0, "2024_Monday": 98735.0, "2024_Midweek": 119308.0, "2024_Friday": 93202.0, "2025_Monday": 103212.0, "2025_Midweek": 122189.0, "2025_Friday": 95802.0, "raw_ratio_19_mon": 1.0, "raw_ratio_19_fri": 0.94386817616027507, "raw_ratio_23_mon": 0.83538791834755965, "raw_ratio_23_fri": 0.78883079107294352, "collapse_23_mon": 0.16461208165244035, "collapse_23_fri": 0.16425745565237193, "total_collapse_23": 0.32886953730481228, "raw_ratio_24_mon": 0.82756395212391454, "raw_ratio_24_fri": 0.78118818520132771, "collapse_24_mon": 0.17243604787608546, "collapse_24_fri": 0.17235456716078879, "total_collapse_24": 0.34479061503687425, "raw_ratio_25_mon": 0.84469142066798153, "raw_ratio_25_fri": 0.78404766386499603, "collapse_25_mon": 0.15530857933201847, "collapse_25_fri": 0.16932503535127186, "total_collapse_25": 0.32463361468329033, "cumulative_collapse_score": 0.99829376702497685, "shock_rank": 28, "top100_affected": true }, "geometry": { "type": "Point", "coordinates": [ -0.017726664743273, 51.503431012704098, 0.0 ] } },
{ "type": "Feature", "properties": { "clean_name": "Barbican", "2019_Midweek": 38423, "2019_Friday": 34610, "2023_Monday": 17118.0, "2023_Midweek": 20711.0, "2023_Friday": 16031.0, "2024_Monday": 17329.0, "2024_Midweek": 20514.0, "2024_Friday": 15798.0, "2025_Monday": 17278.0, "2025_Midweek": 21339.0, "2025_Friday": 15658.0, "raw_ratio_19_mon": 1.0, "raw_ratio_19_fri": 0.9007625640892174, "raw_ratio_23_mon": 0.82651730964221914, "raw_ratio_23_fri": 0.77403312249529233, "collapse_23_mon": 0.17348269035778086, "collapse_23_fri": 0.14069128385909802, "total_collapse_23": 0.31417397421687887, "raw_ratio_24_mon": 0.84474017743979724, "raw_ratio_24_fri": 0.77010821877742031, "collapse_24_mon": 0.15525982256020276, "collapse_24_fri": 0.1450485960680491, "total_collapse_24": 0.30030841862825186, "raw_ratio_25_mon": 0.80969117578143301, "raw_ratio_25_fri": 0.73377384132339851, "collapse_25_mon": 0.19030882421856699, "collapse_25_fri": 0.18538594899829697, "total_collapse_25": 0.37569477321686395, "cumulative_collapse_score": 0.99017716606199468, "shock_rank": 29, "top100_affected": true }, "geometry": { "type": "Point", "coordinates": [ -0.098773979194686, 51.5202103844398, 0.0 ] } },
{ "type": "Feature", "properties": { "clean_name": "White City", "2019_Midweek": 32768, "2019_Friday": 31715, "2023_Monday": 23820.0, "2023_Midweek": 29340.0, "2023_Friday": 23987.0, "2024_Monday": 25079.0, "2024_Midweek": 29309.0, "2024_Friday": 23385.0, "2025_Monday": 25315.0, "2025_Midweek": 29553.0, "2025_Friday": 23386.0, "raw_ratio_19_mon": 1.0, "raw_ratio_19_fri": 0.967864990234375, "raw_ratio_23_mon": 0.81186094069529657, "raw_ratio_23_fri": 0.81755282890252212, "collapse_23_mon": 0.18813905930470343, "collapse_23_fri": 0.15530281893495679, "total_collapse_23": 0.34344187823966021, "raw_ratio_24_mon": 0.85567573100412841, "raw_ratio_24_fri": 0.79787778498072259, "collapse_24_mon": 0.14432426899587159, "collapse_24_fri": 0.17563111277791843, "total_collapse_24": 0.31995538177379002, "raw_ratio_25_mon": 0.85659662301627582, "raw_ratio_25_fri": 0.79132406185497239, "collapse_25_mon": 0.14340337698372418, "collapse_25_fri": 0.18240243232338849, "total_collapse_25": 0.32580580930711267, "cumulative_collapse_score": 0.9892030693205629, "shock_rank": 30, "top100_affected": true }, "geometry": { "type": "Point", "coordinates": [ -0.224438284364719, 51.512216673623698, 0.0 ] } },
{ "type": "Feature", "properties": { "clean_name": "Chalk Farm", "2019_Midweek": 16770, "2019_Friday": 18647, "2023_Monday": 11674.0, "2023_Midweek": 14045.0, "2023_Friday": 15702.0, "2024_Monday": 11743.0, "2024_Midweek": 15952.0, "2024_Friday": 14910.0, "2025_Monday": 11427.0, "2025_Midweek": 15835.0, "2025_Friday": 15491.0, "raw_ratio_19_mon": 1.0, "raw_ratio_19_fri": 1.1119260584376864, "raw_ratio_23_mon": 0.83118547525809894, "raw_ratio_23_fri": 1.1179779280882876, "collapse_23_mon": 0.16881452474190106, "collapse_23_fri": -0.005442690729907218, "total_collapse_23": 0.16337183401199384, "raw_ratio_24_mon": 0.73614593781344029, "raw_ratio_24_fri": 0.93467903711133404, "collapse_24_mon": 0.26385406218655971, "collapse_24_fri": 0.15940540288748484, "total_collapse_24": 0.42325946507404455, "raw_ratio_25_mon": 0.72162930217871801, "raw_ratio_25_fri": 0.97827597095042629, "collapse_25_mon": 0.27837069782128199, "collapse_25_fri": 0.1201969199957823, "total_collapse_25": 0.39856761781706429, "cumulative_collapse_score": 0.98519891690310268, "shock_rank": 31, "top100_affected": true }, "geometry": { "type": "Point", "coordinates": [ -0.152616492596534, 51.543860602094298, 0.0 ] } },
{ "type": "Feature", "properties": { "clean_name": "Amersham", "2019_Midweek": 8184, "2019_Friday": 7597, "2023_Monday": 5519.0, "2023_Midweek": 6610.0, "2023_Friday": 5472.0, "2024_Monday": 5494.0, "2024_Midweek": 7006.0, "2024_Friday": 5477.0, "2025_Monday": 6291.0, "2025_Midweek": 7578.0, "2025_Friday": 5969.0, "raw_ratio_19_mon": 1.0, "raw_ratio_19_fri": 0.92827468230694032, "raw_ratio_23_mon": 0.83494704992435709, "raw_ratio_23_fri": 0.82783661119515883, "collapse_23_mon": 0.16505295007564291, "collapse_23_fri": 0.10819865393955774, "total_collapse_23": 0.27325160401520066, "raw_ratio_24_mon": 0.78418498429917216, "raw_ratio_24_fri": 0.78175849272052522, "collapse_24_mon": 0.21581501570082784, "collapse_24_fri": 0.15783710617022784, "total_collapse_24": 0.37365212187105568, "raw_ratio_25_mon": 0.83016627078384797, "raw_ratio_25_fri": 0.78767484824491951, "collapse_25_mon": 0.16983372921615203, "collapse_25_fri": 0.15146360957793581, "total_collapse_25": 0.32129733879408784, "cumulative_collapse_score": 0.96820106468034417, "shock_rank": 32, "top100_affected": true }, "geometry": { "type": "Point", "coordinates": [ -0.607682857863921, 51.674149461953498, 0.0 ] } },
{ "type": "Feature", "properties": { "clean_name": "Kew Gardens", "2019_Midweek": 11810, "2019_Friday": 13090, "2023_Monday": 10148.0, "2023_Midweek": 14205.0, "2023_Friday": 10690.0, "2024_Monday": 8893.0, "2024_Midweek": 10183.0, "2024_Friday": 11137.0, "2025_Monday": 9593.0, "2025_Midweek": 10789.0, "2025_Friday": 10654.0, "raw_ratio_19_mon": 1.0, "raw_ratio_19_fri": 1.1083827265029635, "raw_ratio_23_mon": 0.71439633931714186, "raw_ratio_23_fri": 0.75255191833861312, "collapse_23_mon": 0.28560366068285814, "collapse_23_fri": 0.32103604617425352, "total_collapse_23": 0.60663970685711166, "raw_ratio_24_mon": 0.87331827555730135, "raw_ratio_24_fri": 1.0936855543552981, "collapse_24_mon": 0.12668172444269865, "collapse_24_fri": 0.013260015512905121, "total_collapse_24": 0.13994173995560377, "raw_ratio_25_mon": 0.88914635276670684, "raw_ratio_25_fri": 0.98748725553804806, "collapse_25_mon": 0.11085364723329316, "collapse_25_fri": 0.10907375951838438, "total_collapse_25": 0.21992740675167755, "cumulative_collapse_score": 0.96650885356439298, "shock_rank": 33, "top100_affected": true }, "geometry": { "type": "Point", "coordinates": [ -0.285018368341176, 51.4769978542773, 0.0 ] } },
{ "type": "Feature", "properties": { "clean_name": "Warren Street", "2019_Midweek": 64520, "2019_Friday": 63413, "2023_Monday": 46267.0, "2023_Midweek": 54940.0, "2023_Friday": 46398.0, "2024_Monday": 46790.0, "2024_Midweek": 55396.0, "2024_Friday": 46138.0, "2025_Monday": 46134.0, "2025_Midweek": 55035.0, "2025_Friday": 43873.0, "raw_ratio_19_mon": 1.0, "raw_ratio_19_fri": 0.98284252944823314, "raw_ratio_23_mon": 0.84213687659264658, "raw_ratio_23_fri": 0.8445212959592282, "collapse_23_mon": 0.15786312340735342, "collapse_23_fri": 0.14073590564569727, "total_collapse_23": 0.29859902905305069, "raw_ratio_24_mon": 0.84464582280309053, "raw_ratio_24_fri": 0.83287601992923677, "collapse_24_mon": 0.15535417719690947, "collapse_24_fri": 0.15258447312326562, "total_collapse_24": 0.30793865032017509, "raw_ratio_25_mon": 0.83826655764513491, "raw_ratio_25_fri": 0.79718361042972652, "collapse_25_mon": 0.16173344235486509, "collapse_25_fri": 0.18889996459833236, "total_collapse_25": 0.35063340695319745, "cumulative_collapse_score": 0.95717108632642323, "shock_rank": 34, "top100_affected": true }, "geometry": { "type": "Point", "coordinates": [ -0.138316275529769, 51.5245289307367, 0.0 ] } },
{ "type": "Feature", "properties": { "clean_name": "Piccadilly Circus", "2019_Midweek": 111832, "2019_Friday": 139151, "2023_Monday": 68110.0, "2023_Midweek": 83733.0, "2023_Friday": 88341.0, "2024_Monday": 68486.0, "2024_Midweek": 83022.0, "2024_Friday": 92256.0, "2025_Monday": 64829.0, "2025_Midweek": 76172.0, "2025_Friday": 77907.0, "raw_ratio_19_mon": 1.0, "raw_ratio_19_fri": 1.2442860719650906, "raw_ratio_23_mon": 0.81341884322787905, "raw_ratio_23_fri": 1.0550320662104546, "collapse_23_mon": 0.18658115677212095, "collapse_23_fri": 0.15209846836567786, "total_collapse_23": 0.33867962513779881, "raw_ratio_24_mon": 0.82491387824913875, "raw_ratio_24_fri": 1.1112235311122354, "collapse_24_mon": 0.17508612175086125, "collapse_24_fri": 0.10693886546741671, "total_collapse_24": 0.28202498721827796, "raw_ratio_25_mon": 0.85108701360079819, "raw_ratio_25_fri": 1.0227773985191408, "collapse_25_mon": 0.14891298639920181, "collapse_25_fri": 0.17802069671657006, "total_collapse_25": 0.32693368311577187, "cumulative_collapse_score": 0.94763829547184864, "shock_rank": 35, "top100_affected": true }, "geometry": { "type": "Point", "coordinates": [ -0.133662111522037, 51.510062098663298, 0.0 ] } },
{ "type": "Feature", "properties": { "clean_name": "Great Portland Street", "2019_Midweek": 29448, "2019_Friday": 26309, "2023_Monday": 17650.0, "2023_Midweek": 21472.0, "2023_Friday": 16497.0, "2024_Monday": 18086.0, "2024_Midweek": 22582.0, "2024_Friday": 17791.0, "2025_Monday": 18427.0, "2025_Midweek": 22483.0, "2025_Friday": 17473.0, "raw_ratio_19_mon": 1.0, "raw_ratio_19_fri": 0.89340532464004352, "raw_ratio_23_mon": 0.82200074515648291, "raw_ratio_23_fri": 0.76830290611028318, "collapse_23_mon": 0.17799925484351709, "collapse_23_fri": 0.14002873620678791, "total_collapse_23": 0.31802799105030499, "raw_ratio_24_mon": 0.80090337436896641, "raw_ratio_24_fri": 0.78783987246479492, "collapse_24_mon": 0.19909662563103359, "collapse_24_fri": 0.11816076003104337, "total_collapse_24": 0.31725738566207695, "raw_ratio_25_mon": 0.81959702886625452, "raw_ratio_25_fri": 0.77716496908775523, "collapse_25_mon": 0.18040297113374548, "collapse_25_fri": 0.13010931583502927, "total_collapse_25": 0.31051228696877475, "cumulative_collapse_score": 0.9457976636811567, "shock_rank": 36, "top100_affected": true }, "geometry": { "type": "Point", "coordinates": [ -0.144265574194803, 51.523848236656903, 0.0 ] } },
{ "type": "Feature", "properties": { "clean_name": "Borough", "2019_Midweek": 18760, "2019_Friday": 19147, "2023_Monday": 11447.0, "2023_Midweek": 14707.0, "2023_Friday": 13109.0, "2024_Monday": 11675.0, "2024_Midweek": 14141.0, "2024_Friday": 12830.0, "2025_Monday": 11481.0, "2025_Midweek": 13725.0, "2025_Friday": 11999.0, "raw_ratio_19_mon": 1.0, "raw_ratio_19_fri": 1.0206289978678038, "raw_ratio_23_mon": 0.7783368463996736, "raw_ratio_23_fri": 0.89134425783640447, "collapse_23_mon": 0.2216631536003264, "collapse_23_fri": 0.12667163122102953, "total_collapse_23": 0.34833478482135594, "raw_ratio_24_mon": 0.82561346439431438, "raw_ratio_24_fri": 0.90729085637507956, "collapse_24_mon": 0.17438653560568562, "collapse_24_fri": 0.11104734602828159, "total_collapse_24": 0.28543388163396721, "raw_ratio_25_mon": 0.83650273224043714, "raw_ratio_25_fri": 0.87424408014571953, "collapse_25_mon": 0.16349726775956286, "collapse_25_fri": 0.14342617937359903, "total_collapse_25": 0.30692344713316189, "cumulative_collapse_score": 0.94069211358848503, "shock_rank": 37, "top100_affected": true }, "geometry": { "type": "Point", "coordinates": [ -0.093287238298321, 51.501192719769001, 0.0 ] } },
{ "type": "Feature", "properties": { "clean_name": "South Kenton", "2019_Midweek": 4689, "2019_Friday": 5048, "2023_Monday": 1813.0, "2023_Midweek": 3137.0, "2023_Friday": 3015.0, "2024_Monday": 3202.0, "2024_Midweek": 3414.0, "2024_Friday": 3087.0, "2025_Monday": 2983.0, "2025_Midweek": 3130.0, "2025_Friday": 2913.0, "raw_ratio_19_mon": 1.0, "raw_ratio_19_fri": 1.0765621667732992, "raw_ratio_23_mon": 0.57794070768249917, "raw_ratio_23_fri": 0.96110934013388583, "collapse_23_mon": 0.42205929231750083, "collapse_23_fri": 0.10724213631382906, "total_collapse_23": 0.5293014286313299, "raw_ratio_24_mon": 0.93790275336848272, "raw_ratio_24_fri": 0.90421792618629171, "collapse_24_mon": 0.062097246631517278, "collapse_24_fri": 0.16008758797790767, "total_collapse_24": 0.22218483460942495, "raw_ratio_25_mon": 0.95303514376996801, "raw_ratio_25_fri": 0.93067092651757188, "collapse_25_mon": 0.046964856230031993, "collapse_25_fri": 0.13551585292375301, "total_collapse_25": 0.182480709153785, "cumulative_collapse_score": 0.93396697239453985, "shock_rank": 38, "top100_affected": true }, "geometry": { "type": "Point", "coordinates": [ -0.308350944844092, 51.570214981947302, 0.0 ] } },
{ "type": "Feature", "properties": { "clean_name": "Theydon Bois", "2019_Midweek": 2944, "2019_Friday": 2992, "2023_Monday": 2179.0, "2023_Midweek": 2552.0, "2023_Friday": 2329.0, "2024_Monday": 2156.0, "2024_Midweek": 2545.0, "2024_Friday": 2205.0, "2025_Monday": 2086.0, "2025_Midweek": 2569.0, "2025_Friday": 2157.0, "raw_ratio_19_mon": 1.0, "raw_ratio_19_fri": 1.0163043478260869, "raw_ratio_23_mon": 0.8538401253918495, "raw_ratio_23_fri": 0.91261755485893414, "collapse_23_mon": 0.1461598746081505, "collapse_23_fri": 0.10202336848104876, "total_collapse_23": 0.24818324308919926, "raw_ratio_24_mon": 0.84715127701375248, "raw_ratio_24_fri": 0.86640471512770134, "collapse_24_mon": 0.15284872298624752, "collapse_24_fri": 0.14749482575670025, "total_collapse_24": 0.30034354874294777, "raw_ratio_25_mon": 0.81198910081743869, "raw_ratio_25_fri": 0.83962631374075514, "collapse_25_mon": 0.18801089918256131, "collapse_25_fri": 0.173843627121396, "total_collapse_25": 0.36185452630395731, "cumulative_collapse_score": 0.91038131813610434, "shock_rank": 39, "top100_affected": true }, "geometry": { "type": "Point", "coordinates": [ 0.103354074905424, 51.671835805689298, 0.0 ] } },
{ "type": "Feature", "properties": { "clean_name": "Goodge Street", "2019_Midweek": 30496, "2019_Friday": 28413, "2023_Monday": 16886.0, "2023_Midweek": 19853.0, "2023_Friday": 16595.0, "2024_Monday": 16705.0, "2024_Midweek": 20684.0, "2024_Friday": 17092.0, "2025_Monday": 16827.0, "2025_Midweek": 20121.0, "2025_Friday": 15522.0, "raw_ratio_19_mon": 1.0, "raw_ratio_19_fri": 0.93169596012591815, "raw_ratio_23_mon": 0.85055155392132176, "raw_ratio_23_fri": 0.83589381957386788, "collapse_23_mon": 0.14944844607867824, "collapse_23_fri": 0.10282554036093783, "total_collapse_23": 0.25227398643961607, "raw_ratio_24_mon": 0.80762908528331079, "raw_ratio_24_fri": 0.82633919938116418, "collapse_24_mon": 0.19237091471668921, "collapse_24_fri": 0.11308062420976372, "total_collapse_24": 0.30545153892645294, "raw_ratio_25_mon": 0.83629044282093334, "raw_ratio_25_fri": 0.77143283137021024, "collapse_25_mon": 0.16370955717906666, "collapse_25_fri": 0.17201226109647239, "total_collapse_25": 0.33572181827553904, "cumulative_collapse_score": 0.89344734364160805, "shock_rank": 40, "top100_affected": true }, "geometry": { "type": "Point", "coordinates": [ -0.134317418003295, 51.520603564610703, 0.0 ] } },
{ "type": "Feature", "properties": { "clean_name": "Victoria", "2019_Midweek": 272658, "2019_Friday": 286045, "2023_Monday": 170434.0, "2023_Midweek": 202988.0, "2023_Friday": 187908.0, "2024_Monday": 169450.0, "2024_Midweek": 204933.0, "2024_Friday": 186542.0, "2025_Monday": 174142.0, "2025_Midweek": 204532.0, "2025_Friday": 182555.0, "raw_ratio_19_mon": 1.0, "raw_ratio_19_fri": 1.0490981375936155, "raw_ratio_23_mon": 0.83962598774311781, "raw_ratio_23_fri": 0.92570989418093685, "collapse_23_mon": 0.16037401225688219, "collapse_23_fri": 0.1176136330731673, "total_collapse_23": 0.27798764533004949, "raw_ratio_24_mon": 0.82685560646650369, "raw_ratio_24_fri": 0.91025847472100641, "collapse_24_mon": 0.17314439353349631, "collapse_24_fri": 0.1323419210247333, "total_collapse_24": 0.30548631455822961, "raw_ratio_25_mon": 0.85141689320008607, "raw_ratio_25_fri": 0.89254982105489611, "collapse_25_mon": 0.14858310679991393, "collapse_25_fri": 0.14922180387985862, "total_collapse_25": 0.29780491067977255, "cumulative_collapse_score": 0.88127887056805165, "shock_rank": 41, "top100_affected": true }, "geometry": { "type": "Point", "coordinates": [ -0.14306445018881, 51.4964021600764, 0.0 ] } },
{ "type": "Feature", "properties": { "clean_name": "Pimlico", "2019_Midweek": 35634, "2019_Friday": 35958, "2023_Monday": 21139.0, "2023_Midweek": 25488.0, "2023_Friday": 22803.0, "2024_Monday": 22402.0, "2024_Midweek": 26819.0, "2024_Friday": 22647.0, "2025_Monday": 22707.0, "2025_Midweek": 27389.0, "2025_Friday": 24971.0, "raw_ratio_19_mon": 1.0, "raw_ratio_19_fri": 1.009092439804681, "raw_ratio_23_mon": 0.82937068424356564, "raw_ratio_23_fri": 0.89465630885122416, "collapse_23_mon": 0.17062931575643436, "collapse_23_fri": 0.1134050027920207, "total_collapse_23": 0.28403431854845507, "raw_ratio_24_mon": 0.83530332972892352, "raw_ratio_24_fri": 0.8444386442447519, "collapse_24_mon": 0.16469667027107648, "collapse_24_fri": 0.16317018051567145, "total_collapse_24": 0.32786685078674793, "raw_ratio_25_mon": 0.82905546022125676, "raw_ratio_25_fri": 0.91171638248932052, "collapse_25_mon": 0.17094453977874324, "collapse_25_fri": 0.096498649156670391, "total_collapse_25": 0.26744318893541363, "cumulative_collapse_score": 0.87934435827061663, "shock_rank": 42, "top100_affected": true }, "geometry": { "type": "Point", "coordinates": [ -0.133683792044099, 51.489083026301998, 0.0 ] } },
{ "type": "Feature", "properties": { "clean_name": "Chiswick Park", "2019_Midweek": 8655, "2019_Friday": 8272, "2023_Monday": 6488.0, "2023_Midweek": 7782.0, "2023_Friday": 6488.0, "2024_Monday": 6642.0, "2024_Midweek": 7827.0, "2024_Friday": 6623.0, "2025_Monday": 6325.0, "2025_Midweek": 7662.0, "2025_Friday": 6265.0, "raw_ratio_19_mon": 1.0, "raw_ratio_19_fri": 0.95574812247255925, "raw_ratio_23_mon": 0.83371883834489846, "raw_ratio_23_fri": 0.83371883834489846, "collapse_23_mon": 0.16628116165510154, "collapse_23_fri": 0.1276793343961441, "total_collapse_23": 0.29396049605124563, "raw_ratio_24_mon": 0.84860099655040244, "raw_ratio_24_fri": 0.84617350198032448, "collapse_24_mon": 0.15139900344959756, "collapse_24_fri": 0.11464801019829451, "total_collapse_24": 0.26604701364789207, "raw_ratio_25_mon": 0.82550247977029501, "raw_ratio_25_fri": 0.81767162620725664, "collapse_25_mon": 0.17449752022970499, "collapse_25_fri": 0.14446954487139674, "total_collapse_25": 0.31896706510110173, "cumulative_collapse_score": 0.87897457480023944, "shock_rank": 43, "top100_affected": true }, "geometry": { "type": "Point", "coordinates": [ -0.26854880833146, 51.494668288991598, 0.0 ] } },
{ "type": "Feature", "properties": { "clean_name": "East Finchley", "2019_Midweek": 23225, "2019_Friday": 22772, "2023_Monday": 15974.0, "2023_Midweek": 18929.0, "2023_Friday": 16341.0, "2024_Monday": 16230.0, "2024_Midweek": 19326.0, "2024_Friday": 16546.0, "2025_Monday": 16299.0, "2025_Midweek": 19390.0, "2025_Friday": 16161.0, "raw_ratio_19_mon": 1.0, "raw_ratio_19_fri": 0.98049515608180837, "raw_ratio_23_mon": 0.84389032701146394, "raw_ratio_23_fri": 0.86327856727772201, "collapse_23_mon": 0.15610967298853606, "collapse_23_fri": 0.1195483609245962, "total_collapse_23": 0.27565803391313226, "raw_ratio_24_mon": 0.83980130394287489, "raw_ratio_24_fri": 0.85615233364379595, "collapse_24_mon": 0.16019869605712511, "collapse_24_fri": 0.1268163556614631, "total_collapse_24": 0.28701505171858821, "raw_ratio_25_mon": 0.84058793192367198, "raw_ratio_25_fri": 0.83347086126869518, "collapse_25_mon": 0.15941206807632802, "collapse_25_fri": 0.14994902718402225, "total_collapse_25": 0.30936109526035027, "cumulative_collapse_score": 0.87203418089207074, "shock_rank": 44, "top100_affected": true }, "geometry": { "type": "Point", "coordinates": [ -0.165018716089878, 51.587156652511602, 0.0 ] } },
{ "type": "Feature", "properties": { "clean_name": "Clapham South", "2019_Midweek": 26492, "2019_Friday": 26812, "2023_Monday": 18301.0, "2023_Midweek": 22550.0, "2023_Friday": 20249.0, "2024_Monday": 18938.0, "2024_Midweek": 22392.0, "2024_Friday": 20416.0, "2025_Monday": 17914.0, "2025_Midweek": 21745.0, "2025_Friday": 19189.0, "raw_ratio_19_mon": 1.0, "raw_ratio_19_fri": 1.0120791182243696, "raw_ratio_23_mon": 0.81157427937915738, "raw_ratio_23_fri": 0.897960088691796, "collapse_23_mon": 0.18842572062084262, "collapse_23_fri": 0.11275702410774802, "total_collapse_23": 0.30118274472859063, "raw_ratio_24_mon": 0.84574848160057159, "raw_ratio_24_fri": 0.91175419792783141, "collapse_24_mon": 0.15425151839942841, "collapse_24_fri": 0.099127546937784916, "total_collapse_24": 0.25337906533721333, "raw_ratio_25_mon": 0.82382156817659236, "raw_ratio_25_fri": 0.8824557369510232, "collapse_25_mon": 0.17617843182340764, "collapse_25_fri": 0.12807633211597391, "total_collapse_25": 0.30425476393938156, "cumulative_collapse_score": 0.85881657400518552, "shock_rank": 45, "top100_affected": true }, "geometry": { "type": "Point", "coordinates": [ -0.147186832640558, 51.453237528586797, 0.0 ] } },
{ "type": "Feature", "properties": { "clean_name": "King's Cross St Pancras", "2019_Midweek": 275889, "2019_Friday": 305233, "2023_Monday": 196524.0, "2023_Midweek": 235401.0, "2023_Friday": 243875.0, "2024_Monday": 201826.0, "2024_Midweek": 241972.0, "2024_Friday": 238517.0, "2025_Monday": 199415.0, "2025_Midweek": 243219.0, "2025_Friday": 223985.0, "raw_ratio_19_mon": 1.0, "raw_ratio_19_fri": 1.1063616164471943, "raw_ratio_23_mon": 0.83484777040029567, "raw_ratio_23_fri": 1.0359981478413431, "collapse_23_mon": 0.16515222959970433, "collapse_23_fri": 0.063598978453180632, "total_collapse_23": 0.22875120805288496, "raw_ratio_24_mon": 0.83408824161473227, "raw_ratio_24_fri": 0.98572148843667862, "collapse_24_mon": 0.16591175838526773, "collapse_24_fri": 0.10904222111204609, "total_collapse_24": 0.27495397949731382, "raw_ratio_25_mon": 0.81989893881645759, "raw_ratio_25_fri": 0.9209190071499348, "collapse_25_mon": 0.18010106118354241, "collapse_25_fri": 0.16761482551497264, "total_collapse_25": 0.34771588669851505, "cumulative_collapse_score": 0.85142107424871383, "shock_rank": 46, "top100_affected": true }, "geometry": { "type": "Point", "coordinates": [ -0.124750344185488, 51.529787127413996, 0.0 ] } },
{ "type": "Feature", "properties": { "clean_name": "Tooting Bec", "2019_Midweek": 24987, "2019_Friday": 25616, "2023_Monday": 17890.0, "2023_Midweek": 21723.0, "2023_Friday": 20129.0, "2024_Monday": 18558.0, "2024_Midweek": 21710.0, "2024_Friday": 20016.0, "2025_Monday": 18179.0, "2025_Midweek": 22228.0, "2025_Friday": 19564.0, "raw_ratio_19_mon": 1.0, "raw_ratio_19_fri": 1.0251730900068035, "raw_ratio_23_mon": 0.82355107489757395, "raw_ratio_23_fri": 0.92662155319246886, "collapse_23_mon": 0.17644892510242605, "collapse_23_fri": 0.096131607213451709, "total_collapse_23": 0.27258053231587775, "raw_ratio_24_mon": 0.85481345002303089, "raw_ratio_24_fri": 0.9219714417319208, "collapse_24_mon": 0.14518654997696911, "collapse_24_fri": 0.1006675353468337, "total_collapse_24": 0.24585408532380282, "raw_ratio_25_mon": 0.8178423609861436, "raw_ratio_25_fri": 0.88015116069821842, "collapse_25_mon": 0.1821576390138564, "collapse_25_fri": 0.1414609208164278, "total_collapse_25": 0.3236185598302842, "cumulative_collapse_score": 0.84205317746996478, "shock_rank": 47, "top100_affected": true }, "geometry": { "type": "Point", "coordinates": [ -0.15920812954631, 51.4358993700234, 0.0 ] } },
{ "type": "Feature", "properties": { "clean_name": "Shepherd's Bush", "2019_Midweek": 61396, "2019_Friday": 65661, "2023_Monday": 34467.0, "2023_Midweek": 41136.0, "2023_Friday": 39702.0, "2024_Monday": 35060.0, "2024_Midweek": 42162.0, "2024_Friday": 39729.0, "2025_Monday": 34450.0, "2025_Midweek": 41409.0, "2025_Friday": 39052.0, "raw_ratio_19_mon": 1.0, "raw_ratio_19_fri": 1.0694670662583883, "raw_ratio_23_mon": 0.83787922987164531, "raw_ratio_23_fri": 0.96514002333722282, "collapse_23_mon": 0.16212077012835469, "collapse_23_fri": 0.097550496142121967, "total_collapse_23": 0.25967126627047665, "raw_ratio_24_mon": 0.83155448033774493, "raw_ratio_24_fri": 0.94229400882311087, "collapse_24_mon": 0.16844551966225507, "collapse_24_fri": 0.11891255135158296, "total_collapse_24": 0.28735807101383803, "raw_ratio_25_mon": 0.83194474631118842, "raw_ratio_25_fri": 0.94308000676181503, "collapse_25_mon": 0.16805525368881158, "collapse_25_fri": 0.11817760778622943, "total_collapse_25": 0.28623286147504101, "cumulative_collapse_score": 0.8332621987593557, "shock_rank": 48, "top100_affected": true }, "geometry": { "type": "Point", "coordinates": [ -0.218811085425774, 51.504354032089402, 0.0 ] } },
{ "type": "Feature", "properties": { "clean_name": "Croxley", "2019_Midweek": 4036, "2019_Friday": 3767, "2023_Monday": 2871.0, "2023_Midweek": 3353.0, "2023_Friday": 2741.0, "2024_Monday": 2846.0, "2024_Midweek": 3433.0, "2024_Friday": 2732.0, "2025_Monday": 2956.0, "2025_Midweek": 3424.0, "2025_Friday": 2880.0, "raw_ratio_19_mon": 1.0, "raw_ratio_19_fri": 0.93334985133795834, "raw_ratio_23_mon": 0.85624813599761407, "raw_ratio_23_fri": 0.8174768863704146, "collapse_23_mon": 0.14375186400238593, "collapse_23_fri": 0.12414740817865844, "total_collapse_23": 0.26789927218104437, "raw_ratio_24_mon": 0.82901252548791149, "raw_ratio_24_fri": 0.79580541800174776, "collapse_24_mon": 0.17098747451208851, "collapse_24_fri": 0.14736642764665409, "total_collapse_24": 0.3183539021587426, "raw_ratio_25_mon": 0.86331775700934577, "raw_ratio_25_fri": 0.84112149532710279, "collapse_25_mon": 0.13668224299065423, "collapse_25_fri": 0.098814346923231433, "total_collapse_25": 0.23549658991388567, "cumulative_collapse_score": 0.82174976425367263, "shock_rank": 49, "top100_affected": true }, "geometry": { "type": "Point", "coordinates": [ -0.441746350839895, 51.647081796, 0.0 ] } },
{ "type": "Feature", "properties": { "clean_name": "Loughton", "2019_Midweek": 11626, "2019_Friday": 11731, "2023_Monday": 8446.0, "2023_Midweek": 9926.0, "2023_Friday": 9037.0, "2024_Monday": 8098.0, "2024_Midweek": 9666.0, "2024_Friday": 8556.0, "2025_Monday": 8207.0, "2025_Midweek": 9742.0, "2025_Friday": 8549.0, "raw_ratio_19_mon": 1.0, "raw_ratio_19_fri": 1.0090314811629106, "raw_ratio_23_mon": 0.85089663509973801, "raw_ratio_23_fri": 0.91043723554301836, "collapse_23_mon": 0.14910336490026199, "collapse_23_fri": 0.097711763666939566, "total_collapse_23": 0.24681512856720156, "raw_ratio_24_mon": 0.83778191599420648, "raw_ratio_24_fri": 0.88516449410304154, "collapse_24_mon": 0.16221808400579352, "collapse_24_fri": 0.1227582978056464, "total_collapse_24": 0.28497638181143992, "raw_ratio_25_mon": 0.84243481831246148, "raw_ratio_25_fri": 0.87754054608909871, "collapse_25_mon": 0.15756518168753852, "collapse_25_fri": 0.13031400657813808, "total_collapse_25": 0.2878791882656766, "cumulative_collapse_score": 0.81967069864431807, "shock_rank": 50, "top100_affected": true }, "geometry": { "type": "Point", "coordinates": [ 0.055364592448419, 51.641314039880498, 0.0 ] } },
{ "type": "Feature", "properties": { "clean_name": "Sloane Square", "2019_Midweek": 56555, "2019_Friday": 55656, "2023_Monday": 38307.0, "2023_Midweek": 47265.0, "2023_Friday": 44962.0, "2024_Monday": 39163.0, "2024_Midweek": 47253.0, "2024_Friday": 44469.0, "2025_Monday": 39017.0, "2025_Midweek": 51494.0, "2025_Friday": 43852.0, "raw_ratio_19_mon": 1.0, "raw_ratio_19_fri": 0.98410396958712754, "raw_ratio_23_mon": 0.81047286575690258, "raw_ratio_23_fri": 0.95127472759970377, "collapse_23_mon": 0.18952713424309742, "collapse_23_fri": 0.033359526027719411, "total_collapse_23": 0.22288666027081683, "raw_ratio_24_mon": 0.82879393900916343, "raw_ratio_24_fri": 0.94108310583455024, "collapse_24_mon": 0.17120606099083657, "collapse_24_fri": 0.043715770977558743, "total_collapse_24": 0.21492183196839532, "raw_ratio_25_mon": 0.75769992620499471, "raw_ratio_25_fri": 0.8515943605080204, "collapse_25_mon": 0.24230007379500529, "collapse_25_fri": 0.13465000972885055, "total_collapse_25": 0.37695008352385584, "cumulative_collapse_score": 0.81475857576306798, "shock_rank": 51, "top100_affected": true }, "geometry": { "type": "Point", "coordinates": [ -0.156310789558297, 51.4923380170884, 0.0 ] } },
{ "type": "Feature", "properties": { "clean_name": "Upminster", "2019_Midweek": 16484, "2019_Friday": 15691, "2023_Monday": 14913.0, "2023_Midweek": 18151.0, "2023_Friday": 14767.0, "2024_Monday": 13942.0, "2024_Midweek": 16230.0, "2024_Friday": 14106.0, "2025_Monday": 15262.0, "2025_Midweek": 17787.0, "2025_Friday": 15071.0, "raw_ratio_19_mon": 1.0, "raw_ratio_19_fri": 0.95189274447949523, "raw_ratio_23_mon": 0.82160762492424655, "raw_ratio_23_fri": 0.81356399096468512, "collapse_23_mon": 0.17839237507575345, "collapse_23_fri": 0.14531968471978396, "total_collapse_23": 0.32371205979553741, "raw_ratio_24_mon": 0.85902649414664201, "raw_ratio_24_fri": 0.86913123844731976, "collapse_24_mon": 0.14097350585335799, "collapse_24_fri": 0.086944150496104822, "total_collapse_24": 0.22791765634946282, "raw_ratio_25_mon": 0.85804239050992293, "raw_ratio_25_fri": 0.84730421094057462, "collapse_25_mon": 0.14195760949007707, "collapse_25_fri": 0.10987428378405251, "total_collapse_25": 0.25183189327412958, "cumulative_collapse_score": 0.80346160941912981, "shock_rank": 52, "top100_affected": true }, "geometry": { "type": "Point", "coordinates": [ 0.251143119887474, 51.559089312980703, 0.0 ] } },
{ "type": "Feature", "properties": { "clean_name": "Aldgate East", "2019_Midweek": 45444, "2019_Friday": 48548, "2023_Monday": 31271.0, "2023_Midweek": 36864.0, "2023_Friday": 36061.0, "2024_Monday": 33969.0, "2024_Midweek": 40192.0, "2024_Friday": 37880.0, "2025_Monday": 33581.0, "2025_Midweek": 39676.0, "2025_Friday": 36425.0, "raw_ratio_19_mon": 1.0, "raw_ratio_19_fri": 1.0683038464923862, "raw_ratio_23_mon": 0.84828016493055558, "raw_ratio_23_fri": 0.97821723090277779, "collapse_23_mon": 0.15171983506944442, "collapse_23_fri": 0.084326772654984006, "total_collapse_23": 0.23604660772442843, "raw_ratio_24_mon": 0.84516819267515919, "raw_ratio_24_fri": 0.94247611464968151, "collapse_24_mon": 0.15483180732484081, "collapse_24_fri": 0.11778271907925908, "total_collapse_24": 0.27261452640409989, "raw_ratio_25_mon": 0.84638068353664686, "raw_ratio_25_fri": 0.91806129650166346, "collapse_25_mon": 0.15361931646335314, "collapse_25_fri": 0.14063653377643581, "total_collapse_25": 0.29425585023978895, "cumulative_collapse_score": 0.80291698436831727, "shock_rank": 53, "top100_affected": true }, "geometry": { "type": "Point", "coordinates": [ -0.071127223916364, 51.515428316714697, 0.0 ] } },
{ "type": "Feature", "properties": { "clean_name": "Roding Valley", "2019_Midweek": 1677, "2019_Friday": 1832, "2023_Monday": 1022.0, "2023_Midweek": 980.0, "2023_Friday": 770.0, "2024_Monday": 537.0, "2024_Midweek": 632.0, "2024_Friday": 539.0, "2025_Monday": 684.0, "2025_Midweek": 751.0, "2025_Friday": 734.0, "raw_ratio_19_mon": 1.0, "raw_ratio_19_fri": 1.0924269528920691, "raw_ratio_23_mon": 1.0428571428571429, "raw_ratio_23_fri": 0.7857142857142857, "collapse_23_mon": -0.042857142857142927, "collapse_23_fri": 0.28076263256394263, "total_collapse_23": 0.2379054897067997, "raw_ratio_24_mon": 0.84968354430379744, "raw_ratio_24_fri": 0.85284810126582278, "collapse_24_mon": 0.15031645569620256, "collapse_24_fri": 0.21930880686529208, "total_collapse_24": 0.36962526256149464, "raw_ratio_25_mon": 0.91078561917443412, "raw_ratio_25_fri": 0.9773635153129161, "collapse_25_mon": 0.089214380825565875, "collapse_25_fri": 0.1053282668232749, "total_collapse_25": 0.19454264764884077, "cumulative_collapse_score": 0.80207339991713511, "shock_rank": 54, "top100_affected": true }, "geometry": { "type": "Point", "coordinates": [ 0.04373608548952, 51.617080091550299, 0.0 ] } },
{ "type": "Feature", "properties": { "clean_name": "Tufnell Park", "2019_Midweek": 12934, "2019_Friday": 13748, "2023_Monday": 13113.0, "2023_Midweek": 16807.0, "2023_Friday": 16529.0, "2024_Monday": 12920.0, "2024_Midweek": 16342.0, "2024_Friday": 15867.0, "2025_Monday": 9264.0, "2025_Midweek": 10630.0, "2025_Friday": 10420.0, "raw_ratio_19_mon": 1.0, "raw_ratio_19_fri": 1.062934900262873, "raw_ratio_23_mon": 0.78021062652466233, "raw_ratio_23_fri": 0.98345927292199675, "collapse_23_mon": 0.21978937347533767, "collapse_23_fri": 0.074769985745336998, "total_collapse_23": 0.29455935922067467, "raw_ratio_24_mon": 0.79060090564190433, "raw_ratio_24_fri": 0.97093379023375348, "collapse_24_mon": 0.20939909435809567, "collapse_24_fri": 0.08655385198695309, "total_collapse_24": 0.29595294634504876, "raw_ratio_25_mon": 0.87149576669802442, "raw_ratio_25_fri": 0.98024459078080906, "collapse_25_mon": 0.12850423330197558, "collapse_25_fri": 0.077794331018403717, "total_collapse_25": 0.2062985643203793, "cumulative_collapse_score": 0.79681086988610272, "shock_rank": 55, "top100_affected": true }, "geometry": { "type": "Point", "coordinates": [ -0.13843964784622, 51.556846906210097, 0.0 ] } },
{ "type": "Feature", "properties": { "clean_name": "Paddington TfL", "2019_Midweek": 158116, "2019_Friday": 160469, "2023_Monday": 139849.0, "2023_Midweek": 163011.0, "2023_Friday": 157179.0, "2024_Monday": 154454.0, "2024_Midweek": 186973.0, "2024_Friday": 168891.0, "2025_Monday": 164370.0, "2025_Midweek": 200375.0, "2025_Friday": 177027.0, "raw_ratio_19_mon": 1.0, "raw_ratio_19_fri": 1.0148814794201726, "raw_ratio_23_mon": 0.85791142929004793, "raw_ratio_23_fri": 0.96422327327603663, "collapse_23_mon": 0.14208857070995207, "collapse_23_fri": 0.049915391276110666, "total_collapse_23": 0.19200396198606273, "raw_ratio_24_mon": 0.82607649232776925, "raw_ratio_24_fri": 0.90329084948094107, "collapse_24_mon": 0.17392350767223075, "collapse_24_fri": 0.10995434659324566, "total_collapse_24": 0.2838778542654764, "raw_ratio_25_mon": 0.82031191515907675, "raw_ratio_25_fri": 0.88347847785402367, "collapse_25_mon": 0.17968808484092325, "collapse_25_fri": 0.12947620409944105, "total_collapse_25": 0.3091642889403643, "cumulative_collapse_score": 0.78504610519190343, "shock_rank": 56, "top100_affected": true }, "geometry": { "type": "Point", "coordinates": [ -0.17596495802982, 51.516563062743003, 0.0 ] } },
{ "type": "Feature", "properties": { "clean_name": "Clapham Common", "2019_Midweek": 29894, "2019_Friday": 33176, "2023_Monday": 21082.0, "2023_Midweek": 26407.0, "2023_Friday": 26509.0, "2024_Monday": 20967.0, "2024_Midweek": 25230.0, "2024_Friday": 25943.0, "2025_Monday": 20242.0, "2025_Midweek": 24141.0, "2025_Friday": 24576.0, "raw_ratio_19_mon": 1.0, "raw_ratio_19_fri": 1.1097879173078209, "raw_ratio_23_mon": 0.79834892263415003, "raw_ratio_23_fri": 1.0038626121861627, "collapse_23_mon": 0.20165107736584997, "collapse_23_fri": 0.09544643933285657, "total_collapse_23": 0.29709751669870654, "raw_ratio_24_mon": 0.83103448275862069, "raw_ratio_24_fri": 1.028260007927071, "collapse_24_mon": 0.16896551724137931, "collapse_24_fri": 0.073462603177843588, "total_collapse_24": 0.2424281204192229, "raw_ratio_25_mon": 0.83849053477486435, "raw_ratio_25_fri": 1.0180191375667951, "collapse_25_mon": 0.16150946522513565, "collapse_25_fri": 0.082690375620274481, "total_collapse_25": 0.24419984084541013, "cumulative_collapse_score": 0.78372547796333958, "shock_rank": 57, "top100_affected": true }, "geometry": { "type": "Point", "coordinates": [ -0.137167009784716, 51.462211233552097, 0.0 ] } },
{ "type": "Feature", "properties": { "clean_name": "Putney Bridge", "2019_Midweek": 19481, "2019_Friday": 19256, "2023_Monday": 14803.0, "2023_Midweek": 17549.0, "2023_Friday": 16582.0, "2024_Monday": 14106.0, "2024_Midweek": 17098.0, "2024_Friday": 15193.0, "2025_Monday": 13892.0, "2025_Midweek": 16330.0, "2025_Friday": 13778.0, "raw_ratio_19_mon": 1.0, "raw_ratio_19_fri": 0.9884502848929726, "raw_ratio_23_mon": 0.84352384751267884, "raw_ratio_23_fri": 0.94489714513647505, "collapse_23_mon": 0.15647615248732116, "collapse_23_fri": 0.044062043809531048, "total_collapse_23": 0.20053819629685221, "raw_ratio_24_mon": 0.82500877295590125, "raw_ratio_24_fri": 0.88858346005380751, "collapse_24_mon": 0.17499122704409875, "collapse_24_fri": 0.10103373570273033, "total_collapse_24": 0.27602496274682908, "raw_ratio_25_mon": 0.85070422535211265, "raw_ratio_25_fri": 0.84372320881812612, "collapse_25_mon": 0.14929577464788735, "collapse_25_fri": 0.14641816415735798, "total_collapse_25": 0.29571393880524532, "cumulative_collapse_score": 0.77227709784892662, "shock_rank": 58, "top100_affected": true }, "geometry": { "type": "Point", "coordinates": [ -0.208703119435311, 51.468256004357499, 0.0 ] } },
{ "type": "Feature", "properties": { "clean_name": "Vauxhall", "2019_Midweek": 104910, "2019_Friday": 108883, "2023_Monday": 59557.0, "2023_Midweek": 72305.0, "2023_Friday": 67787.0, "2024_Monday": 60929.0, "2024_Midweek": 71718.0, "2024_Friday": 68371.0, "2025_Monday": 62195.0, "2025_Midweek": 74393.0, "2025_Friday": 69489.0, "raw_ratio_19_mon": 1.0, "raw_ratio_19_fri": 1.0378705557144219, "raw_ratio_23_mon": 0.82369130765507226, "raw_ratio_23_fri": 0.93751469469607907, "collapse_23_mon": 0.17630869234492774, "collapse_23_fri": 0.096694005303255337, "total_collapse_23": 0.27300269764818308, "raw_ratio_24_mon": 0.84956356842075909, "raw_ratio_24_fri": 0.95333110237318386, "collapse_24_mon": 0.15043643157924091, "collapse_24_fri": 0.081454717908482355, "total_collapse_24": 0.23189114948772327, "raw_ratio_25_mon": 0.83603296009033112, "raw_ratio_25_fri": 0.9340798193378409, "collapse_25_mon": 0.16396703990966888, "collapse_25_fri": 0.10000354649731469, "total_collapse_25": 0.26397058640698357, "cumulative_collapse_score": 0.76886443354288991, "shock_rank": 59, "top100_affected": true }, "geometry": { "type": "Point", "coordinates": [ -0.124227036738512, 51.485698449390902, 0.0 ] } },
{ "type": "Feature", "properties": { "clean_name": "Wanstead", "2019_Midweek": 9102, "2019_Friday": 9050, "2023_Monday": 5777.0, "2023_Midweek": 6838.0, "2023_Friday": 6364.0, "2024_Monday": 5585.0, "2024_Midweek": 6715.0, "2024_Friday": 6045.0, "2025_Monday": 5562.0, "2025_Midweek": 6590.0, "2025_Friday": 5737.0, "raw_ratio_19_mon": 1.0, "raw_ratio_19_fri": 0.99428696989672605, "raw_ratio_23_mon": 0.8448376718338696, "raw_ratio_23_fri": 0.93068148581456567, "collapse_23_mon": 0.1551623281661304, "collapse_23_fri": 0.063970952056997099, "total_collapse_23": 0.2191332802231275, "raw_ratio_24_mon": 0.83172002978406556, "raw_ratio_24_fri": 0.90022338049143713, "collapse_24_mon": 0.16827997021593444, "collapse_24_fri": 0.094604065278114935, "total_collapse_24": 0.26288403549404937, "raw_ratio_25_mon": 0.84400606980273141, "raw_ratio_25_fri": 0.8705614567526555, "collapse_25_mon": 0.15599393019726859, "collapse_25_fri": 0.12443642216987072, "total_collapse_25": 0.28043035236713931, "cumulative_collapse_score": 0.76244766808431619, "shock_rank": 60, "top100_affected": true }, "geometry": { "type": "Point", "coordinates": [ 0.028647479421731, 51.5756029971839, 0.0 ] } },
{ "type": "Feature", "properties": { "clean_name": "Balham", "2019_Midweek": 42436, "2019_Friday": 43612, "2023_Monday": 28102.0, "2023_Midweek": 33792.0, "2023_Friday": 32007.0, "2024_Monday": 28748.0, "2024_Midweek": 33697.0, "2024_Friday": 32263.0, "2025_Monday": 27575.0, "2025_Midweek": 34227.0, "2025_Friday": 31984.0, "raw_ratio_19_mon": 1.0, "raw_ratio_19_fri": 1.0277123197285323, "raw_ratio_23_mon": 0.8316169507575758, "raw_ratio_23_fri": 0.94717684659090906, "collapse_23_mon": 0.1683830492424242, "collapse_23_fri": 0.07836382963560895, "total_collapse_23": 0.24674687887803315, "raw_ratio_24_mon": 0.85313232631985048, "raw_ratio_24_fri": 0.95744428287384631, "collapse_24_mon": 0.14686767368014952, "collapse_24_fri": 0.068373255341774186, "total_collapse_24": 0.21524092902192371, "raw_ratio_25_mon": 0.80565050983141961, "raw_ratio_25_fri": 0.93446694130364916, "collapse_25_mon": 0.19434949016858039, "collapse_25_fri": 0.090731011621533963, "total_collapse_25": 0.28508050179011435, "cumulative_collapse_score": 0.74706830969007121, "shock_rank": 61, "top100_affected": true }, "geometry": { "type": "Point", "coordinates": [ -0.15266560362294, 51.443627749160598, 0.0 ] } },
{ "type": "Feature", "properties": { "clean_name": "Southfields", "2019_Midweek": 19688, "2019_Friday": 19485, "2023_Monday": 15252.0, "2023_Midweek": 17618.0, "2023_Friday": 15880.0, "2024_Monday": 15391.0, "2024_Midweek": 17803.0, "2024_Friday": 15689.0, "2025_Monday": 15317.0, "2025_Midweek": 17719.0, "2025_Friday": 15322.0, "raw_ratio_19_mon": 1.0, "raw_ratio_19_fri": 0.98968915075172692, "raw_ratio_23_mon": 0.86570552843682602, "raw_ratio_23_fri": 0.90135089113406741, "collapse_23_mon": 0.13429447156317398, "collapse_23_fri": 0.089258591498715956, "total_collapse_23": 0.22355306306188993, "raw_ratio_24_mon": 0.86451721619951694, "raw_ratio_24_fri": 0.88125596809526485, "collapse_24_mon": 0.13548278380048306, "collapse_24_fri": 0.10956286888069922, "total_collapse_24": 0.24504565268118228, "raw_ratio_25_mon": 0.86443930244370448, "raw_ratio_25_fri": 0.86472148541114058, "collapse_25_mon": 0.13556069755629552, "collapse_25_fri": 0.12626961227741673, "total_collapse_25": 0.26183030983371225, "cumulative_collapse_score": 0.73042902557678446, "shock_rank": 62, "top100_affected": true }, "geometry": { "type": "Point", "coordinates": [ -0.206629303693064, 51.445079780585203, 0.0 ] } },
{ "type": "Feature", "properties": { "clean_name": "Stamford Brook", "2019_Midweek": 9269, "2019_Friday": 9072, "2023_Monday": 6592.0, "2023_Midweek": 7852.0, "2023_Friday": 7144.0, "2024_Monday": 6496.0, "2024_Midweek": 7830.0, "2024_Friday": 7072.0, "2025_Monday": 6637.0, "2025_Midweek": 7934.0, "2025_Friday": 7091.0, "raw_ratio_19_mon": 1.0, "raw_ratio_19_fri": 0.97874635883051031, "raw_ratio_23_mon": 0.83953132959755472, "raw_ratio_23_fri": 0.90983188996434028, "collapse_23_mon": 0.16046867040244528, "collapse_23_fri": 0.070410958104114907, "total_collapse_23": 0.23087962850656019, "raw_ratio_24_mon": 0.82962962962962961, "raw_ratio_24_fri": 0.9031928480204342, "collapse_24_mon": 0.17037037037037039, "collapse_24_fri": 0.077194167956194382, "total_collapse_24": 0.24756453832656478, "raw_ratio_25_mon": 0.83652634232417444, "raw_ratio_25_fri": 0.89374842450214265, "collapse_25_mon": 0.16347365767582556, "collapse_25_fri": 0.086843678713584671, "total_collapse_25": 0.25031733638941023, "cumulative_collapse_score": 0.72876150322253519, "shock_rank": 63, "top100_affected": true }, "geometry": { "type": "Point", "coordinates": [ -0.245978135514486, 51.494919038542299, 0.0 ] } },
{ "type": "Feature", "properties": { "clean_name": "Knightsbridge", "2019_Midweek": 47274, "2019_Friday": 55828, "2023_Monday": 37396.0, "2023_Midweek": 44640.0, "2023_Friday": 42695.0, "2024_Monday": 40132.0, "2024_Midweek": 42661.0, "2024_Friday": 44245.0, "2025_Monday": 37512.0, "2025_Midweek": 40793.0, "2025_Friday": 42751.0, "raw_ratio_19_mon": 1.0, "raw_ratio_19_fri": 1.1809451284003891, "raw_ratio_23_mon": 0.83772401433691757, "raw_ratio_23_fri": 0.95642921146953408, "collapse_23_mon": 0.16227598566308243, "collapse_23_fri": 0.1901154520489583, "total_collapse_23": 0.35239143771204073, "raw_ratio_24_mon": 0.94071868920090951, "raw_ratio_24_fri": 1.0371299313190032, "collapse_24_mon": 0.059281310799090492, "collapse_24_fri": 0.12177974541136061, "total_collapse_24": 0.1810610562104511, "raw_ratio_25_mon": 0.91956953398867458, "raw_ratio_25_fri": 1.0479984311033756, "collapse_25_mon": 0.080430466011325419, "collapse_25_fri": 0.11257652375186311, "total_collapse_25": 0.19300698976318853, "cumulative_collapse_score": 0.72645948368568036, "shock_rank": 64, "top100_affected": true }, "geometry": { "type": "Point", "coordinates": [ -0.161441486053111, 51.501242452004398, 0.0 ] } },
{ "type": "Feature", "properties": { "clean_name": "Wood Lane", "2019_Midweek": 15160, "2019_Friday": 15438, "2023_Monday": 13760.0, "2023_Midweek": 16490.0, "2023_Friday": 15379.0, "2024_Monday": 15316.0, "2024_Midweek": 17069.0, "2024_Friday": 15605.0, "2025_Monday": 15822.0, "2025_Midweek": 18148.0, "2025_Friday": 15878.0, "raw_ratio_19_mon": 1.0, "raw_ratio_19_fri": 1.0183377308707124, "raw_ratio_23_mon": 0.83444511825348699, "raw_ratio_23_fri": 0.93262583383869013, "collapse_23_mon": 0.16555488174651301, "collapse_23_fri": 0.084168438852536442, "total_collapse_23": 0.24972332059904945, "raw_ratio_24_mon": 0.89729919737535879, "raw_ratio_24_fri": 0.91423047630206811, "collapse_24_mon": 0.10270080262464121, "collapse_24_fri": 0.10223254173213159, "total_collapse_24": 0.2049333443567728, "raw_ratio_25_mon": 0.87183160678862681, "raw_ratio_25_fri": 0.87491734626405115, "collapse_25_mon": 0.12816839321137319, "collapse_25_fri": 0.14083774003348781, "total_collapse_25": 0.269006133244861, "cumulative_collapse_score": 0.72366279820068324, "shock_rank": 65, "top100_affected": true }, "geometry": { "type": "Point", "coordinates": [ -0.223566003960841, 51.510142009500797, 0.0 ] } },
{ "type": "Feature", "properties": { "clean_name": "West Finchley", "2019_Midweek": 5574, "2019_Friday": 5374, "2023_Monday": 4103.0, "2023_Midweek": 4828.0, "2023_Friday": 4075.0, "2024_Monday": 4171.0, "2024_Midweek": 4835.0, "2024_Friday": 4257.0, "2025_Monday": 4249.0, "2025_Midweek": 4864.0, "2025_Friday": 4249.0, "raw_ratio_19_mon": 1.0, "raw_ratio_19_fri": 0.96411912450663795, "raw_ratio_23_mon": 0.84983429991714998, "raw_ratio_23_fri": 0.84403479701739847, "collapse_23_mon": 0.15016570008285002, "collapse_23_fri": 0.12455341299311884, "total_collapse_23": 0.27471911307596886, "raw_ratio_24_mon": 0.86266804550155118, "raw_ratio_24_fri": 0.88045501551189242, "collapse_24_mon": 0.13733195449844882, "collapse_24_fri": 0.086777771406161386, "total_collapse_24": 0.2241097259046102, "raw_ratio_25_mon": 0.87356085526315785, "raw_ratio_25_fri": 0.87356085526315785, "collapse_25_mon": 0.12643914473684215, "collapse_25_fri": 0.093928506282686675, "total_collapse_25": 0.22036765101952882, "cumulative_collapse_score": 0.71919649000010788, "shock_rank": 66, "top100_affected": true }, "geometry": { "type": "Point", "coordinates": [ -0.188317206667133, 51.6094899674085, 0.0 ] } },
{ "type": "Feature", "properties": { "clean_name": "Highgate", "2019_Midweek": 18732, "2019_Friday": 18687, "2023_Monday": 12872.0, "2023_Midweek": 15463.0, "2023_Friday": 14517.0, "2024_Monday": 13066.0, "2024_Midweek": 15585.0, "2024_Friday": 14257.0, "2025_Monday": 13097.0, "2025_Midweek": 15368.0, "2025_Friday": 13799.0, "raw_ratio_19_mon": 1.0, "raw_ratio_19_fri": 0.99759769378603458, "raw_ratio_23_mon": 0.83243872469766544, "raw_ratio_23_fri": 0.93882170342106963, "collapse_23_mon": 0.16756127530233456, "collapse_23_fri": 0.058917528309333944, "total_collapse_23": 0.2264788036116685, "raw_ratio_24_mon": 0.83837022778312476, "raw_ratio_24_fri": 0.91478986204683987, "collapse_24_mon": 0.16162977221687524, "collapse_24_fri": 0.083007240548969574, "total_collapse_24": 0.24463701276584482, "raw_ratio_25_mon": 0.85222540343571052, "raw_ratio_25_fri": 0.89790473711608543, "collapse_25_mon": 0.14777459656428948, "collapse_25_fri": 0.099933026400250813, "total_collapse_25": 0.2477076229645403, "cumulative_collapse_score": 0.71882343934205362, "shock_rank": 67, "top100_affected": true }, "geometry": { "type": "Point", "coordinates": [ -0.146442109971085, 51.577846619173599, 0.0 ] } },
{ "type": "Feature", "properties": { "clean_name": "Totteridge and Whetstone", "2019_Midweek": 8567, "2019_Friday": 8419, "2023_Monday": 6033.0, "2023_Midweek": 7164.0, "2023_Friday": 6460.0, "2024_Monday": 5951.0, "2024_Midweek": 7020.0, "2024_Friday": 6382.0, "2025_Monday": 6415.0, "2025_Midweek": 7399.0, "2025_Friday": 6454.0, "raw_ratio_19_mon": 1.0, "raw_ratio_19_fri": 0.98272440761059876, "raw_ratio_23_mon": 0.84212730318257956, "raw_ratio_23_fri": 0.90173087660524842, "collapse_23_mon": 0.15787269681742044, "collapse_23_fri": 0.082417339366057329, "total_collapse_23": 0.24029003618347777, "raw_ratio_24_mon": 0.84772079772079767, "raw_ratio_24_fri": 0.90911680911680914, "collapse_24_mon": 0.15227920227920233, "collapse_24_fri": 0.074901567442249184, "total_collapse_24": 0.22718076972145151, "raw_ratio_25_mon": 0.86700905527774019, "raw_ratio_25_fri": 0.87228003784295172, "collapse_25_mon": 0.13299094472225981, "collapse_25_fri": 0.11238590281499372, "total_collapse_25": 0.24537684753725353, "cumulative_collapse_score": 0.71284765344218282, "shock_rank": 68, "top100_affected": true }, "geometry": { "type": "Point", "coordinates": [ -0.179179947727096, 51.630590676451597, 0.0 ] } },
{ "type": "Feature", "properties": { "clean_name": "Turnham Green", "2019_Midweek": 19533, "2019_Friday": 20278, "2023_Monday": 13772.0, "2023_Midweek": 16414.0, "2023_Friday": 15747.0, "2024_Monday": 13956.0, "2024_Midweek": 16604.0, "2024_Friday": 16043.0, "2025_Monday": 13806.0, "2025_Midweek": 16621.0, "2025_Friday": 15917.0, "raw_ratio_19_mon": 1.0, "raw_ratio_19_fri": 1.0381405826037986, "raw_ratio_23_mon": 0.83903984403557941, "raw_ratio_23_fri": 0.95936395759717319, "collapse_23_mon": 0.16096015596442059, "collapse_23_fri": 0.075882425103778184, "total_collapse_23": 0.23684258106819878, "raw_ratio_24_mon": 0.84052035654059265, "raw_ratio_24_fri": 0.96621296073235363, "collapse_24_mon": 0.15947964345940735, "collapse_24_fri": 0.069285049709780777, "total_collapse_24": 0.22876469316918813, "raw_ratio_25_mon": 0.8306359424824018, "raw_ratio_25_fri": 0.95764394440767708, "collapse_25_mon": 0.1693640575175982, "collapse_25_fri": 0.07753924617244512, "total_collapse_25": 0.24690330369004332, "cumulative_collapse_score": 0.71251057792743022, "shock_rank": 69, "top100_affected": true }, "geometry": { "type": "Point", "coordinates": [ -0.254527388575046, 51.494958716530199, 0.0 ] } },
{ "type": "Feature", "properties": { "clean_name": "Oval", "2019_Midweek": 23513, "2019_Friday": 24109, "2023_Monday": 15958.0, "2023_Midweek": 19501.0, "2023_Friday": 18579.0, "2024_Monday": 15237.0, "2024_Midweek": 17873.0, "2024_Friday": 17032.0, "2025_Monday": 14642.0, "2025_Midweek": 17285.0, "2025_Friday": 16159.0, "raw_ratio_19_mon": 1.0, "raw_ratio_19_fri": 1.0253476800068047, "raw_ratio_23_mon": 0.8183170093841341, "raw_ratio_23_fri": 0.95272037331418902, "collapse_23_mon": 0.1816829906158659, "collapse_23_fri": 0.070831882793291778, "total_collapse_23": 0.25251487340915768, "raw_ratio_24_mon": 0.85251496670956195, "raw_ratio_24_fri": 0.95294578414368036, "collapse_24_mon": 0.14748503329043805, "collapse_24_fri": 0.070612044358108639, "total_collapse_24": 0.21809707764854669, "raw_ratio_25_mon": 0.8470928550766561, "raw_ratio_25_fri": 0.93485681226496964, "collapse_25_mon": 0.1529071449233439, "collapse_25_fri": 0.088253837704333149, "total_collapse_25": 0.24116098262767705, "cumulative_collapse_score": 0.71177293368538141, "shock_rank": 70, "top100_affected": true }, "geometry": { "type": "Point", "coordinates": [ -0.112380891880082, 51.481838428835502, 0.0 ] } },
{ "type": "Feature", "properties": { "clean_name": "Kensal Green", "2019_Midweek": 8227, "2019_Friday": 8110, "2023_Monday": 5434.0, "2023_Midweek": 6435.0, "2023_Friday": 6162.0, "2024_Monday": 5765.0, "2024_Midweek": 6844.0, "2024_Friday": 6219.0, "2025_Monday": 5625.0, "2025_Midweek": 6810.0, "2025_Friday": 5932.0, "raw_ratio_19_mon": 1.0, "raw_ratio_19_fri": 0.98577853409505289, "raw_ratio_23_mon": 0.84444444444444444, "raw_ratio_23_fri": 0.95757575757575752, "collapse_23_mon": 0.15555555555555556, "collapse_23_fri": 0.028609647647872105, "total_collapse_23": 0.18416520320342766, "raw_ratio_24_mon": 0.84234365867913497, "raw_ratio_24_fri": 0.90867913500876685, "collapse_24_mon": 0.15765634132086503, "collapse_24_fri": 0.078211683881982186, "total_collapse_24": 0.23586802520284722, "raw_ratio_25_mon": 0.82599118942731276, "raw_ratio_25_fri": 0.87107195301027895, "collapse_25_mon": 0.17400881057268724, "collapse_25_fri": 0.11636141092286501, "total_collapse_25": 0.29037022149555225, "cumulative_collapse_score": 0.71040344990182713, "shock_rank": 71, "top100_affected": true }, "geometry": { "type": "Point", "coordinates": [ -0.224454457556846, 51.530573605416102, 0.0 ] } },
{ "type": "Feature", "properties": { "clean_name": "Buckhurst Hill", "2019_Midweek": 6275, "2019_Friday": 6240, "2023_Monday": 5589.0, "2023_Midweek": 6583.0, "2023_Friday": 5850.0, "2024_Monday": 6721.0, "2024_Midweek": 7577.0, "2024_Friday": 6850.0, "2025_Monday": 6813.0, "2025_Midweek": 7637.0, "2025_Friday": 6580.0, "raw_ratio_19_mon": 1.0, "raw_ratio_19_fri": 0.99442231075697207, "raw_ratio_23_mon": 0.84900501291204622, "raw_ratio_23_fri": 0.88865259000455721, "collapse_23_mon": 0.15099498708795378, "collapse_23_fri": 0.10636298040407099, "total_collapse_23": 0.25735796749202478, "raw_ratio_24_mon": 0.88702652764946543, "raw_ratio_24_fri": 0.90405173551537543, "collapse_24_mon": 0.11297347235053457, "collapse_24_fri": 0.090877461480932564, "total_collapse_24": 0.20385093383146713, "raw_ratio_25_mon": 0.892104229409454, "raw_ratio_25_fri": 0.8615948670944088, "collapse_25_mon": 0.107895770590546, "collapse_25_fri": 0.13357246938823475, "total_collapse_25": 0.24146823997878075, "cumulative_collapse_score": 0.70267714130227266, "shock_rank": 72, "top100_affected": true }, "geometry": { "type": "Point", "coordinates": [ 0.046850474676384, 51.625984536128499, 0.0 ] } },
{ "type": "Feature", "properties": { "clean_name": "Hanger Lane", "2019_Midweek": 12043, "2019_Friday": 11883, "2023_Monday": 7837.0, "2023_Midweek": 9091.0, "2023_Friday": 8355.0, "2024_Monday": 8331.0, "2024_Midweek": 9684.0, "2024_Friday": 8626.0, "2025_Monday": 8024.0, "2025_Midweek": 9058.0, "2025_Friday": 7658.0, "raw_ratio_19_mon": 1.0, "raw_ratio_19_fri": 0.98671427385203025, "raw_ratio_23_mon": 0.86206137938620608, "raw_ratio_23_fri": 0.91904080959190404, "collapse_23_mon": 0.13793862061379392, "collapse_23_fri": 0.068584661287949156, "total_collapse_23": 0.20652328190174307, "raw_ratio_24_mon": 0.86028500619578685, "raw_ratio_24_fri": 0.89074762494836845, "collapse_24_mon": 0.13971499380421315, "collapse_24_fri": 0.097258802722107185, "total_collapse_24": 0.23697379652632033, "raw_ratio_25_mon": 0.88584676529035111, "raw_ratio_25_fri": 0.84544049459041726, "collapse_25_mon": 0.11415323470964889, "collapse_25_fri": 0.14317597607065602, "total_collapse_25": 0.25732921078030491, "cumulative_collapse_score": 0.70082628920836831, "shock_rank": 73, "top100_affected": true }, "geometry": { "type": "Point", "coordinates": [ -0.292661519529402, 51.530186852069498, 0.0 ] } },
{ "type": "Feature", "properties": { "clean_name": "Euston", "2019_Midweek": 129490, "2019_Friday": 135581, "2023_Monday": 82849.0, "2023_Midweek": 100695.0, "2023_Friday": 101094.0, "2024_Monday": 87388.0, "2024_Midweek": 105805.0, "2024_Friday": 102047.0, "2025_Monday": 92897.0, "2025_Midweek": 109576.0, "2025_Friday": 105968.0, "raw_ratio_19_mon": 1.0, "raw_ratio_19_fri": 1.0470383813421886, "raw_ratio_23_mon": 0.82277173643179902, "raw_ratio_23_fri": 1.0039624608967674, "collapse_23_mon": 0.17722826356820098, "collapse_23_fri": 0.041140727229313723, "total_collapse_23": 0.21836899079751471, "raw_ratio_24_mon": 0.82593450215018194, "raw_ratio_24_fri": 0.96448182978120123, "collapse_24_mon": 0.17406549784981806, "collapse_24_fri": 0.078847684127069884, "total_collapse_24": 0.25291318197688795, "raw_ratio_25_mon": 0.8477860115353727, "raw_ratio_25_fri": 0.9670730816967219, "collapse_25_mon": 0.1522139884646273, "collapse_25_fri": 0.076372844654424177, "total_collapse_25": 0.22858683311905148, "cumulative_collapse_score": 0.69986900589345413, "shock_rank": 74, "top100_affected": true }, "geometry": { "type": "Point", "coordinates": [ -0.134572986979356, 51.528086488029203, 0.0 ] } },
{ "type": "Feature", "properties": { "clean_name": "Bethnal Green", "2019_Midweek": 45596, "2019_Friday": 50672, "2023_Monday": 27909.0, "2023_Midweek": 33395.0, "2023_Friday": 33923.0, "2024_Monday": 26835.0, "2024_Midweek": 31470.0, "2024_Friday": 32558.0, "2025_Monday": 25462.0, "2025_Midweek": 30014.0, "2025_Friday": 30730.0, "raw_ratio_19_mon": 1.0, "raw_ratio_19_fri": 1.1113255548732346, "raw_ratio_23_mon": 0.83572391076508457, "raw_ratio_23_fri": 1.0158107501122922, "collapse_23_mon": 0.16427608923491543, "collapse_23_fri": 0.085946736617459996, "total_collapse_23": 0.25022282585237543, "raw_ratio_24_mon": 0.85271687321258338, "raw_ratio_24_fri": 1.0345726088338101, "collapse_24_mon": 0.14728312678741662, "collapse_24_fri": 0.069064322063735362, "total_collapse_24": 0.21634744885115198, "raw_ratio_25_mon": 0.84833744252682086, "raw_ratio_25_fri": 1.023855534084094, "collapse_25_mon": 0.15166255747317914, "collapse_25_fri": 0.078707828147727588, "total_collapse_25": 0.23037038562090673, "cumulative_collapse_score": 0.69694066032443414, "shock_rank": 75, "top100_affected": true }, "geometry": { "type": "Point", "coordinates": [ -0.054663268097705, 51.527238886975702, 0.0 ] } },
{ "type": "Feature", "properties": { "clean_name": "Mill Hill East", "2019_Midweek": 5023, "2019_Friday": 4783, "2023_Monday": 5141.0, "2023_Midweek": 5915.0, "2023_Friday": 4959.0, "2024_Monday": 5082.0, "2024_Midweek": 5678.0, "2024_Friday": 4880.0, "2025_Monday": 5047.0, "2025_Midweek": 5803.0, "2025_Friday": 4899.0, "raw_ratio_19_mon": 1.0, "raw_ratio_19_fri": 0.95221978897073467, "raw_ratio_23_mon": 0.86914623837700766, "raw_ratio_23_fri": 0.83837700760777689, "collapse_23_mon": 0.13085376162299234, "collapse_23_fri": 0.11955515174286779, "total_collapse_23": 0.25040891336586013, "raw_ratio_24_mon": 0.89503346248679116, "raw_ratio_24_fri": 0.85945755547728075, "collapse_24_mon": 0.10496653751320884, "collapse_24_fri": 0.097416830198122306, "total_collapse_24": 0.20238336771133114, "raw_ratio_25_mon": 0.86972255729794934, "raw_ratio_25_fri": 0.8442185076684473, "collapse_25_mon": 0.13027744270205066, "collapse_25_fri": 0.11342053857022572, "total_collapse_25": 0.24369798127227638, "cumulative_collapse_score": 0.69649026234946765, "shock_rank": 76, "top100_affected": true }, "geometry": { "type": "Point", "coordinates": [ -0.21003599178201, 51.608236518939897, 0.0 ] } },
{ "type": "Feature", "properties": { "clean_name": "Latimer Road", "2019_Midweek": 8037, "2019_Friday": 7679, "2023_Monday": 6594.0, "2023_Midweek": 7293.0, "2023_Friday": 6110.0, "2024_Monday": 6706.0, "2024_Midweek": 7674.0, "2024_Friday": 6669.0, "2025_Monday": 6838.0, "2025_Midweek": 7794.0, "2025_Friday": 6429.0, "raw_ratio_19_mon": 1.0, "raw_ratio_19_fri": 0.95545601592634066, "raw_ratio_23_mon": 0.90415466886055118, "raw_ratio_23_fri": 0.83778966131907306, "collapse_23_mon": 0.095845331139448819, "collapse_23_fri": 0.1231520369811967, "total_collapse_23": 0.21899736812064552, "raw_ratio_24_mon": 0.87385978629137351, "raw_ratio_24_fri": 0.86903831118060981, "collapse_24_mon": 0.12614021370862649, "collapse_24_fri": 0.090446554634905474, "total_collapse_24": 0.21658676834353197, "raw_ratio_25_mon": 0.87734154477803439, "raw_ratio_25_fri": 0.82486528098537337, "collapse_25_mon": 0.12265845522196561, "collapse_25_fri": 0.13667896037512095, "total_collapse_25": 0.25933741559708656, "cumulative_collapse_score": 0.69492155206126405, "shock_rank": 77, "top100_affected": true }, "geometry": { "type": "Point", "coordinates": [ -0.21782991407451, 51.513460126230299, 0.0 ] } },
{ "type": "Feature", "properties": { "clean_name": "Parsons Green", "2019_Midweek": 22457, "2019_Friday": 22237, "2023_Monday": 17187.0, "2023_Midweek": 20101.0, "2023_Friday": 18327.0, "2024_Monday": 17294.0, "2024_Midweek": 20151.0, "2024_Friday": 17858.0, "2025_Monday": 16801.0, "2025_Midweek": 19645.0, "2025_Friday": 17931.0, "raw_ratio_19_mon": 1.0, "raw_ratio_19_fri": 0.99020350002226476, "raw_ratio_23_mon": 0.85503208795582308, "raw_ratio_23_fri": 0.91174568429431369, "collapse_23_mon": 0.14496791204417692, "collapse_23_fri": 0.079234031919890202, "total_collapse_23": 0.22420194396406712, "raw_ratio_24_mon": 0.85822043571038653, "raw_ratio_24_fri": 0.88620912113542749, "collapse_24_mon": 0.14177956428961347, "collapse_24_fri": 0.10502323904581123, "total_collapse_24": 0.2468028033354247, "raw_ratio_25_mon": 0.85523033850852637, "raw_ratio_25_fri": 0.91275133621786719, "collapse_25_mon": 0.14476966149147363, "collapse_25_fri": 0.078218430658603011, "total_collapse_25": 0.22298809215007664, "cumulative_collapse_score": 0.69399283944956847, "shock_rank": 78, "top100_affected": true }, "geometry": { "type": "Point", "coordinates": [ -0.20173953648515, 51.4749860987056, 0.0 ] } },
{ "type": "Feature", "properties": { "clean_name": "Queen's Park", "2019_Midweek": 17826, "2019_Friday": 17858, "2023_Monday": 13206.0, "2023_Midweek": 15337.0, "2023_Friday": 14205.0, "2024_Monday": 13951.0, "2024_Midweek": 16171.0, "2024_Friday": 14604.0, "2025_Monday": 14270.0, "2025_Midweek": 16601.0, "2025_Friday": 14991.0, "raw_ratio_19_mon": 1.0, "raw_ratio_19_fri": 1.0017951307079547, "raw_ratio_23_mon": 0.86105496511703727, "raw_ratio_23_fri": 0.92619156288713567, "collapse_23_mon": 0.13894503488296273, "collapse_23_fri": 0.075468092730088476, "total_collapse_23": 0.2144131276130512, "raw_ratio_24_mon": 0.86271720982004818, "raw_ratio_24_fri": 0.90309813864325028, "collapse_24_mon": 0.13728279017995182, "collapse_24_fri": 0.098520135544037379, "total_collapse_24": 0.2358029257239892, "raw_ratio_25_mon": 0.85958677188121202, "raw_ratio_25_fri": 0.90301789048852477, "collapse_25_mon": 0.14041322811878798, "collapse_25_fri": 0.098600239900971998, "total_collapse_25": 0.23901346801975998, "cumulative_collapse_score": 0.68922952135680038, "shock_rank": 79, "top100_affected": true }, "geometry": { "type": "Point", "coordinates": [ -0.205716929565442, 51.533980135144802, 0.0 ] } },
{ "type": "Feature", "properties": { "clean_name": "Hammersmith (DIS)", "2019_Midweek": 90053, "2019_Friday": 92013, "2023_Monday": 65765.0, "2023_Midweek": 70470.0, "2023_Friday": 65378.0, "2024_Monday": 62468.0, "2024_Midweek": 76309.0, "2024_Friday": 68966.0, "2025_Monday": 62020.0, "2025_Midweek": 72527.0, "2025_Friday": 67992.0, "raw_ratio_19_mon": 1.0, "raw_ratio_19_fri": 1.0217649606342931, "raw_ratio_23_mon": 0.93323400028380876, "raw_ratio_23_fri": 0.9277423016886619, "collapse_23_mon": 0.066765999716191238, "collapse_23_fri": 0.092019850521458113, "total_collapse_23": 0.15878585023764935, "raw_ratio_24_mon": 0.81861903576249195, "raw_ratio_24_fri": 0.90377281840936197, "collapse_24_mon": 0.18138096423750805, "collapse_24_fri": 0.1154787517392295, "total_collapse_24": 0.29685971597673755, "raw_ratio_25_mon": 0.855129813724544, "raw_ratio_25_fri": 0.93747156231472417, "collapse_25_mon": 0.144870186275456, "collapse_25_fri": 0.082497836163065497, "total_collapse_25": 0.2273680224385215, "cumulative_collapse_score": 0.6830135886529084, "shock_rank": 80, "top100_affected": true }, "geometry": { "type": "Point", "coordinates": [ -0.223018446935571, 51.4920004980521, 0.0 ] } },
{ "type": "Feature", "properties": { "clean_name": "Elm Park", "2019_Midweek": 10971, "2019_Friday": 10815, "2023_Monday": 8315.0, "2023_Midweek": 9582.0, "2023_Friday": 8257.0, "2024_Monday": 8325.0, "2024_Midweek": 9394.0, "2024_Friday": 8359.0, "2025_Monday": 8698.0, "2025_Midweek": 9837.0, "2025_Friday": 8808.0, "raw_ratio_19_mon": 1.0, "raw_ratio_19_fri": 0.98578069455838113, "raw_ratio_23_mon": 0.86777290753496139, "raw_ratio_23_fri": 0.86171989146316008, "collapse_23_mon": 0.13222709246503861, "collapse_23_fri": 0.12585030705110223, "total_collapse_23": 0.25807739951614084, "raw_ratio_24_mon": 0.88620395997445178, "raw_ratio_24_fri": 0.88982329146263572, "collapse_24_mon": 0.11379604002554822, "collapse_24_fri": 0.097341532072438564, "total_collapse_24": 0.21113757209798678, "raw_ratio_25_mon": 0.88421266646335261, "raw_ratio_25_fri": 0.89539493748093935, "collapse_25_mon": 0.11578733353664739, "collapse_25_fri": 0.09168951834457828, "total_collapse_25": 0.20747685188122567, "cumulative_collapse_score": 0.67669182349535328, "shock_rank": 81, "top100_affected": true }, "geometry": { "type": "Point", "coordinates": [ 0.198693956591701, 51.549721479820803, 0.0 ] } },
{ "type": "Feature", "properties": { "clean_name": "Finchley Central", "2019_Midweek": 29319, "2019_Friday": 28340, "2023_Monday": 19392.0, "2023_Midweek": 22772.0, "2023_Friday": 20455.0, "2024_Monday": 15510.0, "2024_Midweek": 17775.0, "2024_Friday": 15536.0, "2025_Monday": 15238.0, "2025_Midweek": 17294.0, "2025_Friday": 14856.0, "raw_ratio_19_mon": 1.0, "raw_ratio_19_fri": 0.96660868378866949, "raw_ratio_23_mon": 0.85157210609520462, "raw_ratio_23_fri": 0.89825223959248202, "collapse_23_mon": 0.14842789390479538, "collapse_23_fri": 0.070717804777276627, "total_collapse_23": 0.21914569868207201, "raw_ratio_24_mon": 0.87257383966244728, "raw_ratio_24_fri": 0.87403656821378339, "collapse_24_mon": 0.12742616033755272, "collapse_24_fri": 0.095770001995063025, "total_collapse_24": 0.22319616233261574, "raw_ratio_25_mon": 0.88111483751590147, "raw_ratio_25_fri": 0.85902625187926451, "collapse_25_mon": 0.11888516248409853, "collapse_25_fri": 0.11129884690020619, "total_collapse_25": 0.23018400938430472, "cumulative_collapse_score": 0.67252587039899248, "shock_rank": 82, "top100_affected": true }, "geometry": { "type": "Point", "coordinates": [ -0.19252922549939, 51.600934867932303, 0.0 ] } },
{ "type": "Feature", "properties": { "clean_name": "Hyde Park Corner", "2019_Midweek": 13201, "2019_Friday": 14622, "2023_Monday": 11266.0, "2023_Midweek": 12994.0, "2023_Friday": 12897.0, "2024_Monday": 9418.0, "2024_Midweek": 11011.0, "2024_Friday": 11475.0, "2025_Monday": 8783.0, "2025_Midweek": 9957.0, "2025_Friday": 9831.0, "raw_ratio_19_mon": 1.0, "raw_ratio_19_fri": 1.1076433603514886, "raw_ratio_23_mon": 0.86701554563644756, "raw_ratio_23_fri": 0.99253501616130524, "collapse_23_mon": 0.13298445436355244, "collapse_23_fri": 0.10392184732968202, "total_collapse_23": 0.23690630169323446, "raw_ratio_24_mon": 0.85532649169012809, "raw_ratio_24_fri": 1.0421396785033148, "collapse_24_mon": 0.14467350830987191, "collapse_24_fri": 0.059137881553668614, "total_collapse_24": 0.20381138986354053, "raw_ratio_25_mon": 0.88209299989956813, "raw_ratio_25_fri": 0.98734558601988553, "collapse_25_mon": 0.11790700010043187, "collapse_25_fri": 0.1086069565689709, "total_collapse_25": 0.22651395666940277, "cumulative_collapse_score": 0.66723164822617775, "shock_rank": 83, "top100_affected": true }, "geometry": { "type": "Point", "coordinates": [ -0.154124887061521, 51.502752855900603, 0.0 ] } },
{ "type": "Feature", "properties": { "clean_name": "Westminster", "2019_Midweek": 71460, "2019_Friday": 74187, "2023_Monday": 54632.0, "2023_Midweek": 63304.0, "2023_Friday": 60032.0, "2024_Monday": 57444.0, "2024_Midweek": 63576.0, "2024_Friday": 56335.0, "2025_Monday": 57279.0, "2025_Midweek": 61686.0, "2025_Friday": 56078.0, "raw_ratio_19_mon": 1.0, "raw_ratio_19_fri": 1.0381612090680101, "raw_ratio_23_mon": 0.86301023631997975, "raw_ratio_23_fri": 0.9483129028181474, "collapse_23_mon": 0.13698976368002025, "collapse_23_fri": 0.086545620723512129, "total_collapse_23": 0.22353538440353238, "raw_ratio_24_mon": 0.90354850887127214, "raw_ratio_24_fri": 0.88610481942871522, "collapse_24_mon": 0.096451491128727862, "collapse_24_fri": 0.14646703066068201, "total_collapse_24": 0.24291852178940987, "raw_ratio_25_mon": 0.92855753331388002, "raw_ratio_25_fri": 0.9090879616120352, "collapse_25_mon": 0.071442466686119976, "collapse_25_fri": 0.12432871342963014, "total_collapse_25": 0.19577118011575012, "cumulative_collapse_score": 0.66222508630869237, "shock_rank": 84, "top100_affected": true }, "geometry": { "type": "Point", "coordinates": [ -0.125633447749655, 51.500965591158803, 0.0 ] } },
{ "type": "Feature", "properties": { "clean_name": "South Ruislip", "2019_Midweek": 6505, "2019_Friday": 6423, "2023_Monday": 4696.0, "2023_Midweek": 5378.0, "2023_Friday": 4936.0, "2024_Monday": 4766.0, "2024_Midweek": 5530.0, "2024_Friday": 4813.0, "2025_Monday": 4609.0, "2025_Midweek": 5201.0, "2025_Friday": 4651.0, "raw_ratio_19_mon": 1.0, "raw_ratio_19_fri": 0.98739431206764028, "raw_ratio_23_mon": 0.87318705838601707, "raw_ratio_23_fri": 0.91781331349944217, "collapse_23_mon": 0.12681294161398293, "collapse_23_fri": 0.070469312733322242, "total_collapse_23": 0.19728225434730517, "raw_ratio_24_mon": 0.86184448462929475, "raw_ratio_24_fri": 0.8703435804701628, "collapse_24_mon": 0.13815551537070525, "collapse_24_fri": 0.11854507380376633, "total_collapse_24": 0.25670058917447158, "raw_ratio_25_mon": 0.88617573543549322, "raw_ratio_25_fri": 0.89425110555662368, "collapse_25_mon": 0.11382426456450678, "collapse_25_fri": 0.094332330430353828, "total_collapse_25": 0.20815659499486061, "cumulative_collapse_score": 0.66213943851663737, "shock_rank": 85, "top100_affected": true }, "geometry": { "type": "Point", "coordinates": [ -0.398845328625941, 51.556861433018, 0.0 ] } },
{ "type": "Feature", "properties": { "clean_name": "Regent's Park", "2019_Midweek": 13604, "2019_Friday": 13118, "2023_Monday": 7027.0, "2023_Midweek": 8370.0, "2023_Friday": 7643.0, "2024_Monday": 6752.0, "2024_Midweek": 8257.0, "2024_Friday": 7642.0, "2025_Monday": 6790.0, "2025_Midweek": 8106.0, "2025_Friday": 7329.0, "raw_ratio_19_mon": 1.0, "raw_ratio_19_fri": 0.96427521317259635, "raw_ratio_23_mon": 0.83954599761051374, "raw_ratio_23_fri": 0.91314217443249701, "collapse_23_mon": 0.16045400238948626, "collapse_23_fri": 0.05302743246076469, "total_collapse_23": 0.21348143485025095, "raw_ratio_24_mon": 0.81773041056073636, "raw_ratio_24_fri": 0.92551774252149688, "collapse_24_mon": 0.18226958943926364, "collapse_24_fri": 0.040193370234605674, "total_collapse_24": 0.22246295967386931, "raw_ratio_25_mon": 0.8376511226252159, "raw_ratio_25_fri": 0.90414507772020725, "collapse_25_mon": 0.1623488773747841, "collapse_25_fri": 0.062357856585935401, "total_collapse_25": 0.2247067339607195, "cumulative_collapse_score": 0.66065112848483976, "shock_rank": 86, "top100_affected": true }, "geometry": { "type": "Point", "coordinates": [ -0.146287770475268, 51.523280148878698, 0.0 ] } },
{ "type": "Feature", "properties": { "clean_name": "West Ruislip", "2019_Midweek": 5098, "2019_Friday": 4820, "2023_Monday": 3665.0, "2023_Midweek": 4191.0, "2023_Friday": 3732.0, "2024_Monday": 4280.0, "2024_Midweek": 5099.0, "2024_Friday": 4355.0, "2025_Monday": 4248.0, "2025_Midweek": 4891.0, "2025_Friday": 4218.0, "raw_ratio_19_mon": 1.0, "raw_ratio_19_fri": 0.94546881129854843, "raw_ratio_23_mon": 0.87449296110713437, "raw_ratio_23_fri": 0.89047959914101649, "collapse_23_mon": 0.12550703889286563, "collapse_23_fri": 0.058160789124294121, "total_collapse_23": 0.18366782801715975, "raw_ratio_24_mon": 0.83938027064130216, "raw_ratio_24_fri": 0.85408903706609141, "collapse_24_mon": 0.16061972935869784, "collapse_24_fri": 0.096650225941300016, "total_collapse_24": 0.25726995529999785, "raw_ratio_25_mon": 0.8685340421181762, "raw_ratio_25_fri": 0.86240032713146597, "collapse_25_mon": 0.1314659578818238, "collapse_25_fri": 0.087859571013233717, "total_collapse_25": 0.21932552889505752, "cumulative_collapse_score": 0.66026331221221513, "shock_rank": 87, "top100_affected": true }, "geometry": { "type": "Point", "coordinates": [ -0.437626140162556, 51.569631031310102, 0.0 ] } },
{ "type": "Feature", "properties": { "clean_name": "West Hampstead", "2019_Midweek": 34251, "2019_Friday": 34751, "2023_Monday": 22632.0, "2023_Midweek": 26220.0, "2023_Friday": 24394.0, "2024_Monday": 24214.0, "2024_Midweek": 28248.0, "2024_Friday": 25963.0, "2025_Monday": 24659.0, "2025_Midweek": 27871.0, "2025_Friday": 25891.0, "raw_ratio_19_mon": 1.0, "raw_ratio_19_fri": 1.014598113923681, "raw_ratio_23_mon": 0.86315789473684212, "raw_ratio_23_fri": 0.93035850495804728, "collapse_23_mon": 0.13684210526315788, "collapse_23_fri": 0.08302756314010884, "total_collapse_23": 0.21986966840326672, "raw_ratio_24_mon": 0.85719342962333611, "raw_ratio_24_fri": 0.91910931747380342, "collapse_24_mon": 0.14280657037666389, "collapse_24_fri": 0.094114896469303266, "total_collapse_24": 0.23692146684596715, "raw_ratio_25_mon": 0.88475476301532063, "raw_ratio_25_fri": 0.92895841555738945, "collapse_25_mon": 0.11524523698467937, "collapse_25_fri": 0.084407507949234684, "total_collapse_25": 0.19965274493391405, "cumulative_collapse_score": 0.65644388018314792, "shock_rank": 88, "top100_affected": true }, "geometry": { "type": "Point", "coordinates": [ -0.190144437494366, 51.546804134291797, 0.0 ] } },
{ "type": "Feature", "properties": { "clean_name": "Hammersmith (H&C)", "2019_Midweek": 33861, "2019_Friday": 33935, "2023_Monday": 26996.0, "2023_Midweek": 30747.0, "2023_Friday": 27759.0, "2024_Monday": 29300.0, "2024_Midweek": 33593.0, "2024_Friday": 30342.0, "2025_Monday": 30782.0, "2025_Midweek": 34602.0, "2025_Friday": 31414.0, "raw_ratio_19_mon": 1.0, "raw_ratio_19_fri": 1.0021854050382446, "raw_ratio_23_mon": 0.87800435814876243, "raw_ratio_23_fri": 0.90281978729632162, "collapse_23_mon": 0.12199564185123757, "collapse_23_fri": 0.099148937155127626, "total_collapse_23": 0.22114457900636519, "raw_ratio_24_mon": 0.87220551900693599, "raw_ratio_24_fri": 0.90322388592861613, "collapse_24_mon": 0.12779448099306401, "collapse_24_fri": 0.098745719716255453, "total_collapse_24": 0.22654020070931946, "raw_ratio_25_mon": 0.88960175712386569, "raw_ratio_25_fri": 0.90786659730651409, "collapse_25_mon": 0.11039824287613431, "collapse_25_fri": 0.094113132417979251, "total_collapse_25": 0.20451137529411356, "cumulative_collapse_score": 0.65219615500979822, "shock_rank": 89, "top100_affected": true }, "geometry": { "type": "Point", "coordinates": [ -0.224905917275528, 51.493785004491698, 0.0 ] } },
{ "type": "Feature", "properties": { "clean_name": "Barons Court", "2019_Midweek": 22941, "2019_Friday": 22379, "2023_Monday": 16561.0, "2023_Midweek": 19191.0, "2023_Friday": 17519.0, "2024_Monday": 17442.0, "2024_Midweek": 20199.0, "2024_Friday": 18205.0, "2025_Monday": 17496.0, "2025_Midweek": 20107.0, "2025_Friday": 17552.0, "raw_ratio_19_mon": 1.0, "raw_ratio_19_fri": 0.97550237565929998, "raw_ratio_23_mon": 0.86295659423688187, "raw_ratio_23_fri": 0.91287582721067162, "collapse_23_mon": 0.13704340576311813, "collapse_23_fri": 0.064199278250144487, "total_collapse_23": 0.20124268401326262, "raw_ratio_24_mon": 0.86350809446012178, "raw_ratio_24_fri": 0.90128224169513338, "collapse_24_mon": 0.13649190553987822, "collapse_24_fri": 0.076084011496132309, "total_collapse_24": 0.21257591703601053, "raw_ratio_25_mon": 0.87014472571741186, "raw_ratio_25_fri": 0.8729298254339285, "collapse_25_mon": 0.12985527428258814, "collapse_25_fri": 0.10514843713839972, "total_collapse_25": 0.23500371142098786, "cumulative_collapse_score": 0.64882231247026101, "shock_rank": 90, "top100_affected": true }, "geometry": { "type": "Point", "coordinates": [ -0.214660488067239, 51.490299337442401, 0.0 ] } },
{ "type": "Feature", "properties": { "clean_name": "Marble Arch", "2019_Midweek": 37494, "2019_Friday": 40353, "2023_Monday": 24847.0, "2023_Midweek": 28205.0, "2023_Friday": 27768.0, "2024_Monday": 24869.0, "2024_Midweek": 28658.0, "2024_Friday": 28168.0, "2025_Monday": 23434.0, "2025_Midweek": 26879.0, "2025_Friday": 26151.0, "raw_ratio_19_mon": 1.0, "raw_ratio_19_fri": 1.0762522003520563, "raw_ratio_23_mon": 0.8809430951958872, "raw_ratio_23_fri": 0.98450629321042371, "collapse_23_mon": 0.1190569048041128, "collapse_23_fri": 0.085245732470160096, "total_collapse_23": 0.20430263727427289, "raw_ratio_24_mon": 0.86778560960290319, "raw_ratio_24_fri": 0.98290180752320466, "collapse_24_mon": 0.13221439039709681, "collapse_24_fri": 0.086736540746040203, "total_collapse_24": 0.21895093114313702, "raw_ratio_25_mon": 0.87183302950258568, "raw_ratio_25_fri": 0.97291565906469735, "collapse_25_mon": 0.12816697049741432, "collapse_25_fri": 0.096015173073333737, "total_collapse_25": 0.22418214357074806, "cumulative_collapse_score": 0.64743571198815797, "shock_rank": 91, "top100_affected": true }, "geometry": { "type": "Point", "coordinates": [ -0.157334022942238, 51.513601298245597, 0.0 ] } },
{ "type": "Feature", "properties": { "clean_name": "Shepherd's Bush Market", "2019_Midweek": 10617, "2019_Friday": 11338, "2023_Monday": 8892.0, "2023_Midweek": 10860.0, "2023_Friday": 10875.0, "2024_Monday": 9648.0, "2024_Midweek": 10929.0, "2024_Friday": 10558.0, "2025_Monday": 9623.0, "2025_Midweek": 11093.0, "2025_Friday": 11161.0, "raw_ratio_19_mon": 1.0, "raw_ratio_19_fri": 1.0679099557313743, "raw_ratio_23_mon": 0.81878453038674037, "raw_ratio_23_fri": 1.0013812154696133, "collapse_23_mon": 0.18121546961325963, "collapse_23_fri": 0.062298080380941534, "total_collapse_23": 0.24351354999420116, "raw_ratio_24_mon": 0.88278891023881412, "raw_ratio_24_fri": 0.9660536188123342, "collapse_24_mon": 0.11721108976118588, "collapse_24_fri": 0.095379143505860631, "total_collapse_24": 0.21259023326704651, "raw_ratio_25_mon": 0.86748399891823669, "raw_ratio_25_fri": 1.0061299918867754, "collapse_25_mon": 0.13251600108176331, "collapse_25_fri": 0.057851285600467928, "total_collapse_25": 0.19036728668223124, "cumulative_collapse_score": 0.64647106994347892, "shock_rank": 92, "top100_affected": true }, "geometry": { "type": "Point", "coordinates": [ -0.226272239161867, 51.506091811563302, 0.0 ] } },
{ "type": "Feature", "properties": { "clean_name": "Kennington", "2019_Midweek": 17506, "2019_Friday": 18676, "2023_Monday": 12731.0, "2023_Midweek": 15279.0, "2023_Friday": 15612.0, "2024_Monday": 13341.0, "2024_Midweek": 15617.0, "2024_Friday": 15634.0, "2025_Monday": 12777.0, "2025_Midweek": 15075.0, "2025_Friday": 14862.0, "raw_ratio_19_mon": 1.0, "raw_ratio_19_fri": 1.0668342282645951, "raw_ratio_23_mon": 0.83323515936906867, "raw_ratio_23_fri": 1.0217946200667583, "collapse_23_mon": 0.16676484063093133, "collapse_23_fri": 0.042218000702041736, "total_collapse_23": 0.20898284133297307, "raw_ratio_24_mon": 0.85426138182749567, "raw_ratio_24_fri": 1.0010885573413588, "collapse_24_mon": 0.14573861817250433, "collapse_24_fri": 0.061626885584823987, "total_collapse_24": 0.20736550375732832, "raw_ratio_25_mon": 0.84756218905472636, "raw_ratio_25_fri": 0.9858706467661692, "collapse_25_mon": 0.15243781094527364, "collapse_25_fri": 0.075891435945140473, "total_collapse_25": 0.22832924689041412, "cumulative_collapse_score": 0.6446775919807155, "shock_rank": 93, "top100_affected": true }, "geometry": { "type": "Point", "coordinates": [ -0.105940029542131, 51.488341112166999, 0.0 ] } },
{ "type": "Feature", "properties": { "clean_name": "East Putney", "2019_Midweek": 21755, "2019_Friday": 21395, "2023_Monday": 17866.0, "2023_Midweek": 20325.0, "2023_Friday": 18674.0, "2024_Monday": 17987.0, "2024_Midweek": 20804.0, "2024_Friday": 18860.0, "2025_Monday": 17453.0, "2025_Midweek": 20332.0, "2025_Friday": 17966.0, "raw_ratio_19_mon": 1.0, "raw_ratio_19_fri": 0.98345207998161344, "raw_ratio_23_mon": 0.87901599015990162, "raw_ratio_23_fri": 0.91876998769987694, "collapse_23_mon": 0.12098400984009838, "collapse_23_fri": 0.065770456536068167, "total_collapse_23": 0.18675446637616655, "raw_ratio_24_mon": 0.86459334743318594, "raw_ratio_24_fri": 0.90655643145548936, "collapse_24_mon": 0.13540665256681406, "collapse_24_fri": 0.078189522490573982, "total_collapse_24": 0.21359617505738804, "raw_ratio_25_mon": 0.85840055085579381, "raw_ratio_25_fri": 0.88363171355498726, "collapse_25_mon": 0.14159944914420619, "collapse_25_fri": 0.10149997997715599, "total_collapse_25": 0.24309942912136218, "cumulative_collapse_score": 0.64345007055491676, "shock_rank": 94, "top100_affected": true }, "geometry": { "type": "Point", "coordinates": [ -0.21103973778595, 51.459149858838401, 0.0 ] } },
{ "type": "Feature", "properties": { "clean_name": "Arsenal", "2019_Midweek": 8711, "2019_Friday": 9142, "2023_Monday": 6120.0, "2023_Midweek": 7380.0, "2023_Friday": 7078.0, "2024_Monday": 6188.0, "2024_Midweek": 7275.0, "2024_Friday": 7069.0, "2025_Monday": 6146.0, "2025_Midweek": 6914.0, "2025_Friday": 6889.0, "raw_ratio_19_mon": 1.0, "raw_ratio_19_fri": 1.0494776719090804, "raw_ratio_23_mon": 0.82926829268292679, "raw_ratio_23_fri": 0.95907859078590785, "collapse_23_mon": 0.17073170731707321, "collapse_23_fri": 0.086137212389406637, "total_collapse_23": 0.25686891970647985, "raw_ratio_24_mon": 0.8505841924398625, "raw_ratio_24_fri": 0.97168384879725089, "collapse_24_mon": 0.1494158075601375, "collapse_24_fri": 0.074126229832328416, "total_collapse_24": 0.22354203739246592, "raw_ratio_25_mon": 0.88892102979461962, "raw_ratio_25_fri": 0.99638414810529363, "collapse_25_mon": 0.11107897020538038, "collapse_25_fri": 0.050590427242921288, "total_collapse_25": 0.16166939744830167, "cumulative_collapse_score": 0.64208035454724743, "shock_rank": 95, "top100_affected": true }, "geometry": { "type": "Point", "coordinates": [ -0.107258995220346, 51.558618263065199, 0.0 ] } },
{ "type": "Feature", "properties": { "clean_name": "Chesham", "2019_Midweek": 4100, "2019_Friday": 3788, "2023_Monday": 3071.0, "2023_Midweek": 3614.0, "2023_Friday": 3164.0, "2024_Monday": 3238.0, "2024_Midweek": 3664.0, "2024_Friday": 3081.0, "2025_Monday": 3318.0, "2025_Midweek": 3830.0, "2025_Friday": 3198.0, "raw_ratio_19_mon": 1.0, "raw_ratio_19_fri": 0.92390243902439029, "raw_ratio_23_mon": 0.8497509684560044, "raw_ratio_23_fri": 0.87548422800221359, "collapse_23_mon": 0.1502490315439956, "collapse_23_fri": 0.052406194612176438, "total_collapse_23": 0.20265522615617204, "raw_ratio_24_mon": 0.88373362445414849, "raw_ratio_24_fri": 0.84088427947598254, "collapse_24_mon": 0.11626637554585151, "collapse_24_fri": 0.089855980503820376, "total_collapse_24": 0.20612235604967188, "raw_ratio_25_mon": 0.86631853785900781, "raw_ratio_25_fri": 0.83498694516971284, "collapse_25_mon": 0.13368146214099219, "collapse_25_fri": 0.096239050898674128, "total_collapse_25": 0.22992051303966632, "cumulative_collapse_score": 0.63869809524551024, "shock_rank": 96, "top100_affected": true }, "geometry": { "type": "Point", "coordinates": [ -0.610957106041938, 51.705226713482098, 0.0 ] } },
{ "type": "Feature", "properties": { "clean_name": "Chigwell", "2019_Midweek": 1889, "2019_Friday": 1780, "2023_Monday": 1127.0, "2023_Midweek": 1309.0, "2023_Friday": 1094.0, "2024_Monday": 1006.0, "2024_Midweek": 1131.0, "2024_Friday": 961.0, "2025_Monday": 1088.0, "2025_Midweek": 1192.0, "2025_Friday": 1023.0, "raw_ratio_19_mon": 1.0, "raw_ratio_19_fri": 0.94229751191106403, "raw_ratio_23_mon": 0.86096256684491979, "raw_ratio_23_fri": 0.83575248281130632, "collapse_23_mon": 0.13903743315508021, "collapse_23_fri": 0.11306941571316986, "total_collapse_23": 0.25210684886825008, "raw_ratio_24_mon": 0.88947833775419982, "raw_ratio_24_fri": 0.84969053934571181, "collapse_24_mon": 0.11052166224580018, "collapse_24_fri": 0.098277848975253046, "total_collapse_24": 0.20879951122105322, "raw_ratio_25_mon": 0.91275167785234901, "raw_ratio_25_fri": 0.85822147651006708, "collapse_25_mon": 0.087248322147650992, "collapse_25_fri": 0.089224511726114231, "total_collapse_25": 0.17647283387376522, "cumulative_collapse_score": 0.63737919396306852, "shock_rank": 97, "top100_affected": true }, "geometry": { "type": "Point", "coordinates": [ 0.075621709630792, 51.617654526478297, 0.0 ] } },
{ "type": "Feature", "properties": { "clean_name": "Clapham North", "2019_Midweek": 18878, "2019_Friday": 21299, "2023_Monday": 14027.0, "2023_Midweek": 16865.0, "2023_Friday": 18019.0, "2024_Monday": 13507.0, "2024_Midweek": 16000.0, "2024_Friday": 17147.0, "2025_Monday": 12917.0, "2025_Midweek": 15334.0, "2025_Friday": 16447.0, "raw_ratio_19_mon": 1.0, "raw_ratio_19_fri": 1.1282445174276936, "raw_ratio_23_mon": 0.83172250222353983, "raw_ratio_23_fri": 1.0684257337681589, "collapse_23_mon": 0.16827749777646017, "collapse_23_fri": 0.053019343533719732, "total_collapse_23": 0.2212968413101799, "raw_ratio_24_mon": 0.8441875, "raw_ratio_24_fri": 1.0716875, "collapse_24_mon": 0.1558125, "collapse_24_fri": 0.050128333489835253, "total_collapse_24": 0.20594083348983527, "raw_ratio_25_mon": 0.84237641841659061, "raw_ratio_25_fri": 1.0725838007043171, "collapse_25_mon": 0.15762358158340939, "collapse_25_fri": 0.049333912874026997, "total_collapse_25": 0.20695749445743639, "cumulative_collapse_score": 0.63419516925745156, "shock_rank": 98, "top100_affected": true }, "geometry": { "type": "Point", "coordinates": [ -0.129333403541793, 51.465730368079797, 0.0 ] } },
{ "type": "Feature", "properties": { "clean_name": "Warwick Avenue", "2019_Midweek": 12958, "2019_Friday": 13366, "2023_Monday": 9035.0, "2023_Midweek": 10505.0, "2023_Friday": 9878.0, "2024_Monday": 9099.0, "2024_Midweek": 10337.0, "2024_Friday": 10018.0, "2025_Monday": 8983.0, "2025_Midweek": 10324.0, "2025_Friday": 9714.0, "raw_ratio_19_mon": 1.0, "raw_ratio_19_fri": 1.0314863404846426, "raw_ratio_23_mon": 0.86006663493574487, "raw_ratio_23_fri": 0.9403141361256544, "collapse_23_mon": 0.13993336506425513, "collapse_23_fri": 0.088389153380500463, "total_collapse_23": 0.2283225184447556, "raw_ratio_24_mon": 0.88023604527425747, "raw_ratio_24_fri": 0.96913998258682399, "collapse_24_mon": 0.11976395472574253, "collapse_24_fri": 0.060443222029023969, "total_collapse_24": 0.1802071767547665, "raw_ratio_25_mon": 0.87010848508330108, "raw_ratio_25_fri": 0.94091437427353741, "collapse_25_mon": 0.12989151491669892, "collapse_25_fri": 0.087807237630068924, "total_collapse_25": 0.21769875254676785, "cumulative_collapse_score": 0.62622844774628994, "shock_rank": 99, "top100_affected": true }, "geometry": { "type": "Point", "coordinates": [ -0.183581995971193, 51.523200576386301, 0.0 ] } },
{ "type": "Feature", "properties": { "clean_name": "Ruislip Gardens", "2019_Midweek": 3776, "2019_Friday": 3506, "2023_Monday": 2486.0, "2023_Midweek": 2924.0, "2023_Friday": 2668.0, "2024_Monday": 2550.0, "2024_Midweek": 3037.0, "2024_Friday": 2660.0, "2025_Monday": 2505.0, "2025_Midweek": 3022.0, "2025_Friday": 2611.0, "raw_ratio_19_mon": 1.0, "raw_ratio_19_fri": 0.9284957627118644, "raw_ratio_23_mon": 0.85020519835841313, "raw_ratio_23_fri": 0.91244870041039672, "collapse_23_mon": 0.14979480164158687, "collapse_23_fri": 0.017282860025767843, "total_collapse_23": 0.16707766166735472, "raw_ratio_24_mon": 0.83964438590714519, "raw_ratio_24_fri": 0.87586433980902201, "collapse_24_mon": 0.16035561409285481, "collapse_24_fri": 0.056684612915326005, "total_collapse_24": 0.21704022700818082, "raw_ratio_25_mon": 0.82892124420913305, "raw_ratio_25_fri": 0.86399735274652545, "collapse_25_mon": 0.17107875579086695, "collapse_25_fri": 0.069465486602715343, "total_collapse_25": 0.2405442423935823, "cumulative_collapse_score": 0.62466213106911783, "shock_rank": 100, "top100_affected": true }, "geometry": { "type": "Point", "coordinates": [ -0.410696109804698, 51.560776885119999, 0.0 ] } }
]
}
