year,MSOA21CD,MSOA21NM,study_submarket,n_quarters,office_units,office_total_floor_area,office_median_floor_area,office_p25_floor_area,office_p75_floor_area,office_small_unit_share,office_large_unit_share,office_large_floor_share,office_total_rateable_value,office_vacancy_proxy,office_units_2019,office_total_floor_area_2019,office_median_floor_area_2019,office_small_unit_share_2019,office_large_unit_share_2019,office_large_floor_share_2019,office_total_rateable_value_2019,office_vacancy_proxy_2019,office_unit_log_change,office_median_size_log_change,office_floor_log_change,office_value_log_change,office_vacancy_proxy_change,small_unit_share_change,large_unit_share_change,large_floor_share_change,log_office_floor_area_2019,z_office_unit_log_change,z_office_median_size_log_change,z_small_unit_share_change,z_large_unit_share_change,fragmentation_index_raw,fragmentation_z,persistent_large_raw,persistent_large_z
2023,E02000001,City of London 001,City,4,13425.25,5784266.75,42.9975,16.799374999999998,237.471875,0.6393256729284573,0.0814299915048542,0.7120578640173096,1918847171.25,0.15771767964501382,14126.75,6144955.77,49.6425,0.6067834234067262,0.09555126436062854,0.7097383758713672,1895141170.0,0.18472161773811954,-0.05093290096813993,-0.14370534721054004,-0.06048994287429296,0.012431242265885982,-0.027003938093105723,0.032542249521731126,-0.014121272855774344,0.0023194881459424055,15.631142265969732,-0.12124912822093468,0.006699526922245898,0.029049176230504736,0.2615488445380771,0.044012104867473256,0.03800538076330424,0.7074188877254248,1.305340164565937
2023,E02000174,Camden 009,Tech Belt & Midtown,4,42.25,6469.9974999999995,72.6,25.589374999999997,197.715625,0.5668720190779014,0.0,0.0,1753462.5,0.3754799836601307,44.25,6892.4175,77.8875,0.6154761904761905,0.0,0.0,1798102.5,0.46898496240601506,-0.0462510176507557,-0.07030055603959005,-0.06324617219810821,-0.025139537641388463,-0.09350497874588437,-0.0486041713982891,0.0,0.0,8.83832224974432,-0.09867775796257763,-0.17014742272678035,-0.9925182294519819,-0.2024671447017748,-0.36595263871077865,-0.4933981138226056,0.0,-1.2278141834160115
2023,E02000177,Camden 012,Tech Belt & Midtown,4,37.5,3818.3675000000003,107.92,68.68625,143.38125,0.43678160919540227,0.0,0.0,1245187.5,0.3856548856548857,33.75,2977.8224999999998,102.71000000000001,0.46576923076923077,0.0,0.0,950225.0,0.4180926916221034,0.10536051565782635,0.04948072872178736,0.24863064653040323,0.27034260131185617,-0.03243780596721768,-0.028987621573828504,0.0,0.0,7.999283367185162,0.6322417933724079,-0.45872470081968714,-0.7455618303229684,-0.2024671447017748,-0.19362797061800557,-0.27002785513015903,0.0,-1.2278141834160115
2023,E02000180,Camden 015,Tech Belt & Midtown,4,55.5,6362.0925,65.745,26.02,192.85,0.5975670307845085,0.0,0.0,1621162.5,0.19645812644819594,35.75,6075.657499999999,100.2875,0.48863636363636365,0.0,0.0,1580537.5,0.11363636363636365,0.4398327516123722,-0.422257438540892,0.04606711885146362,0.025378505429588725,0.08282176281183229,0.10893066714814481,0.0,0.0,8.712210070500992,2.244733213403892,0.6777877063764615,0.9907171923186051,-0.2024671447017748,0.927692741849296,1.1834477290280894,0.0,-1.2278141834160115
2023,E02000183,Camden 018,Tech Belt & Midtown,4,264.75,57361.795,54.4325,23.0,184.45,0.6245232201762749,0.0547872673029366,0.43765040956921497,20157717.5,0.18383193451367835,266.75,54332.3425,57.34,0.6223232339787014,0.052758006948527045,0.4463696413421927,18264975.0,0.17553667929370392,-0.007525905700346911,-0.052037058510886955,0.05425881361005806,0.09860192603906787,0.008295255219974429,0.0021999861975735557,0.0020292603544095553,-0.008719231772977731,10.902893359832431,0.08801609595801763,-0.21414787251147893,-0.35293522770451957,-0.26914734133798157,-0.1870535863989906,-0.2615060229398059,0.43765040956921497,0.33934221731418746
2023,E02000184,Camden 019,Tech Belt & Midtown,4,284.25,58788.4225,63.35,21.38875,190.1,0.6066893150214407,0.03645123895087669,0.3957553185829707,19784931.25,0.19202486957374643,245.75,62028.64249999999,85.47250000000001,0.5436295592960926,0.05468434410026214,0.46258155342487584,18810237.5,0.18224620997509278,0.14553937360336952,-0.29951978001225493,-0.05365131491410921,0.05051933048080765,0.00977865959865365,0.06305975572534817,-0.018233105149385455,-0.06682623484190514,11.035367654610235,0.8259441600844144,0.3820879274982221,0.41323974541230174,0.3966610223704135,0.504483213841338,0.6348761124481979,0.3957553185829707,0.18932257021070825
2023,E02000186,Camden 021,Tech Belt & Midtown,4,554.0,310624.9325,67.41125,17.154375,277.2425,0.5848936863786701,0.0893949401038025,0.7526457707518988,93294686.25,0.2691297073810099,684.75,412036.01,66.1825,0.5678987437275309,0.11337983522170542,0.7572569480332187,121919522.5,0.20929672572507582,-0.21188912139590368,0.018395840393215474,-0.28252456889568917,-0.26759802257285475,0.059832981655934064,0.01699494265113921,-0.023984895117902916,-0.004611177281319989,12.92886845439427,-0.8972194376840388,-0.3838349341791671,-0.16667876549590066,0.5856611599217628,-0.21551799435933597,-0.29840208802438634,0.7526457707518988,1.467290428224505
2023,E02000187,Camden 022,Tech Belt & Midtown,4,388.25,297139.20749999996,37.37,17.725,205.446875,0.690335976570749,0.0963099686823759,0.8598445930694245,161351918.75,0.2133476198288355,424.0,192987.305,41.64625,0.6690928780214495,0.08065992649325983,0.7419901431309588,112090637.5,0.059529338317408385,-0.08808399320316132,-0.10834308504756826,0.43157633157329917,0.3642800028663896,0.1538182815114271,0.02124309854929951,0.015650042189116073,0.11785444993846572,12.170384870196097,-0.30035462946771485,-0.07849529614654648,-0.1131979397168345,-0.7167175159109574,-0.30219134531051334,-0.41074960644979763,0.6241356931924931,1.0071163116189863
2023,E02000188,Camden 023,Tech Belt & Midtown,4,141.75,56845.875,145.52749999999997,42.79625,476.010625,0.3963491010904804,0.0799255820807545,0.5001041704663277,18317990.0,0.35955539091882105,233.5,95736.405,127.05250000000001,0.43229689173447644,0.07691654265024239,0.5539510096555204,27137385.0,0.590796761521319,-0.4991171345010905,0.13576468532409158,-0.5212549754485897,-0.3930286604474209,-0.23124137060249794,-0.03594779064399606,0.003009039430512103,-0.05384683918919264,11.469364357920712,-2.2819463505263533,-0.6666001580664784,-0.8331846950101319,-0.30134225477656207,-1.0207683645948813,-1.3421817482577516,0.5001041704663277,0.5629791864556607
2023,E02000191,Camden 026,West End,4,959.0,194797.9525,52.167500000000004,22.6625,163.84875,0.6557072487022115,0.03423941964511925,0.41307299031145456,84187652.5,0.20666468339083435,946.25,250453.13,67.65,0.5877065174587179,0.04748293280820794,0.4939227459763878,92626617.5,0.19654500200978983,0.013384270131779693,-0.2598876589913943,-0.2513089168571159,-0.09552828075000996,0.01011968138104452,0.0680007312434936,-0.013243513163088687,-0.08084975566493324,12.431031068967227,0.18882410181365458,0.28660615309554527,0.47544260641818,0.232706222752049,0.2958947710198572,0.3645001126046633,0.41307299031145456,0.2513343940354629
2023,E02000192,Camden 027,Tech Belt & Midtown,4,2096.75,373020.3875,42.31875,17.18625,141.055,0.694220410727859,0.03657555609241504,0.4540914858227465,136054000.0,0.2476221755819711,2186.75,430928.7125,49.4725,0.660554367981539,0.04326815013239502,0.482893718797427,127988465.0,0.2381707142135909,-0.04202789643544335,-0.15618670938910306,-0.1443095998645469,0.06111172308126718,0.00945146136838021,0.03366604274632001,-0.006692594039979974,-0.028802232974680486,12.973700275740484,-0.07831808085511953,0.03676964623643492,0.043196818430255614,0.017447212577440512,0.00477389909725288,-0.012855870098371702,0.4540914858227465,0.3982150923812456
2023,E02000193,Camden 028,Tech Belt & Midtown,4,3013.0,683319.4625,43.81375,16.588125,182.31875,0.6601264557436157,0.048149886513711895,0.5138241250910971,282405271.25,0.278332644752531,2916.75,783376.305,62.82125,0.6005761990281834,0.06068012743837963,0.5178560152770787,258475490.0,0.2154377727532202,0.03246627742633485,-0.360345696975865,-0.13665068993445545,0.08854229813875762,0.06289487199931079,0.05955025671543235,-0.012530240924667736,-0.004031890185981601,13.57136972991933,0.28081850293826666,0.5286298316849402,0.36905800876690364,0.20926855345066703,0.3469437242101944,0.4306706615243652,0.5138241250910971,0.6121081584337728
2023,E02000369,Hackney 025,Tech Belt & Midtown,4,171.25,22655.265,97.27625,54.5575,163.71437500000002,0.5179870358345177,0.007193977001423391,0.06179499848328639,6485538.75,,131.5,18421.6125,87.125,0.5706909548195619,0.015262946366870103,0.1217033655858789,4039275.0,,0.2641176255245155,0.11021099987441875,0.2068677075354683,0.47350967022429336,,-0.05270391898504423,-0.008068969365446713,-0.05990836710259251,9.821334129285557,1.3976101857546717,-0.6050361749534283,-1.0441307153591843,0.06267402497138254,-0.04722066989663962,-0.08025214281607378,0.06179499848328639,-1.0065361375402668
2023,E02000370,Hackney 026,Tech Belt & Midtown,4,263.75,81013.97,143.8325,72.699375,250.548125,0.366582343413007,0.02858686874924326,0.42136565290801675,22619368.75,0.0,255.5,89057.6,157.3175,0.32910265006124073,0.03637422240489342,0.45336386467615575,19029125.0,0.0,0.0317792751465171,-0.08961662816429285,-0.09466174246843985,0.17283586335944276,0.0,0.03747969335176626,-0.007787353655650163,-0.031998211768138995,11.397049859012636,0.2775064633646778,-0.12361110840774779,0.09120757615702042,0.053420312965294134,0.07463081101981114,0.07769388496743648,0.42136565290801675,0.28102909780619717
2023,E02000566,Islington 013,Tech Belt & Midtown,4,19.75,6807.11,143.81125,83.799375,327.149375,0.3050239234449761,0.15251196172248804,0.5634378706981027,1379262.5,0.2134502923976608,20.0,7528.3550000000005,141.0075,0.3,0.15,0.5377934781268698,1785150.0,0.13333333333333333,-0.012578782206860073,0.019688595431798583,-0.10070890427998988,-0.2579535092885844,0.08011695906432748,0.005023923444976097,0.0025119617224880486,0.025644392571232855,8.92656465975462,0.06365616668024526,-0.38694944185053154,-0.317384155766516,-0.2850085993919808,-0.23142150758219576,-0.31901650093476824,0.512149085555637,0.6061101086843019
2023,E02000569,Islington 016,Tech Belt & Midtown,4,39.0,11221.3325,62.224999999999994,35.61875,93.28999999999999,0.756578947368421,0.05156831472620946,0.7258875801023473,2487293.75,0.05302519118308592,37.25,11656.527500000002,68.71499999999999,0.6774436090225564,0.0537593984962406,0.6982843855882515,2651150.0,0.0,0.04590970130407795,-0.09921066775315941,-0.0380496693473928,-0.06379823608774801,0.05302519118308592,0.07913533834586461,-0.0021910837700311395,0.027603194514095875,9.363707387676047,0.34562928042131325,-0.10049713166266427,0.6156182489406539,-0.13046953418590376,0.18257021587834976,0.21760683563901614,0.6706811910741556,1.1737883250239805
2023,E02000570,Islington 017,Tech Belt & Midtown,4,36.0,6154.825,97.04375000000002,74.64,179.90625,0.5339635854341737,0.0,0.0,1567487.5,0.09996025437201908,40.25,6639.637500000001,95.30625,0.5462276117122074,0.0,0.0,1612900.0,0.05474165676371559,-0.11159106540846235,0.018066516866157765,-0.07582104156132949,-0.028559781929516147,0.04521859760830349,-0.01226402627803369,0.0,0.0,8.800963246898052,-0.4136822787206702,-0.3830415273690832,-0.5350253745395691,-0.2024671447017748,-0.3835540813327743,-0.516213412614992,0.0,-1.2278141834160115
2023,E02000571,Islington 018,Tech Belt & Midtown,4,133.0,11116.9125,61.78625,27.091250000000002,125.34625,0.6440894678797904,0.0,0.0,2187725.0,0.27617639812761763,118.25,14934.4375,98.63,0.49578680432588873,0.0,0.0,2185562.5,0.4093531141840399,0.11754810084971148,-0.46769462716663884,-0.2952021903595235,0.0009889586158014585,-0.13317671605642228,0.14830266355390165,0.0,0.0,9.611492023826786,0.6909981696579669,0.7872550596773832,1.4863785877165867,-0.2024671447017748,0.6905411680875405,0.8760476976410236,0.0,-1.2278141834160115
2023,E02000572,Islington 019,Tech Belt & Midtown,4,49.25,21516.0175,170.64,87.0675,365.766875,0.2804807947900053,0.12838084795321636,0.5795205491667152,5748412.5,0.20657894736842103,56.5,27350.949999999997,196.91875000000002,0.212406015037594,0.1593045112781955,0.5809786164284758,8000300.0,0.0664374840845429,-0.13733127053429733,-0.1432351329513241,-0.23995360542360852,-0.3305553112430112,0.1401414632838781,0.06807477975241133,-0.030923663324979145,-0.001458067261760565,10.216543103297578,-0.5377758669277939,0.005566685916947507,0.47637481688774963,0.8136646427944798,0.18945756966784577,0.22653434447853932,0.5795205491667152,0.8473565878743667
2023,E02000573,Islington 020,Tech Belt & Midtown,4,520.25,94509.825,59.05625,24.885624999999997,168.021875,0.6265699972764256,0.02138773283598159,0.30310957474721806,21619876.25,0.37716036115828966,617.25,130848.715,58.698750000000004,0.6351783326520137,0.027077281311356134,0.45230779905366003,25069540.0,0.24429078090796552,-0.17096466295154514,0.006071947660393642,-0.32533801117354944,-0.14804047505011994,0.13286958025032414,-0.008608335375588139,-0.005689548475374544,-0.14919822430644197,11.781804729889432,-0.6999225292496684,-0.35414419052558577,-0.4890032009323164,-0.015512222784132784,-0.3896455358729259,-0.524109262881272,0.30310957474721806,-0.14242708037347127
2023,E02000574,Islington 021,Tech Belt & Midtown,4,414.5,146995.8275,60.47,13.75,219.779375,0.5858636749060251,0.05569131597083522,0.6330359797375449,45489256.25,0.25339369581149396,309.5,162599.105,138.89,0.4087262430628382,0.09836006736650109,0.6709938140669915,48303568.75,0.0948652029094804,0.29211488245069894,-0.831534878643006,-0.100883490771367,-0.0600292733915091,0.15852849290201354,0.17713743184318687,-0.042668751395665866,-0.03795783432944666,11.999049121852096,1.5325850258906493,1.6638196218362955,1.849384855901525,1.1996007206176877,1.5613475560615393,2.0048022184277348,0.6330359797375449,1.0389868199572287
2023,E02000575,Islington 022,Tech Belt & Midtown,4,2547.5,614801.7000000001,94.60875,31.275,210.446875,0.5156783733042919,0.042509106012630915,0.422232943000128,198583365.0,0.13339115055742923,2588.25,687077.4675,103.72,0.4828734515651355,0.04906064276224324,0.4494305763255513,207333575.0,0.10389480705568349,-0.015869485549342602,-0.09194499417541568,-0.11114727108643717,-0.04311998289165469,0.029496343501745736,0.03280492173915639,-0.006551536749612327,-0.027197633325423298,13.440203782294962,0.04779167828562972,-0.11800160499298294,0.0323560056957805,0.012812160284497092,-0.006260440181768907,-0.02715877429969241,0.422232943000128,0.28413472547024954
2023,E02000576,Islington 023,Tech Belt & Midtown,4,1288.5,504414.06999999995,121.84375,26.049374999999998,342.315,0.4650474261045896,0.07587406807524702,0.5587446998532419,159304517.5,0.20148595145836595,1283.5,544285.1224999999,163.1075,0.3812870651384971,0.0954741104095609,0.5472164723929422,153511081.25,0.1616718703305553,0.0038880297812245563,-0.2916700064457225,-0.07607573356462946,0.037044819981713654,0.03981408112781065,0.08376036096609252,-0.01960004233431388,0.01152822746029969,13.20723034804729,0.14304270520796478,0.3631762394662534,0.6738435200715381,0.44157770350613257,0.4054100420629722,0.5064557286776004,0.5356882449326426,0.690400088720636
2023,E02000588,Kensington and Chelsea 012,West End,4,472.25,61740.517499999994,68.4175,26.41875,183.95625,0.6211788748390392,0.015064671527130345,0.14884710512722266,33575325.0,0.184398010498242,514.0,78783.6625,66.6,0.6310481606303392,0.019657144320115883,0.18254014004931202,36214237.5,0.0596799043205046,-0.08471475907354623,0.026924062311871607,-0.24376524572498529,-0.07566092043034378,0.1247181061777374,-0.009869285791299975,-0.0045924727929855386,-0.03369303492208936,11.2744736185766,-0.28411154396742866,-0.40438114115265916,-0.5048775405552879,-0.05156142764221748,-0.3112329133293983,-0.4224694455750725,0.14884710512722266,-0.6948164106962389
2023,E02000590,Kensington and Chelsea 014,West End,4,181.75,18989.1875,42.92125,22.356875000000002,74.43625,0.7914132041518044,0.01909886243131206,0.32171973487277183,7863237.5,0.31353584245676636,221.25,27735.835,46.66875,0.7604486067721361,0.02259918804036451,0.31329417111428143,13006850.0,0.237100620974513,-0.19666116747441015,-0.08370773451193336,-0.37885552118562116,-0.5032777244535636,0.07643522148225335,0.03096459737966828,-0.0035003256090524494,0.008425563758490406,10.230516592190043,-0.8238054367492046,-0.13784682519885852,0.009187819591928319,-0.08744868519499577,-0.25997828188778266,-0.35603229289687255,0.304868607355791,-0.13612826480893953
2023,E02000594,Kensington and Chelsea 018,West End,4,89.75,15950.9275,79.525,36.5375,181.82875,0.5614488999483288,0.01617511082102744,0.12350795076486996,8148306.25,0.29137726070579434,101.75,20816.329999999998,96.225,0.5088641517212946,0.02025355596784168,0.16031562966390947,9360487.5,0.0731359649122807,-0.1254907969543161,-0.19061776153460191,-0.2662207968239429,-0.13868728889766466,0.21824129579351365,0.052584748227034184,-0.004078445146814241,-0.036807678899039506,9.943541091870314,-0.48069291652283447,0.11972099652305995,0.28136792514922093,-0.06845204714733347,-0.03701401049947176,-0.0670220918015337,0.12350795076486996,-0.7855518860431923
2023,E02000595,Kensington and Chelsea 019,West End,4,30.25,5682.8975,188.69,131.155625,235.38875000000002,0.10285547785547786,0.0,0.0,2079062.5,0.18223443223443225,36.0,7124.09,180.11,0.16666666666666666,0.0,0.0,2333750.0,0.09027777777777778,-0.1740227539792595,0.046537681450656516,-0.22602077279579544,-0.11555934491972575,0.09195665445665448,-0.0638111888111888,0.0,0.0,8.871377636636021,-0.7146655931389378,-0.45163430625184103,-1.1839622038199455,-0.2024671447017748,-0.6381823119781248,-0.84626699333062,0.0,-1.2278141834160115
2023,E02000619,Lambeth 002,Southbank,4,168.5,31089.894999999997,28.4975,15.76375,52.338750000000005,0.9409831301457379,0.006012767674438712,0.7902181930279162,5640603.75,0.11415108931872144,186.5,31599.105,25.6975,0.9302944051520902,0.005361968834454603,0.7770229276240761,5503427.5,0.26683498811514095,-0.10149548929145377,0.10342265322385652,-0.016245950633733068,0.024620027693641227,-0.15268389879641953,0.010688724993647702,0.0006507988399841094,0.013195265403840084,10.360915722354294,-0.3650114830042706,-0.5886816784803531,-0.24606891405688644,-0.22385197810989715,-0.3559035134128518,-0.4803722612718711,0.763827662220236,1.507331000342612
2023,E02000620,Lambeth 003,Southbank,4,219.25,52225.0725,52.95,27.125,176.9425,0.6566007579518027,0.02161714417503694,0.4222731655636045,24854300.0,0.15016496961317335,224.0,54885.7,57.13,0.6547085201793722,0.026905829596412557,0.4388281544274689,23743600.0,0.021583331127494058,-0.02143342060274738,-0.07598130068895566,-0.04969014533230888,0.0457177553207439,0.1285816384856793,0.0018922377724305273,-0.005288685421375616,-0.016554988863864417,10.91302633949616,0.020967934576011694,-0.1564613629076644,-0.35680952994375326,-0.028684326209282632,-0.13024682112117214,-0.1878720969556505,0.4222731655636045,0.28427875606276753
2023,E02000621,Lambeth 004,Southbank,4,41.75,14918.699999999999,130.1425,109.0875,238.29875,0.19973026651278886,0.04349955715397622,0.507037262432771,3911975.0,0.2612230362230362,44.5,22194.0475,171.7275,0.14376053252443546,0.0965214582631165,0.635185361680735,4366662.5,0.10690331875993642,-0.06378973787533009,-0.27727891419004735,-0.39720866268199423,-0.10995662578096364,0.1543197174630998,0.05596973398835339,-0.05302190110914028,-0.128148099247964,10.007624457387495,-0.1832319685676761,0.3285051951524448,0.32398214131867215,1.5397985947832382,0.5022634906716698,0.6319988683245216,0.507037262432771,0.5878054843740325
2023,E02000808,Southwark 002,Southbank,4,2404.5,669307.33,57.33,18.5875,197.905625,0.6172341453206606,0.04800656774766885,0.5430126141808886,199595182.5,0.08252744911127033,2505.0,767041.3725,64.20375,0.5949373944679136,0.058529282895211455,0.5804222214770026,193661438.75,0.06206767176528924,-0.040946752801247786,-0.11323757328470882,-0.13629739880322522,0.03017975440129823,0.02045977734598109,0.02229675085274696,-0.010522715147542605,-0.03740960729611398,13.550297323282406,-0.07310588490412609,-0.06670348663351976,-0.09993331463638777,0.14330254111514945,-0.024110036264721038,-0.05029573396270602,0.5430126141808886,0.7166274882562577
2023,E02000810,Southwark 004,Southbank,4,15.5,2882.5099999999998,113.1425,58.213750000000005,154.871875,0.4089285714285714,0.025,0.10577347698727826,474862.5,0.0,20.0,5185.1675,128.51,0.35,0.1,0.4231300238505042,396662.5,0.0,-0.25489224962879004,-0.1273586361305757,-0.5871407035190591,0.17993949526422137,0.0,0.05892857142857144,-0.07500000000000001,-0.3173565468632259,8.553750264072976,-1.1045376179573527,-0.03268299764012488,0.3612314969078602,2.2619848596200804,0.3714989352326158,0.46249955694038886,0.10577347698727829,-0.8490562116109243
2023,E02000812,Southwark 006,Southbank,4,389.5,145458.7475,47.14,18.381875,187.600625,0.6604265132975102,0.07839458567055645,0.6801187214477458,63008181.25,0.1325557798686725,403.25,138972.05,45.785000000000004,0.6699082678329633,0.07548778174423426,0.6836676839384073,56371662.5,0.08367235969478713,-0.03469285169451528,0.029165370948289564,0.04561969029984023,0.11129798477490734,0.048883420173885375,-0.00948175453545308,0.002906803926322185,-0.0035489624906615003,11.842035308422638,-0.042955813262000285,-0.40978090578994886,-0.49999883740155804,-0.2979828615337128,-0.312679604496805,-0.4243446720524433,0.6801187214477458,1.2075826179314533
2023,E02000815,Southwark 009,Southbank,4,133.25,25495.495000000003,32.3625,13.585625,121.48249999999999,0.6978970646999927,0.024556744647994566,0.5342992808809114,6386712.5,0.1521523589192762,120.5,24844.9,56.71000000000001,0.5809228650137741,0.016597796143250687,0.2376790426594647,6041812.5,0.31820046834989585,0.1005773101152443,-0.560950216948281,0.02584926979885558,0.05551561054569216,-0.16604810943061965,0.11697419968621858,0.007958948504743879,0.2966202382214467,10.120448027972799,0.609181948432965,1.0119265876188868,1.091978721468998,-0.4639930992992479,0.5622735395554005,0.7097849467290878,-0.05894119556198196,-1.4388732156298085
2023,E02000868,Tower Hamlets 005,Tech Belt & Midtown,4,38.75,4273.49,74.58375000000001,48.19875,108.00187500000001,0.6702503209242618,0.0,0.0,693925.0,0.18181818181818182,32.75,3353.6225000000004,68.275,0.6795343137254902,0.0,0.0,552512.5,0.0,0.16822779371809515,0.0883789877036602,0.24238971872881768,0.22788782793227813,0.18181818181818182,-0.00928399280122838,0.0,0.0,8.118094524446175,0.9353250857228481,-0.5524384535307559,-0.4975091780982313,-0.2024671447017748,-0.07927242265197848,-0.12179818717376276,0.0,-1.2278141834160115
2023,E02000869,Tower Hamlets 006,Tech Belt & Midtown,4,79.75,5890.2475,49.76375,28.95,88.098125,0.7743501998900646,0.0,0.0,917425.0,0.05885942760942761,88.25,6209.2075,48.86,0.824491444517882,0.0,0.0,817018.75,0.030791788856304986,-0.10127695414845224,0.018327741498110988,-0.05273525390031687,0.11590878830524198,0.028067638753122626,-0.05014124462781744,0.0,0.0,8.733949588217925,-0.36395792457643983,-0.3836708702034839,-1.0118687306032392,-0.2024671447017748,-0.4904911675212344,-0.6548271402379761,0.0,-1.2278141834160115
2023,E02000872,Tower Hamlets 009,Tech Belt & Midtown,4,117.25,9480.557499999999,41.225,23.70125,74.676875,0.8338659375529879,0.0017985611510791368,0.022822492106605745,1838667.5,0.14699879662786894,125.0,9923.1775,43.65625,0.8234051209150249,0.008145204851598128,0.10823386821895119,1849257.5,0.12516656441322627,-0.06400532997591243,-0.05730158801157268,-0.045630059953000346,-0.005743082686052622,0.02183223221464267,0.010460816637962944,-0.006346643700518992,-0.08541137611234545,9.202729230584831,-0.18427133858122438,-0.20146455894730889,-0.24893809479228468,0.006079505811034598,-0.15714862162744586,-0.2227426828380147,0.022822492106605738,-1.1460904747127865
2023,E02000873,Tower Hamlets 010,Tech Belt & Midtown,4,35.75,2393.0150000000003,18.43,11.08,27.415,0.8912776412776413,0.029484029484029485,0.4574501190081114,5526037.5,0.07647058823529412,27.25,2794.27,21.5075,0.7625320512820513,0.0396474358974359,0.3848537133078457,5303952.5,0.0,0.2714967480307635,-0.15442193983163424,-0.15501681462458197,0.04101871524208069,0.07647058823529412,0.12874558999559005,-0.010163406413406413,0.07259640570026571,7.935683981996961,1.4331849523559363,0.032517960371066856,1.2401709463789907,0.13149588604831897,0.7093424362885782,0.9004182314032063,0.31225730760757997,-0.10967050619729904
2023,E02000874,Tower Hamlets 011,Tech Belt & Midtown,4,153.0,6346.2525000000005,30.82875,19.970625,45.98625,0.9645679012345679,0.0,0.0,1611250.0,0.21301075268817204,148.25,6264.995,30.3425,0.966522798866656,0.0,0.0,1793075.0,0.09862836438923396,0.03153788351460073,0.015898326153936222,0.01288669094969852,-0.10692174781322132,0.11438238829893808,-0.001954897632088115,0.0,0.0,8.74289267355459,0.2763427137511361,-0.37781791856103203,-0.4052418340422539,-0.2024671447017748,-0.17729604588848114,-0.2488581277071794,0.0,-1.2278141834160115
2023,E02000876,Tower Hamlets 013,Tech Belt & Midtown,4,176.0,14165.38,23.0,13.50125,43.265625,0.8991772836793874,0.007012756995225439,0.3910499432021926,3141315.0,0.29938751450514234,164.75,9952.7275,25.544999999999998,0.8730309442632166,0.006431786120172506,0.14148473735489794,1065861.25,0.4847893400132206,0.06605482165553511,-0.10494738685361157,0.3529543253988145,1.080858344263601,-0.18540182550807827,0.02614633941617084,0.000580970875052933,0.24956520584729466,9.205702383114497,0.442748952042251,-0.08667621809933043,-0.05147012726355248,-0.22155747586813243,0.02076128270280892,0.007867257073797774,-0.10808046849239672,-1.6148331243065275
2023,E02000878,Tower Hamlets 015,Tech Belt & Midtown,4,1412.25,273364.075,31.375,16.100625,67.303125,0.822046998873114,0.028919726420511736,0.6321020234653326,71483281.25,0.22488876868739976,1442.0,275181.55000000005,33.58875,0.8101741576950845,0.027472543873697994,0.6178139179799008,76252876.25,0.17675062988455964,-0.02084686163952295,-0.06817979202342972,-0.0066265468824376296,-0.06459154240111839,0.048138138802840125,0.011872841178029558,0.0014471825468137418,0.014288105485431801,12.525189974600694,0.02379573668892158,-0.17525677105678145,-0.23116185488174573,-0.2500206370766379,-0.15816088158156089,-0.22405479195342556,0.603525812494469,0.9333156119098591
2023,E02000879,Tower Hamlets 016,Tech Belt & Midtown,4,45.5,3447.9325,30.24875,17.951875,60.080625,0.7972069597069598,0.0,0.0,817825.0,0.08311677061677061,42.5,2748.92,30.5325,0.8152777777777778,0.0,0.0,559500.0,0.07346491228070175,0.06820825002653357,-0.009336828754095897,0.2265666687754973,0.3796048495327868,0.009651858336068866,-0.018070818070818007,0.0,0.0,7.9193270993283775,0.45313063517950036,-0.317021339778961,-0.6081281578766158,-0.2024671447017748,-0.1686215017944628,-0.2376140314337616,0.0,-1.2278141834160115
2023,E02000880,Tower Hamlets 017,Tech Belt & Midtown,4,163.0,12403.0075,20.345,11.468125,62.120625000000004,0.8117638782450426,0.001201923076923077,0.04531191146744799,2426000.0,0.4109052677961049,173.25,15083.1975,20.497500000000002,0.8364925080599356,0.005839553283573731,0.20194565561131694,1862075.0,0.20784991601234423,-0.060985437263250314,-0.007467746034542584,-0.19564239238699083,0.26455235320856846,0.2030553517837607,-0.02472862981489299,-0.004637630206650654,-0.15663374414386894,9.62140295163647,-0.16971242885681595,-0.3215243370945575,-0.6919445898745309,-0.050077583927324344,-0.3083147349383072,-0.4186868515370686,0.04531191146744801,-1.0655594464550016
2023,E02000881,Tower Hamlets 018,Canary Wharf,4,93.75,6823.155000000001,24.0,16.425625,44.875,0.8656895592292888,0.010907973753159127,0.22708100152828878,879968.75,0.25100888398559984,68.0,5619.525000000001,27.175,0.8278204723304208,0.015003333684247465,0.2750473749219552,722681.25,0.3300291218637993,0.3211239596744135,-0.12424360265932752,0.19407483409437645,0.19691814190095755,-0.07902023787819945,0.03786908689886803,-0.004095359931088338,-0.04796637339366641,8.634180354894806,1.672437854011867,-0.04018774165829013,0.0961097240421912,-0.06789623816057387,0.4151158995587985,0.5190366314796738,0.22708100152828878,-0.41467329002676323
2023,E02000883,Tower Hamlets 020,Canary Wharf,4,54.0,3980.9075000000003,26.11625,13.2925,53.935,0.879225768321513,0.0,0.0,542842.5,0.6733518014621513,45.75,4193.825000000001,44.238749999999996,0.7908393490337325,0.0,0.0,682035.0,0.3493155849863167,0.16579225484274404,-0.5270433758877012,-0.052103396953294336,-0.22826175356359094,0.32403621647583464,0.08838641928778046,0.0,0.0,8.341606901702193,0.9235833471942412,0.9302381675832893,0.732081829840992,-0.2024671447017748,0.5958590499791868,0.753319074690618,0.0,-1.2278141834160115
2023,E02000884,Tower Hamlets 021,Tech Belt & Midtown,4,1160.25,278017.405,33.34625,10.868125000000001,145.320625,0.7053550207875969,0.040857618420424784,0.5489455865846536,65698491.25,0.25519197974541324,1275.75,285366.7625,40.3075,0.666928820540162,0.04885362941811802,0.49302785589336423,50904553.75,0.20495401444335343,-0.09489874182279567,-0.18959223359451158,-0.026091519261015425,0.2551235768042308,0.05023796530205982,0.03842620024743493,-0.007996010997693238,0.05591773069128941,12.561534022143869,-0.3332085482615162,0.11725029283884868,0.10312332774416486,0.060276659696154505,-0.013139566995587035,-0.03607561918897697,0.4371101252020748,0.33740754506056936
2023,E02000885,Tower Hamlets 022,Tech Belt & Midtown,4,27.0,3760.6225,85.80250000000001,30.5,239.91125,0.5660264105642256,0.0,0.0,653683.75,0.3781658496732026,36.25,4162.505,55.223749999999995,0.6157972933797174,0.0,0.0,589675.0,0.13407258064516128,-0.2946025152963547,0.4406550292248761,-0.1015325542978984,0.10305213414198543,0.24409326902804132,-0.0497708828154918,0.0,0.0,8.334112546587846,-1.2959809002177693,-1.4011425010959182,-1.007206176771638,-0.2024671447017748,-0.9766991806967752,-1.2850584987739027,0.0,-1.2278141834160115
2023,E02000886,Tower Hamlets 023,Canary Wharf,4,85.5,7255.289999999999,23.8,16.055,61.17124999999999,0.8321050642479214,0.0,0.0,1304481.25,0.244279176201373,67.0,6281.175,23.16125,0.8114872454239498,0.0,0.0,959227.5,0.23208333333333334,0.24382375655174848,0.02720495706294188,0.14417379308052372,0.3074324581232672,0.012195842868039652,0.020617818823971623,0.0,0.0,8.745471537080848,1.2997733966877398,-0.4050578732720042,-0.12106970263116747,-0.2024671447017748,0.14279466902069832,0.16604907383068376,0.0,-1.2278141834160115
2023,E02000887,Tower Hamlets 024,Canary Wharf,4,34.0,7261.175000000001,65.76,11.8925,217.41625,0.5700992555831266,0.0370140612076096,0.3876544574199364,2227897.5,0.28034482758620693,34.0,9544.3025,104.6625,0.46875,0.0625,0.4420913629493449,2407545.0,0.16452569169960474,0.0,-0.46472913678262573,-0.2734027181281555,-0.07754924048348205,0.1158191358866022,0.10134925558312657,-0.025485938792390403,-0.0544369055294085,9.163804427643,0.12429850467616492,0.7801105951232251,0.8952733901634804,0.6349844944839672,0.6086667461117095,0.7699206351638733,0.3876544574199364,0.1603146768202462
2023,E02000888,Tower Hamlets 025,Tech Belt & Midtown,4,101.25,4922.145,20.70875,13.25625,40.37625,0.8783953794247155,0.0,0.0,842517.5,0.5319586167800454,93.0,5633.969999999999,47.6,0.8260869565217391,0.0,0.0,813450.0,0.6,0.0849932128333925,-0.8322764449667643,-0.135069933522152,0.03510997156896559,-0.06804138321995457,0.052308422902976326,0.0,0.0,8.636747102591027,0.5340509795374272,1.665606204704077,0.277889214181791,-0.2024671447017748,0.56876981343038,0.7182055309208412,0.0,-1.2278141834160115
2023,E02000889,Tower Hamlets 026,Tech Belt & Midtown,4,188.75,50703.395,55.145,23.54,212.62,0.6133646968262678,0.07272655375407243,0.5073444678598874,10180712.5,0.40722784140085533,199.5,53738.225000000006,50.25,0.6247689947136263,0.09785323139921118,0.6346320810266892,7744507.5,0.3794818754925138,-0.05539084820078409,0.09295553281892524,-0.05813170236114138,0.27351111641558057,0.027745965908341552,-0.011404297887358528,-0.025126677645138748,-0.12728761316680182,10.891898460777814,-0.14274090209889773,-0.5634642739255161,-0.5242020937134283,0.6231794030917097,-0.15180696666153315,-0.21581873593716033,0.5073444678598874,0.5889055380719563
2023,E02000890,Tower Hamlets 027,Tech Belt & Midtown,4,350.25,108893.4175,50.35625,11.850625,244.644375,0.6284217867175209,0.11349160201126465,0.6635318143357332,31444357.5,0.3521267056610941,402.75,128692.555,68.60499999999999,0.5832926742655538,0.10959333193028739,0.6189797660539553,26700425.0,0.14800581151821665,-0.13966883683996734,-0.30924267582976933,-0.16705668247168798,0.16354007240301124,0.20412089414287746,0.04512911245196716,0.003898270080977262,0.044552048281777834,11.765189314630211,-0.5490452794722773,0.405512344891881,0.18750753783829208,-0.33056180489447257,-0.0716468004091442,-0.11191372181007056,0.5744277177721775,0.8291199699179352
2023,E02000894,Tower Hamlets 031,Canary Wharf,4,33.25,254729.2675,775.5875,138.525,2422.2962500000003,0.3333333333333333,0.47756410256410253,0.9867492770331346,23251610.0,0.27467824967824966,64.25,214219.555,30.5,0.7941066997518611,0.15918114143920598,0.989795239955533,26842060.0,0.1244047619047619,-0.6587269566734659,3.2358941230703326,0.17319983805086178,-0.1435956833282906,0.15027348777348776,-0.4607733664185278,0.31838296112489656,-0.0030459629223983375,12.274761394109774,-3.0514256708986496,-5.046385002619158,-4.698271467370501,-6.166692400520986,-4.740693635352324,-4.301068731413679,0.9867492770331346,2.2259947591522984
2023,E02000967,Westminster 008,West End,4,448.5,87810.91500000001,45.12875,19.083750000000002,106.435625,0.7299661007137916,0.01698126304854631,0.5994513185828023,35788276.25,,412.5,106659.3325,66.80125,0.634622738616271,0.03455315828411382,0.60568969950549,35657111.25,,0.08367247572411504,-0.39220227724907347,-0.19445413740613485,0.0036717597021044537,,0.09534336209752059,-0.017571895235567514,-0.006238380922687692,11.57740460153207,0.5276837028911333,0.6053787598910845,0.8196640785347756,0.37493408773859876,0.581915157263898,0.7352447562690849,0.5994513185828023,0.9187254982625536
2023,E02000968,Westminster 009,West End,4,57.0,8719.1875,85.2425,41.51125,151.25125,0.5355677655677655,0.018775946275946274,0.2244615609130578,4609775.0,,62.75,9218.16,105.63,0.450199564586357,0.018958635703918723,0.21130105139356953,4226325.0,,-0.09610731017734316,-0.21444228608119678,-0.0556493945178318,0.08684622776460532,,0.08536820098140852,-0.00018268942797244891,0.013160509519488273,9.129039206109537,-0.33903505908286347,0.17711908220239184,0.694084917468692,-0.1964640870093066,0.08392621339472844,0.08974274863922287,0.19814054187408126,-0.518304465950506
2023,E02000969,Westminster 010,West End,4,138.5,16603.0825,33.675,24.8,74.98875000000001,0.8009215062556514,0.02339862170330957,0.3284221414375199,5447612.5,,137.5,14988.650000000001,29.44,0.8127284275253174,0.007273977858712864,0.16904164314538678,4488337.5,,0.007246408520767253,0.13440142843575204,0.10229512287598251,0.19369507337073913,,-0.011806921269665982,0.016124643844596706,0.15938049829213313,9.615115241924787,0.15923345684770532,-0.6633157972169339,-0.5292707944579297,-0.7323126225923403,-0.4414164393548746,-0.5912156164375656,0.009661144853253645,-1.1932191626777444
2023,E02000970,Westminster 011,West End,4,2568.75,553150.93,53.32,20.9,167.14625,0.6523114456555522,0.032086883165099375,0.4220564237598698,277831412.25,,2480.25,609055.0125000001,70.855,0.5795198113748322,0.04180120410670758,0.43318870851028035,309527865.0,,0.035060037714532866,-0.28432403996632594,-0.0962777023830279,-0.10803362140042631,,0.07279163428072,-0.009714320941608207,-0.01113228475041056,13.319665517011074,0.29332302726268944,0.3454783243386179,0.5357561770122495,0.1167392248338534,0.3228241883618526,0.3994064959141034,0.4220564237598698,0.2835026381896848
2023,E02000971,Westminster 012,West End,4,799.5,101494.875,31.04,13.249375,97.1575,0.7534278501710661,0.021536552104561544,0.34196784670105007,43605506.25,,750.75,115842.855,45.46,0.6852998752772548,0.024478599080190046,0.34172843237550277,37380195.0,,0.06291382541056918,-0.38155612310937925,-0.13222626980102312,0.15404241381144643,,0.06812797489381128,-0.002942046975628502,0.00023941432554730468,11.659998485726042,0.4276062019096302,0.57973002695329,0.47704450042990393,-0.10579336382315195,0.3446468413674181,0.42769340167842723,0.34148901804995546,-0.004996407596197355
2023,E02000972,Westminster 013,West End,4,7531.5,1349968.0274999999,55.54375,20.561875,157.395625,0.6428931712259365,0.024694498883675548,0.3603587197235356,752592068.75,0.20833333333333334,7966.5,1478450.79,62.918749999999996,0.6169729461814468,0.025694135034793005,0.34083125000900993,732078326.25,0.6,-0.05615102438769365,-0.12467321299094797,-0.09091386718641536,0.02763582832649641,-0.3916666666666666,0.025920225044489653,-0.000999636151117457,0.01952746971452568,14.2065060103707,-0.14640571324714052,-0.039152723705472216,-0.05431672320021794,-0.16961974048558812,-0.10237372515960469,-0.15174250086008248,0.32130378029448425,-0.07727652857194321
2023,E02000973,Westminster 014,West End,4,53.0,5774.5525,86.625,41.8625,140.215,0.5593530444964872,0.0,0.0,1831331.25,,51.75,6517.650000000001,108.22375,0.4714596527431865,0.0,0.0,1875437.5,,0.023867481406643486,-0.22261238573972494,-0.12105311729247695,-0.023798804138053346,,0.08789339175330063,0.0,0.0,8.782422578267084,0.23936368751903556,0.19680250040835576,0.725875014387911,-0.2024671447017748,0.2398935144033819,0.29191030108220745,0.0,-1.2278141834160115
2023,E02000974,Westminster 015,West End,4,691.75,126812.83249999999,14.688749999999999,6.7575,67.55,0.7923879502749344,0.034425150022096535,0.6207052601716564,60354202.5,,237.5,107762.79749999999,68.825,0.5725306730705746,0.08288565554537133,0.7164327619631297,41976913.75,,1.0690569951923394,-1.5444851563626574,0.1627797473310202,0.3631107860399777,,0.21985727720435977,-0.0484605055232748,-0.09572750179147327,11.587697050812242,3.8388841358032284,3.381460662085504,2.3871929453030796,1.389914054862024,2.7493629495134586,3.5447286184199873,0.6207052601716564,0.9948324774254524
2023,E02000975,Westminster 016,West End,4,940.0,164472.6,14.715,7.541875,52.128125,0.8443478496517507,0.039640523855479365,0.6300875321325202,59715656.25,,988.75,206438.91249999998,15.33,0.8066088472832492,0.053453673116181016,0.6506184247876894,66151925.0,,-0.0505616438178141,-0.04094431119828663,-0.22726055440987392,-0.10235975590556906,,0.03773900236850147,-0.013813149260701651,-0.020530892655169164,12.237764668410607,-0.11945929664398101,-0.24087253849264387,0.09447206566244615,0.2514241003853337,-0.0036089172722112567,-0.023721823776056503,0.6300875321325202,1.0284288987593935
2023,E02000976,Westminster 017,West End,4,135.0,16532.0725,36.4,16.52375,135.45,0.7125347445927289,0.018354348826507133,0.1834826830307396,4947131.25,,128.0,15316.0775,37.5,0.7020518163141429,0.016668417612177244,0.23567649356655385,4702831.25,,0.053244514518812285,-0.029772158333670144,0.0763991884040303,0.05064314215784218,,0.01048292827858599,0.0016859312143298888,-0.05219381053581423,9.6367236613893,0.38099043182611914,-0.26778850846684854,-0.24865972723040625,-0.2578657655058291,-0.0983308923442412,-0.14650211002217942,0.1834826830307396,-0.5707919235309832
2023,E02000977,Westminster 018,West End,4,5889.5,1324832.585,61.855,20.419375,204.4825,0.5932315474896712,0.038804831431293624,0.4208659084666859,767161382.5,0.5227272727272727,6524.0,1535791.9549999998,67.60125,0.5808467551371893,0.042063197859670824,0.43636973264230866,836867257.5,0.2916666666666667,-0.1023165803420653,-0.08883353768742507,-0.14776007907646938,-0.08696827805601284,0.23106060606060602,0.01238479235248191,-0.0032583664283772004,-0.015503824175622738,14.244557388682228,-0.3689699648507449,-0.12549773133690714,-0.22471680620070944,-0.09539930903205165,-0.20364595285510328,-0.28301333949895613,0.4208659084666859,0.27923959256905634
2023,E02000978,Westminster 019,West End,4,797.75,198307.56,63.0575,19.239375000000003,261.29875,0.5892009672723242,0.04632502668296628,0.401664074535505,105265915.0,,876.0,242785.0375,93.125,0.5169022179189515,0.0565956297772778,0.40145556155380074,107418577.5,,-0.09357082577803852,-0.3898956681514306,-0.2023572736388784,-0.020243469444048878,,0.07229874935337266,-0.01027060309431152,0.00020851298170426746,12.399935830336013,-0.32680666195073715,0.5998216732698469,0.5295511568669187,0.13501830038316218,0.23439611714229766,0.2847844782854245,0.4012470485720965,0.20898758049142943
2023,E02000979,Westminster 020,West End,4,1700.0,831057.6725,79.2375,24.5475,273.38125,0.5489736113859538,0.08202638753980815,0.7262425687796549,382771218.75,,2167.25,996284.4675,65.41624999999999,0.5724906667603518,0.08181219702850709,0.7221836083175265,372408800.0,,-0.24283083170444228,0.19167897306291323,-0.18133363297460875,0.027445294995104348,,-0.023517055374397966,0.00021419051130106004,0.0040589604621283915,13.811789109456626,-1.046389494359232,-0.8013089566431285,-0.6766918535993521,-0.20950530783354307,-0.683473903108814,-0.9049747485198426,0.7181246478553981,1.3436757862071556
2023,E02000980,Westminster 021,West End,4,125.0,82822.72750000001,243.1375,68.81125,487.078125,0.34273169589901825,0.07805522470122533,0.6542598602571825,54814887.5,,108.25,85294.0375,301.85375,0.2187551889312426,0.11201835760077226,0.6696681761390243,51017300.0,,0.14387037041970183,-0.21631550162155552,-0.029402041261186406,0.07179703587649906,,0.12397650696777565,-0.03396313289954693,-0.015408315881841772,11.353871554765147,0.8178978918912149,0.18163203631700958,1.1801320719471704,0.9135396679293981,0.7733004170211982,0.9833216883476331,0.6542598602571825,1.11498615521987
2023,E02000981,Westminster 022,West End,4,263.75,33677.41,35.4675,20.325,95.575,0.7462527293571315,0.01636377767917807,0.2427792970083131,12099795.0,,310.5,56799.0925,39.95,0.6774931423902355,0.025138867786113447,0.3493806920375076,16670217.5,,-0.1631822165832572,-0.11901188800828025,-0.5226930623071726,-0.32043523375769284,,0.06875958696689599,-0.008775090106935376,-0.1066013950291945,10.947293233229043,-0.662403337380407,-0.05279199763004451,0.4849959824494848,0.08587670066011548,-0.03608066297521281,-0.06581227036243807,0.2427792970083131,-0.3584601945876665
2023,E02000982,Westminster 023,West End,4,814.25,189458.26,28.22,14.185,95.78375,0.7593461094819965,0.03001220121600786,0.5709729046127207,78423222.5,,631.75,240257.76499999998,47.57,0.6624032526428958,0.051251237851569764,0.6862442320295684,83629407.5,,0.2537736978880393,-0.5221713640195221,-0.2375436314189921,-0.06427513373678856,,0.09694285683910076,-0.021239036635561905,-0.11527132741684776,12.389471808997442,1.3477420867908128,0.9185005081771781,0.8398004157266443,0.4954340073832365,0.9003692545194679,1.1480305452853783,0.5709729046127207,0.8167488343316599
2023,E02000983,Westminster 024,West End,4,31.75,18796.3425,137.7375,49.167500000000004,474.458125,0.36536511156186613,0.17342799188640975,0.7666640916216905,7805887.5,,34.5,19744.129999999997,134.16750000000002,0.3492943548387097,0.1905241935483871,0.7780984049141456,7526062.5,,-0.08306659869861344,0.026260680462552113,-0.049193928943398295,0.03650625998278348,,0.016070756723156443,-0.01709620166197734,-0.011434313292455145,9.890662157644378,-0.27616575900315393,-0.40278292045570946,-0.17831351426378733,0.359303101326901,-0.12448977309893744,-0.1804097102859771,0.7666640916216905,1.517487802197508
2023,E02006801,Lambeth 036,Southbank,4,392.75,241362.94499999998,140.60000000000002,46.45625,393.28125,0.4344935578836826,0.1009055071693854,0.7222965326714053,70330262.5,0.10225241230929472,414.25,191709.4975,110.2775,0.47758693612188674,0.09662461565047074,0.7124227107134087,51076718.75,0.05667584671515126,-0.05329637917094171,0.2429190630462986,0.23032060408478705,0.31987339108695134,0.045576565594143456,-0.04309337823820414,0.004280891518914656,0.009873821957996576,12.163741687576191,-0.13264346208118136,-0.9247566699156851,-0.9231418280288125,-0.3431345004894235,-0.5809191151287756,-0.7720414327340983,0.7025488887554121,1.2879014740254273
2023,E02006802,Southwark 034,Southbank,4,467.0,114189.21,47.465,22.1425,133.795625,0.6728914738675806,0.022085536946098876,0.5342459182305025,43433343.75,0.22649189148144264,399.0,132173.4925,72.25999999999999,0.5657424622604296,0.03794286912910216,0.5962929726201734,47542775.0,0.07672874263542528,0.15736784077903385,-0.4202781283857321,-0.14625858732708086,-0.09040239683200472,0.14976314884601735,0.10714901160715107,-0.01585733218300328,-0.06204705438967095,11.791878241489698,0.8829692275865039,0.6730191489326541,0.9682875988972671,0.3185946430528905,0.7107176546173289,0.9022008135329237,0.5342459182305025,0.6852353465570726
2023,E02006853,Tower Hamlets 032,Canary Wharf,4,394.75,56548.385,28.68625,16.12125,54.988749999999996,0.8493248929288735,0.02448602532533913,0.5396666635944533,10531546.25,0.1961300868284665,356.5,59695.7,30.065,0.8113937481010822,0.03366333104432418,0.5504257408841247,10821200.0,0.15435770675868996,0.10191841328140086,-0.04694379060484765,-0.054163347647036814,-0.027132015278102516,0.041772380069776543,0.03793114482779125,-0.009177305718985052,-0.010759077289671404,10.997032021470988,0.6156474098863887,-0.22641858234608164,0.09689098286708266,0.09909324827725367,0.14630326467116084,0.17059697708078073,0.5396666635944533,0.7046461722026053
2023,E02006854,Tower Hamlets 033,Canary Wharf,4,1555.75,1822305.38,23.5225,9.684999999999999,233.19187499999998,0.7028493434831952,0.12072293860594366,0.922003026816039,326994515.0,0.2351518946701331,953.5,2002364.9575,145.32875,0.46344350329762896,0.28559238151506217,0.9444981899760934,355005318.75,0.18554670540109516,0.4895735984088535,-1.8210410075876011,-0.09422656891407058,-0.08218937470127956,0.049605189269037925,0.2394058401855662,-0.1648694429091185,-0.0224951631600544,14.509840018106205,2.4845339503933936,3.749299871932005,2.4680093954871913,4.032069835848741,3.1834782634153327,3.797358938903755,0.922003026816039,2.0737317842654295
2023,E02006941,Southwark 035,Southbank,4,474.25,323402.2475,140.78500000000003,32.855625,337.750625,0.4294533178663269,0.11552233701856733,0.7685503505642548,107101562.5,0.10537600095816596,516.75,354037.6925,157.86124999999998,0.3945652741202248,0.1323302152870633,0.7627296101320838,102951750.0,0.11193247304475079,-0.08582458974675407,-0.11448257869974858,-0.09050648673743011,0.0395171346439763,-0.00655647208658483,0.034888043746102104,-0.01680787826849596,0.005820740432170957,12.777161486990467,-0.28946204019958416,-0.06370401743765293,0.058580816602143,0.34982897912746014,0.013810934523091511,-0.0011419061997403185,0.7569088696999129,1.4825559064629525
2023,E02006942,Southwark 036,Southbank,4,495.0,69399.49,94.3425,51.87625,177.36625,0.5146084988857045,0.004051020281976744,0.060720704235215264,22176298.75,0.04634020470358231,480.25,69229.8125,94.215,0.5143712365163614,0.0036305459430841956,0.053702104549748386,19772282.5,0.028929757460372584,0.030250960920024203,0.0013523728245462036,0.0024479324597467883,0.11474301146353831,0.01741044724320973,0.000237262369343072,0.00042047433889254825,0.007018599685466878,11.145201309844715,0.27013845695811095,-0.3427737826810058,-0.37764432351606303,-0.21628366239843677,-0.16664082790934864,-0.23504664718750187,0.04668350486428151,-1.060647988990212
2023,E02007083,Wandsworth 038,Southbank,4,283.25,35075.6175,28.425,19.460625,66.14,0.8436520283766631,0.019002182791217265,0.4624102778848824,23478372.5,0.15323010223411013,336.0,28605.5875,27.03,0.8492667916013763,0.009699714119795588,0.21580727471439962,16389607.5,0.09992526103949134,-0.1707812600550886,0.050321679348243435,0.2039041650884153,0.35943223330748625,0.053304841194618785,-0.005614763224713215,0.009302468671421676,0.2466030031704828,10.261392302453395,-0.699038343463362,-0.4607507205211512,-0.45131656360167177,-0.5081403122007937,-0.5298114849467447,-0.7057948256681138,-0.030795728456083193,-1.3380887813824673
2023,E02007084,Wandsworth 039,Southbank,4,37.5,5678.9825,81.0925,51.56125,162.92249999999999,0.6221501572327044,0.0,0.0,1135587.5,0.329897114379873,49.25,8959.8625,92.55375000000001,0.5177593537414966,0.0,0.0,1587137.5,0.30409356725146197,-0.2725684346417328,-0.1321990784139497,-0.45598280152483595,-0.33478194109386866,0.025803547128411042,0.10439080349120777,0.0,0.0,9.100621762496882,-1.1897545466238408,-0.02102139573224244,0.9335640032366063,-0.2024671447017748,-0.11991977095531296,-0.17448599331414535,0.0,-1.2278141834160115
2023,E02007110,Hackney 032,Tech Belt & Midtown,4,433.25,61726.7625,51.675,16.931875,167.09125,0.6267996156147699,0.023887567485889525,0.23889198597866856,18253921.25,0.3333333333333333,483.75,61927.170000000006,36.925000000000004,0.6572743403806546,0.01816787764285694,0.2020971362869562,14595100.0,0.0,-0.11025331574827615,0.3360852771503883,-0.003241428257383675,0.22369406401831424,0.3333333333333333,-0.030474724765884642,0.005719689843032585,0.03679484969171237,11.033730444004151,-0.4072329845272549,-1.1492128738204894,-0.7642832493660617,-0.39041249267192163,-0.6777854000964318,-0.897601211094751,0.16530228659524382,-0.635893027102997
2023,E02007111,Hackney 033,Tech Belt & Midtown,4,2169.75,414173.91500000004,64.54375,25.934375,150.070625,0.6431557380233278,0.02535419060797198,0.44214284318766073,132060360.0,0.375,2205.5,471438.2925,71.1275,0.6127870757719172,0.03652607378474707,0.47658375849200946,117267693.5,0.3666666666666667,-0.0163422870206403,-0.09713075277607845,-0.12950224848563546,0.11879979080364035,0.008333333333333304,0.03036866225141066,-0.011171883176775092,-0.03444091530434873,13.063545618789474,0.04551230130335186,-0.10550806641717468,0.0016854812752546751,0.1646337871255984,0.02658087582175756,0.01541071579535765,0.44214284318766073,0.35542890647536685
2023,E02007112,Tower Hamlets 034,Canary Wharf,4,213.25,54375.9825,45.5875,23.034374999999997,226.351875,0.610837689565785,0.05976096693067229,0.5406119202151572,10346222.5,0.14741475534277118,195.75,41845.145000000004,54.9025,0.5951399790685505,0.045977237048665624,0.3904919253977575,7038055.0,0.07948552677838978,0.08562685150087603,-0.1859253286845125,0.2619467775632135,0.38528962365712377,0.0679292285643814,0.01569771049723445,0.013783729882006664,0.15011999481739974,10.641754956979462,0.5371057530130235,0.1084159791974387,-0.1830098626780986,-0.655391687831673,-0.048219954574827334,-0.08154743315114073,0.24037193058035777,-0.36708059028245565
2023,E02007113,Tower Hamlets 035,Canary Wharf,4,250.75,170659.565,226.14375,104.33125,681.55625,0.23866731976478534,0.17425189450377185,0.7125316939269508,27039762.5,0.3734595541189773,320.0,206050.3075,137.79500000000002,0.41261177745449845,0.157785766865385,0.752686942115151,26356100.0,0.32020547352881384,-0.24386456895172734,0.49540378556651155,-0.18844962596243925,0.0256087206053322,0.053254080590163455,-0.17394445768971312,0.01646612763838684,-0.040155248188200154,12.235880482294029,-1.051373144009724,-1.5330432994177547,-2.570450436966505,-0.7435335615263341,-1.4746001104800794,-1.9304464210012167,0.7125316939269508,1.3236483091242877
2023,E02007114,Tower Hamlets 036,Canary Wharf,4,331.25,132849.01,85.985,35.000625,356.3375,0.5371628383695242,0.08187067405872708,0.5800234790038058,24023781.25,0.19897533863031644,344.5,138342.54,104.29124999999999,0.49451673455749656,0.07512632498727209,0.5201116781973978,25710487.5,0.13962081144416394,-0.03922071315328127,-0.1930146034339317,-0.040519563400315387,-0.06785475742989494,0.0593545271861525,0.0426461038120276,0.006744349071454991,0.05991180080640801,11.837495290955415,-0.06478464378515199,0.12549547216594142,0.15624847963422978,-0.4240821391950214,-0.05178070779500055,-0.08616294395834483,0.4601998773909898,0.4200882695450953
2023,E02007115,Camden 029,Tech Belt & Midtown,4,704.5,140200.95,33.75,13.5825,140.2875,0.6942512088608415,0.025574729209137247,0.43589604789517494,48544923.0,0.2154534919738051,622.5,128889.5575,52.66,0.6257316155590543,0.029990127387886523,0.41175185234506084,49548784.5,0.12222598645255614,0.12374470299987222,-0.4448757367496244,0.08412085636103354,-0.02046811303444313,0.09322750552124895,0.06851959330178714,-0.004415398178749277,0.0241441955501141,11.766718931783217,0.7208720028984656,0.7322797494796282,0.48197465750297697,-0.05737998614847181,0.46943660593314973,0.5894480842884091,0.38760765679494674,0.16014709123730808
2024,E02000001,City of London 001,City,4,12721.5,5612519.012499999,44.633750000000006,17.2175,248.43124999999998,0.6327617188721733,0.08403623001333561,0.7252502505998961,1991875367.5,0.14700646817524243,14126.75,6144955.77,49.6425,0.6067834234067262,0.09555126436062854,0.7097383758713672,1895141170.0,0.18472161773811954,-0.10477668767588334,-0.10635702236873776,-0.09063190467989483,0.04978325888706238,-0.03771514956287711,0.025978295465447054,-0.011515034347292924,0.015511874728528885,15.631142265969732,-0.3808301479742171,-0.08328012178204187,-0.0535856638557422,0.1759095149918392,-0.08544660465504049,-0.12980127022914828,0.6942265011428383,1.2581003297074302
2024,E02000174,Camden 009,Tech Belt & Midtown,4,40.75,5629.039999999999,64.745,22.36875,174.745,0.5825354706933654,0.0,0.0,1831095.0,0.3381652661064426,44.25,6892.4175,77.8875,0.6154761904761905,0.0,0.0,1798102.5,0.46898496240601506,-0.08239953176706687,-0.18480900034953693,-0.20248298179752333,0.018182206351733822,-0.13081969629957246,-0.03294071978282509,0.0,0.0,8.83832224974432,-0.2729498277895038,0.10572651904507013,-0.7953281199015687,-0.2024671447017748,-0.2912546433369443,-0.39657326143712,0.0,-1.2278141834160115
2024,E02000177,Camden 012,Tech Belt & Midtown,4,36.25,3340.95,107.92,68.54375,137.64875,0.452991452991453,0.0,0.0,1182050.0,0.4070945945945946,33.75,2977.8224999999998,102.71000000000001,0.46576923076923077,0.0,0.0,950225.0,0.4180926916221034,0.07145896398214505,0.04948072872178736,0.11506286895893707,0.21830669959862078,-0.010998097027508758,-0.012777777777777777,0.0,0.0,7.999283367185162,0.4688023346478905,-0.45872470081968714,-0.5414930878509958,-0.2024671447017748,-0.1834706496811418,-0.2568617574936442,0.0,-1.2278141834160115
2024,E02000180,Camden 015,Tech Belt & Midtown,4,49.75,5688.6925,81.215,30.7325,194.18,0.5554888507718696,0.0,0.0,1382485.0,0.31831999237659614,35.75,6075.657499999999,100.2875,0.48863636363636365,0.0,0.0,1580537.5,0.11363636363636365,0.33046019446458513,-0.21094110190841517,-0.06580978119380654,-0.13388237461493008,0.2046836287402325,0.06685248713550596,0.0,0.0,8.712210070500992,1.7174478634423571,0.1686840232472631,0.4609871474935864,-0.2024671447017748,0.5361629723703579,0.6759399713620697,0.0,-1.2278141834160115
2024,E02000183,Camden 018,Tech Belt & Midtown,4,258.0,56612.0275,53.835,23.0,182.99,0.6162836990590135,0.05329121085613711,0.4358198454070623,19793800.0,0.17464423316487349,266.75,54332.3425,57.34,0.6223232339787014,0.052758006948527045,0.4463696413421927,18264975.0,0.17553667929370392,-0.033352305260245296,-0.06307464718754359,0.04110178685815807,0.08038346584322634,-0.0008924461288304375,-0.0060395349196878945,0.0005332039076100664,-0.01054979593513039,10.902893359832431,-0.036493035814284376,-0.18755609481128097,-0.45666409357924564,-0.21998788388606644,-0.22517527702271933,-0.3109200272762681,0.4358198454070623,0.3327872586509735
2024,E02000184,Camden 019,Tech Belt & Midtown,4,275.25,54324.344999999994,62.94375,20.8075,189.125,0.6096127076398506,0.03237366972811429,0.3731651769375071,17858462.5,0.22247567719262634,245.75,62028.64249999999,85.47250000000001,0.5436295592960926,0.05468434410026214,0.46258155342487584,18810237.5,0.18224620997509278,0.1133650165755134,-0.3059532163650853,-0.13262378516773454,-0.051923783979337404,0.040229467217533565,0.06598314834375807,-0.02231067437214785,-0.08941637648736872,11.035367654610235,0.6708315107358503,0.39758737346912043,0.4500428795384987,0.5306473376210521,0.5122772753411304,0.6449789117324897,0.3731651769375071,0.10843087149634623
2024,E02000186,Camden 021,Tech Belt & Midtown,4,511.0,253515.5,65.775,16.0,229.25625,0.587075998651788,0.08904614149878252,0.7692168397727637,97556607.5,0.24258409850443863,684.75,412036.01,66.1825,0.5678987437275309,0.11337983522170542,0.7572569480332187,121919522.5,0.20929672572507582,-0.29268421793948307,-0.006176250616693892,-0.4856857832964943,-0.22292837615766833,0.033287372779362806,0.019177254924257037,-0.02433369372292289,0.011959891739544926,12.92886845439427,-1.2867327842412764,-0.3246358100854735,-0.13920522985548894,0.5971224588717114,-0.2883628413276318,-0.3928248569280237,0.7452970562936738,1.4409758523700424
2024,E02000187,Camden 022,Tech Belt & Midtown,4,371.0,274206.42,35.85,17.546875,205.193125,0.69809505522508,0.0867528607218908,0.8513310279838975,163295050.0,0.2867094215089555,424.0,192987.305,41.64625,0.6690928780214495,0.08065992649325983,0.7419901431309588,112090637.5,0.059529338317408385,-0.13353139262452263,-0.1498677614993314,0.3512567708814623,0.3762508797974686,0.22718008319154712,0.02900217720363052,0.0060929342286309696,0.10934088485293869,12.170384870196097,-0.5194566467713216,0.021546026068443535,-0.015517453485608713,-0.4026770643277858,-0.22902628462906816,-0.3159117709121451,0.6326492582780201,1.0376020320138322
2024,E02000188,Camden 023,Tech Belt & Midtown,4,123.75,46757.88,156.97125,40.7725,485.1275,0.389644069718814,0.07500079741425139,0.4563043861653887,19286525.0,0.21494356802733453,233.5,95736.405,127.05250000000001,0.43229689173447644,0.07691654265024239,0.5539510096555204,27137385.0,0.590796761521319,-0.6349186756601524,0.21146228069551648,-0.716615835965385,-0.3415056319803204,-0.3758531934939845,-0.04265282201566245,-0.001915745235991001,-0.09764662349013165,11.469364357920712,-2.9366458932883974,-0.8489709355546463,-0.9175955836939851,-0.13951698221366723,-1.210682348687674,-1.5883515870023843,0.4563043861653887,0.40613913600218804
2024,E02000191,Camden 026,West End,4,970.0,209448.73,49.955,21.28125,155.4125,0.6604167832688244,0.03929682191459366,0.47372818047113063,111494185.0,0.23641747033336352,946.25,250453.13,67.65,0.5877065174587179,0.04748293280820794,0.4939227459763878,92626617.5,0.19654500200978983,0.02478926674577007,-0.3032247544318153,-0.17879281335500571,0.18539589072205293,0.03987246832357369,0.07271026581010642,-0.008186110893614276,-0.020194565505257167,12.431031068967227,0.24380761676240162,0.39101395826780794,0.5347318141816203,0.06652322062314088,0.30901915245874273,0.38151216612914157,0.47372818047113063,0.46853096787120724
2024,E02000192,Camden 027,Tech Belt & Midtown,4,2039.0,340734.34750000003,42.54,17.380000000000003,140.18,0.6923131671089905,0.0344983433752589,0.4307642518650274,131962525.0,0.24361757901176917,2186.75,430928.7125,49.4725,0.660554367981539,0.04326815013239502,0.482893718797427,127988465.0,0.2381707142135909,-0.06995693172550915,-0.1509721498688305,-0.23483954210656185,0.030577838092235687,0.005446864798178269,0.0317587991274515,-0.008769806757136116,-0.05212946693239956,12.973700275740484,-0.2129640243262178,0.024206720435367538,0.01918617330701164,0.08570309316675119,-0.02096700935427186,-0.04622168732832403,0.4307642518650274,0.31468398351251575
2024,E02000193,Camden 028,Tech Belt & Midtown,4,2916.0,644581.2675000001,41.5125,16.209375,176.49875,0.6664658705389717,0.04742368617224415,0.518666064594248,289053215.0,0.25762428599561027,2916.75,783376.305,62.82125,0.6005761990281834,0.06068012743837963,0.5178560152770787,258475490.0,0.2154377727532202,-0.00025716857541755654,-0.41429880533128777,-0.1950122661109926,0.11180993290421327,0.04218651324239006,0.06588967151078828,-0.013256441266135482,0.0008100493171693257,13.57136972991933,0.12305869438165999,0.6586137535044186,0.44886608227910413,0.23313103194492574,0.36591739052752714,0.4552646607500889,0.5170459659599094,0.6236450573587919
2024,E02000369,Hackney 025,Tech Belt & Midtown,4,168.5,21844.857500000002,95.9375,54.15875,162.67625,0.5222513552776105,0.005934875810509159,0.052701203281242975,6962975.0,,131.5,18421.6125,87.125,0.5706909548195619,0.015262946366870103,0.1217033655858789,4039275.0,,0.24792889817459715,0.09635306870082827,0.17044097143795384,0.5445416051240711,,-0.04843959954195143,-0.009328070556360944,-0.06900216230463592,9.821334129285557,1.3195642939081509,-0.5716496232392738,-0.9904464037026622,0.10404728435261736,-0.03462111217029196,-0.06392037499726363,0.052701203281242975,-1.039099569554051
2024,E02000370,Hackney 026,Tech Belt & Midtown,4,265.25,80761.55249999999,144.14625,73.4275,251.621875,0.363045108519851,0.03097897556816862,0.42946150697917146,22742512.5,0.25,255.5,89057.6,157.3175,0.32910265006124073,0.03637422240489342,0.45336386467615575,19029125.0,0.0,0.03745036785033341,-0.08743764708225586,-0.09778233452016713,0.17826527012626062,0.25,0.03394245845861027,-0.005395246836724803,-0.02390235769698429,11.397049859012636,0.30484681435377964,-0.12886071339339178,0.04667666731197711,-0.025182786294073594,0.04936999549457285,0.0449503726130884,0.42946150697917146,0.31001906159824794
2024,E02000566,Islington 013,Tech Belt & Midtown,4,19.0,6772.805,143.66375,82.52,295.084375,0.3162280701754386,0.18450292397660817,0.6444673751425511,1439425.0,0.1969298245614035,20.0,7528.3550000000005,141.0075,0.3,0.15,0.5377934781268698,1785150.0,0.13333333333333333,-0.05129329438755058,0.018662419152514525,-0.10576122941934316,-0.21525871702575997,0.06359649122807018,0.01622807017543859,0.034502923976608174,0.10667389701568131,8.92656465975462,-0.12298658572612041,-0.38447717618641514,-0.17633306591492884,-1.3362111466899964,-0.5050019936293652,-0.6736363276717177,0.43111958111118853,0.31595636094050933
2024,E02000569,Islington 016,Tech Belt & Midtown,4,37.75,11075.61,59.705,35.894999999999996,89.48124999999999,0.7615576102418208,0.05298719772403983,0.7349030888592141,2380750.0,0.06632290184921763,37.25,11656.527500000002,68.71499999999999,0.6774436090225564,0.0537593984962406,0.6982843855882515,2651150.0,0.0,0.013333530869465168,-0.14055174702146703,-0.05112093011003852,-0.10757794403587301,0.06632290184921763,0.08411400121926438,-0.0007722007722007693,0.036618703270962616,9.363707387676047,0.18857948771315264,-0.0008981320991023843,0.678295563080727,-0.17709312149125386,0.17222094930088083,0.20419193469493435,0.6616656823172888,1.1415052242996604
2024,E02000570,Islington 017,Tech Belt & Midtown,4,34.0,5814.4,97.17500000000001,74.86,184.6625,0.5294117647058824,0.0,0.0,1573450.0,0.10294117647058823,40.25,6639.637500000001,95.30625,0.5462276117122074,0.0,0.0,1612900.0,0.05474165676371559,-0.16874947924841094,0.01941808585710173,-0.13271976940486127,-0.024763140218436442,0.04819951970687264,-0.01681584700632499,0.0,0.0,8.800963246898052,-0.6892431235139322,-0.38629772971603904,-0.5923290934197333,-0.2024671447017748,-0.4675842728378698,-0.6251348213848846,0.0,-1.2278141834160115
2024,E02000571,Islington 018,Tech Belt & Midtown,4,127.5,9590.055,58.095,25.77625,122.1675,0.6560434436272357,0.0,0.0,2172512.5,0.2623441662815404,118.25,14934.4375,98.63,0.49578680432588873,0.0,0.0,2185562.5,0.4093531141840399,0.07531533722643849,-0.5292958733310769,-0.4429431637318927,-0.005988900606466639,-0.14700894790249952,0.16025663930134693,0.0,0.0,9.611492023826786,0.487393918942221,0.9356648883136229,1.6368694147112273,-0.2024671447017748,0.714365269316324,0.9069289157132004,0.0,-1.2278141834160115
2024,E02000572,Islington 019,Tech Belt & Midtown,4,48.0,19220.0,162.37,94.3,292.9,0.2708333333333333,0.10416666666666667,0.5408397502601456,5732050.0,0.16666666666666666,56.5,27350.949999999997,196.91875000000002,0.212406015037594,0.1593045112781955,0.5809786164284758,8000300.0,0.0664374840845429,-0.16303962724450435,-0.19291352551539614,-0.3527998596403334,-0.3334058080900202,0.10022918258212375,0.05842731829573933,-0.05513784461152883,-0.04013886616833018,10.216543103297578,-0.6617159138498088,0.1252519550700579,0.3549211278651858,1.609327144189815,0.3569460783188125,0.4436358884387884,0.5408397502601456,0.7088468086844965
2024,E02000573,Islington 020,Tech Belt & Midtown,4,489.5,85485.525,62.85,25.0375,174.87125,0.60795549187119,0.022094865059890344,0.266543704802982,21238957.5,0.3454967677424653,617.25,130848.715,58.698750000000004,0.6351783326520137,0.027077281311356134,0.45230779905366003,25069540.0,0.24429078090796552,-0.2318896662547238,0.06833250314785116,-0.4256947451583556,-0.1658164501297335,0.10120598683449977,-0.02722284078082371,-0.004982416251465789,-0.18576409425067802,11.781804729889432,-0.9936421105219273,-0.5041424283213805,-0.7233446762468186,-0.03874813513789949,-0.5649693375570065,-0.7513670511628249,0.266543704802982,-0.2733636358488404
2024,E02000574,Islington 021,Tech Belt & Midtown,4,409.75,129042.4025,55.6375,14.0,215.10500000000002,0.5938144981881479,0.05160582529256112,0.6122830122487036,41579950.0,0.2365375621464762,309.5,162599.105,138.89,0.4087262430628382,0.09836006736650109,0.6709938140669915,48303568.75,0.0948652029094804,0.2805891254992882,-0.9148248185861547,-0.23114664089197823,-0.14988736516462473,0.14167235923699578,0.1850882551253097,-0.04675424207393997,-0.05871080181828792,11.999049121852096,1.4770193250770136,1.8644818889775945,1.9494792509625671,1.3338473298271658,1.6562069487110853,2.1277606277492036,0.6122830122487036,0.9646737492433312
2024,E02000575,Islington 022,Tech Belt & Midtown,4,2480.25,583349.5249999999,94.24,30.87875,210.61125,0.5150881069556165,0.043054484016264286,0.4168178272780484,198947118.75,0.12838866854614897,2588.25,687077.4675,103.72,0.4828734515651355,0.04906064276224324,0.4494305763255513,207333575.0,0.10389480705568349,-0.04262261011621068,-0.09585024076718712,-0.16366051286684097,-0.04128991517915776,0.02449386149046548,0.03221465539048096,-0.006006158745978957,-0.03261274904750289,13.440203782294962,-0.08118519688008903,-0.10859307816026371,0.02492503270102133,-0.005108611904400401,-0.04249046356093295,-0.07412076635924161,0.4168178272780484,0.2647440586754784
2024,E02000576,Islington 023,Tech Belt & Midtown,4,1245.25,469631.13,112.23125,24.7825,332.676875,0.4815461058880217,0.0738123914666449,0.5641125320775598,158368282.5,0.18254138210610377,1283.5,544285.1224999999,163.1075,0.3812870651384971,0.0954741104095609,0.5472164723929422,153511081.25,0.1616718703305553,-0.030254408357802375,-0.3738480178205223,-0.14752567501776379,0.031150467612463068,0.020869511775548466,0.10025904074952463,-0.021661718942916006,0.016896059684617604,13.20723034804729,-0.021558067711251218,0.5611596463805386,0.8815484725815081,0.5093230775105725,0.482618282190342,0.6065344043617718,0.5303204127083246,0.6711787365992797
2024,E02000588,Kensington and Chelsea 012,West End,4,487.25,59157.494999999995,64.42750000000001,22.071875,162.613125,0.6460364374051804,0.016656709722912572,0.19122937683238114,37779125.0,0.19712655079335273,514.0,78783.6625,66.6,0.6310481606303392,0.019657144320115883,0.18254014004931202,36214237.5,0.0596799043205046,-0.05344592706749496,-0.03316401694900508,-0.28650235254113976,0.04230435878873635,0.13744664647284813,0.014988276774841158,-0.003000434597203311,0.008689236783069126,11.2744736185766,-0.13336443283496507,-0.2596168368335105,-0.1919410559343397,-0.10387478394291697,-0.17219927738643306,-0.2422516069379934,0.1738509032662429,-0.6052817925641514
2024,E02000590,Kensington and Chelsea 014,West End,4,166.75,15573.035,40.785,21.767500000000002,62.858125,0.8102872612393206,0.01807392895551943,0.328984345844663,7920087.5,0.3149100899100899,221.25,27735.835,46.66875,0.7604486067721361,0.02259918804036451,0.31329417111428143,13006850.0,0.237100620974513,-0.28279759909230584,-0.13476040904933123,-0.5771843664275224,-0.4960738880181385,0.07780946893557689,0.049838654467184496,-0.004525259084845079,0.01569017473038159,10.230516592190043,-1.2390693720040904,-0.014850633542415708,0.24679683937360183,-0.05377002707881294,-0.2652232983129293,-0.36283097522539676,0.29760399638389984,-0.16214167947618568
2024,E02000594,Kensington and Chelsea 018,West End,4,82.75,14880.397500000001,82.1275,37.924375000000005,177.19,0.5580204976337717,0.01827804069202902,0.13824396054905141,8296700.0,0.0841992141175814,101.75,20816.329999999998,96.225,0.5088641517212946,0.02025355596784168,0.16031562966390947,9360487.5,0.0731359649122807,-0.2066948100655321,-0.1584162814280608,-0.3356930320765244,-0.12063952708544193,0.011063249205300704,0.049156345912477084,-0.0019755152758126615,-0.022071669114858056,9.943541091870314,-0.8721776507946337,0.04214113504285602,0.2382071299051532,-0.13755297695450872,-0.18234559070028333,-0.2554034363003991,0.13824396054905141,-0.7327845823926962
2024,E02000595,Kensington and Chelsea 019,West End,4,27.0,5151.23,191.07999999999998,131.4425,237.5275,0.08333333333333333,0.0,0.0,2046000.0,0.13839285714285715,36.0,7124.09,180.11,0.16666666666666666,0.0,0.0,2333750.0,0.09027777777777778,-0.2876820724517809,0.059124413172794876,-0.3242464775890902,-0.13158974834436052,0.048115079365079375,-0.08333333333333333,0.0,0.0,8.871377636636021,-1.2626174293220565,-0.4819582820523705,-1.4297301170160461,-0.2024671447017748,-0.844193243273062,-1.113301977503915,0.0,-1.2278141834160115
2024,E02000619,Lambeth 002,Southbank,4,158.5,30658.695,28.52,15.9875,51.64375,0.9432171005493193,0.0063092110500756315,0.8008569929430168,5658200.0,0.0735379053649354,186.5,31599.105,25.6975,0.9302944051520902,0.005361968834454603,0.7770229276240761,5503427.5,0.26683498811514095,-0.16267664576653493,0.10421188464115509,-0.03021248846992918,0.02773474047475977,-0.19329708275020555,0.012922695397229123,0.0009472422156210289,0.023834065318940723,10.360915722354294,-0.6599659793083493,-0.5905830961738029,-0.21794504459125133,-0.2335929177266484,-0.425521759450013,-0.5706126534289778,0.7531888623051354,1.4692351525643612
2024,E02000620,Lambeth 003,Southbank,4,211.75,49075.7475,49.335,26.34125,161.253125,0.6733791402396054,0.019003993422598075,0.4198959219183922,24426850.0,0.1825966431229589,224.0,54885.7,57.13,0.6547085201793722,0.026905829596412557,0.4388281544274689,23743600.0,0.021583331127494058,-0.05623971832287608,-0.14669560442724122,-0.11188786916340378,0.028369916646232236,0.16101331199546484,0.018670620060233234,-0.007901836173814483,-0.01893223250907672,10.91302633949616,-0.14683330691297156,0.013903659772485123,-0.14558335051442983,0.05718213524995907,-0.0553327156012393,-0.09076711880654471,0.4198959219183922,0.27576622525454386
2024,E02000621,Lambeth 004,Southbank,4,39.75,11860.46,113.83375,109.08,206.769375,0.20391363022941972,0.025489203778677465,0.4624734166701788,4357712.5,0.2883725071225071,44.5,22194.0475,171.7275,0.14376053252443546,0.0965214582631165,0.635185361680735,4366662.5,0.10690331875993642,-0.11287934807185367,-0.4111698674956805,-0.6266139436419917,-0.0020517236225259376,0.1814691883625707,0.060153097704984254,-0.07103225448443903,-0.1727119450105562,10.007624457387495,-0.4198930924085845,0.6510755110676286,0.3766472862575596,2.1316072811072364,0.68485924650596,0.8686826911820263,0.4624734166701788,0.4282294515382751
2024,E02000808,Southwark 002,Southbank,4,2349.25,653766.1599999999,57.01625,19.3125,195.17875,0.6151281521377711,0.048949178197171345,0.551153305712482,205069040.0,0.07763310498725748,2505.0,767041.3725,64.20375,0.5949373944679136,0.058529282895211455,0.5804222214770026,193661438.75,0.06206767176528924,-0.06419260625579085,-0.11872530528093372,-0.15979100658759712,0.05723522951514434,0.015565433221968239,0.02019075766985745,-0.00958010469804011,-0.02926891576452062,13.550297323282406,-0.1851741979579303,-0.05348243323165669,-0.1264460550362376,0.11232896496086749,-0.06319343031623928,-0.10095631515800256,0.551153305712482,0.7457780078517136
2024,E02000810,Southwark 004,Southbank,4,14.75,2209.075,113.87875,65.0775,133.234375,0.3892857142857143,0.0,0.0,519175.0,0.0,20.0,5185.1675,128.51,0.35,0.1,0.4231300238505042,396662.5,0.0,-0.3044891907681621,-0.12087243643591075,-0.8532282700087633,0.2691552200484275,0.0,0.03928571428571431,-0.1,-0.4231300238505042,8.553750264072976,-1.343644585442428,-0.048309561145285985,0.11394391004807419,3.0834688610606986,0.4513646561302647,0.5660229058318105,0.0,-1.2278141834160115
2024,E02000812,Southwark 006,Southbank,4,381.0,149109.64,49.480000000000004,18.701875,215.501875,0.6413652774621227,0.08996064500925102,0.6780800489430363,64738575.0,0.11859866945153555,403.25,138972.05,45.785000000000004,0.6699082678329633,0.07548778174423426,0.6836676839384073,56371662.5,0.08367235969478713,-0.056757341878617265,0.07761202096459165,0.07040904050002565,0.13839064283792898,0.03492630975674842,-0.028542990370840626,0.014472863265016761,-0.00558763499537096,11.842035308422638,-0.1493287712676042,-0.526498658669922,-0.7399642853003789,-0.6780361697917309,-0.523456971257409,-0.6975579935165646,0.6780800489430363,1.2002824564443593
2024,E02000815,Southwark 009,Southbank,4,138.0,23057.7625,23.275,11.293750000000001,106.9025,0.7317300798100544,0.027387836900689962,0.5694217003200635,6279685.0,0.09540816326530613,120.5,24844.9,56.71000000000001,0.5809228650137741,0.016597796143250687,0.2376790426594647,6041812.5,0.31820046834989585,0.13560393222649494,-0.8905707388628061,-0.07465001944650831,0.038615770274073924,-0.22279230508458972,0.15080721479628034,0.010790040757439275,0.33174265766059874,10.120448027972799,0.7780453743190894,1.8060489182246449,1.5179088497548525,-0.5570209789869178,0.8862455408279173,1.1297231397589607,-0.09406361500113403,-1.5646410047822894
2024,E02000868,Tower Hamlets 005,Tech Belt & Midtown,4,36.75,4200.4400000000005,73.3375,42.9375,110.69062500000001,0.6734234234234234,0.0,0.0,681662.5,0.2127016129032258,32.75,3353.6225000000004,68.275,0.6795343137254902,0.0,0.0,552512.5,0.0,0.11523526357758473,0.07152840689220966,0.22514817681689955,0.21005860975030513,0.2127016129032258,-0.006110890302066796,0.0,0.0,8.118094524446175,0.6798479758411616,-0.511842005141175,-0.45756239977724966,-0.2024671447017748,-0.12300589344475944,-0.17848627943947895,0.0,-1.2278141834160115
2024,E02000869,Tower Hamlets 006,Tech Belt & Midtown,4,74.0,5602.45,53.2325,29.4,91.2725,0.7668036529680365,0.0,0.0,980725.0,0.022564935064935066,88.25,6209.2075,48.86,0.824491444517882,0.0,0.0,817018.75,0.030791788856304986,-0.17610860260923636,0.08571004624882218,-0.10282926898861283,0.18263004965581128,-0.00822685379136992,-0.05768779154984549,0.0,0.0,8.733949588217925,-0.7247214741890444,-0.5460084351688655,-1.1068736152745646,-0.2024671447017748,-0.6450176673335625,-0.8551271008874611,0.0,-1.2278141834160115
2024,E02000872,Tower Hamlets 009,Tech Belt & Midtown,4,117.0,9448.6025,40.72625,23.935000000000002,77.41624999999999,0.8290943467713603,0.0,0.0,1839937.5,0.11582272445965183,125.0,9923.1775,43.65625,0.8234051209150249,0.008145204851598128,0.10823386821895119,1849257.5,0.12516656441322627,-0.06613980250454495,-0.06947360876306516,-0.04900633553577417,-0.005052603523186715,-0.009343839953574434,0.005689225856335356,-0.008145204851598128,-0.10823386821895119,9.202729230584831,-0.19456163555876055,-0.17213970553340827,-0.3090085398039037,0.06517907425999996,-0.15263270165901813,-0.21688906813069359,0.0,-1.2278141834160115
2024,E02000873,Tower Hamlets 010,Tech Belt & Midtown,4,34.0,2190.23,18.41,10.92,22.5,0.9090909090909091,0.030303030303030304,0.4905968779534569,5857120.0,0.0661764705882353,27.25,2794.27,21.5075,0.7625320512820513,0.0396474358974359,0.3848537133078457,5303952.5,0.0,0.22130700350690835,-0.15550771626837961,-0.2435643306687152,0.09920571786417404,0.0661764705882353,0.1465588578088578,-0.009344405594405594,0.10574316464561123,7.935683981996961,1.1912200783886786,0.0351338148374603,1.4644254924256133,0.1045840432492815,0.6988408572252585,0.886805900342223,0.27911054866223445,-0.2283637698361712
2024,E02000874,Tower Hamlets 011,Tech Belt & Midtown,4,149.5,5808.5,30.3675,19.89125,44.9375,0.9765995525727069,0.0,0.0,1505500.0,0.17715883668903804,148.25,6264.995,30.3425,0.966522798866656,0.0,0.0,1793075.0,0.09862836438923396,0.008396354952906358,0.0008235875939092785,-0.07565542829172373,-0.17480695414482994,0.07853047229980407,0.010076753706050878,0.0,0.0,8.74289267355459,0.1647773512460796,-0.341499832390216,-0.2537731345700578,-0.2024671447017748,-0.15824069010399222,-0.22415824116066124,0.0,-1.2278141834160115
2024,E02000876,Tower Hamlets 013,Tech Belt & Midtown,4,156.0,13039.78,23.25,13.465,43.8575,0.8974358974358975,0.00641025641025641,0.3945542307027645,3335329.0,0.24500158679784195,164.75,9952.7275,25.544999999999998,0.8730309442632166,0.006431786120172506,0.14148473735489794,1065861.25,0.4847893400132206,-0.05457316613307961,-0.09413647074939588,0.2701580509812143,1.1407881673790903,-0.23978775321537865,0.024404953172680877,-2.1529709916095693e-05,0.25306949334786655,9.205702383114497,-0.13879885496687133,-0.11272189584657137,-0.07339276299885594,-0.2017596922117056,-0.13166830150600106,-0.18971464477425146,-0.1115847559929686,-1.6273814196272736
2024,E02000878,Tower Hamlets 015,Tech Belt & Midtown,4,1379.75,251308.9925,31.1325,15.366875,66.94749999999999,0.818361645960251,0.029903284889558422,0.6233612549457757,75216193.75,0.22617971940913467,1442.0,275181.55000000005,33.58875,0.8101741576950845,0.027472543873697994,0.6178139179799008,76252876.25,0.17675062988455964,-0.04412871552528376,-0.07593889986221113,-0.09074783382768606,-0.013688585894409584,0.04942908952457503,0.008187488265166465,0.0024307410158604277,0.005547336965874838,12.525189974600694,-0.08844613452671447,-0.15656351505267774,-0.27755744906240165,-0.2823397389487691,-0.20122670939764076,-0.2798774736771082,0.612266581014026,0.9646149116093795
2024,E02000879,Tower Hamlets 016,Tech Belt & Midtown,4,46.0,4512.589999999999,32.09,21.4,102.21,0.7111111111111111,0.0,0.0,991400.0,0.12846068660022147,42.5,2748.92,30.5325,0.8152777777777778,0.0,0.0,559500.0,0.07346491228070175,0.07913732055872379,0.04975276505865901,0.4956631607902456,0.5720745578344936,0.05499577431951973,-0.10416666666666663,0.0,0.0,7.9193270993283775,0.5058197093915393,-0.4593800912322477,-1.6920048303521824,-0.2024671447017748,-0.4620080892236664,-0.6179068743346652,0.0,-1.2278141834160115
2024,E02000880,Tower Hamlets 017,Tech Belt & Midtown,4,150.5,11931.3925,20.6625,11.45625,76.875,0.7864497150211436,0.0,0.0,2371325.0,0.527420878601795,173.25,15083.1975,20.497500000000002,0.8364925080599356,0.005839553283573731,0.20194565561131694,1862075.0,0.20784991601234423,-0.14077255388108215,0.008017535658946777,-0.23440842406593768,0.24175741334133172,0.3195709625894507,-0.050042793038792,-0.005839553283573731,-0.20194565561131694,9.62140295163647,-0.5543663018700289,-0.3588315044914627,-1.0106293052133608,-0.010583160781140764,-0.4836025680889983,-0.645898016774475,0.0,-1.2278141834160115
2024,E02000881,Tower Hamlets 018,Canary Wharf,4,88.0,6983.75,24.0,15.8775,49.875,0.8409633921547909,0.01136437016425393,0.21989954141163665,900087.5,0.2621030644710731,68.0,5619.525000000001,27.175,0.8278204723304208,0.015003333684247465,0.2750473749219552,722681.25,0.3300291218637993,0.25782910930209985,-0.12424360265932752,0.21733888103055585,0.21952372724364416,-0.06792605739272617,0.013142919824370103,-0.0036389635199935346,-0.055147833510318545,8.634180354894806,1.3672932345600974,-0.04018774165829013,-0.2151725982633466,-0.08289313216174574,0.2572599406191788,0.31442096748486925,0.21989954141163665,-0.44038895472699274
2024,E02000883,Tower Hamlets 020,Canary Wharf,4,49.0,4047.04,25.7,11.7075,53.95,0.874945722970039,0.0,0.0,544270.0,0.7503256621797656,45.75,4193.825000000001,44.238749999999996,0.7908393490337325,0.0,0.0,682035.0,0.3493155849863167,0.06862850638909636,-0.5431101099408506,-0.03562745562405679,-0.22563552891717722,0.4010100771934489,0.08410637393630649,0.0,0.0,8.341606901702193,0.4551566920715236,0.9689461710091756,0.6781995417950639,-0.2024671447017748,0.4749588150434971,0.5966060686395991,0.0,-1.2278141834160115
2024,E02000884,Tower Hamlets 021,Tech Belt & Midtown,4,1133.0,265241.635,32.489999999999995,10.570625,139.279375,0.7108990735504666,0.04033054175459603,0.5649961100050912,67482593.75,0.24750487353175166,1275.75,285366.7625,40.3075,0.666928820540162,0.04885362941811802,0.49302785589336423,50904553.75,0.20495401444335343,-0.11866525891607455,-0.215605206174749,-0.07313399819523671,0.2819173100625355,0.04255085908839823,0.04397025301030455,-0.008523087663521993,0.07196825411172697,12.561534022143869,-0.4477869819170733,0.1799207912999808,0.17291844050106314,0.07759606163659391,-0.00433792211985886,-0.024666772651973833,0.42105960178163726,0.27993317747533675
2024,E02000885,Tower Hamlets 022,Tech Belt & Midtown,4,19.0,3453.13,112.205,35.75,277.9525,0.5,0.0,0.0,657300.0,0.3472222222222222,36.25,4162.505,55.223749999999995,0.6157972933797174,0.0,0.0,589675.0,0.13407258064516128,-0.6460004021342433,0.7089344410018513,-0.1868359903862084,0.10856899759959135,0.21314964157706093,-0.11579729337971745,0.0,0.0,8.334112546587846,-2.9900709221479995,-2.0474817232306344,-1.8384249561322634,-0.2024671447017748,-1.7696111865531678,-2.312844954588448,0.0,-1.2278141834160115
2024,E02000886,Tower Hamlets 023,Canary Wharf,4,82.5,7234.185,24.25,16.893749999999997,67.725,0.818175139582721,0.0,0.0,1325275.0,0.29626436781609194,67.0,6281.175,23.16125,0.8114872454239498,0.0,0.0,959227.5,0.23208333333333334,0.20810567394966914,0.04593599376900504,0.1412606419931947,0.32324699102809323,0.06418103448275861,0.006687894158771246,0.0,0.0,8.745471537080848,1.1275764381824729,-0.4501847192501745,-0.29643611855241925,-0.2024671447017748,0.0446221139195261,0.03879608520086289,0.0,-1.2278141834160115
2024,E02000887,Tower Hamlets 024,Canary Wharf,4,33.0,6392.764999999999,59.1325,11.475,203.75,0.59375,0.03125,0.3737975681984804,2315035.0,0.28846153846153844,34.0,9544.3025,104.6625,0.46875,0.0625,0.4420913629493449,2407545.0,0.16452569169960474,-0.02985296314968116,-0.5709601988689289,-0.40077749744542523,-0.03918274988983663,0.1239358467619337,0.125,-0.03125,-0.0682937947508645,9.163804427643,-0.01962269943812441,1.0360426533479732,1.1930170163453229,0.8243878570989982,0.7584562068385424,0.9640803626263511,0.3737975681984804,0.11069536386452582
2024,E02000888,Tower Hamlets 025,Tech Belt & Midtown,4,92.25,3842.5,17.7,12.47875,31.475,0.8931491214099909,0.0,0.0,846518.75,0.5049077323236988,93.0,5633.969999999999,47.6,0.8260869565217391,0.0,0.0,813450.0,0.6,-0.008097210232619362,-0.9892681216575909,-0.3826911481957584,0.039847889402235784,-0.09509226767630119,0.06706216488825179,0.0,0.0,8.636747102591027,0.08526183549186755,2.0438308232906395,0.46362681977331655,-0.2024671447017748,0.5975630834635122,0.755527872794958,0.0,-1.2278141834160115
2024,E02000889,Tower Hamlets 026,Tech Belt & Midtown,4,176.0,49389.697499999995,62.055,23.67,240.14000000000001,0.5921515961979503,0.07445498567071027,0.49824934347433925,11392642.5,0.414930306672695,199.5,53738.225000000006,50.25,0.6247689947136263,0.09785323139921118,0.6346320810266892,7744507.5,0.3794818754925138,-0.12533024129176643,0.2110105416422994,-0.08438272342887018,0.3859838698723561,0.035448431180181206,-0.03261739851567602,-0.02339824572850091,-0.13638273755234998,10.891898460777814,-0.47991887730382443,-0.8478826050475445,-0.7912577682540328,0.5663842364078165,-0.3881687535493963,-0.5221950317193025,0.49824934347433925,0.5563373464637752
2024,E02000890,Tower Hamlets 027,Tech Belt & Midtown,4,327.5,99080.41499999998,44.245,10.5,246.13375,0.6352107530861582,0.11442751069559354,0.6620398104956502,31476910.0,0.39437767753536346,402.75,128692.555,68.60499999999999,0.5832926742655538,0.10959333193028739,0.6189797660539553,26700425.0,0.14800581151821665,-0.2068279669817771,-0.43862304765382487,-0.2614944720740857,0.16457477828856162,0.2463718660171468,0.051918078820604396,0.004834178765306146,0.04306004444169487,11.765189314630211,-0.8728196005945931,0.7172157601124944,0.2729750998310764,-0.36131516533389324,-0.060985976496228875,-0.09809497478065218,0.5759197216122605,0.8344625979991053
2024,E02000894,Tower Hamlets 031,Canary Wharf,4,22.25,308690.1,1132.3375,457.09875,4856.69375,0.16916666666666666,0.60625,0.9901619607969607,24272172.5,0.14945697577276523,64.25,214219.555,30.5,0.7941066997518611,0.15918114143920598,0.989795239955533,26842060.0,0.1244047619047619,-1.06043971516308,3.614312675589736,0.365336413992396,-0.10063953074056184,0.025052213868003326,-0.6249400330851944,0.447068858560794,0.00036672084142774786,12.274761394109774,-3.052650925660957,-5.046385002619158,-4.698271467370501,-6.166692400520986,-4.740999949042901,-4.301068731413679,0.9894285191141052,2.2259947591522984
2024,E02000967,Westminster 008,West End,4,401.75,76934.255,43.2975,19.1,103.12812500000001,0.7401376388398301,0.010397154658900917,0.5905689350033336,35871837.5,,412.5,106659.3325,66.80125,0.634622738616271,0.03455315828411382,0.60568969950549,35657111.25,,-0.026406201157113653,-0.433626896321311,-0.32668872098583734,0.006003915862652017,,0.10551490022355903,-0.024156003625212905,-0.01512076450215638,11.57740460153207,-0.00300585193195044,0.7051790236945362,0.9477154663521029,0.5912836759723844,0.5602930785217682,0.7072178383846539,0.5905689350033336,0.8869190975921946
2024,E02000968,Westminster 009,West End,4,52.25,8592.17,85.44375000000001,41.136250000000004,153.93,0.5364992150706436,0.019525117739403453,0.2268055219203821,4654900.0,,62.75,9218.16,105.63,0.450199564586357,0.018958635703918723,0.21130105139356953,4226325.0,,-0.18311868716697283,-0.21208415713690543,-0.07032412807393444,0.09658760710973893,,0.08629965048428656,0.0005664820354847298,0.015504470526812586,9.129039206109537,-0.7585171079904145,0.1714378738776409,0.7058111087337046,-0.22108138187194368,-0.025587376812753186,-0.05221068870507132,0.19579658086675694,-0.5266978169342422
2024,E02000969,Westminster 010,West End,4,129.5,14599.425000000001,32.575,24.8,70.475,0.8185450208706022,0.023166368515205725,0.350048718079765,5596000.0,,137.5,14988.650000000001,29.44,0.8127284275253174,0.007273977858712864,0.16904164314538678,4488337.5,,-0.05994303596703359,0.10119082915023328,-0.026311103641736628,0.2205696908754986,,0.005816593345284837,0.01589239065649286,0.18100707493437823,9.615115241924787,-0.1646870098064659,-0.583304764068127,-0.3074050867645804,-0.7246809314599048,-0.4450194480247695,-0.5958858995001871,-0.011965431788991454,-1.2706604886075823
2024,E02000970,Westminster 011,West End,4,2462.5,512011.73000000004,53.334999999999994,20.821875,165.465,0.6525721500659546,0.032411327916132784,0.41675333024118516,283873375.5,,2480.25,609055.0125000001,70.855,0.5795198113748322,0.04180120410670758,0.43318870851028035,309527865.0,,-0.007182267483767946,-0.2840427591993877,-0.1735610612091525,-0.08651984256198263,,0.07305233869112238,-0.009389876190574797,-0.01643537826909519,13.319665517011074,0.08967277659175432,0.34480066222917716,0.5390382333884296,0.10607817794084021,0.2698974625375503,0.33080194515556693,0.41675333024118516,0.26451310506058784
2024,E02000971,Westminster 012,West End,4,754.75,93009.02249999999,30.517500000000002,13.00375,100.325625,0.7497809098484745,0.021169788389304785,0.3244213914846699,45270677.5,,750.75,115842.855,45.46,0.6852998752772548,0.024478599080190046,0.34172843237550277,37380195.0,,0.005313861723508567,-0.3985325288625795,-0.21953806982070506,0.1915185083896422,,0.06448103457121968,-0.003308810690885261,-0.017307040890832848,11.659998485726042,0.1499166442862811,0.6206296130098168,0.4311324895021417,-0.09374174284745795,0.2769842509876954,0.33998796470185344,0.3244213914846699,-0.06611285952272034
2024,E02000972,Westminster 013,West End,4,7333.5,1273205.105,53.92375,19.75875,153.1625,0.6479941867952115,0.02430187303470174,0.3576086604299741,762839572.5,0.0,7966.5,1478450.79,62.918749999999996,0.6169729461814468,0.025694135034793005,0.34083125000900993,732078326.25,0.6,-0.08279235784375363,-0.15427319983211366,-0.14945735002304794,0.04116023901964738,-0.6,0.031021240613764656,-0.0013922620000912656,0.016777410420964145,14.2065060103707,-0.27484364321013,0.03215961570736835,0.00990091181521114,-0.15671830634622713,-0.09737535550844441,-0.1452635264080959,0.3240538395880458,-0.0674290043150033
2024,E02000973,Westminster 014,West End,4,51.75,5945.2474999999995,89.01500000000001,42.769999999999996,161.57500000000002,0.546764705882353,0.0,0.0,1940950.0,,51.75,6517.650000000001,108.22375,0.4714596527431865,0.0,0.0,1875437.5,,0.0,-0.19539594839296617,-0.09192172062101771,0.03433557839979348,,0.07530505313916652,0.0,0.0,8.782422578267084,0.12429850467616492,0.13123261255350233,0.5673980751206993,-0.2024671447017748,0.15511551191214795,0.1820195665896802,0.0,-1.2278141834160115
2024,E02000974,Westminster 015,West End,4,687.5,138519.6825,14.2025,6.6,67.935625,0.7934733227112221,0.03337836964947033,0.6608623247328851,73516992.5,,237.5,107762.79749999999,68.825,0.5725306730705746,0.08288565554537133,0.7164327619631297,41976913.75,,1.0628942060660305,-1.5781490455795262,0.25107993521096184,0.5603967754356372,,0.22094264964064747,-0.049507285895901004,-0.055570437230244574,11.587697050812242,3.8388841358032284,3.4625637621196885,2.4008569010434138,1.424310588027403,2.7816538467484335,3.586584646048629,0.6608623247328851,1.138628528761519
2024,E02000975,Westminster 016,West End,4,933.5,153446.57,14.6,7.5424999999999995,51.4925,0.8468741297236972,0.039506530305217114,0.6215422774763752,59843500.0,,988.75,206438.91249999998,15.33,0.8066088472832492,0.053453673116181016,0.6506184247876894,66151925.0,,-0.057500556100086295,-0.048790164169432056,-0.2966521171341214,-0.10022116940605114,,0.040265282440448025,-0.013947142810963903,-0.029076147311314138,12.237764668410607,-0.15291180874138435,-0.22197029596585185,0.12627587598292184,0.25582704269880047,0.0018052034936215239,-0.016703945433733828,0.6215422774763752,0.9978297030601851
2024,E02000976,Westminster 017,West End,4,125.75,15103.227499999997,37.1,17.26625,144.88,0.6997452300169795,0.01590731036669197,0.1510674408824478,4442037.5,,128.0,15316.0775,37.5,0.7020518163141429,0.016668417612177244,0.23567649356655385,4702831.25,,-0.01773445493976858,-0.010723963362975611,-0.013994630966923442,-0.05705155338705173,,-0.0023065862971634044,-0.0007611072454852749,-0.08460905268410604,9.6367236613893,0.03880065655821819,-0.3136794526838574,-0.409669308145431,-0.17745764767990718,-0.21550143798774435,-0.2983806273650022,0.1510674408824478,-0.686865742047268
2024,E02000977,Westminster 018,West End,4,5649.75,1274643.9725000001,60.989999999999995,19.7275,205.72,0.5914123481575193,0.0402160123520782,0.4275124815807342,768514837.5,0.5454545454545454,6524.0,1535791.9549999998,67.60125,0.5808467551371893,0.042063197859670824,0.43636973264230866,836867257.5,0.2916666666666667,-0.14387638836699074,-0.10291655769385502,-0.18637927722679962,-0.08520559483827317,0.25378787878787873,0.01056559302033,-0.001847185507592622,-0.008857251061574478,14.244557388682228,-0.5693298950766279,-0.09156889521797844,-0.24761904540109828,-0.1417698110145625,-0.26257191167756677,-0.3593942013427639,0.4275124815807342,0.30303991211829384
2024,E02000978,Westminster 019,West End,4,712.75,167287.6575,57.87,19.252499999999998,244.54062499999998,0.6049102926124879,0.04372924590292491,0.39526004849061336,103513450.0,,876.0,242785.0375,93.125,0.5169022179189515,0.0565956297772778,0.40145556155380074,107418577.5,,-0.20623536314361002,-0.47574356111397625,-0.37246160187739996,-0.03703158602341777,,0.08800807469353633,-0.01286638387435289,-0.006195513063187386,12.399935830336013,-0.8699626561256595,0.8066465652427098,0.7273187792811046,0.22031399566520357,0.22107917101583963,0.26752281903383734,0.39526004849061336,0.18754908690449582
2024,E02000979,Westminster 020,West End,4,1501.0,753115.175,86.67375,26.2,286.90875,0.5351925988912638,0.08574497783462887,0.7244118356694859,402478062.5,,2167.25,996284.4675,65.41624999999999,0.5724906667603518,0.08181219702850709,0.7221836083175265,372408800.0,,-0.36732753011528785,0.28138037122949994,-0.2798146557948316,0.07764841663913023,,-0.03729806786908796,0.003932780806121777,0.0022282273519593776,13.811789109456626,-1.6465883641901418,-1.0174177200080405,-0.8501835864726259,-0.3316958052378459,-0.9614713689771636,-1.2653199420090737,0.7199553809655671,1.3502313498463034
2024,E02000980,Westminster 021,West End,4,126.5,82349.77000000002,218.13,67.195,464.9125,0.36089681774349086,0.0747003719520595,0.6553060076755267,50020612.5,,108.25,85294.0375,301.85375,0.2187551889312426,0.11201835760077226,0.6696681761390243,51017300.0,,0.15579894128497565,-0.32485141322429084,-0.035128888039932284,-0.019729620413505355,,0.14214162881224826,-0.03731798564871276,-0.014362168463497582,11.353871554765147,0.8754055595115119,0.4431169419769038,1.408816173921973,1.0237779823545503,0.9377791644412348,1.196521926985806,0.6553060076755267,1.1187322424779151
2024,E02000981,Westminster 022,West End,4,242.25,24161.5775,33.09375,19.35625,73.77125000000001,0.7741798068482636,0.012436570021917163,0.19956657133631478,11071075.0,,310.5,56799.0925,39.95,0.6774931423902355,0.025138867786113447,0.3493806920375076,16670217.5,,-0.24821365060265782,-0.18828422941060383,-0.85475668367756,-0.40928789275793953,,0.0966866644580281,-0.012702297764196284,-0.14981412070119282,10.947293233229043,-1.0723400766674611,0.11409904690023488,0.836575162128017,0.21492223109111255,0.02331409086297582,0.011176251807051419,0.19956657133631478,-0.5131980816069638
2024,E02000982,Westminster 023,West End,4,787.75,166981.1325,27.765,14.14,89.38499999999999,0.7669089212121394,0.028243772343335652,0.564797205906395,85194692.5,,631.75,240257.76499999998,47.57,0.6624032526428958,0.051251237851569764,0.6862442320295684,83629407.5,,0.2206870343690804,-0.5384260757506195,-0.3638315408353591,0.018543914703794153,,0.10450566856924359,-0.023007465508234112,-0.12144702612317337,12.389471808997442,1.188231205747041,0.9576613877493884,0.9350100610964868,0.5535434484466719,0.908611525759897,1.1587143219005567,0.564797205906395,0.7946346410280917
2024,E02000983,Westminster 024,West End,4,29.0,15987.519999999999,140.4475,51.5325,380.10125000000005,0.39111111111111113,0.15185185185185185,0.727431634447907,4937475.0,,34.5,19744.129999999997,134.16750000000002,0.3492943548387097,0.1905241935483871,0.7780984049141456,7526062.5,,-0.17366349405084008,0.045744734111688314,-0.21104781409856452,-0.421517929757727,,0.041816756272401445,-0.038672341696535245,-0.050666770466238575,9.890662157644378,-0.7129336001964319,-0.44972393615348794,0.14580766900007872,1.068281255376171,0.012857847006582435,-0.0023773149631830617,0.727431634447907,1.377002622629672
2024,E02006801,Lambeth 036,Southbank,4,352.0,185707.0275,140.22625,46.0025,382.17875000000004,0.43819375718091375,0.09593550217880731,0.693636711847391,71764422.5,0.04657871076505719,414.25,191709.4975,110.2775,0.47758693612188674,0.09662461565047074,0.7124227107134087,51076718.75,0.05667584671515126,-0.16283848070857523,0.24025727326936638,-0.03181088144374068,0.3400600532624084,-0.010097135950094073,-0.039393178940972995,-0.0006891134716634356,-0.018785998866017728,12.163741687576191,-0.6607461859367307,-0.9183438813885553,-0.8765593299503546,-0.17982331701582618,-0.6588681785728667,-0.873080376601188,0.693636711847391,1.2559883881914784
2024,E02006802,Southwark 034,Southbank,4,466.0,111859.33750000001,45.6,21.618750000000002,128.340625,0.6783587118962198,0.018328411569501088,0.5340156236122482,40061600.0,0.22567502410800386,399.0,132173.4925,72.25999999999999,0.5657424622604296,0.03794286912910216,0.5962929726201734,47542775.0,0.07672874263542528,0.15522421723578245,-0.4603630091991537,-0.16687322992853013,-0.17121156259587136,0.14894628147257857,0.1126162496357902,-0.01961445755960107,-0.06227734900792525,11.791878241489698,0.8726348135464096,0.7695917130094226,1.0371156766589513,0.4420513785841561,0.780348395449735,0.9924574016628823,0.5340156236122482,0.6844106982141037
2024,E02006853,Tower Hamlets 032,Canary Wharf,4,383.25,53793.6925,27.99125,15.8,50.45625,0.8615018468054051,0.021206199305979202,0.5517172262400243,11870090.0,0.20263796932545236,356.5,59695.7,30.065,0.8113937481010822,0.03366333104432418,0.5504257408841247,10821200.0,0.15435770675868996,0.07235327789757291,-0.07146974315462805,-0.10410377048616465,0.09251461773380162,0.048280262566762405,0.05010809870432287,-0.012457131738344979,0.0012914853558996242,10.997032021470988,0.47311382409432146,-0.16733061511020556,0.2501889230562678,0.20686623237376758,0.1907095911035378,0.22815723663364537,0.549134255528225,0.7385481107684038
2024,E02006854,Tower Hamlets 033,Canary Wharf,4,1468.0,2080920.1775000002,21.415,9.569375,173.6975,0.7064820563310641,0.1184827688546224,0.9424357379378958,306648435.0,0.24567590470616096,953.5,2002364.9575,145.32875,0.46344350329762896,0.28559238151506217,0.9444981899760934,355005318.75,0.18554670540109516,0.4315167841339872,-1.9149068064190506,0.03848122818253184,-0.14643084323681313,0.0601291993050658,0.24303855303343513,-0.16710961266043978,-0.0020624520381975486,14.509840018106205,2.2046419150338266,3.749299871932005,2.4680093954871913,4.032069835848741,3.113505254575441,3.797358938903755,0.9424357379378958,2.1468980679446976
2024,E02006941,Southwark 035,Southbank,4,465.75,321446.43,144.8825,30.94,338.705625,0.4295277510026311,0.11958883253457868,0.771417030428374,102764212.5,0.10016352273233008,516.75,354037.6925,157.86124999999998,0.3945652741202248,0.1323302152870633,0.7627296101320838,102951750.0,0.11193247304475079,-0.1039101890801798,-0.08579341357148529,-0.09657247885455644,-0.0018232668935703365,-0.011768950312420715,0.03496247688240628,-0.012741382752484612,0.008687420296290105,12.777161486990467,-0.3766527562482528,-0.13282200360690527,0.059517869217513585,0.21620653879412677,-0.058437587960879445,-0.09479170884264142,0.7540421898357937,1.4722907825200302
2024,E02006942,Southwark 036,Southbank,4,560.25,73790.6,84.82625,43.3125,167.235625,0.5569509760310914,0.005375719763963679,0.08954048949078337,22996193.75,0.04615322729866963,480.25,69229.8125,94.215,0.5143712365163614,0.0036305459430841956,0.053702104549748386,19772282.5,0.028929757460372584,0.15407631103237035,-0.10497435779110421,0.06379976589746437,0.15104762987938275,0.017223469838297045,0.04257973951473004,0.0017451738208794833,0.03583838494103499,11.145201309844715,0.8671007550954282,-0.08661123967014807,0.15541300713585512,-0.25981243964519446,0.16902252072898521,0.20004607545481085,0.0178637196087134,-1.1638470491153698
2024,E02007083,Wandsworth 038,Southbank,4,298.75,78892.44,25.925,19.2275,59.7225,0.8535143354292818,0.023112789095766886,0.7642816691233703,43827130.0,0.1394776119402985,336.0,28605.5875,27.03,0.8492667916013763,0.009699714119795588,0.21580727471439962,16389607.5,0.09992526103949134,-0.1175040567174838,-0.0417396061727652,1.0144833398935442,0.9836055870821222,0.039552350900807165,0.004247543827905487,0.013413074975971297,0.5484743944089706,10.261392302453395,-0.44218882344270677,-0.23895651246676508,-0.3271581433588623,-0.6432122048171319,-0.4128789210213665,-0.5542247844043688,-0.33266711969457097,-1.9109742863256853
2024,E02007084,Wandsworth 039,Southbank,4,33.25,4451.9025,79.27625,50.8775,137.28312499999998,0.6617647058823529,0.0,0.0,1167737.5,0.36363636363636365,49.25,8959.8625,92.55375000000001,0.5177593537414966,0.0,0.0,1587137.5,0.30409356725146197,-0.3928546005162347,-0.1548509686405608,-0.6994233479830031,-0.3068639632561712,0.059542796384901675,0.1440053521408563,0.0,0.0,9.100621762496882,-1.7696544293975998,0.033551577318406446,1.432278934005903,-0.2024671447017748,-0.12657276569376624,-0.18310972183923233,0.0,-1.2278141834160115
2024,E02007110,Hackney 032,Tech Belt & Midtown,4,380.5,56343.152500000004,61.4975,19.355,172.62,0.5981692757413738,0.023058549538912575,0.21706731906378152,18064835.0,0.3333333333333333,483.75,61927.170000000006,36.925000000000004,0.6572743403806546,0.01816787764285694,0.2020971362869562,14595100.0,0.0,-0.240082067042251,0.5101076951622744,-0.09449830135205445,0.2132813749298385,0.3333333333333333,-0.05910506463928078,0.004890671896055635,0.014970182776825325,11.033730444004151,-1.0331376935907175,-1.5684679838074953,-1.1247159301505965,-0.36317149345797317,-1.0223732752516956,-1.344262061613689,0.18712695351013087,-0.5577423714618062
2024,E02007111,Hackney 033,Tech Belt & Midtown,4,2169.75,398117.20499999996,64.65625,26.466875,150.1225,0.6458526176332182,0.0217069636249467,0.41954150573880794,140582446.75,0.3185064935064935,2205.5,471438.2925,71.1275,0.6127870757719172,0.03652607378474707,0.47658375849200946,117267693.5,0.3666666666666667,-0.0163422870206403,-0.09538926626783911,-0.169041771784319,0.18133482628421807,-0.04816017316017318,0.03306554186130106,-0.01481911015980037,-0.05704225275320152,13.063545618789474,0.04551230130335186,-0.10970365872013246,0.0356370009513864,0.2844793317727104,0.06398124382682904,0.06388972909592569,0.41954150573880794,0.2744971173725142
2024,E02007112,Tower Hamlets 034,Canary Wharf,4,213.75,52075.58,44.9775,23.071875,224.8875,0.6035112544425432,0.05614058180860866,0.5180988498055878,10767720.0,0.14564807889415218,195.75,41845.145000000004,54.9025,0.5951399790685505,0.045977237048665624,0.3904919253977575,7038055.0,0.07948552677838978,0.08796877294595722,-0.19939652009067368,0.21872034421914616,0.42522091600357104,0.0661625521157624,0.008371275373992626,0.010163344759943037,0.12760692440783034,10.641754956979462,0.5483961616946409,0.14087079679605607,-0.2752437189208532,-0.5364281495585167,-0.030601227497168232,-0.05870972994402007,0.2628850009899272,-0.2864648713866951
2024,E02007113,Tower Hamlets 035,Canary Wharf,4,239.0,168463.54,272.1775,127.30000000000001,749.0625,0.18867466333771254,0.18506098968421741,0.7140342929867413,26756137.5,0.3883120214000278,320.0,206050.3075,137.79500000000002,0.41261177745449845,0.157785766865385,0.752686942115151,26356100.0,0.32020547352881384,-0.29185744386226165,0.6806873535408772,-0.2014010035829702,0.015064139030357897,0.06810654787121395,-0.2239371141167859,0.027275222818832406,-0.03865264912840971,12.235880482294029,-1.2827469045104243,-1.9794287913408226,-3.199817299365985,-1.0987135119577311,-1.8901766267937408,-2.4691239938807623,0.7140342929867413,1.3290288769994545
2024,E02007114,Tower Hamlets 036,Canary Wharf,4,305.5,123965.73250000001,90.375,35.5125,363.3075,0.5276517690819995,0.09455069759198395,0.6087500812469726,22724918.75,0.27720032055086186,344.5,138342.54,104.29124999999999,0.49451673455749656,0.07512632498727209,0.5201116781973978,25710487.5,0.13962081144416394,-0.12014431184206321,-0.14321978539116584,-0.10972760695815773,-0.12343691789199837,0.13757950910669792,0.03313503452450295,0.01942437260471186,0.08863840304957482,11.837495290955415,-0.45491749948043037,0.005529710548511121,0.0365118570307579,-0.8407395980134638,-0.31340388247865625,-0.42528349388196957,0.43147327514782297,0.3172228829436702
2024,E02007115,Camden 029,Tech Belt & Midtown,4,709.75,137230.18,34.1125,13.645624999999999,146.03125,0.6872334786040456,0.02745836518199292,0.44672080569106903,45732298.75,0.23422360952128257,622.5,128889.5575,52.66,0.6257316155590543,0.029990127387886523,0.41175185234506084,49548784.5,0.12222598645255614,0.13116916701421782,-0.43419226803370653,0.06270376769649096,-0.08015292541487574,0.11199762306872643,0.06150186304499128,-0.002531762205893604,0.03496895334600819,11.766718931783217,0.7566653610147182,0.7065411182003585,0.39362714431714646,-0.11927505879803062,0.43438964118354806,0.5440195935845185,0.37678289899905265,0.12138535791027312
2025,E02000001,City of London 001,City,4,13291.75,6323950.3775,48.38375,17.95125,272.58625,0.6194822560992959,0.09118510027330021,0.7386375395454101,2030674207.5,0.14438119224017726,14126.75,6144955.77,49.6425,0.6067834234067262,0.09555126436062854,0.7097383758713672,1895141170.0,0.18472161773811954,-0.06092662115388911,-0.0256833081326861,0.02871252735094109,0.06907452803268788,-0.040340425497942284,0.012698832692569662,-0.004366164087328331,0.028899163674042883,15.631142265969732,-0.16942887625809602,-0.27763937343194095,-0.22076329387242954,-0.05899778688558269,-0.1817073326120123,-0.2545761149663873,0.6808392121973244,1.2101625805344367
2025,E02000174,Camden 009,Tech Belt & Midtown,4,41.75,5615.139999999999,64.245,22.713749999999997,167.29500000000002,0.5936234817813766,0.0,0.0,1569720.0,0.3496031746031746,44.25,6892.4175,77.8875,0.6154761904761905,0.0,0.0,1798102.5,0.46898496240601506,-0.05815592015707407,-0.1925615781348964,-0.20495537321789645,-0.1358346827049769,-0.11938178780284048,-0.021852708694813927,0.0,0.0,8.83832224974432,-0.15607132036982768,0.12440404283319324,-0.6557390832819191,-0.2024671447017748,-0.2224683763800821,-0.3074112951632597,0.0,-1.2278141834160115
2025,E02000177,Camden 012,Tech Belt & Midtown,4,36.0,2992.1400000000003,107.92,68.4725,133.0725,0.46153846153846156,0.0,0.0,1100550.0,0.4513888888888889,33.75,2977.8224999999998,102.71000000000001,0.46576923076923077,0.0,0.0,950225.0,0.4180926916221034,0.06453852113757116,0.04948072872178736,0.004796521736866738,0.14686653517092702,0.03329619726678551,-0.004230769230769205,0.0,0.0,7.999283367185162,0.4354388637521771,-0.45872470081968714,-0.433893205456683,-0.2024671447017748,-0.16491154680649195,-0.23280512267698256,0.0,-1.2278141834160115
2025,E02000180,Camden 015,Tech Belt & Midtown,4,55.75,6018.92,66.37,25.031875,186.57875,0.5845117845117844,0.0,0.0,1038000.0,0.4337542087542087,35.75,6075.657499999999,100.2875,0.48863636363636365,0.0,0.0,1580537.5,0.11363636363636365,0.44432714120021144,-0.4127959139219407,-0.009382372589882377,-0.42046919431714114,0.3201178451178451,0.09587542087542078,0.0,0.0,8.712210070500992,2.2664006759602,0.6549929849257331,0.8263622655804596,-0.2024671447017748,0.8863221954411543,1.1298225008137546,0.0,-1.2278141834160115
2025,E02000183,Camden 018,Tech Belt & Midtown,4,262.0,59763.435000000005,55.6,23.0,206.3125,0.6068702290076335,0.05343511450381679,0.43007417542775017,19373675.0,0.212890625,266.75,54332.3425,57.34,0.6223232339787014,0.052758006948527045,0.4463696413421927,18264975.0,0.17553667929370392,-0.01796738642076586,-0.030815259198687172,0.09527434331628123,0.05892989429584676,0.03735394570629608,-0.01545300497106783,0.0006771075552897479,-0.01629546591444253,10.902893359832431,0.03767769335174629,-0.26527546806155783,-0.5751720212219968,-0.22471646565877867,-0.2568715653976468,-0.35200531246646694,0.43007417542775017,0.3122129297170066
2025,E02000184,Camden 019,Tech Belt & Midtown,4,277.5,54988.495,62.70625,21.055,185.97500000000002,0.6119269823313942,0.03302763413057531,0.37857499317781895,17045850.0,0.27265614322809895,245.75,62028.64249999999,85.47250000000001,0.5436295592960926,0.05468434410026214,0.46258155342487584,18810237.5,0.18224620997509278,0.12150617415921316,-0.3097335630876172,-0.12047227264085283,-0.09849449715287562,0.09040993325300617,0.06829742303530162,-0.021656709969686834,-0.08400656024705688,11.035367654610235,0.710080050200944,0.40669499132118275,0.4791777146411704,0.5091584858557161,0.5262778105047533,0.663126651089501,0.37857499317781895,0.127802561691093
2025,E02000186,Camden 021,Tech Belt & Midtown,4,547.0,267528.595,63.224999999999994,14.810625,228.96875,0.5892390150530769,0.09132847229828071,0.769473926199829,95351707.5,0.24692788563444978,684.75,412036.01,66.1825,0.5678987437275309,0.11337983522170542,0.7572569480332187,121919522.5,0.20929672572507582,-0.22460500572120637,-0.04571628498702168,-0.43188429062351114,-0.24578893583351233,0.03763115990937396,0.021340271325545945,-0.022051362923424703,0.01221697816661027,12.92886845439427,-0.9585227453088006,-0.22937589100028127,-0.11197461353919722,0.5221265293603938,-0.1944366801219713,-0.2710761185802335,0.7450399698666085,1.4400552668275477
2025,E02000187,Camden 022,Tech Belt & Midtown,4,379.0,280178.855,36.862500000000004,17.678125,229.906875,0.6891936480797557,0.08956166030634116,0.8480361045575773,163602175.0,0.28513693847150934,424.0,192987.305,41.64625,0.6690928780214495,0.08065992649325983,0.7419901431309588,112090637.5,0.059529338317408385,-0.11219725014953141,-0.12201655440356599,0.37280375756164286,0.37812991129041174,0.22560760015410095,0.02010077005830624,0.008901733813081333,0.10604596142661848,12.170384870196097,-0.41660469675377926,-0.0455531501618767,-0.1275789258373607,-0.4949724212029471,-0.27117729848899097,-0.3705486547329283,0.6359441817043403,1.049400627935532
2025,E02000188,Camden 023,Tech Belt & Midtown,4,139.75,48250.9175,125.28875,29.85,455.18875,0.44456609894566096,0.06642335766423357,0.44218060286870037,19743015.0,0.29835011673465006,233.5,95736.405,127.05250000000001,0.43229689173447644,0.07691654265024239,0.5539510096555204,27137385.0,0.590796761521319,-0.5133269650737435,-0.013979313510989614,-0.6851837904975787,-0.31811253961218494,-0.29244664478666893,0.012269207211184519,-0.010493184986008819,-0.11177040678681999,11.469364357920712,-2.350451976451065,-0.30583665748572036,-0.22617192907109457,0.14233219890475096,-0.6850320910257822,-0.9069944990405125,0.44218060286870037,0.3555641178782056
2025,E02000191,Camden 026,West End,4,1042.5,227947.1175,48.27,19.023125,152.414375,0.6688643954302113,0.041419255289976656,0.4956787806894898,105775022.5,0.27587961576987863,946.25,250453.13,67.65,0.5877065174587179,0.04748293280820794,0.4939227459763878,92626617.5,0.19654500200978983,0.09687014892129789,-0.33753710494439554,-0.09415813596748242,0.13273786297001292,0.0793346137600888,0.08115787797149332,-0.006063677518231281,0.0017560347131019838,12.431031068967227,0.5913097157770844,0.4736793323754241,0.6410803769657457,-0.00321858185688877,0.42571271081534134,0.5327724041806239,0.4921667112632858,0.5345564094546611
2025,E02000192,Camden 027,Tech Belt & Midtown,4,2088.25,355797.78,43.88375,17.497500000000002,146.94375,0.6845081632725699,0.03574067076196101,0.43273039524239887,130296467.5,0.26398893763308884,2186.75,430928.7125,49.4725,0.660554367981539,0.04326815013239502,0.482893718797427,127988465.0,0.2381707142135909,-0.046090028663948616,-0.11987286753902017,-0.19158014043970412,0.017872230577785406,0.025818223419497938,0.02395379529103092,-0.0075274793704340065,-0.050163323555028116,12.973700275740484,-0.09790162968632436,-0.050717724257792716,-0.07907247359465182,0.04488101025765858,-0.04570270432027757,-0.07828452919910935,0.43273039524239887,0.3217244297482085
2025,E02000193,Camden 028,Tech Belt & Midtown,4,3037.5,705166.12,42.144999999999996,16.56625,181.31375,0.6637842764858681,0.050307682650985924,0.5378084845425004,281137427.5,0.26704115421161534,2916.75,783376.305,62.82125,0.6005761990281834,0.06068012743837963,0.5178560152770787,258475490.0,0.2154377727532202,0.04056482594483761,-0.39917733858470744,-0.10517976815101886,0.08404274241076973,0.05160338145839513,0.06320807745768475,-0.010372444787393707,0.019952469265421713,13.57136972991933,0.3198616240018908,0.622183089705865,0.41510699532414647,0.13836475324502787,0.37387911556923253,0.4655847884595265,0.497903546011657,0.5550991008340449
2025,E02000369,Hackney 025,Tech Belt & Midtown,4,169.25,23510.3,96.07875,54.35375,163.85,0.5180806768614618,0.011835270335006792,0.12372930309600946,6505700.0,,131.5,18421.6125,87.125,0.5706909548195619,0.015262946366870103,0.1217033655858789,4039275.0,,0.2523700601745651,0.09782429861473588,0.24391405528569024,0.47661349528264924,,-0.05261027795810014,-0.0034276760318633116,0.0020259375101305682,9.821334129285557,1.3409751461407156,-0.5751941128884717,-1.0429518510312679,-0.08983590380988785,-0.09175168039722795,-0.13797402004607914,0.11967742807574833,-0.7992683776061914
2025,E02000370,Hackney 026,Tech Belt & Midtown,4,268.0,78432.14,146.87375,74.555,252.791875,0.3591996186512379,0.030641045251966977,0.3943936930243575,18507325.0,1.0,255.5,89057.6,157.3175,0.32910265006124073,0.03637422240489342,0.45336386467615575,19029125.0,0.0,0.0477645708670975,-0.06869268203621438,-0.12704955907576038,-0.027804100555100766,1.0,0.030096968589997164,-0.005733177152926445,-0.05897017165179824,11.397049859012636,0.3545716108575323,-0.17402111555229016,-0.0017349208285439,-0.014078612359616879,0.04118424052927034,0.03433985338546262,0.3943936930243575,0.18444680598674945
2025,E02000566,Islington 013,Tech Belt & Midtown,4,20.0,7518.805,153.08499999999998,82.88,343.3525,0.3,0.2,0.6551451309143546,1570675.0,0.2,20.0,7528.3550000000005,141.0075,0.3,0.15,0.5377934781268698,1785150.0,0.13333333333333333,0.0,0.08218024223122244,-0.001269342690882707,-0.12799698204460377,0.06666666666666668,0.0,0.05000000000000002,0.11735165278748472,8.92656465975462,0.12429850467616492,-0.5375044252341784,-0.3806312636714986,-1.8454351475830122,-0.659818082953131,-0.8743116593275734,0.4204418253393851,0.2777210184449162
2025,E02000569,Islington 016,Tech Belt & Midtown,4,40.25,11707.03,60.614999999999995,35.130624999999995,102.70875,0.7453430715625837,0.04974090949700706,0.7170680461427501,2412600.0,0.081021620655767,37.25,11656.527500000002,68.71499999999999,0.6774436090225564,0.0537593984962406,0.6982843855882515,2651150.0,0.0,0.07745805903900395,-0.12542512880826834,0.004323192532437966,-0.09428850397874505,0.081021620655767,0.06789946254002732,-0.004018488999233537,0.01878366055449865,9.363707387676047,0.4977239857366011,-0.037341206819928835,0.4741677158499461,-0.07042216778835593,0.2160320817445656,0.26098069335533947,0.6795007250337528,1.2053696712172695
2025,E02000570,Islington 017,Tech Belt & Midtown,4,33.5,5751.25,97.17500000000001,74.78,187.83125,0.5298573975044563,0.0,0.0,1545012.5,0.1267825311942959,40.25,6639.637500000001,95.30625,0.5462276117122074,0.0,0.0,1612900.0,0.05474165676371559,-0.18356456503355162,0.01941808585710173,-0.14364014613703485,-0.0430018000091331,0.0720408744305803,-0.016370214207751088,0.0,0.0,8.800963246898052,-0.7606666862123209,-0.38629772971603904,-0.586718939123774,-0.2024671447017748,-0.4840376249384772,-0.6464619450970394,0.0,-1.2278141834160115
2025,E02000571,Islington 018,Tech Belt & Midtown,4,141.0,11385.7125,57.68875,25.128125,124.13,0.6388018513018513,0.0,0.0,1479525.0,0.25368466991450367,118.25,14934.4375,98.63,0.49578680432588873,0.0,0.0,2185562.5,0.4093531141840399,0.1759588630061259,-0.5363132944652165,-0.2713105078488648,-0.39015214217134975,-0.15566844426953624,0.14301504697596257,0.0,0.0,9.611492023826786,0.9725965885698367,0.9525712714281128,1.4198117978504887,-0.2024671447017748,0.7856281282866658,0.9993010840135562,0.0,-1.2278141834160115
2025,E02000572,Islington 019,Tech Belt & Midtown,4,49.75,19786.405000000002,169.09,104.3125,293.46187499999996,0.2562244897959184,0.10051020408163266,0.5253590878957126,5789925.0,0.15581632653061225,56.5,27350.949999999997,196.91875000000002,0.212406015037594,0.1593045112781955,0.5809786164284758,8000300.0,0.0664374840845429,-0.12723017454779345,-0.15236008956408142,-0.3237561774724385,-0.32335970284359583,0.08937884244606935,0.0438184747583244,-0.05879430719656284,-0.055619528532763196,10.216543103297578,-0.4890784599078418,0.027550547145946912,0.17100767581968296,1.7294761648086805,0.35973898196661713,0.44725609915625425,0.5253590878957126,0.6534130227642586
2025,E02000573,Islington 020,Tech Belt & Midtown,4,500.0,88634.20999999999,63.76,25.5025,178.11625,0.6036278397754654,0.023136030827903595,0.26753305408895456,19466920.0,0.3487073343330196,617.25,130848.715,58.698750000000004,0.6351783326520137,0.027077281311356134,0.45230779905366003,25069540.0,0.24429078090796552,-0.21066602980309715,0.08270760259355414,-0.3895239080544988,-0.2529369485979864,0.10441655342505407,-0.03155049287654832,-0.003941250483452539,-0.18477474496470547,11.781804729889432,-0.8913229102975887,-0.5387749427297867,-0.7778262944624045,-0.07296017598872027,-0.570221080869625,-0.7581744530009318,0.26753305408895456,-0.2698209336551057
2025,E02000574,Islington 021,Tech Belt & Midtown,4,425.25,136044.2575,62.43625,14.441875,234.98749999999998,0.5831968286848699,0.050914131766181814,0.5927525694485345,39794750.0,0.2510097547176027,309.5,162599.105,138.89,0.4087262430628382,0.09836006736650109,0.6709938140669915,48303568.75,0.0948652029094804,0.3177191391513203,-0.7995362167397785,-0.17830743720186162,-0.19377045105074225,0.15614455180812226,0.17447058562203166,-0.047445935600319275,-0.07824124461845705,11.999049121852096,1.6560232064266454,1.5867283903217537,1.8158114321496028,1.3565759364599916,1.6037847413394983,2.059810042662242,0.5927525694485345,0.8947383446963384
2025,E02000575,Islington 022,Tech Belt & Midtown,4,2610.0,633234.6875,95.9875,31.101875,217.685625,0.5093079302307322,0.04549550591297873,0.4268788249796532,202788091.25,0.15124537813327824,2588.25,687077.4675,103.72,0.4828734515651355,0.04906064276224324,0.4494305763255513,207333575.0,0.10389480705568349,0.00836824967051658,-0.07747698601380167,-0.08160594009776652,-0.022167421319343867,0.047350571077594744,0.026434478665596672,-0.0035651368492645094,-0.022551751345898097,13.440203782294962,0.16464185561493475,-0.15285795524020268,-0.04784268858943807,-0.08531902931708649,-0.030344454382948124,-0.05837689612757696,0.4268788249796532,0.30077088876875213
2025,E02000576,Islington 023,Tech Belt & Midtown,4,1290.0,499009.715,118.91125,25.585625,355.328125,0.4690758386123141,0.07811044179177379,0.5614166433835409,153196075.0,0.18912266037903397,1283.5,544285.1224999999,163.1075,0.3812870651384971,0.0954741104095609,0.5472164723929422,153511081.25,0.1616718703305553,0.005051497044522595,-0.3160320760823104,-0.08684766729462384,-0.002054118101533389,0.027450790048478668,0.08778877347381703,-0.017363668617787112,0.01420017099059867,13.20723034804729,0.14865178356450304,0.4218693797046628,0.7245579553833695,0.36809189433137113,0.4157927532459766,0.5199139811062549,0.5330163014023436,0.6808322845684146
2025,E02000588,Kensington and Chelsea 012,West End,4,502.5,61963.8675,63.2375,20.677500000000002,163.6375,0.6469806929735915,0.017972143678710903,0.19992881087557857,38028950.0,0.18882553694397705,514.0,78783.6625,66.6,0.6310481606303392,0.019657144320115883,0.18254014004931202,36214237.5,0.0596799043205046,-0.022627625521934324,-0.05180709792828891,-0.24015421378462828,0.048895369163168494,0.12914563262347245,0.015932532343252315,-0.0016850006414049802,0.01738867082626655,11.2744736185766,0.01521066990962537,-0.21470189394418443,-0.1800536467253275,-0.14709910192851994,-0.13166099317210161,-0.18970517158360617,0.16515146922304547,-0.6364330800882428
2025,E02000590,Kensington and Chelsea 014,West End,4,176.25,16299.089999999998,38.68,21.605,60.76875,0.8127408495973883,0.018460404882893758,0.3387219229020044,7655975.0,0.18992900351630015,221.25,27735.835,46.66875,0.7604486067721361,0.02259918804036451,0.31329417111428143,13006850.0,0.237100620974513,-0.22738984219566089,-0.18775210521678123,-0.5316159813844061,-0.529989753030669,-0.047171617458212856,0.052292242825252244,-0.004138783157470752,0.025427751787722996,10.230516592190043,-0.9719484483673315,0.11281705237357223,0.2776855201699427,-0.0664693787300104,-0.16197881363845673,-0.22900366248170007,0.28786641932655843,-0.19701039176195057
2025,E02000594,Kensington and Chelsea 018,West End,4,90.0,16744.989999999998,79.2675,36.5925,188.425,0.5557569167572792,0.02223027667029117,0.17141359262870393,8454850.0,0.09683908045977012,101.75,20816.329999999998,96.225,0.5088641517212946,0.02025355596784168,0.16031562966390947,9360487.5,0.0731359649122807,-0.12270915399243931,-0.19386099060033474,-0.21763866578154534,-0.1017571312550414,0.023703115547489426,0.04689276503598461,0.0019767207024494887,0.011097962964794456,9.943541091870314,-0.46728260939579747,0.1275345895888338,0.20971048868138234,-0.2674209219969234,-0.09936461328062618,-0.1478420372394006,0.14921766669911501,-0.6934894887362495
2025,E02000595,Kensington and Chelsea 019,West End,4,28.75,5457.2300000000005,192.67,134.028125,241.864375,0.08083333333333334,0.0,0.0,2240250.0,0.19981527093596058,36.0,7124.09,180.11,0.16666666666666666,0.0,0.0,2333750.0,0.09027777777777778,-0.2248811712127505,0.06741110554370253,-0.2665406636835574,-0.040888949091603476,0.1095374931581828,-0.08583333333333332,0.0,0.0,8.871377636636021,-0.9598541397797132,-0.5019225956223387,-1.4612030826163822,-0.2024671447017748,-0.7813617406800523,-1.0318586812912105,0.0,-1.2278141834160115
2025,E02000619,Lambeth 002,Southbank,4,160.0,30723.62,28.655,15.995000000000001,52.1125,0.94375,0.00625,0.7991642911870411,5645475.0,0.09762558869701728,186.5,31599.105,25.6975,0.9302944051520902,0.005361968834454603,0.7770229276240761,5503427.5,0.26683498811514095,-0.1532574238500433,0.10893423709876082,-0.028097057528236172,0.02548325936345245,-0.16920939941812368,0.013455594847909813,0.0008880311655453978,0.022141363562965033,10.360915722354294,-0.6145558887507003,-0.6019601958695195,-0.21123627415936672,-0.23164728051282318,-0.41484990982310244,-0.5567796146756022,0.7548815640611111,1.4752964479119781
2025,E02000620,Lambeth 003,Southbank,4,220.0,50476.119999999995,51.7025,26.48,172.72375,0.657541101602934,0.0182650306000815,0.4076932913905361,23772025.0,0.1767554479418886,224.0,54885.7,57.13,0.6547085201793722,0.026905829596412557,0.4388281544274689,23743600.0,0.021583331127494058,-0.018018505502678365,-0.0998232364916769,-0.08375248784270552,0.0011964486793908163,0.15517211681439455,0.0028325814235617974,-0.008640798996331057,-0.031134863036932803,10.91302633949616,0.037431248140087525,-0.09902133000000601,-0.3449713685899336,0.08146398070422985,-0.08127436743640556,-0.12439314313296837,0.4076932913905361,0.23207054916389694
2025,E02000621,Lambeth 004,Southbank,4,47.25,12529.9925,113.70125,109.08562500000001,194.45,0.19906471183013147,0.02211830131445905,0.43807951680155804,4835900.0,0.3333333333333333,44.5,22194.0475,171.7275,0.14376053252443546,0.0965214582631165,0.635185361680735,4366662.5,0.10690331875993642,0.05996346476755727,-0.4123345236143187,-0.5716989519498087,0.10206826695219608,0.2264300145733969,0.055304179305696005,-0.07440315694865746,-0.19710584487917698,10.007624457387495,0.4133825064531804,0.6538814025998525,0.3156033494657047,2.2423729788981244,0.9063100593542155,1.1557311207599499,0.43807951680155804,0.3408787819581644
2025,E02000808,Southwark 002,Southbank,4,2494.0,702620.62,58.955,19.896250000000002,204.258125,0.612048880506004,0.04984952716012863,0.550326489989375,207263378.75,0.07586730287913465,2505.0,767041.3725,64.20375,0.5949373944679136,0.058529282895211455,0.5804222214770026,193661438.75,0.06206767176528924,-0.004400887278983418,-0.08528717917636357,-0.08772365305390106,0.06787887219778688,0.013799631113845412,0.01711148603809043,-0.008679755735082825,-0.030095731487627675,13.550297323282406,0.10308181696624434,-0.13404162438582967,-0.16521157909251571,0.08274407420954501,-0.028356828075639006,-0.05580050002966873,0.550326489989375,0.7428173124556621
2025,E02000810,Southwark 004,Southbank,4,15.0,2201.44,113.6,60.15,132.825,0.4,0.0,0.0,497500.0,0.0,20.0,5185.1675,128.51,0.35,0.1,0.4231300238505042,396662.5,0.0,-0.2876820724517809,-0.12332321603199886,-0.8566904541875037,0.22650976341803222,0.0,0.050000000000000044,-0.1,-0.4231300238505042,8.553750264072976,-1.2626174293220565,-0.04240513871023139,0.2488280483352305,3.0834688610606986,0.5068185853409104,0.6379032619664643,0.0,-1.2278141834160115
2025,E02000812,Southwark 006,Southbank,4,407.25,163128.55000000002,47.61875,18.018749999999997,221.42312500000003,0.6412360214303433,0.09661137837304565,0.6957570866620857,65612725.0,0.10320243104254326,403.25,138972.05,45.785000000000004,0.6699082678329633,0.07548778174423426,0.6836676839384073,56371662.5,0.08367235969478713,0.009870530476836266,0.03927006467948719,0.1602657065173856,0.1518030615006402,0.019530071347756126,-0.028672246402620005,0.021123596628811386,0.012089402723678422,11.842035308422638,0.17188435484287568,-0.4341251513765658,-0.7415915135571103,-0.8965750120399162,-0.4751018305326792,-0.6348792115851369,0.6715782812147288,1.1770006619145483
2025,E02000815,Southwark 009,Southbank,4,127.5,20455.899999999998,37.6525,14.0975,120.615,0.67802759401633,0.026630013707610704,0.4931093459265599,5070212.5,0.10391929499072357,120.5,24844.9,56.71000000000001,0.5809228650137741,0.016597796143250687,0.2376790426594647,6041812.5,0.31820046834989585,0.056466611667771165,-0.4095512089220701,-0.19438115065578748,-0.17532131977260038,-0.2142811733591723,0.09710472900255585,0.010032217564360017,0.2554303032670952,10.120448027972799,0.39652416960371506,0.6471758360368858,0.8418382545394739,-0.5321193938255077,0.3383547165886418,0.4195374391275302,-0.017751260607630492,-1.2913786199480384
2025,E02000868,Tower Hamlets 005,Tech Belt & Midtown,4,35.5,3982.1675,72.34625,41.525,110.289375,0.676341888106594,0.0,0.0,580125.0,0.15986328454174673,32.75,3353.6225000000004,68.275,0.6795343137254902,0.0,0.0,552512.5,0.0,0.08062973440010922,0.05791995299917279,0.1717851641565889,0.04876753999097145,0.15986328454174673,-0.003192425618896211,0.0,0.0,8.118094524446175,0.5130146399588025,-0.4790564945221432,-0.4208213043455598,-0.2024671447017748,-0.14733257590266885,-0.21001895212001961,0.0,-1.2278141834160115
2025,E02000869,Tower Hamlets 006,Tech Belt & Midtown,4,77.5,5748.637500000001,53.01,29.25,91.675,0.7646386103348128,0.0,0.0,1025037.5,0.004464285714285714,88.25,6209.2075,48.86,0.824491444517882,0.0,0.0,817018.75,0.030791788856304986,-0.1298957594541049,0.08152150917012026,-0.07707040084560784,0.22682243185607265,-0.026327503142019273,-0.05985283418306919,0.0,0.0,8.733949588217925,-0.5019292508816455,-0.5359174044058297,-1.1341297402020492,-0.2024671447017748,-0.5936108850478249,-0.7884927276152051,0.0,-1.2278141834160115
2025,E02000872,Tower Hamlets 009,Tech Belt & Midtown,4,122.0,10407.052500000002,41.91,24.525625,78.85,0.8155809736711376,0.0,0.0,2029750.0,0.08952987135448238,125.0,9923.1775,43.65625,0.8234051209150249,0.008145204851598128,0.10823386821895119,1849257.5,0.12516656441322627,-0.024292692569044587,-0.040821994520255166,0.04761051881677784,0.09312842558454708,-0.03563669305874388,-0.007824147243887358,-0.008145204851598128,-0.10823386821895119,9.202729230584831,0.007183377839836559,-0.2411672240445813,-0.4791309104950321,0.06517907425999996,-0.16198392060994424,-0.22901028222775802,0.0,-1.2278141834160115
2025,E02000873,Tower Hamlets 010,Tech Belt & Midtown,4,34.0,2190.23,18.41,10.92,22.5,0.9090909090909091,0.030303030303030304,0.4905968779534569,5798010.0,0.058823529411764705,27.25,2794.27,21.5075,0.7625320512820513,0.0396474358974359,0.3848537133078457,5303952.5,0.0,0.22130700350690835,-0.15550771626837961,-0.2435643306687152,0.08906245789246126,0.058823529411764705,0.1465588578088578,-0.009344405594405594,0.10574316464561123,7.935683981996961,1.1912200783886786,0.0351338148374603,1.4644254924256133,0.1045840432492815,0.6988408572252585,0.886805900342223,0.27911054866223445,-0.2283637698361712
2025,E02000874,Tower Hamlets 011,Tech Belt & Midtown,4,150.5,5894.700000000001,30.7225,19.913749999999997,45.36125,0.975098893284146,0.0,0.0,1555062.5,0.14457309213742833,148.25,6264.995,30.3425,0.966522798866656,0.0,0.0,1793075.0,0.09862836438923396,0.015063046311095542,0.012445915178235656,-0.060924148153993336,-0.14241628533495296,0.04594472774819437,0.008576094417489966,0.0,0.0,8.74289267355459,0.19691748564138706,-0.3695003640765355,-0.272665213836739,-0.2024671447017748,-0.16192880924341557,-0.22893884590738298,0.0,-1.2278141834160115
2025,E02000876,Tower Hamlets 013,Tech Belt & Midtown,4,155.5,13510.302499999998,23.26875,13.460625,44.314375,0.8939030574967551,0.0064320143204655445,0.38103854536666715,3364404.0,0.2637175788246755,164.75,9952.7275,25.544999999999998,0.8730309442632166,0.006431786120172506,0.14148473735489794,1065861.25,0.4847893400132206,-0.05778344176332783,-0.09333034414387122,0.30560590833372153,1.1494676722272092,-0.2210717611885451,0.020872113233538547,2.2820029303878553e-07,0.2395538080117692,9.205702383114497,-0.15427560117553096,-0.11466401745667111,-0.1178683429493044,-0.20247464321736902,-0.14732065119971888,-0.21000349511080413,-0.09806907065687126,-1.578983903432626
2025,E02000878,Tower Hamlets 015,Tech Belt & Midtown,4,1437.5,280313.6575,31.60625,15.480625,69.988125,0.8053252216418274,0.03379614727238079,0.6366278529591282,85373218.75,0.23111417365964598,1442.0,275181.55000000005,33.58875,0.8101741576950845,0.027472543873697994,0.6178139179799008,76252876.25,0.17675062988455964,-0.0031255451733888787,-0.0608363036292216,0.01847811990394435,0.11297731774971802,0.05436354377508634,-0.004848936053257091,0.006323603398682796,0.018813934979227342,12.525189974600694,0.10923024419521038,-0.19294871597730162,-0.44167542271245513,-0.41025670564071226,-0.23391265003381467,-0.32224556349450745,0.5989999830006735,0.9171093374388798
2025,E02000879,Tower Hamlets 016,Tech Belt & Midtown,4,48.0,6567.469999999998,34.4,21.4,149.95,0.6808510638297872,0.02127659574468085,0.2732118710419364,1606400.0,0.20710594315245479,42.5,2748.92,30.5325,0.8152777777777778,0.0,0.0,559500.0,0.07346491228070175,0.12169693497751977,0.11926487431624622,0.8709205673506939,1.05470740174543,0.13364103087175305,-0.13442671394799055,0.02127659574468085,0.2732118710419364,7.9193270993283775,0.7109997085454393,-0.6268487848934742,-2.072954201212047,-0.9016024650767691,-0.7226014356592128,-0.9556925428119195,-0.2732118710419364,-1.9109742863256853
2025,E02000880,Tower Hamlets 017,Tech Belt & Midtown,4,155.75,13645.0,21.377499999999998,11.5925,86.728125,0.7594658304400375,0.0,0.0,2800387.5,0.4411899601750846,173.25,15083.1975,20.497500000000002,0.8364925080599356,0.005839553283573731,0.20194565561131694,1862075.0,0.20784991601234423,-0.10648348040245006,0.042036039559777354,-0.10020822175211185,0.4080663431496032,0.23334004416274037,-0.07702667761989812,-0.005839553283573731,-0.20194565561131694,9.62140295163647,-0.3890585996407853,-0.4407889428346189,-1.3503344536872013,-0.010583160781140764,-0.5476912892359366,-0.7289709417381415,0.0,-1.2278141834160115
2025,E02000881,Tower Hamlets 018,Canary Wharf,4,89.0,7254.450000000001,24.0,16.0,50.0,0.8314606741573034,0.011235955056179775,0.21158185665350232,941025.0,0.28058663224325875,68.0,5619.525000000001,27.175,0.8278204723304208,0.015003333684247465,0.2750473749219552,722681.25,0.3300291218637993,0.2691286645560331,-0.12424360265932752,0.25536793291542415,0.2640014531367583,-0.04944248962054054,0.0036402018268826275,-0.00376737862806769,-0.06346551826845287,8.634180354894806,1.4217684164691131,-0.04018774165829013,-0.33480408492119507,-0.07867349388869828,0.24202577400023242,0.2946741733880084,0.21158185665350232,-0.4701732588723878
2025,E02000883,Tower Hamlets 020,Canary Wharf,4,49.0,4053.04,26.085,11.7075,53.95,0.875,0.0,0.0,541420.0,0.765625,45.75,4193.825000000001,44.238749999999996,0.7908393490337325,0.0,0.0,682035.0,0.3493155849863167,0.06862850638909636,-0.5282406653676688,-0.034145988503393176,-0.23088565841346753,0.4163094150136833,0.08416065096626746,0.0,0.0,8.341606901702193,0.4551566920715236,0.9331226794659813,0.678882845433804,-0.2024671447017748,0.4661737680673835,0.5852187365913322,0.0,-1.2278141834160115
2025,E02000884,Tower Hamlets 021,Tech Belt & Midtown,4,1219.75,308310.6975,33.88125,11.266874999999999,148.6175,0.7026094305844146,0.051463791702689006,0.5996245894871979,74083430.0,0.2780147358284042,1275.75,285366.7625,40.3075,0.666928820540162,0.04885362941811802,0.49302785589336423,50904553.75,0.20495401444335343,-0.04488832124813421,-0.1736757918292464,0.07733279373037014,0.37523950637065095,0.07306072138505076,0.0356806100442526,0.002610162284570984,0.10659673359383365,12.561534022143869,-0.09210819546641417,0.07890437385246703,0.06855858133721365,-0.2882354070193251,-0.05822016182401465,-0.09450987726869726,0.3864311222995306,0.15593410862640136
2025,E02000885,Tower Hamlets 022,Tech Belt & Midtown,4,18.75,3352.57,105.75375,35.3125,276.911875,0.5073529411764706,0.0,0.0,627050.0,0.32352941176470584,36.25,4162.505,55.223749999999995,0.6157972933797174,0.0,0.0,589675.0,0.13407258064516128,-0.6592456288842639,0.6497201639168805,-0.21638984061098535,0.0614547446001196,0.18945683111954456,-0.10844435220324689,0.0,0.0,8.334112546587846,-3.052650925660957,-1.9048225846226146,-1.7458574102489213,-0.2024671447017748,-1.726449516308567,-2.2568980402270973,0.0,-1.2278141834160115
2025,E02000886,Tower Hamlets 023,Canary Wharf,4,86.5,7343.585000000001,23.950000000000003,16.355,60.57,0.8265838011226945,0.0,0.0,1340487.5,0.3042170698924731,67.0,6281.175,23.16125,0.8114872454239498,0.0,0.0,959227.5,0.23208333333333334,0.2554517945468676,0.03348770024243703,0.15627007811735902,0.33466035972665403,0.07213373655913977,0.015096555698744685,0.0,0.0,8.745471537080848,1.3558321946487095,-0.42019426898947687,-0.19057791239543684,-0.2024671447017748,0.13564821714050523,0.15678571749940992,0.0,-1.2278141834160115
2025,E02000887,Tower Hamlets 024,Canary Wharf,4,33.0,6393.2,59.35,11.475,203.75,0.59375,0.03125,0.3737721328911969,2314660.0,0.2644230769230769,34.0,9544.3025,104.6625,0.46875,0.0625,0.4420913629493449,2407545.0,0.16452569169960474,-0.02985296314968116,-0.567288766474873,-0.40070945408691955,-0.03934474760278325,0.09989738522347219,0.125,-0.03125,-0.06831923005814805,9.163804427643,-0.01962269943812441,1.027197432084155,1.1930170163453229,0.8243878570989982,0.7562449015225879,0.9612140298723729,0.3737721328911969,0.11060428408088482
2025,E02000888,Tower Hamlets 025,Tech Belt & Midtown,4,93.0,3893.29,17.7,12.4725,31.950000000000003,0.8913043478260869,0.0,0.0,832400.0,0.5140669515669516,93.0,5633.969999999999,47.6,0.8260869565217391,0.0,0.0,813450.0,0.6,0.0,-0.9892681216575909,-0.3695597860933278,0.023028632564299985,-0.08593304843304839,0.06521739130434778,0.0,0.0,8.636747102591027,0.12429850467616492,2.0438308232906395,0.4404026215546685,-0.2024671447017748,0.6015162012049244,0.7606519733797077,0.0,-1.2278141834160115
2025,E02000889,Tower Hamlets 026,Tech Belt & Midtown,4,184.75,52234.70999999999,56.92,22.61875,242.6725,0.5877583749109052,0.07483220479923973,0.4869168857430841,11920750.0,0.4183069833060469,199.5,53738.225000000006,50.25,0.6247689947136263,0.09785323139921118,0.6346320810266892,7744507.5,0.3794818754925138,-0.07681067650160701,0.12463622628246647,-0.02837735680004626,0.43129669668652915,0.0388251078135331,-0.037010619802721134,-0.023021026599971448,-0.1477151952836051,10.891898460777814,-0.24600594368016174,-0.6397894553260779,-0.8465648492307675,0.5539890572428435,-0.29459279774854086,-0.4009002357625383,0.4869168857430841,0.5157576205427552
2025,E02000890,Tower Hamlets 027,Tech Belt & Midtown,4,333.0,104379.84,46.042500000000004,10.5,255.5675,0.6246416258392307,0.1216113228089276,0.6613407165257044,30352285.0,0.4477512310947273,402.75,128692.555,68.60499999999999,0.5832926742655538,0.10959333193028739,0.6189797660539553,26700425.0,0.14800581151821665,-0.19017353207663992,-0.3988005353855143,-0.20938971186759897,0.1281923200920989,0.2997454195765107,0.041348951573676906,0.012017990878640208,0.04236095047174904,11.765189314630211,-0.7925285315515526,0.6212752947876817,0.13991838852382543,-0.5973706341522632,-0.15717637059807715,-0.22277865154067905,0.5766188155822063,0.8369659421426442
2025,E02000894,Tower Hamlets 031,Canary Wharf,4,27.5,426816.1,1735.705,606.26875,12462.6525,0.14600255427841635,0.6349936143039592,0.9913633922532534,25716860.0,0.19617224880382775,64.25,214219.555,30.5,0.7941066997518611,0.15918114143920598,0.989795239955533,26842060.0,0.1244047619047619,-0.8485957191028036,4.041442266291466,0.6893517942721915,-0.04282325234077409,0.07176748689906584,-0.6481041454734447,0.4758124728647532,0.0015681522977204487,12.274761394109774,-3.052650925660957,-5.046385002619158,-4.698271467370501,-6.166692400520986,-4.740999949042901,-4.301068731413679,0.9882270876578125,2.2259947591522984
2025,E02000967,Westminster 008,West End,4,435.5,78284.2575,39.3675,15.999375,100.378125,0.748060113158201,0.00955241236261076,0.5803564588460267,36110875.0,,412.5,106659.3325,66.80125,0.634622738616271,0.03455315828411382,0.60568969950549,35657111.25,,0.05425859051782173,-0.5287811901299448,-0.3092934178063176,0.012645465489306527,,0.11343737454192993,-0.025000745921503063,-0.025333240659463296,11.57740460153207,0.38587929455338243,0.9344249126566686,1.0474529710287575,0.6190413672420875,0.7466996363702241,0.9488412896839301,0.5803564588460267,0.8503498472789558
2025,E02000968,Westminster 009,West End,4,54.75,8785.552500000002,78.125,40.11749999999999,149.34375,0.5581761006289309,0.01860587002096436,0.22171273524795554,4594900.0,,62.75,9218.16,105.63,0.450199564586357,0.018958635703918723,0.21130105139356953,4226325.0,,-0.13638120931528305,-0.3016323137785052,-0.048066840538544583,0.08361417167377834,,0.10797653604257385,-0.0003527656829543646,0.010411683854386011,9.129039206109537,-0.5331956196023526,0.38717744749592736,0.9787054581330666,-0.19087549010960345,0.1604529489792595,0.18893804617609383,0.20088936753918352,-0.5084613591205668
2025,E02000969,Westminster 010,West End,4,131.5,15092.89,33.099999999999994,24.8,73.7875,0.8060953041869072,0.02281401804302568,0.3386489631437519,5417500.0,,137.5,14988.650000000001,29.44,0.8127284275253174,0.007273977858712864,0.16904164314538678,4488337.5,,-0.04461706548880669,0.11717898852234157,0.006930523985078526,0.18815208850064105,,-0.006633123338410152,0.015540040184312815,0.16960731999836515,9.615115241924787,-0.09080047082582787,-0.6218234652367615,-0.4641368887325271,-0.7131029204280667,-0.4724659363057958,-0.6314625192342317,-0.0005656768529783696,-1.2298397821164961
2025,E02000970,Westminster 011,West End,4,2573.25,547903.36,53.8125,20.651249999999997,168.859375,0.6483969790001598,0.0340418606518595,0.42588044033477623,283055093.0,,2480.25,609055.0125000001,70.855,0.5795198113748322,0.04180120410670758,0.43318870851028035,309527865.0,,0.03681032987665697,-0.2751297530888842,-0.1058096751109787,-0.08940656677396658,,0.06887716762532758,-0.007759343454848085,-0.007308268175504118,13.319665517011074,0.30176118980828565,0.32332743251621704,0.48647622725671774,0.05249991569185227,0.29101619131826817,0.35817641198735534,0.42588044033477623,0.2971958323940769
2025,E02000971,Westminster 012,West End,4,774.0,97168.095,31.384999999999998,13.295,103.88999999999999,0.7441238533404773,0.02351320726168794,0.33508654041872554,48668365.0,,750.75,115842.855,45.46,0.6852998752772548,0.024478599080190046,0.34172843237550277,37380195.0,,0.03049916672628741,-0.3705027466549021,-0.1757921575543635,0.2638882109843767,,0.05882397806322248,-0.0009653918185021058,-0.006641891956777224,11.659998485726042,0.271335057721876,0.5531002133115036,0.3599147515519997,-0.170744987340929,0.25340125881111253,0.30941927641406114,0.33508654041872554,-0.027922660104883857
2025,E02000972,Westminster 013,West End,4,7759.75,1398026.5150000001,54.46625,19.81,157.05875,0.6433833305731622,0.0267349656197112,0.3719539359651048,767810472.5,0.2916666666666667,7966.5,1478450.79,62.918749999999996,0.6169729461814468,0.025694135034793005,0.34083125000900993,732078326.25,0.6,-0.026295132367106903,-0.14426296770586483,-0.05593316601066266,0.047655410782709656,-0.3083333333333333,0.02641038439171539,0.0010408305849181933,0.031122685956094853,14.2065060103707,-0.002470389039468381,0.008042947182516245,-0.04814601589065033,-0.23666817165058987,-0.06981040734954809,-0.10953335690165152,0.3097085640529151,-0.11879715086203166
2025,E02000973,Westminster 014,West End,4,52.0,5950.65,88.68,42.66,160.48000000000002,0.5490196078431373,0.0,0.0,1916700.0,,51.75,6517.650000000001,108.22375,0.4714596527431865,0.0,0.0,1875437.5,,0.004819286435948922,-0.19916645850168158,-0.09101342423204432,0.021762991756551248,,0.07755995509995078,0.0,0.0,8.782422578267084,0.14753229568564596,0.14031653201857158,0.5957854558582569,-0.2024671447017748,0.17029178471517492,0.20169131770644003,0.0,-1.2278141834160115
2025,E02000974,Westminster 015,West End,4,690.25,145239.945,14.30625,6.61125,71.005625,0.789186188717023,0.03726719448927282,0.6743014333381727,72532855.0,,237.5,107762.79749999999,68.825,0.5725306730705746,0.08288565554537133,0.7164327619631297,41976913.75,,1.066886227335568,-1.5708705463099313,0.2984546756296579,0.5469198370838709,,0.21665551564644836,-0.045618461056098514,-0.04213132862495694,11.587697050812242,3.8388841358032284,3.445028389110414,2.3468853727540293,1.296526292415298,2.731831047520742,3.5220034594115543,0.6743014333381727,1.1867518358815001
2025,E02000975,Westminster 016,West End,4,938.75,160298.605,14.6775,7.56,52.078125,0.8431326230316484,0.04199385327940826,0.6339381203839659,61929750.0,,988.75,206438.91249999998,15.33,0.8066088472832492,0.053453673116181016,0.6506184247876894,66151925.0,,-0.05189231600351911,-0.043495983927518835,-0.2529661882475054,-0.06595331254059113,,0.036523775748399157,-0.011459819836772758,-0.016680304403723478,12.237764668410607,-0.12587447031661872,-0.23472504414698994,0.07917335141800882,0.1740952015102516,-0.026832740383837067,-0.05382495081924173,0.6339381203839659,1.0422172419047122
2025,E02000976,Westminster 017,West End,4,126.0,15832.4425,37.9,17.3225,158.39375,0.6756578776801223,0.015916102771512276,0.14411882825194786,3704112.5,,128.0,15316.0775,37.5,0.7020518163141429,0.016668417612177244,0.23567649356655385,4702831.25,,-0.015748356968139168,0.010610179112015469,0.033158063961611396,-0.2387210320739414,,-0.02639393863402062,-0.0007523148406649686,-0.09155766531460599,9.6367236613893,0.048375639454644855,-0.3650777055757343,-0.7129094727458671,-0.17774656047567,-0.3018395248356567,-0.41029357057662985,0.14411882825194786,-0.7117476169912478
2025,E02000977,Westminster 018,West End,4,5888.75,1356536.3925,61.8825,19.69125,210.88125,0.5875612072997575,0.04212008335334963,0.43858021763518085,781086386.25,0.453030303030303,6524.0,1535791.9549999998,67.60125,0.5808467551371893,0.042063197859670824,0.43636973264230866,836867257.5,0.2916666666666667,-0.10244393372665357,-0.088389048337749,-0.12411149859690015,-0.06897971120427339,0.16136363636363632,0.006714452162568163,5.688549367880574e-05,0.002210484992872186,14.244557388682228,-0.36958393581121785,-0.1265685958457187,-0.2961017748964536,-0.2043363656206224,-0.24914766804350313,-0.34199346117898827,0.4341592476494365,0.3268409226074105
2025,E02000978,Westminster 019,West End,4,749.25,173184.85499999998,51.879999999999995,18.86,224.445625,0.620741606639873,0.04358104363267109,0.40894302650442166,98743725.0,,876.0,242785.0375,93.125,0.5169022179189515,0.0565956297772778,0.40145556155380074,107418577.5,,-0.15629338473961885,-0.5850093172514805,-0.3378168824506308,-0.08420528451826434,,0.10383938872092147,-0.01301458614460671,0.0074874649506209145,12.399935830336013,-0.6291922631930232,1.0698898136161108,0.926622139997911,0.22518382742483123,0.39812587946145744,0.49701386929283575,0.39396809660317983,0.18292281299829782
2025,E02000979,Westminster 020,West End,4,1581.25,809138.0225000001,90.01625,26.5,294.68375,0.527952659502667,0.09271879305916189,0.7297459665879114,384330518.75,,2167.25,996284.4675,65.41624999999999,0.5724906667603518,0.08181219702850709,0.7221836083175265,372408800.0,,-0.31524340927291933,0.31921951104025653,-0.20806331546286622,0.031510732658507214,,-0.04453800725768475,0.010906596030654803,0.007562358270384872,13.811789109456626,-1.3954906976274208,-1.108579840983103,-0.941328531802957,-0.5608509106761217,-1.0015624952724005,-1.317286763422114,0.7146212500471416,1.3311306767328666
2025,E02000980,Westminster 021,West End,4,123.25,81555.455,217.22125,66.15,467.60125,0.3559100079387045,0.07677134625745316,0.6617098427803045,47949562.5,,108.25,85294.0375,301.85375,0.2187551889312426,0.11201835760077226,0.6696681761390243,51017300.0,,0.1297714460402003,-0.32902620918446,-0.04482133339528135,-0.06201511368973565,,0.13715481900746188,-0.035247011343319104,-0.00795833335871976,11.353871554765147,0.7499269449791715,0.45317486761344156,1.346036296545388,0.9557270919835309,0.876216300280383,1.1167230621706177,0.6617098427803045,1.1416633558831368
2025,E02000981,Westminster 022,West End,4,244.25,24911.84,33.4175,19.599999999999998,83.895625,0.7640293584947839,0.013351456194860414,0.19989083783434233,9506125.0,,310.5,56799.0925,39.95,0.6774931423902355,0.025138867786113447,0.3493806920375076,16670217.5,,-0.23999161045064127,-0.17854895734879275,-0.8241771560233554,-0.5616874163730126,,0.08653621610454842,-0.011787411591253034,-0.14948985420316527,10.947293233229043,-1.0327016021541902,0.09064481263744441,0.708789277385194,0.18485965692262796,-0.012101963802230942,-0.03473065972214496,0.19989083783434233,-0.5120369349318665
2025,E02000982,Westminster 023,West End,4,819.5,176221.34000000003,28.8625,14.381250000000001,87.08687499999999,0.770859176462972,0.029593432513448974,0.5710588813190955,68750080.0,,631.75,240257.76499999998,47.57,0.6624032526428958,0.051251237851569764,0.6862442320295684,83629407.5,,0.2602006519155807,-0.4996591357635764,-0.3099715492867132,-0.1959173224077803,,0.10845592382007618,-0.02165780533812079,-0.11518535071047287,12.389471808997442,1.3787264469628053,0.864264008987433,0.9847405601452878,0.5091944789614833,0.9342313737642524,1.1919232184545492,0.5710588813190955,0.8170567032214474
2025,E02000983,Westminster 024,West End,4,33.25,25616.8525,133.72875,56.865,420.63437500000003,0.39545454545454545,0.17803030303030304,0.8284677895447148,7257787.5,,34.5,19744.129999999997,134.16750000000002,0.3492943548387097,0.1905241935483871,0.7780984049141456,7526062.5,,-0.03690455693545098,-0.0032755247024270446,0.2603942037017851,-0.0362969663567681,,0.04616019061583576,-0.012493890518084055,0.05036938463056917,9.890662157644378,-0.0536184493234644,-0.3316242439672797,0.20048797287136993,0.20807410235249282,0.005829845483279673,-0.011487133863318127,0.7277290202835764,1.3780675139348455
2025,E02006801,Lambeth 036,Southbank,4,366.25,190157.08000000002,142.67374999999998,46.095625,382.294375,0.435886686792766,0.09868085200845507,0.6908706032990867,69090535.0,0.043018662120295516,414.25,191709.4975,110.2775,0.47758693612188674,0.09662461565047074,0.7124227107134087,51076718.75,0.05667584671515126,-0.12315349597539521,0.25756063888363395,-0.008130724938071179,0.30208895436327415,-0.013657184594855744,-0.04170024932912075,0.0020562363579843257,-0.021552107414322008,12.163741687576191,-0.4694247831192198,-0.9600311797069802,-0.9056034687358463,-0.2700337555523607,-0.6512732967786018,-0.8632357575463572,0.6908706032990867,1.246083394109886
2025,E02006802,Southwark 034,Southbank,4,480.5,121335.39,48.21875,22.183750000000003,142.29000000000002,0.6630870455330276,0.026364083631084518,0.5450878948861603,43058525.0,0.22567502410800386,399.0,132173.4925,72.25999999999999,0.5657424622604296,0.03794286912910216,0.5962929726201734,47542775.0,0.07672874263542528,0.18586581152048365,-0.4045227761560598,-0.08555686734821225,-0.09906959530487212,0.14894628147257857,0.09734458327259798,-0.011578785498017639,-0.05120507773401317,11.791878241489698,1.0203580101793315,0.6350613271336023,0.8448578246155259,0.17800433700759052,0.6695703747340125,0.848864987305893,0.5450878948861603,0.7240587378780268
2025,E02006853,Tower Hamlets 032,Canary Wharf,4,376.0,54133.78,28.0,15.8,50.629999999999995,0.8581618878145846,0.024366429550282405,0.5651771486387378,11860090.0,0.23040794496463407,356.5,59695.7,30.065,0.8113937481010822,0.03366333104432418,0.5504257408841247,10821200.0,0.15435770675868996,0.05325490353554386,-0.07115719431632808,-0.09780160074687798,0.09167180907479124,0.07605023820594412,0.046768139713502355,-0.009296901494041776,0.014751407754613144,10.997032021470988,0.38104051729971433,-0.16808360831116667,0.20814155728641642,0.10302308891121326,0.13103038879654433,0.15080000736745974,0.5356743331295115,0.6903502727697176
2025,E02006854,Tower Hamlets 033,Canary Wharf,4,1507.75,2313592.425,22.29625,9.6625,191.06875,0.6952721549731983,0.12667704191881593,0.9458249038545145,288165697.5,0.2436169117638683,953.5,2002364.9575,145.32875,0.46344350329762896,0.28559238151506217,0.9444981899760934,355005318.75,0.18554670540109516,0.45823432729062236,-1.8745799145960087,0.14447251812609538,-0.2085971185236988,0.05807020636277313,0.23182865167556932,-0.15891533959624624,0.001326713878421093,14.509840018106205,2.3334472521388463,3.749299871932005,2.4680093954871913,4.032069835848741,3.145706588851696,3.797358938903755,0.9431714760976723,2.149532629094749
2025,E02006941,Southwark 035,Southbank,4,482.75,333021.8175,149.8225,31.14875,351.1875,0.42310345473776306,0.12583410844479487,0.7694473672366918,100435737.5,0.09917416875789288,516.75,354037.6925,157.86124999999998,0.3945652741202248,0.1323302152870633,0.7627296101320838,102951750.0,0.11193247304475079,-0.06806027725325385,-0.05226522258641144,-0.061195377602059016,-0.02474233675505654,-0.01275830428685791,0.028538180617538267,-0.006496106842268423,0.00671775710460798,12.777161486990467,-0.20382024874631693,-0.21359817922671737,-0.02135879292271071,0.01099076900112297,-0.10694661297365551,-0.1576699582885579,0.7560118530274759,1.4793438326500774
2025,E02006942,Southwark 036,Southbank,4,603.0,78665.2925,83.88,42.223125,167.5325,0.5593251253476332,0.004975935587340576,0.08393777689410599,23184737.5,0.0458671184050723,480.25,69229.8125,94.215,0.5143712365163614,0.0036305459430841956,0.053702104549748386,19772282.5,0.028929757460372584,0.22761039507851935,-0.1161921985407346,0.12777046166175,0.1592131125794198,0.016937360944699716,0.04495388883127183,0.0013453896442563807,0.030235672344357603,11.145201309844715,1.2216087436759904,-0.05958519836447118,0.18530161504368786,-0.24667578744019486,0.27516234322875305,0.33762637589432626,0.023466432205390783,-1.1437846277960861
2025,E02007083,Wandsworth 038,Southbank,4,306.0,83469.94,25.98,19.25,65.0,0.8361204013377926,0.026755852842809364,0.7463793552505249,44686755.0,0.14088117354449012,336.0,28605.5875,27.03,0.8492667916013763,0.009699714119795588,0.21580727471439962,16389607.5,0.09992526103949134,-0.09352605801082348,-0.03962034904590276,1.0708845011642525,1.0030297040465763,0.040955912504998776,-0.013146390263583663,0.017056138723013776,0.5305720805361253,10.261392302453395,-0.3265908364418658,-0.24406223039646754,-0.546133619085245,-0.7629209481940802,-0.46992690852941466,-0.628171386876256,-0.3147648058217256,-1.9109742863256853
2025,E02007084,Wandsworth 039,Southbank,4,33.75,4467.6925,76.485,51.1125,137.149375,0.6740196078431373,0.0,0.0,1165300.0,0.39090909090909093,49.25,8959.8625,92.55375000000001,0.5177593537414966,0.0,0.0,1587137.5,0.30409356725146197,-0.37792895029955914,-0.1906949136619938,-0.6958828247878652,-0.30895351465591453,0.08681552365762896,0.15626025410164068,0.0,0.0,9.100621762496882,-1.6976978353200838,0.11990687156160355,1.586558177144808,-0.2024671447017748,-0.04842498282886172,-0.08181319437180512,0.0,-1.2278141834160115
2025,E02007110,Hackney 032,Tech Belt & Midtown,4,384.5,58322.615000000005,61.835,19.71375,180.5975,0.5919485288110846,0.02347040481357899,0.2169601623988174,16387960.0,0.25,483.75,61927.170000000006,36.925000000000004,0.6572743403806546,0.01816787764285694,0.2020971362869562,14595100.0,0.0,-0.2296244553982929,0.5155807187765767,-0.059969091635966254,0.11586106292716339,0.25,-0.06532581156956996,0.005302527170722049,0.014863026111861216,11.033730444004151,-0.9827215237649046,-1.5816536017502312,-1.2030300718087523,-0.3767047942198688,-1.0360274978859392,-1.3619609045931125,0.18723411017509498,-0.5573586605141923
2025,E02007111,Hackney 033,Tech Belt & Midtown,4,2277.5,439679.4175,63.1275,25.04625,149.55312500000002,0.6512064619319539,0.02310151983461102,0.4494289818132886,139359188.0,0.2727272727272727,2205.5,471438.2925,71.1275,0.6127870757719172,0.03652607378474707,0.47658375849200946,117267693.5,0.3666666666666667,0.03212410958911888,-0.11931755044195186,-0.06974235387529992,0.17259538645847686,-0.09393939393939399,0.038419386160036706,-0.013424553950136052,-0.02715477667872085,13.063545618789474,0.27916891100682617,-0.052055595167005905,0.10303754392885209,0.23865510715875415,0.14220149173185662,0.165280187019959,0.4494289818132886,0.38151940824137603
2025,E02007112,Tower Hamlets 034,Canary Wharf,4,216.5,46912.1475,44.15,23.478125,219.15625,0.6069520604357439,0.05432935614856095,0.46775570746219597,10236345.0,0.19221412969378243,195.75,41845.145000000004,54.9025,0.5951399790685505,0.045977237048665624,0.3904919253977575,7038055.0,0.07948552677838978,0.10075221257163212,-0.21796595776934205,0.1143008697961899,0.374612768712705,0.11272860291539265,0.011812081367193361,0.008352119099895326,0.07726378206443846,10.641754956979462,0.6100251535781183,0.18560831811836756,-0.23192677145627796,-0.47691243344939993,0.021698566697701982,0.009082181035205555,0.31322814333331905,-0.10619409811362528
2025,E02007113,Tower Hamlets 035,Canary Wharf,4,245.5,175326.135,283.6,129.40625,749.0625,0.1828367740392843,0.1876966793341542,0.7161751048769627,26931700.0,0.4034600108606557,320.0,206050.3075,137.79500000000002,0.41261177745449845,0.157785766865385,0.752686942115151,26356100.0,0.32020547352881384,-0.2650240485591969,0.7217977212069582,-0.16147248204620168,0.021604284208854126,0.08325453733184185,-0.22977500341521415,0.029910912468769202,-0.036511837238188294,12.235880482294029,-1.1533830439405888,-2.078471960113893,-3.2733115749931865,-1.1853205871651593,-1.9226217915532067,-2.511179985781697,0.7161751048769627,1.3366947833556766
2025,E02007114,Tower Hamlets 036,Canary Wharf,4,329.5,154443.695,87.1125,34.653125,364.7175,0.5341375659642519,0.10243121785778178,0.6702546948542185,22298962.5,0.2704187124271883,344.5,138342.54,104.29124999999999,0.49451673455749656,0.07512632498727209,0.5201116781973978,25710487.5,0.13962081144416394,-0.04451773651115131,-0.1799870791054573,0.11009681269393651,-0.14235882987152332,0.13079790098302435,0.03962083140675532,0.02730489287050969,0.15014301665682073,11.837495290955415,-0.09032160559573578,0.09410953805703902,0.11816276189711714,-1.0996884508687235,-0.2444344391275758,-0.33588409115158957,0.36996866154057706,0.09698465905189216
2025,E02007115,Camden 029,Tech Belt & Midtown,4,721.25,141748.23,33.82,13.561874999999999,145.940625,0.6876157965350529,0.02808034309567097,0.45702741797098656,47108142.5,0.2534338311038995,622.5,128889.5575,52.66,0.6257316155590543,0.029990127387886523,0.41175185234506084,49548784.5,0.12222598645255614,0.1472421894834466,-0.44280381059772905,0.09509656150667856,-0.05051186675948003,0.13120784465134336,0.06188418097599857,-0.001909784292215555,0.04527556562592572,11.766718931783217,0.834153439364895,0.7272880614165507,0.3984402159535402,-0.13971285501146785,0.45504221543087947,0.5707898227301671,0.3664762867191351,0.08447902113746873
