MSOA21CD,MSOA21NM,year,retail_records,retail_units,total_rateable_value,median_rateable_value,total_floor_area,median_floor_area,vacant_records,vacancy_proxy,retail_units_2019,total_rateable_value_2019,median_rateable_value_2019,total_floor_area_2019,median_floor_area_2019,vacancy_proxy_2019,retail_units_pct_change_2019,total_rateable_value_pct_change_2019,median_rateable_value_pct_change_2019,total_floor_area_pct_change_2019,median_floor_area_pct_change_2019,vacancy_proxy_change_2019
E02000002,Barking and Dagenham 001,2023,32,32,1012050.0,6900.0,12040.98,90.95,7,0.21875,30,1002900.0,7150.0,7371.55,87.01,0.0333333333333333,0.06666666666666667,0.00912354172898594,-0.03496503496503497,0.6334393716382578,0.04528215147684171,0.1854166666666667
E02000002,Barking and Dagenham 001,2024,31,31,961950.0,8000.0,11345.11,90.4,8,0.2580645161290322,30,1002900.0,7150.0,7371.55,87.01,0.0333333333333333,0.03333333333333333,-0.04083158839365839,0.11888111888111888,0.5390399576751158,0.03896103896103897,0.2247311827956989
E02000002,Barking and Dagenham 001,2025,31,31,961950.0,8000.0,11345.11,90.4,4,0.1290322580645161,30,1002900.0,7150.0,7371.55,87.01,0.0333333333333333,0.03333333333333333,-0.04083158839365839,0.11888111888111888,0.5390399576751158,0.03896103896103897,0.0956989247311828
E02000003,Barking and Dagenham 002,2023,178,178,4605000.0,10750.0,37349.3,76.61500000000001,25,0.1404494382022472,164,4554450.0,10750.0,34545.94,76.5,0.0609756097560975,0.08536585365853659,0.011099035009715772,0.0,0.08114875438329368,0.001503267973856328,0.0794738284461497
E02000003,Barking and Dagenham 002,2024,166,166,4074925.0,13750.0,30648.21,77.1,27,0.1626506024096385,164,4554450.0,10750.0,34545.94,76.5,0.0609756097560975,0.012195121951219513,-0.10528713675635916,0.27906976744186046,-0.1128274407933321,0.007843137254901886,0.10167499265354099
E02000003,Barking and Dagenham 002,2025,173,173,4072775.0,13750.0,31477.8,77.14,22,0.1271676300578034,164,4554450.0,10750.0,34545.94,76.5,0.0609756097560975,0.054878048780487805,-0.10575920253817694,0.27906976744186046,-0.08881333088635025,0.008366013071895433,0.0661920203017059
E02000004,Barking and Dagenham 003,2023,20,20,209100.0,8700.0,2084.98,66.04,2,0.1,21,227250.0,8700.0,2375.9700000000003,69.62,0.0,-0.047619047619047616,-0.07986798679867987,0.0,-0.12247208508524948,-0.05142200517092787,0.1
E02000004,Barking and Dagenham 003,2024,17,17,232650.0,10000.0,1935.68,66.04,1,0.0588235294117647,21,227250.0,8700.0,2375.9700000000003,69.62,0.0,-0.19047619047619047,0.023762376237623763,0.14942528735632185,-0.18530957882464852,-0.05142200517092787,0.0588235294117647
E02000004,Barking and Dagenham 003,2025,17,17,232650.0,10000.0,1935.68,66.04,1,0.0588235294117647,21,227250.0,8700.0,2375.9700000000003,69.62,0.0,-0.19047619047619047,0.023762376237623763,0.14942528735632185,-0.18530957882464852,-0.05142200517092787,0.0588235294117647
E02000005,Barking and Dagenham 004,2023,91,91,1332400.0,10000.0,10329.6,62.585,17,0.1868131868131868,82,1043350.0,10000.0,8280.4,64.7,0.0853658536585365,0.10975609756097561,0.2770403028705612,0.0,0.24747596734457283,-0.032689335394126766,0.1014473331546503
E02000005,Barking and Dagenham 004,2024,83,83,2545400.0,10750.0,14180.64,63.895,16,0.1927710843373494,82,1043350.0,10000.0,8280.4,64.7,0.0853658536585365,0.012195121951219513,1.4396415392725357,0.075,0.7125549490362785,-0.012442040185471402,0.10740523067881291
E02000005,Barking and Dagenham 004,2025,82,82,2530900.0,10750.0,13978.42,63.87,13,0.1585365853658536,82,1043350.0,10000.0,8280.4,64.7,0.0853658536585365,0.0,1.4257439976997173,0.075,0.688133423506111,-0.012828438948995446,0.07317073170731711
E02000007,Barking and Dagenham 006,2023,59,59,1420650.0,8700.0,25910.7,82.41,9,0.1525423728813559,46,1390850.0,9000.0,8895.800000000001,83.25,0.0434782608695652,0.2826086956521739,0.02142574684545422,-0.03333333333333333,1.912689134198161,-0.010090090090090131,0.10906411201179068
E02000007,Barking and Dagenham 006,2024,48,48,1597150.0,11250.0,8814.99,82.345,10,0.2083333333333333,46,1390850.0,9000.0,8895.800000000001,83.25,0.0434782608695652,0.043478260869565216,0.14832656289319482,0.25,-0.009084062141684985,-0.010870870870870885,0.16485507246376807
E02000007,Barking and Dagenham 006,2025,51,51,1585150.0,11000.0,13015.6,82.28,10,0.196078431372549,46,1390850.0,9000.0,8895.800000000001,83.25,0.0434782608695652,0.10869565217391304,0.1396987453715354,0.2222222222222222,0.4631174262011285,-0.011651651651651638,0.1526001705029838
E02000008,Barking and Dagenham 007,2023,47,47,478325.0,9500.0,4032.64,66.75,4,0.0851063829787234,46,478325.0,9500.0,4031.64,67.0,0.0434782608695652,0.021739130434782608,0.0,0.0,0.00024803801926759334,-0.0037313432835820895,0.0416281221091582
E02000008,Barking and Dagenham 007,2024,44,44,491525.0,9700.0,3307.03,60.79,7,0.1590909090909091,46,478325.0,9500.0,4031.64,67.0,0.0434782608695652,-0.043478260869565216,0.02759629958710082,0.021052631578947368,-0.17973082914149074,-0.09268656716417911,0.11561264822134389
E02000008,Barking and Dagenham 007,2025,45,45,491525.0,9700.0,3403.4,63.245000000000005,4,0.0888888888888888,46,478325.0,9500.0,4031.64,67.0,0.0434782608695652,-0.021739130434782608,0.02759629958710082,0.021052631578947368,-0.15582740522467278,-0.056044776119402916,0.04541062801932359
E02000009,Barking and Dagenham 008,2023,107,107,1171500.0,9300.0,8338.23,58.0,11,0.102803738317757,102,1179200.0,9300.0,8181.26,58.26,0.0686274509803921,0.049019607843137254,-0.0065298507462686565,0.0,0.019186531170015297,-0.004462753175420495,0.03417628733736491
E02000009,Barking and Dagenham 008,2024,103,103,1403050.0,11500.0,9716.23,59.9,10,0.0970873786407767,102,1179200.0,9300.0,8181.26,58.26,0.0686274509803921,0.00980392156862745,0.18983208955223882,0.23655913978494625,0.18762024431444538,0.0281496738757295,0.028459927660384604
E02000009,Barking and Dagenham 008,2025,103,103,1403050.0,11500.0,9716.23,59.9,7,0.0679611650485436,102,1179200.0,9300.0,8181.26,58.26,0.0686274509803921,0.00980392156862745,0.18983208955223882,0.23655913978494625,0.18762024431444538,0.0281496738757295,-0.0006662859318484898
E02000010,Barking and Dagenham 009,2023,21,21,168550.0,9450.0,2474.73,81.73,6,0.2857142857142857,16,191500.0,9450.0,2080.91,100.15,0.1875,0.3125,-0.11984334203655353,0.0,0.18925373995031028,-0.18392411382925614,0.0982142857142857
E02000010,Barking and Dagenham 009,2024,17,17,204325.0,11500.0,1980.04,81.73,6,0.3529411764705882,16,191500.0,9450.0,2080.91,100.15,0.1875,0.0625,0.06697127937336815,0.21693121693121692,-0.048473984939281324,-0.18392411382925614,0.1654411764705882
E02000010,Barking and Dagenham 009,2025,17,17,204325.0,11500.0,1980.04,81.73,5,0.2941176470588235,16,191500.0,9450.0,2080.91,100.15,0.1875,0.0625,0.06697127937336815,0.21693121693121692,-0.048473984939281324,-0.18392411382925614,0.10661764705882348
E02000011,Barking and Dagenham 010,2023,77,77,1134225.0,9100.0,7928.74,63.65,16,0.2077922077922078,71,808550.0,9100.0,5539.58,62.0,0.056338028169014,0.08450704225352113,0.402788943169872,0.0,0.4312890146906444,0.02661290322580643,0.1514541796231938
E02000011,Barking and Dagenham 010,2024,73,73,1255025.0,9500.0,7181.72,63.65,13,0.1780821917808219,71,808550.0,9100.0,5539.58,62.0,0.056338028169014,0.028169014084507043,0.5521921959062519,0.04395604395604396,0.2964376360662722,0.02661290322580643,0.1217441636118079
E02000011,Barking and Dagenham 010,2025,74,74,1258225.0,9500.0,7242.97,62.82,11,0.1486486486486486,71,808550.0,9100.0,5539.58,62.0,0.056338028169014,0.04225352112676056,0.5561498979654937,0.04395604395604396,0.30749443098574264,0.013225806451612908,0.09231062047963459
E02000012,Barking and Dagenham 011,2023,48,48,609500.0,12250.0,3453.63,69.54,3,0.0625,44,607300.0,12500.0,3226.75,69.54,0.0227272727272727,0.09090909090909091,0.0036225917997694712,-0.02,0.07031223367165107,0.0,0.0397727272727273
E02000012,Barking and Dagenham 011,2024,45,45,719750.0,15250.0,3233.78,69.48500000000001,5,0.1111111111111111,44,607300.0,12500.0,3226.75,69.54,0.0227272727272727,0.022727272727272728,0.18516383994730776,0.22,0.002178662741148276,-0.000790911705493135,0.0883838383838384
E02000012,Barking and Dagenham 011,2025,46,46,710500.0,15250.0,3233.78,69.48500000000001,5,0.108695652173913,44,607300.0,12500.0,3226.75,69.54,0.0227272727272727,0.045454545454545456,0.16993248806191338,0.22,0.002178662741148276,-0.000790911705493135,0.08596837944664029
E02000013,Barking and Dagenham 012,2023,44,44,415200.0,8300.0,3924.32,69.155,5,0.1136363636363636,44,415200.0,8300.0,3924.32,69.155,0.0454545454545454,0.0,0.0,0.0,0.0,0.0,0.0681818181818182
E02000013,Barking and Dagenham 012,2024,42,42,455700.0,8950.0,3762.98,68.05,5,0.119047619047619,44,415200.0,8300.0,3924.32,69.155,0.0454545454545454,-0.045454545454545456,0.09754335260115607,0.0783132530120482,-0.041112855220777136,-0.015978598799797614,0.0735930735930736
E02000013,Barking and Dagenham 012,2025,41,41,455500.0,9100.0,3761.98,69.1,5,0.1219512195121951,44,415200.0,8300.0,3924.32,69.155,0.0454545454545454,-0.06818181818181818,0.0970616570327553,0.0963855421686747,-0.04136767643821099,-0.0007953148723882123,0.0764966740576497
E02000014,Barking and Dagenham 013,2023,132,132,2253170.0,11000.0,15209.21,67.84,16,0.1212121212121212,130,2258920.0,10875.0,15115.07,67.465,0.0153846153846153,0.015384615384615385,-0.0025454642041329483,0.011494252873563218,0.006228221238803355,0.0055584377084414134,0.1058275058275059
E02000014,Barking and Dagenham 013,2024,126,126,2250150.0,12500.0,14350.12,70.825,13,0.1031746031746031,130,2258920.0,10875.0,15115.07,67.465,0.0153846153846153,-0.03076923076923077,-0.0038823862730862535,0.14942528735632185,-0.050608432511394186,0.04980360186763506,0.0877899877899878
E02000014,Barking and Dagenham 013,2025,127,127,2231150.0,12500.0,16241.57,69.2,12,0.0944881889763779,130,2258920.0,10875.0,15115.07,67.465,0.0153846153846153,-0.023076923076923078,-0.012293485382395128,0.14942528735632185,0.07452826880722352,0.02571703846438893,0.0791035735917626
E02000015,Barking and Dagenham 014,2023,87,87,1290495.0,11375.0,14618.3,87.24,14,0.160919540229885,82,1542395.0,12000.0,14333.2,90.065,0.0853658536585365,0.06097560975609756,-0.16331743814003546,-0.052083333333333336,0.019890882705885533,-0.031366235496585834,0.0755536865713485
E02000015,Barking and Dagenham 014,2024,78,78,1467945.0,13175.0,13829.3,90.9,14,0.1794871794871795,82,1542395.0,12000.0,14333.2,90.065,0.0853658536585365,-0.04878048780487805,-0.048269088009232394,0.09791666666666667,-0.03515614098735812,0.009271081996336068,0.094121325828643
E02000015,Barking and Dagenham 014,2025,79,79,1438695.0,12750.0,14239.46,90.98,9,0.1139240506329113,82,1542395.0,12000.0,14333.2,90.065,0.0853658536585365,-0.036585365853658534,-0.06723310176705707,0.0625,-0.006540060837775347,0.010159329373230514,0.02855819697437481
E02000016,Barking and Dagenham 015,2023,355,355,9351451.0,17500.0,71179.04,97.055,60,0.1690140845070422,276,9651901.0,17875.0,61079.2,101.19,0.072463768115942,0.286231884057971,-0.031128582856372024,-0.02097902097902098,0.16535645522534673,-0.040863721711631495,0.09655031639110019
E02000016,Barking and Dagenham 015,2024,294,294,9573236.0,17250.0,74869.84,98.83,54,0.1836734693877551,276,9651901.0,17875.0,61079.2,101.19,0.072463768115942,0.06521739130434782,-0.008150207922770861,-0.03496503496503497,0.22578291791641017,-0.023322462693942083,0.11120970127181311
E02000016,Barking and Dagenham 015,2025,302,302,9639836.0,17500.0,76494.75,99.225,41,0.1357615894039735,276,9651901.0,17875.0,61079.2,101.19,0.072463768115942,0.09420289855072464,-0.0012500128213084655,-0.02097902097902098,0.2523862460543033,-0.0194189149125408,0.0632978212880315
E02000017,Barking and Dagenham 016,2023,102,102,1324875.0,12625.0,9516.88,79.975,20,0.196078431372549,91,1310975.0,13125.0,8438.99,80.2,0.1208791208791208,0.12087912087912088,0.01060279562920727,-0.0380952380952381,0.12772737021847394,-0.002805486284289383,0.07519931049342819
E02000017,Barking and Dagenham 016,2024,84,84,1492150.0,15125.0,8236.7,80.975,14,0.1666666666666666,91,1310975.0,13125.0,8438.99,80.2,0.1208791208791208,-0.07692307692307693,0.13819866892961347,0.1523809523809524,-0.023970878031612675,0.00966334164588518,0.045787545787545805
E02000017,Barking and Dagenham 016,2025,87,87,1495150.0,15875.0,8758.39,81.32,15,0.1724137931034483,91,1310975.0,13125.0,8438.99,80.2,0.1208791208791208,-0.04395604395604396,0.14048704208699633,0.20952380952380953,0.03784813111521635,0.01396508728179539,0.05153467222432749
E02000018,Barking and Dagenham 017,2023,54,54,897900.0,8500.0,9655.17,70.33,6,0.1111111111111111,53,929800.0,8500.0,9664.98,70.33,0.0566037735849056,0.018867924528301886,-0.03430845343084534,0.0,-0.0010150046870246489,0.0,0.054507337526205506
E02000018,Barking and Dagenham 017,2024,46,46,970000.0,9200.0,8252.34,69.68,3,0.0652173913043478,53,929800.0,8500.0,9664.98,70.33,0.0566037735849056,-0.1320754716981132,0.04323510432351043,0.08235294117647059,-0.14616067493155696,-0.009242144177449048,0.008613617719442197
E02000018,Barking and Dagenham 017,2025,45,45,969800.0,9300.0,8251.34,70.005,2,0.0444444444444444,53,929800.0,8500.0,9664.98,70.33,0.0566037735849056,-0.1509433962264151,0.04302000430200043,0.09411764705882353,-0.14626414126050954,-0.004621072088724624,-0.012159329140461202
E02000019,Barking and Dagenham 018,2023,30,30,4406975.0,59500.0,25437.55,312.77,12,0.4,28,4710510.0,77750.0,24867.97,312.77,0.1428571428571428,0.07142857142857142,-0.06443782095781561,-0.2347266881028939,0.022904161457489216,0.0,0.25714285714285723
E02000019,Barking and Dagenham 018,2024,26,26,4204825.0,54750.0,24109.24,242.675,9,0.3461538461538461,28,4710510.0,77750.0,24867.97,312.77,0.1428571428571428,-0.07142857142857142,-0.10735249474048457,-0.2958199356913183,-0.03051033116092707,-0.22411036864149367,0.2032967032967033
E02000019,Barking and Dagenham 018,2025,31,31,4259075.0,20500.0,25328.59,195.74,10,0.3225806451612903,28,4710510.0,77750.0,24867.97,312.77,0.1428571428571428,0.10714285714285714,-0.09583569507335724,-0.7363344051446945,0.018522621669561246,-0.3741727147744348,0.17972350230414752
E02000020,Barking and Dagenham 019,2023,90,90,883375.0,9400.0,9698.47,70.44,9,0.1,82,934550.0,9250.0,8215.3,66.47,0.0975609756097561,0.0975609756097561,-0.05475897490770959,0.016216216216216217,0.1805375336262827,0.05972619226718819,0.0024390243902439046
E02000020,Barking and Dagenham 019,2024,80,80,1069425.0,10750.0,7872.22,67.6,10,0.125,82,934550.0,9250.0,8215.3,66.47,0.0975609756097561,-0.024390243902439025,0.1443207961050773,0.16216216216216217,-0.041761104281036486,0.01700015044380917,0.0274390243902439
E02000020,Barking and Dagenham 019,2025,85,85,1051525.0,10375.0,8272.82,69.02,7,0.0823529411764705,82,934550.0,9250.0,8215.3,66.47,0.0975609756097561,0.036585365853658534,0.12516719276657215,0.12162162162162163,0.007001570240892048,0.03836317135549868,-0.015208034433285597
E02000021,Barking and Dagenham 020,2023,70,70,746775.0,7650.0,7117.62,80.19,8,0.1142857142857142,68,760425.0,7700.0,6770.24,80.19,0.0441176470588235,0.029411764705882353,-0.017950488213827793,-0.006493506493506494,0.051309850167793186,0.0,0.0701680672268907
E02000021,Barking and Dagenham 020,2024,66,66,968725.0,10125.0,6526.32,78.54,10,0.1515151515151515,68,760425.0,7700.0,6770.24,80.19,0.0441176470588235,-0.029411764705882353,0.2739257651970937,0.31493506493506496,-0.03602826487687291,-0.020576131687242694,0.107397504456328
E02000021,Barking and Dagenham 020,2025,66,66,968725.0,10125.0,6526.32,78.54,7,0.106060606060606,68,760425.0,7700.0,6770.24,80.19,0.0441176470588235,-0.029411764705882353,0.2739257651970937,0.31493506493506496,-0.03602826487687291,-0.020576131687242694,0.0619429590017825
E02000022,Barking and Dagenham 021,2023,32,32,1393725.0,14250.0,15987.93,94.735,10,0.3125,24,1341725.0,11700.0,10749.82,102.35,0.1666666666666666,0.3333333333333333,0.038756078928245355,0.21794871794871795,0.4872742055215809,-0.07440156326331211,0.1458333333333334
E02000022,Barking and Dagenham 021,2024,13,13,1485075.0,16000.0,5979.33,87.67,6,0.4615384615384615,24,1341725.0,11700.0,10749.82,102.35,0.1666666666666666,-0.4583333333333333,0.10684007527623023,0.36752136752136755,-0.4437739422613588,-0.14342940889106,0.29487179487179493
E02000022,Barking and Dagenham 021,2025,14,14,1532325.0,16250.0,6216.25,90.42,4,0.2857142857142857,24,1341725.0,11700.0,10749.82,102.35,0.1666666666666666,-0.4166666666666667,0.1420559354562224,0.3888888888888889,-0.4217345034614533,-0.11656082071323882,0.1190476190476191
E02000023,Barking and Dagenham 022,2023,38,38,245830.0,5600.0,3083.72,67.6,4,0.1052631578947368,34,234630.0,5600.0,2933.35,67.81,0.0294117647058823,0.11764705882352941,0.047734731279035075,0.0,0.05126220873745032,-0.003096888364548119,0.07585139318885449
E02000023,Barking and Dagenham 022,2024,36,36,285195.0,6300.0,2936.95,67.6,3,0.0833333333333333,34,234630.0,5600.0,2933.35,67.81,0.0294117647058823,0.058823529411764705,0.21550952563610792,0.125,0.0012272657541718204,-0.003096888364548119,0.053921568627451
E02000023,Barking and Dagenham 022,2025,37,37,297945.0,6300.0,3058.04,67.7,3,0.081081081081081,34,234630.0,5600.0,2933.35,67.81,0.0294117647058823,0.08823529411764706,0.26985040276179517,0.125,0.04250771302435784,-0.0016221796195251353,0.0516693163751987
E02000024,Barnet 001,2023,301,301,8340325.0,19375.0,46286.36,85.81,37,0.1229235880398671,273,8166400.0,19500.0,41301.23,87.035,0.0989010989010989,0.10256410256410256,0.02129763420846395,-0.00641025641025641,0.12070173212759032,-0.014074797495260463,0.0240224891387682
E02000024,Barnet 001,2024,264,264,7861825.0,19500.0,41208.47,83.61,238,0.9015151515151516,273,8166400.0,19500.0,41301.23,87.035,0.0989010989010989,-0.03296703296703297,-0.03729611579153605,0.0,-0.0022459379539060222,-0.03935198483368756,0.8026140526140527
E02000024,Barnet 001,2025,266,266,7855275.0,19375.0,41228.87,83.42,214,0.8045112781954887,273,8166400.0,19500.0,41301.23,87.035,0.0989010989010989,-0.02564102564102564,-0.03809818279780564,-0.00641025641025641,-0.0017520059329952297,-0.041535014649278966,0.7056101792943898
E02000025,Barnet 002,2023,59,59,473900.0,5900.0,4149.77,51.965,4,0.0677966101694915,58,523800.0,6300.0,3958.79,52.13,0.0689655172413793,0.017241379310344827,-0.09526536846124475,-0.06349206349206349,0.048242013342460824,-0.003165164013044296,-0.001168907071887798
E02000025,Barnet 002,2024,57,57,509150.0,7300.0,3258.85,51.39,55,0.9649122807017544,58,523800.0,6300.0,3958.79,52.13,0.0689655172413793,-0.017241379310344827,-0.02796869033982436,0.15873015873015872,-0.17680654947597627,-0.014195281028198772,0.895946763460375
E02000025,Barnet 002,2025,58,58,510150.0,7400.0,3266.55,51.8,47,0.8103448275862069,58,523800.0,6300.0,3958.79,52.13,0.0689655172413793,0.0,-0.026059564719358535,0.1746031746031746,-0.1748615107141323,-0.006330328026088728,0.7413793103448275
E02000026,Barnet 003,2023,12,12,210250.0,6600.0,615.63,59.1,2,0.1666666666666666,12,233850.0,7300.0,615.63,59.1,0.1666666666666666,0.0,-0.10091939277314518,-0.0958904109589041,0.0,0.0,0.0
E02000026,Barnet 003,2024,10,10,161700.0,7950.0,615.63,59.1,10,1.0,12,233850.0,7300.0,615.63,59.1,0.1666666666666666,-0.16666666666666666,-0.30853110968569597,0.08904109589041095,0.0,0.0,0.8333333333333334
E02000026,Barnet 003,2025,10,10,161700.0,7950.0,615.63,59.1,10,1.0,12,233850.0,7300.0,615.63,59.1,0.1666666666666666,-0.16666666666666666,-0.30853110968569597,0.08904109589041095,0.0,0.0,0.8333333333333334
E02000027,Barnet 004,2023,22,22,115100.0,6200.0,1457.8,66.4,5,0.2272727272727272,21,114700.0,6200.0,1389.0,65.31,0.1904761904761904,0.047619047619047616,0.0034873583260680036,0.0,0.04953203743700501,0.016689634052978155,0.0367965367965368
E02000027,Barnet 004,2024,17,17,137450.0,7000.0,916.47,60.85,17,1.0,21,114700.0,6200.0,1389.0,65.31,0.1904761904761904,-0.19047619047619047,0.1983435047951177,0.12903225806451613,-0.34019438444924405,-0.06828969529934162,0.8095238095238095
E02000027,Barnet 004,2025,17,17,128850.0,6950.0,916.47,60.85,16,0.9411764705882352,21,114700.0,6200.0,1389.0,65.31,0.1904761904761904,-0.19047619047619047,0.12336530078465563,0.12096774193548387,-0.34019438444924405,-0.06828969529934162,0.7507002801120448
E02000028,Barnet 005,2023,52,52,770150.0,11750.0,4264.6,71.525,4,0.0769230769230769,50,742000.0,11625.0,4119.71,71.525,0.04,0.04,0.037938005390835576,0.010752688172043012,0.035169951282978736,0.0,0.0369230769230769
E02000028,Barnet 005,2024,51,51,882650.0,14500.0,4192.01,71.46,44,0.8627450980392157,50,742000.0,11625.0,4119.71,71.525,0.04,0.02,0.18955525606469004,0.24731182795698925,0.017549778989297833,-0.0009087731562392441,0.8227450980392157
E02000028,Barnet 005,2025,52,52,882650.0,14500.0,4264.6,71.525,42,0.8076923076923077,50,742000.0,11625.0,4119.71,71.525,0.04,0.04,0.18955525606469004,0.24731182795698925,0.035169951282978736,0.0,0.7676923076923077
E02000029,Barnet 006,2023,185,185,3737510.0,11250.0,33112.23,61.675,16,0.0864864864864864,175,3582860.0,11250.0,21860.89,59.69,0.0628571428571428,0.05714285714285714,0.04316384117716015,0.0,0.5146789540590527,0.033255151616686206,0.023629343629343588
E02000029,Barnet 006,2024,171,171,4224325.0,12000.0,20220.71,59.69,154,0.9005847953216374,175,3582860.0,11250.0,21860.89,59.69,0.0628571428571428,-0.022857142857142857,0.17903713792891712,0.06666666666666667,-0.0750280523803011,0.0,0.8377276524644945
E02000029,Barnet 006,2025,171,171,4221325.0,12000.0,20206.71,59.69,139,0.8128654970760234,175,3582860.0,11250.0,21860.89,59.69,0.0628571428571428,-0.022857142857142857,0.17819981802247367,0.06666666666666667,-0.07566846546503826,0.0,0.7500083542188806
E02000030,Barnet 007,2023,14,14,769150.0,18250.0,2645.52,86.97,3,0.2142857142857142,15,776150.0,18250.0,2751.1800000000003,98.0,0.0,-0.06666666666666667,-0.009018875217419313,0.0,-0.03840533880007862,-0.11255102040816328,0.2142857142857142
E02000030,Barnet 007,2024,14,14,625700.0,18750.0,2645.52,86.97,14,1.0,15,776150.0,18250.0,2751.1800000000003,98.0,0.0,-0.06666666666666667,-0.19384139663724795,0.0273972602739726,-0.03840533880007862,-0.11255102040816328,1.0
E02000030,Barnet 007,2025,14,14,625700.0,18750.0,2645.52,86.97,13,0.9285714285714286,15,776150.0,18250.0,2751.1800000000003,98.0,0.0,-0.06666666666666667,-0.19384139663724795,0.0273972602739726,-0.03840533880007862,-0.11255102040816328,0.9285714285714286
E02000031,Barnet 008,2023,140,140,4769250.0,21125.0,20781.28,62.9,18,0.1285714285714285,136,4964400.0,20750.0,20220.31,63.14,0.0808823529411764,0.029411764705882353,-0.039309886391104665,0.018072289156626505,0.027742898105914175,-0.0038010769718087108,0.0476890756302521
E02000031,Barnet 008,2024,126,126,4711275.0,20500.0,18441.1,62.08,116,0.9206349206349206,136,4964400.0,20750.0,20220.31,63.14,0.0808823529411764,-0.07352941176470588,-0.05098803480783176,-0.012048192771084338,-0.08799123257754221,-0.0167880899588217,0.8397525676937442
E02000031,Barnet 008,2025,127,127,4785025.0,20750.0,19236.23,62.25,102,0.8031496062992126,136,4964400.0,20750.0,20220.31,63.14,0.0808823529411764,-0.0661764705882353,-0.036132261703327694,0.0,-0.04866789876119613,-0.01409566043712386,0.7222672533580362
E02000032,Barnet 009,2023,42,42,488800.0,9650.0,3261.05,61.52,1,0.0238095238095238,41,466900.0,9500.0,3195.93,61.510000000000005,0.024390243902439,0.024390243902439025,0.04690511886913686,0.015789473684210527,0.020375915617676342,0.0001625751910258171,-0.0005807200929151997
E02000032,Barnet 009,2024,42,42,595150.0,12500.0,3261.05,61.52,36,0.8571428571428571,41,466900.0,9500.0,3195.93,61.510000000000005,0.024390243902439,0.024390243902439025,0.2746840865281645,0.3157894736842105,0.020375915617676342,0.0001625751910258171,0.832752613240418
E02000032,Barnet 009,2025,42,42,595150.0,12500.0,3261.05,61.52,28,0.6666666666666666,41,466900.0,9500.0,3195.93,61.510000000000005,0.024390243902439,0.024390243902439025,0.2746840865281645,0.3157894736842105,0.020375915617676342,0.0001625751910258171,0.6422764227642276
E02000033,Barnet 010,2023,47,47,593275.0,9350.0,4350.15,62.885000000000005,4,0.0851063829787234,43,528550.0,9350.0,3850.26,62.885000000000005,0.0697674418604651,0.09302325581395349,0.12245766720272444,0.0,0.12983279051284832,0.0,0.0153389411182583
E02000033,Barnet 010,2024,46,46,594750.0,9150.0,4283.19,61.95,44,0.9565217391304348,43,528550.0,9350.0,3850.26,62.885000000000005,0.0697674418604651,0.06976744186046512,0.12524832087787344,-0.0213903743315508,0.11244175718003442,-0.014868410590760947,0.8867542972699697
E02000033,Barnet 010,2025,46,46,592950.0,9200.0,4283.19,61.95,37,0.8043478260869565,43,528550.0,9350.0,3850.26,62.885000000000005,0.0697674418604651,0.06976744186046512,0.12184277740989499,-0.016042780748663103,0.11244175718003442,-0.014868410590760947,0.7345803842264914
E02000034,Barnet 011,2023,58,58,2055950.0,11500.0,10007.56,73.81,2,0.0344827586206896,58,2111050.0,11500.0,10088.78,72.14500000000001,0.0172413793103448,0.0,-0.026100755548186923,0.0,-0.008050527417586781,0.02307852242012602,0.0172413793103448
E02000034,Barnet 011,2024,60,60,2055000.0,11000.0,10186.62,72.58000000000001,50,0.8333333333333334,58,2111050.0,11500.0,10088.78,72.14500000000001,0.0172413793103448,0.034482758620689655,-0.0265507685748798,-0.043478260869565216,0.009697902025814829,0.006029523875528481,0.8160919540229886
E02000034,Barnet 011,2025,63,63,2053250.0,11000.0,15367.04,71.43,45,0.7142857142857143,58,2111050.0,11500.0,10088.78,72.14500000000001,0.0172413793103448,0.08620689655172414,-0.027379739939840365,-0.043478260869565216,0.5231811973301034,-0.009910596714949108,0.6970443349753696
E02000035,Barnet 012,2023,71,71,2193750.0,27875.0,11490.66,99.27,9,0.1267605633802817,70,2218700.0,27500.0,11024.2,99.27,0.1,0.014285714285714285,-0.01124532383828368,0.013636363636363636,0.042312367337312376,0.0,0.026760563380281682
E02000035,Barnet 012,2024,64,64,2052600.0,27500.0,10852.53,103.49,57,0.890625,70,2218700.0,27500.0,11024.2,99.27,0.1,-0.08571428571428572,-0.07486365889935548,0.0,-0.015572105005351868,0.04251032537523924,0.790625
E02000035,Barnet 012,2025,64,64,1927100.0,27000.0,10852.53,103.49,52,0.8125,70,2218700.0,27500.0,11024.2,99.27,0.1,-0.08571428571428572,-0.13142831387749582,-0.01818181818181818,-0.015572105005351868,0.04251032537523924,0.7125
E02000036,Barnet 013,2023,58,58,855050.0,11000.0,4157.95,59.83,2,0.0344827586206896,53,887950.0,11250.0,3754.55,61.28,0.0,0.09433962264150944,-0.03705163579030351,-0.022222222222222223,0.10744296919737376,-0.023661879895561403,0.0344827586206896
E02000036,Barnet 013,2024,55,55,921650.0,12750.0,3756.55,58.38,53,0.9636363636363636,53,887950.0,11250.0,3754.55,61.28,0.0,0.03773584905660377,0.03795258742046286,0.13333333333333333,0.0005326870064321956,-0.04732375979112269,0.9636363636363636
E02000036,Barnet 013,2025,55,55,921650.0,12750.0,3756.55,58.38,53,0.9636363636363636,53,887950.0,11250.0,3754.55,61.28,0.0,0.03773584905660377,0.03795258742046286,0.13333333333333333,0.0005326870064321956,-0.04732375979112269,0.9636363636363636
E02000037,Barnet 014,2023,36,36,566650.0,13000.0,4265.28,68.14500000000001,3,0.0833333333333333,35,567650.0,13000.0,4131.21,67.7,0.0571428571428571,0.02857142857142857,-0.0017616489033735576,0.0,0.03245296172307864,0.00657311669128519,0.0261904761904762
E02000037,Barnet 014,2024,32,32,643100.0,14375.0,3477.27,67.745,27,0.84375,35,567650.0,13000.0,4131.21,67.7,0.0571428571428571,-0.08571428571428572,0.13291640975953492,0.10576923076923077,-0.15829260676654056,0.0006646971935007637,0.786607142857143
E02000037,Barnet 014,2025,32,32,643100.0,14375.0,3477.27,67.745,27,0.84375,35,567650.0,13000.0,4131.21,67.7,0.0571428571428571,-0.08571428571428572,0.13291640975953492,0.10576923076923077,-0.15829260676654056,0.0006646971935007637,0.786607142857143
E02000038,Barnet 015,2023,129,129,5280825.0,12250.0,30096.18,69.655,11,0.0852713178294573,123,5317775.0,12250.0,27482.96,69.655,0.048780487804878,0.04878048780487805,-0.006948394770369186,0.0,0.09508510000378421,0.0,0.03649083002457929
E02000038,Barnet 015,2024,119,119,5620950.0,12500.0,27131.38,69.75,106,0.8907563025210085,123,5317775.0,12250.0,27482.96,69.655,0.048780487804878,-0.032520325203252036,0.05701162610302241,0.02040816326530612,-0.01279265406637415,0.0013638647620414738,0.8419758147161305
E02000038,Barnet 015,2025,119,119,5584450.0,12500.0,27131.38,69.75,96,0.8067226890756303,123,5317775.0,12250.0,27482.96,69.655,0.048780487804878,-0.032520325203252036,0.050147853190479104,0.02040816326530612,-0.01279265406637415,0.0013638647620414738,0.7579422012707523
E02000039,Barnet 016,2023,167,167,5038650.0,19250.0,27237.15,72.24,11,0.0658682634730539,157,4993450.0,19250.0,22698.31,72.1,0.0955414012738853,0.06369426751592357,0.0090518579338934,0.0,0.19996378585013597,0.001941747572815542,-0.029673137800831403
E02000039,Barnet 016,2024,159,159,5277000.0,20250.0,23140.59,71.85,144,0.9056603773584906,157,4993450.0,19250.0,22698.31,72.1,0.0955414012738853,0.012738853503184714,0.05678438754768747,0.05194805194805195,0.019485151097152115,-0.0034674063800277394,0.8101189760846053
E02000039,Barnet 016,2025,155,155,5065500.0,20250.0,22232.36,71.85,137,0.8838709677419355,157,4993450.0,19250.0,22698.31,72.1,0.0955414012738853,-0.012738853503184714,0.014428901861438484,0.05194805194805195,-0.0205279600111198,-0.0034674063800277394,0.7883295664680502
E02000040,Barnet 017,2023,25,25,1296950.0,10750.0,11512.69,59.4,3,0.12,23,1220200.0,10500.0,10498.53,58.76,0.0869565217391304,0.08695652173913043,0.0628995246680872,0.023809523809523808,0.09660019069336372,0.010891763104152494,0.03304347826086959
E02000040,Barnet 017,2024,22,22,1314700.0,12000.0,10956.54,59.4,21,0.9545454545454546,23,1220200.0,10500.0,10498.53,58.76,0.0869565217391304,-0.043478260869565216,0.07744632027536469,0.14285714285714285,0.04362610765507173,0.010891763104152494,0.8675889328063242
E02000040,Barnet 017,2025,22,22,1314700.0,12000.0,10956.54,59.4,20,0.9090909090909092,23,1220200.0,10500.0,10498.53,58.76,0.0869565217391304,-0.043478260869565216,0.07744632027536469,0.14285714285714285,0.04362610765507173,0.010891763104152494,0.8221343873517788
E02000041,Barnet 018,2023,273,273,10267795.0,23250.0,48781.77,88.97,17,0.0622710622710622,260,10281495.0,23250.0,46421.17,89.72999999999999,0.0538461538461538,0.05,-0.0013324910433745287,0.0,0.05085179886676701,-0.008469854006463736,0.008424908424908402
E02000041,Barnet 018,2024,252,252,8988240.0,21750.0,44505.16,86.33,224,0.8888888888888888,260,10281495.0,23250.0,46421.17,89.72999999999999,0.0538461538461538,-0.03076923076923077,-0.12578472294155665,-0.06451612903225806,-0.041274487480604104,-0.03789145213418023,0.8350427350427351
E02000041,Barnet 018,2025,252,252,8959890.0,21750.0,44570.91,86.41,197,0.7817460317460317,260,10281495.0,23250.0,46421.17,89.72999999999999,0.0538461538461538,-0.03076923076923077,-0.12854210404226232,-0.06451612903225806,-0.03985810784174537,-0.036999888554552475,0.727899877899878
E02000042,Barnet 019,2023,256,256,7209400.0,20750.0,38860.97,82.92,18,0.0703125,240,7254750.0,21000.0,36817.34,81.88499999999999,0.0666666666666666,0.06666666666666667,-0.0062510768806643925,-0.011904761904761904,0.0555072691291659,0.012639677596629553,0.0036458333333334036
E02000042,Barnet 019,2024,227,227,6819500.0,19500.0,32668.79,83.3,198,0.8722466960352423,240,7254750.0,21000.0,36817.34,81.88499999999999,0.0666666666666666,-0.05416666666666667,-0.05999517557462352,-0.07142857142857142,-0.11267924298713584,0.01728033217316977,0.8055800293685758
E02000042,Barnet 019,2025,226,226,5991500.0,19500.0,32668.7,83.11,172,0.7610619469026548,240,7254750.0,21000.0,36817.34,81.88499999999999,0.0666666666666666,-0.058333333333333334,-0.17412729590957648,-0.07142857142857142,-0.11268168748747183,0.01496000488489966,0.6943952802359883
E02000043,Barnet 020,2023,21,21,206900.0,9700.0,1051.57,53.3,0,0.0,20,206500.0,9700.0,998.19,53.24,0.0,0.05,0.001937046004842615,0.0,0.05347679299532141,0.001126972201352276,0.0
E02000043,Barnet 020,2024,20,20,237000.0,12000.0,1000.19,53.3,20,1.0,20,206500.0,9700.0,998.19,53.24,0.0,0.0,0.14769975786924938,0.23711340206185566,0.0020036265640809865,0.001126972201352276,1.0
E02000043,Barnet 020,2025,20,20,237000.0,12000.0,1000.19,53.3,16,0.8,20,206500.0,9700.0,998.19,53.24,0.0,0.0,0.14769975786924938,0.23711340206185566,0.0020036265640809865,0.001126972201352276,0.8
E02000044,Barnet 021,2023,46,46,622650.0,11000.0,3871.67,48.46,2,0.0434782608695652,42,611000.0,11125.0,3459.31,49.03,0.0476190476190476,0.09523809523809523,0.0190671031096563,-0.011235955056179775,0.11920296244048673,-0.011625535386498067,-0.0041407867494824
E02000044,Barnet 021,2024,42,42,664350.0,12000.0,3566.59,48.46,39,0.9285714285714286,42,611000.0,11125.0,3459.31,49.03,0.0476190476190476,0.0,0.08731587561374796,0.07865168539325842,0.031011964813792404,-0.011625535386498067,0.880952380952381
E02000044,Barnet 021,2025,42,42,664350.0,12000.0,3566.59,48.46,35,0.8333333333333334,42,611000.0,11125.0,3459.31,49.03,0.0476190476190476,0.0,0.08731587561374796,0.07865168539325842,0.031011964813792404,-0.011625535386498067,0.7857142857142858
E02000045,Barnet 022,2023,42,42,3746550.0,13625.0,27058.46,57.9,4,0.0952380952380952,37,3770800.0,14250.0,17469.56,58.775,0.1621621621621621,0.13513513513513514,-0.0064309960751034265,-0.043859649122807015,0.5488919011125636,-0.014887282007656316,-0.06692406692406688
E02000045,Barnet 022,2024,43,43,3297800.0,12500.0,17578.89,55.15,30,0.6976744186046512,37,3770800.0,14250.0,17469.56,58.775,0.1621621621621621,0.16216216216216217,-0.12543757292882146,-0.12280701754385964,0.006258314462413369,-0.061675882603147596,0.5355122564424891
E02000045,Barnet 022,2025,44,44,3294800.0,12500.0,20377.51,55.5,28,0.6363636363636364,37,3770800.0,14250.0,17469.56,58.775,0.1621621621621621,0.1891891891891892,-0.12623316007213323,-0.12280701754385964,0.1664581134270123,-0.05572096980008505,0.4742014742014743
E02000046,Barnet 023,2023,200,200,6359755.0,21250.0,29841.54,80.56,15,0.075,192,6552955.0,22000.0,28896.28,80.355,0.0677083333333333,0.041666666666666664,-0.029482882150113958,-0.03409090909090909,0.032712169178870154,0.0025511791425548913,0.007291666666666696
E02000046,Barnet 023,2024,180,180,6378125.0,21500.0,26632.66,79.285,157,0.8722222222222222,192,6552955.0,22000.0,28896.28,80.355,0.0677083333333333,-0.0625,-0.026679566699298256,-0.022727272727272728,-0.07833603494982742,-0.01331591064650622,0.804513888888889
E02000046,Barnet 023,2025,180,180,6318375.0,21375.0,26626.76,79.285,138,0.7666666666666667,192,6552955.0,22000.0,28896.28,80.355,0.0677083333333333,-0.0625,-0.03579759055265907,-0.028409090909090908,-0.0785402134807664,-0.01331591064650622,0.6989583333333335
E02000047,Barnet 024,2023,162,162,2593200.0,16250.0,19499.09,78.0,11,0.0679012345679012,153,3138100.0,16750.0,18438.06,77.9,0.0457516339869281,0.058823529411764705,-0.1736401006978745,-0.029850746268656716,0.057545642003551285,0.0012836970474967176,0.0221496005809731
E02000047,Barnet 024,2024,143,143,2592875.0,17500.0,14091.14,73.6,130,0.9090909090909092,153,3138100.0,16750.0,18438.06,77.9,0.0457516339869281,-0.06535947712418301,-0.17374366654982315,0.04477611940298507,-0.23575799189285648,-0.05519897304236215,0.8633392751039811
E02000047,Barnet 024,2025,143,143,2592875.0,17500.0,14091.14,73.6,113,0.7902097902097902,153,3138100.0,16750.0,18438.06,77.9,0.0457516339869281,-0.06535947712418301,-0.17374366654982315,0.04477611940298507,-0.23575799189285648,-0.05519897304236215,0.7444581562228622
E02000048,Barnet 025,2023,54,54,1154750.0,12875.0,6724.92,59.28,7,0.1296296296296296,53,1180250.0,12750.0,6613.15,58.89,0.1320754716981132,0.018867924528301886,-0.02160559203558568,0.00980392156862745,0.016901174175695463,0.0066225165562914,-0.0024458420684836113
E02000048,Barnet 025,2024,52,52,1275200.0,14375.0,6422.42,57.025,40,0.7692307692307693,53,1180250.0,12750.0,6613.15,58.89,0.1320754716981132,-0.018867924528301886,0.08044905740309256,0.12745098039215685,-0.02884102129847343,-0.03166921378841912,0.6371552975326561
E02000048,Barnet 025,2025,53,53,1272200.0,14250.0,6478.719999999999,58.05,38,0.7169811320754716,53,1180250.0,12750.0,6613.15,58.89,0.1320754716981132,0.0,0.07790722304596484,0.11764705882352941,-0.020327680454851366,-0.014263881813550745,0.5849056603773585
E02000049,Barnet 026,2023,26,26,361750.0,7850.0,4080.08,119.73,2,0.0769230769230769,25,361750.0,7850.0,4008.15,120.865,0.04,0.04,0.0,0.0,0.017945935157117333,-0.009390642452322765,0.0369230769230769
E02000049,Barnet 026,2024,24,24,348750.0,6600.0,3587.2200000000003,119.73,20,0.8333333333333334,25,361750.0,7850.0,4008.15,120.865,0.04,-0.04,-0.0359364201796821,-0.1592356687898089,-0.10501852475581,-0.009390642452322765,0.7933333333333333
E02000049,Barnet 026,2025,24,24,348750.0,6600.0,3587.2200000000003,119.73,19,0.7916666666666666,25,361750.0,7850.0,4008.15,120.865,0.04,-0.04,-0.0359364201796821,-0.1592356687898089,-0.10501852475581,-0.009390642452322765,0.7516666666666666
E02000050,Barnet 027,2023,64,64,1671050.0,14000.0,8243.84,67.77000000000001,2,0.03125,63,1544050.0,14125.0,7405.3,65.92,0.0317460317460317,0.015873015873015872,0.08225122243450665,-0.008849557522123894,0.11323511539032854,0.028064320388349644,-0.0004960317460317026
E02000050,Barnet 027,2024,60,60,1828950.0,15000.0,6833.06,65.82,54,0.9,63,1544050.0,14125.0,7405.3,65.92,0.0317460317460317,-0.047619047619047616,0.18451475017000746,0.061946902654867256,-0.07727438456240797,-0.0015169902912622651,0.8682539682539683
E02000050,Barnet 027,2025,59,59,1805450.0,15000.0,6685.56,65.72,49,0.8305084745762712,63,1544050.0,14125.0,7405.3,65.92,0.0317460317460317,-0.06349206349206349,0.16929503578252,0.061946902654867256,-0.09719255128083937,-0.0030339805825243147,0.7987624428302394
E02000051,Barnet 028,2023,134,134,2298050.0,16500.0,11372.54,65.58,12,0.0895522388059701,126,2459050.0,16500.0,11419.87,68.86,0.0793650793650793,0.06349206349206349,-0.06547243854333991,0.0,-0.004144530541941364,-0.04763287830380484,0.010187159440890797
E02000051,Barnet 028,2024,112,112,2157875.0,15875.0,9410.75,64.565,100,0.8928571428571429,126,2459050.0,16500.0,11419.87,68.86,0.0793650793650793,-0.1111111111111111,-0.12247615949248694,-0.03787878787878788,-0.17593195018857488,-0.06237293058379323,0.8134920634920636
E02000051,Barnet 028,2025,114,114,2202625.0,16000.0,9726.75,64.565,95,0.8333333333333334,126,2459050.0,16500.0,11419.87,68.86,0.0793650793650793,-0.09523809523809523,-0.10427807486631016,-0.030303030303030304,-0.14826088212913113,-0.06237293058379323,0.7539682539682541
E02000052,Barnet 029,2023,141,141,3196775.0,18250.0,13866.68,76.9,7,0.0496453900709219,134,3182525.0,18250.0,12902.3,75.8,0.044776119402985,0.05223880597014925,0.004477576766875359,0.0,0.07474481294032854,0.014511873350923596,0.004869270667936895
E02000052,Barnet 029,2024,131,131,3105425.0,20000.0,12701.12,74.745,123,0.9389312977099236,134,3182525.0,18250.0,12902.3,75.8,0.044776119402985,-0.022388059701492536,-0.024226046928146675,0.0958904109589041,-0.0155925687668089,-0.013918205804749244,0.8941551783069386
E02000052,Barnet 029,2025,131,131,3078675.0,19750.0,12698.97,74.745,113,0.8625954198473282,134,3182525.0,18250.0,12902.3,75.8,0.044776119402985,-0.022388059701492536,-0.03263132261333375,0.0821917808219178,-0.015759205723010622,-0.013918205804749244,0.8178193004443433
E02000054,Barnet 031,2023,24,24,349550.0,11750.0,2390.51,54.075,4,0.1666666666666666,24,354750.0,11750.0,2385.41,54.075,0.0833333333333333,0.0,-0.014658210007047217,0.0,0.002137997241564496,0.0,0.0833333333333333
E02000054,Barnet 031,2024,20,20,385450.0,12875.0,2008.87,54.075,19,0.95,24,354750.0,11750.0,2385.41,54.075,0.0833333333333333,-0.16666666666666666,0.0865398167723749,0.09574468085106383,-0.1578512708507133,0.0,0.8666666666666667
E02000054,Barnet 031,2025,20,20,385450.0,12875.0,2008.87,54.075,17,0.85,24,354750.0,11750.0,2385.41,54.075,0.0833333333333333,-0.16666666666666666,0.0865398167723749,0.09574468085106383,-0.1578512708507133,0.0,0.7666666666666667
E02000055,Barnet 032,2023,340,340,4520950.0,13000.0,30380.27,63.97,32,0.0941176470588235,322,4569050.0,13000.0,28496.66,63.32,0.0807453416149068,0.055900621118012424,-0.010527352513104474,0.0,0.06609932532444156,0.010265319014529352,0.013372305443916696
E02000055,Barnet 032,2024,309,309,5009975.0,14500.0,27020.2,63.48,288,0.9320388349514565,322,4569050.0,13000.0,28496.66,63.32,0.0807453416149068,-0.040372670807453416,0.09650255523577111,0.11538461538461539,-0.05181168600109624,0.0025268477574225613,0.8512934933365497
E02000055,Barnet 032,2025,311,311,5073725.0,14625.0,27440.05,63.64,266,0.8553054662379421,322,4569050.0,13000.0,28496.66,63.32,0.0807453416149068,-0.034161490683229816,0.11045512743349274,0.125,-0.03707838041370464,0.005053695514845235,0.7745601246230354
E02000056,Barnet 033,2023,96,96,1846950.0,15750.0,8553.65,63.64,5,0.0520833333333333,91,1893850.0,15500.0,8178.75,63.150000000000006,0.0439560439560439,0.054945054945054944,-0.02476436887821105,0.016129032258064516,0.045838300473788736,0.007759303246239031,0.008127289377289404
E02000056,Barnet 033,2024,94,94,2004400.0,17000.0,9588.2,63.64,84,0.8936170212765957,91,1893850.0,15500.0,8178.75,63.150000000000006,0.0439560439560439,0.03296703296703297,0.05837315521292605,0.0967741935483871,0.17233073513678748,0.007759303246239031,0.8496609773205518
E02000056,Barnet 033,2025,94,94,2017400.0,17000.0,9588.2,63.64,79,0.8404255319148937,91,1893850.0,15500.0,8178.75,63.150000000000006,0.0439560439560439,0.03296703296703297,0.06523747920901866,0.0967741935483871,0.17233073513678748,0.007759303246239031,0.7964694879588498
E02000057,Barnet 034,2023,77,77,1188150.0,11500.0,9611.47,92.33,3,0.0389610389610389,76,1328550.0,11500.0,9006.6,90.46,0.0394736842105263,0.013157894736842105,-0.10567912385683641,0.0,0.06715852819043801,0.020672120274154375,-0.000512645249487402
E02000057,Barnet 034,2024,69,69,1218500.0,12500.0,8024.62,88.64,67,0.9710144927536232,76,1328550.0,11500.0,9006.6,90.46,0.0394736842105263,-0.09210526315789473,-0.0828346693763878,0.08695652173913043,-0.10902893433704178,-0.020119389785540495,0.9315408085430968
E02000057,Barnet 034,2025,69,69,1218500.0,12500.0,8024.62,88.64,65,0.9420289855072465,76,1328550.0,11500.0,9006.6,90.46,0.0394736842105263,-0.09210526315789473,-0.0828346693763878,0.08695652173913043,-0.10902893433704178,-0.020119389785540495,0.9025553012967201
E02000058,Barnet 035,2023,180,180,5263675.0,20750.0,21733.24,73.0,18,0.1,175,5263775.0,20750.0,21417.56,72.355,0.0628571428571428,0.02857142857142857,-1.8997772511173064e-05,0.0,0.014739307372081612,0.008914380485108092,0.0371428571428572
E02000058,Barnet 035,2024,181,181,5356795.0,21125.0,21968.62,71.78,155,0.856353591160221,175,5263775.0,20750.0,21417.56,72.355,0.0628571428571428,0.03428571428571429,0.017671727989893186,0.018072289156626505,0.025729354791115218,-0.007946928339437534,0.7934964483030782
E02000058,Barnet 035,2025,181,181,5341995.0,21250.0,22124.72,72.42,142,0.7845303867403315,175,5263775.0,20750.0,21417.56,72.355,0.0628571428571428,0.03428571428571429,0.014860057658239572,0.024096385542168676,0.033017766729730176,0.0008983484209798594,0.7216732438831887
E02000059,Barnet 036,2023,139,139,5574150.0,13000.0,58124.27,68.81,25,0.1798561151079136,119,5001000.0,12875.0,40800.21,68.4,0.2100840336134453,0.16806722689075632,0.11460707858428314,0.009708737864077669,0.42460712824762414,0.005994152046783575,-0.030227918505531692
E02000059,Barnet 036,2024,105,105,5862800.0,15250.0,33394.52,66.2,94,0.8952380952380953,119,5001000.0,12875.0,40800.21,68.4,0.2100840336134453,-0.11764705882352941,0.1723255348930214,0.18446601941747573,-0.18151107555573862,-0.03216374269005852,0.68515406162465
E02000059,Barnet 036,2025,107,107,5446300.0,15250.0,33560.2,66.33,83,0.7757009345794392,119,5001000.0,12875.0,40800.21,68.4,0.2100840336134453,-0.10084033613445378,0.08904219156168766,0.18446601941747573,-0.17745031214300128,-0.030263157894736947,0.5656169009659939
E02000060,Barnet 037,2023,68,68,1127350.0,17500.0,7236.1,65.70500000000001,7,0.1029411764705882,65,1130400.0,17750.0,6916.66,69.74,0.1076923076923077,0.046153846153846156,-0.0026981599433828734,-0.014084507042253521,0.04618414090037685,-0.05785775738457102,-0.004751131221719496
E02000060,Barnet 037,2024,56,56,1256700.0,19250.0,6012.62,66.46,55,0.9821428571428572,65,1130400.0,17750.0,6916.66,69.74,0.1076923076923077,-0.13846153846153847,0.1117303609341826,0.08450704225352113,-0.13070470429369088,-0.04703183252079153,0.8744505494505495
E02000060,Barnet 037,2025,57,57,1226100.0,19250.0,6139.74,69.74,50,0.8771929824561403,65,1130400.0,17750.0,6916.66,69.74,0.1076923076923077,-0.12307692307692308,0.08466029723991507,0.08450704225352113,-0.11232589139844955,0.0,0.7695006747638327
E02000061,Barnet 038,2023,205,205,6155760.0,28125.0,26452.68,99.69,18,0.0878048780487804,196,6174160.0,27500.0,25227.89,99.34,0.0612244897959183,0.04591836734693878,-0.0029801624836414994,0.022727272727272728,0.048549046313425374,0.003523253472921223,0.026580388252862103
E02000061,Barnet 038,2024,190,190,6678925.0,30500.0,25564.02,102.675,161,0.8473684210526315,196,6174160.0,27500.0,25227.89,99.34,0.0612244897959183,-0.030612244897959183,0.08175444108996203,0.10909090909090909,0.013323746060411751,0.03357157237769271,0.7861439312567132
E02000061,Barnet 038,2025,192,192,6681675.0,30500.0,25894.67,102.675,150,0.78125,196,6174160.0,27500.0,25227.89,99.34,0.0612244897959183,-0.02040816326530612,0.08219984580898454,0.10909090909090909,0.026430272210636676,0.03357157237769271,0.7200255102040817
E02000062,Barnet 039,2023,252,252,48472400.0,115500.0,149783.51,143.93,31,0.123015873015873,230,51034750.0,112500.0,134261.14,133.37,0.108695652173913,0.09565217391304348,-0.05020794654622585,0.02666666666666667,0.11561327425046439,0.07917822598785336,0.014320220841959996
E02000062,Barnet 039,2024,228,228,34538150.0,74500.0,131839.27,131.005,194,0.8508771929824561,230,51034750.0,112500.0,134261.14,133.37,0.108695652173913,-0.008695652173913044,-0.3232424965342242,-0.3377777777777778,-0.01803850317374055,-0.017732623528529723,0.7421815408085431
E02000062,Barnet 039,2025,231,231,33315300.0,72500.0,133331.46,130.1,175,0.7575757575757576,230,51034750.0,112500.0,134261.14,133.37,0.108695652173913,0.004347826086956522,-0.34720362106211944,-0.35555555555555557,-0.006924416104317467,-0.024518257479193298,0.6488801054018446
E02000063,Barnet 040,2023,21,21,150600.0,8450.0,4222.469999999999,57.2,2,0.0952380952380952,20,150100.0,8450.0,4153.469999999999,54.735,0.1,0.05,0.0033311125916055963,0.0,0.01661261547573475,0.045035169452818186,-0.0047619047619048005
E02000063,Barnet 040,2024,18,18,179000.0,10125.0,1045.12,52.225,16,0.8888888888888888,20,150100.0,8450.0,4153.469999999999,54.735,0.1,-0.1,0.19253830779480346,0.19822485207100593,-0.7483742509275377,-0.04585731250570929,0.7888888888888889
E02000063,Barnet 040,2025,18,18,179000.0,10125.0,1045.12,52.225,13,0.7222222222222222,20,150100.0,8450.0,4153.469999999999,54.735,0.1,-0.1,0.19253830779480346,0.19822485207100593,-0.7483742509275377,-0.04585731250570929,0.6222222222222222
E02000064,Barnet 041,2023,93,93,1366075.0,11000.0,8435.26,69.46000000000001,5,0.053763440860215,88,1246625.0,10875.0,7890.4,69.65,0.0568181818181818,0.056818181818181816,0.09581871051839969,0.011494252873563218,0.06905353340768537,-0.0027279253409906346,-0.0030547409579668033
E02000064,Barnet 041,2024,91,91,1440650.0,11500.0,8293.710000000001,68.375,85,0.934065934065934,88,1246625.0,10875.0,7890.4,69.65,0.0568181818181818,0.03409090909090909,0.15564022861726662,0.05747126436781609,0.05111401196390567,-0.01830581478822693,0.8772477522477522
E02000064,Barnet 041,2025,91,91,1440650.0,11500.0,8293.710000000001,68.375,80,0.8791208791208791,88,1246625.0,10875.0,7890.4,69.65,0.0568181818181818,0.03409090909090909,0.15564022861726662,0.05747126436781609,0.05111401196390567,-0.01830581478822693,0.8223026973026973
E02000093,Brent 001,2023,93,93,1467700.0,13250.0,10843.19,82.5,10,0.1075268817204301,82,1342000.0,12750.0,9293.8,81.95,0.0853658536585365,0.13414634146341464,0.0936661698956781,0.0392156862745098,0.16671221674664846,0.0067114093959731195,0.0221610280618936
E02000093,Brent 001,2024,81,81,1631725.0,15200.0,10209.19,82.55,7,0.0864197530864197,82,1342000.0,12750.0,9293.8,81.95,0.0853658536585365,-0.012195121951219513,0.21589046199701936,0.19215686274509805,0.09849469538832353,0.0073215375228797355,0.001053899427883212
E02000093,Brent 001,2025,81,81,1627525.0,15225.0,10209.19,82.55,7,0.0864197530864197,82,1342000.0,12750.0,9293.8,81.95,0.0853658536585365,-0.012195121951219513,0.2127608047690015,0.19411764705882353,0.09849469538832353,0.0073215375228797355,0.001053899427883212
E02000094,Brent 002,2023,146,146,8713625.0,14500.0,69547.44,55.0,5,0.0342465753424657,128,8129250.0,14875.0,47828.91,55.0,0.0234375,0.140625,0.07188547528984839,-0.025210084033613446,0.45408791461064024,0.0,0.010809075342465703
E02000094,Brent 002,2024,146,146,8834025.0,15500.0,79287.45,60.55,5,0.0342465753424657,128,8129250.0,14875.0,47828.91,55.0,0.0234375,0.140625,0.08669618968539533,0.04201680672268908,0.6577306486808918,0.10090909090909085,0.010809075342465703
E02000094,Brent 002,2025,151,151,9051875.0,15500.0,91952.98,62.0,5,0.0331125827814569,128,8129250.0,14875.0,47828.91,55.0,0.0234375,0.1796875,0.11349447981056063,0.04201680672268908,0.9225397359044977,0.12727272727272726,0.0096750827814569
E02000095,Brent 003,2023,167,167,4113455.0,18625.0,22052.57,67.5,8,0.0479041916167664,151,4209400.0,18875.0,20273.66,67.9,0.0132450331125827,0.10596026490066225,-0.022793034636765335,-0.013245033112582781,0.08774488671507759,-0.005891016200294634,0.034659158504183704
E02000095,Brent 003,2024,150,150,4570080.0,20500.0,21974.13,67.9,2,0.0133333333333333,151,4209400.0,18875.0,20273.66,67.9,0.0132450331125827,-0.006622516556291391,0.08568442058250582,0.08609271523178808,0.08387582705836051,0.0,8.830022075059958e-05
E02000095,Brent 003,2025,152,152,4622680.0,20625.0,22635.21,68.2,2,0.0131578947368421,151,4209400.0,18875.0,20273.66,67.9,0.0132450331125827,0.006622516556291391,0.09818026322041146,0.09271523178807947,0.11648365416012695,0.0044182621502208705,-8.713837574060058e-05
E02000096,Brent 004,2023,73,73,2383500.0,16500.0,23627.11,85.02,5,0.0684931506849315,62,2386300.0,16250.0,11355.76,81.0,0.0161290322580645,0.1774193548387097,-0.0011733646230566149,0.015384615384615385,1.080627804744024,0.04962962962962958,0.052364118426867
E02000096,Brent 004,2024,59,59,2589700.0,18500.0,10968.79,85.02,4,0.0677966101694915,62,2386300.0,16250.0,11355.76,81.0,0.0161290322580645,-0.04838709677419355,0.08523655868918409,0.13846153846153847,-0.034076979435986615,0.04962962962962958,0.051667577911426996
E02000096,Brent 004,2025,59,59,2589700.0,18500.0,10968.79,85.02,4,0.0677966101694915,62,2386300.0,16250.0,11355.76,81.0,0.0161290322580645,-0.04838709677419355,0.08523655868918409,0.13846153846153847,-0.034076979435986615,0.04962962962962958,0.051667577911426996
E02000097,Brent 005,2023,65,65,958750.0,11750.0,6853.5,60.25,2,0.0307692307692307,64,937310.0,11750.0,6657.07,60.1,0.03125,0.015625,0.022873969124409213,0.0,0.02950697529093134,0.002495840266222938,-0.00048076923076929845
E02000097,Brent 005,2024,64,64,1093960.0,14250.0,6251.02,60.1,2,0.03125,64,937310.0,11750.0,6657.07,60.1,0.03125,0.0,0.16712720444676787,0.2127659574468085,-0.060995302738291665,0.0,0.0
E02000097,Brent 005,2025,66,66,1253960.0,14250.0,8725.07,60.1,3,0.0454545454545454,64,937310.0,11750.0,6657.07,60.1,0.03125,0.03125,0.3378284665692247,0.2127659574468085,0.31064717661073116,0.0,0.0142045454545454
E02000098,Brent 006,2023,51,51,607600.0,14000.0,3868.94,68.05,0,0.0,46,585900.0,14125.0,3481.18,66.1,0.0,0.10869565217391304,0.037037037037037035,-0.008849557522123894,0.11138751802549716,0.029500756429652088,0.0
E02000098,Brent 006,2024,47,47,804850.0,17250.0,3553.29,68.05,0,0.0,46,585900.0,14125.0,3481.18,66.1,0.0,0.021739130434782608,0.37369858337600276,0.22123893805309736,0.020714240573598646,0.029500756429652088,0.0
E02000098,Brent 006,2025,49,49,827000.0,17500.0,3827.35,73.61500000000001,0,0.0,46,585900.0,14125.0,3481.18,66.1,0.0,0.06521739130434782,0.4115036695681857,0.23893805309734514,0.09944041962782738,0.11369137670196695,0.0
E02000099,Brent 007,2023,114,114,1601765.0,11250.0,13746.81,96.91,6,0.0526315789473684,105,1612865.0,11625.0,12793.0,93.89,0.0285714285714285,0.08571428571428572,-0.006882163107265642,-0.03225806451612903,0.07455717970765258,0.03216529981893701,0.024060150375939896
E02000099,Brent 007,2024,107,107,1875035.0,16250.0,13449.31,93.89,4,0.0373831775700934,105,1612865.0,11625.0,12793.0,93.89,0.0285714285714285,0.01904761904761905,0.1625492524172823,0.3978494623655914,0.051302274681466385,0.0,0.008811748998664898
E02000099,Brent 007,2025,108,108,1884485.0,16250.0,13725.03,95.38,4,0.037037037037037,105,1612865.0,11625.0,12793.0,93.89,0.0285714285714285,0.02857142857142857,0.1684083912788733,0.3978494623655914,0.07285468615649188,0.015869634678879484,0.0084656084656085
E02000100,Brent 008,2023,41,41,720700.0,10000.0,3958.78,65.5,3,0.073170731707317,36,713600.0,10000.0,3497.29,64.0,0.0555555555555555,0.1388888888888889,0.009949551569506726,0.0,0.1319564577144018,0.0234375,0.017615176151761502
E02000100,Brent 008,2024,37,37,866700.0,13000.0,3781.09,68.8,0,0.0,36,713600.0,10000.0,3497.29,64.0,0.0555555555555555,0.027777777777777776,0.21454596412556054,0.3,0.0811485464459625,0.07499999999999996,-0.0555555555555555
E02000100,Brent 008,2025,37,37,866700.0,13000.0,3781.09,68.8,0,0.0,36,713600.0,10000.0,3497.29,64.0,0.0555555555555555,0.027777777777777776,0.21454596412556054,0.3,0.0811485464459625,0.07499999999999996,-0.0555555555555555
E02000101,Brent 009,2023,78,78,3799450.0,19000.0,27813.85,86.8,12,0.1538461538461538,76,3815095.0,17875.0,27475.18,77.3,0.0394736842105263,0.02631578947368421,-0.004100815313904372,0.06293706293706294,0.0123263978616336,0.12289780077619664,0.1143724696356275
E02000101,Brent 009,2024,62,62,3403550.0,21750.0,27780.59,90.3,4,0.064516129032258,76,3815095.0,17875.0,27475.18,77.3,0.0394736842105263,-0.18421052631578946,-0.10787280526435121,0.21678321678321677,0.011115850742379117,0.16817593790426907,0.025042444821731694
E02000101,Brent 009,2025,65,65,3450550.0,21875.0,38766.84,91.995,4,0.0615384615384615,76,3815095.0,17875.0,27475.18,77.3,0.0394736842105263,-0.14473684210526316,-0.09555332173903926,0.22377622377622378,0.4109767433734737,0.19010349288486428,0.0220647773279352
E02000102,Brent 010,2023,15,15,182105.0,4300.0,8853.66,46.36,1,0.0666666666666666,13,182355.0,5250.0,8891.74,48.0,0.0,0.15384615384615385,-0.0013709522634421868,-0.18095238095238095,-0.004282626347598999,-0.03416666666666668,0.0666666666666666
E02000102,Brent 010,2024,14,14,225075.0,5050.0,8801.31,43.28,1,0.0714285714285714,13,182355.0,5250.0,8891.74,48.0,0.0,0.07692307692307693,0.2342683227770009,-0.0380952380952381,-0.010170112936275722,-0.09833333333333331,0.0714285714285714
E02000102,Brent 010,2025,14,14,225075.0,5050.0,8801.31,43.28,1,0.0714285714285714,13,182355.0,5250.0,8891.74,48.0,0.0,0.07692307692307693,0.2342683227770009,-0.0380952380952381,-0.010170112936275722,-0.09833333333333331,0.0714285714285714
E02000103,Brent 011,2023,189,189,5315725.0,9000.0,42448.18,73.5,25,0.1322751322751322,91,2668810.0,10000.0,20374.51,74.25,0.1318681318681318,1.0769230769230769,0.9917959689899244,-0.1,1.0833963614339683,-0.010101010101010102,0.00040700040700042406
E02000103,Brent 011,2024,172,172,6204200.0,11250.0,39050.72,73.51,20,0.1162790697674418,91,2668810.0,10000.0,20374.51,74.25,0.1318681318681318,0.8901098901098901,1.3247065171368513,0.125,0.9166458481700912,-0.009966329966329898,-0.015589062100689985
E02000103,Brent 011,2025,181,181,6232750.0,11375.0,45262.59,76.345,19,0.1049723756906077,91,2668810.0,10000.0,20374.51,74.25,0.1318681318681318,0.989010989010989,1.3354041688992473,0.1375,1.2215302355737634,0.0282154882154882,-0.026895756177524086
E02000104,Brent 012,2023,179,179,741227.0,997.5,6044.43,19.525,10,0.0558659217877094,178,827097.0,960.0,5883.58,19.5,0.0505617977528089,0.0056179775280898875,-0.10382095449505922,0.0390625,0.027338797126919386,0.0012820512820512092,0.0053041240349004995
E02000104,Brent 012,2024,169,169,923974.0,1425.0,5850.13,21.54,7,0.0414201183431952,178,827097.0,960.0,5883.58,19.5,0.0505617977528089,-0.05056179775280899,0.11712894618164496,0.484375,-0.005685314043490497,0.10461538461538457,-0.009141679409613697
E02000104,Brent 012,2025,168,168,903974.0,1387.5,5777.33,21.475,7,0.0416666666666666,178,827097.0,960.0,5883.58,19.5,0.0505617977528089,-0.056179775280898875,0.09294798554462173,0.4453125,-0.018058732948306983,0.10128205128205135,-0.008895131086142295
E02000105,Brent 013,2023,111,111,1700925.0,12500.0,9454.72,60.255,8,0.072072072072072,104,1593425.0,12500.0,8375.4,60.255,0.048076923076923,0.0673076923076923,0.06746473790733797,0.0,0.12886787496716573,0.0,0.023995148995149
E02000105,Brent 013,2024,107,107,1883400.0,14500.0,9463.88,60.63,6,0.0560747663551401,104,1593425.0,12500.0,8375.4,60.255,0.048076923076923,0.028846153846153848,0.18198220813656119,0.16,0.1299615540750292,0.006223549912870301,0.0079978432782171
E02000105,Brent 013,2025,110,110,1914650.0,14500.0,9664.92,60.255,6,0.0545454545454545,104,1593425.0,12500.0,8375.4,60.255,0.048076923076923,0.057692307692307696,0.20159405055148502,0.16,0.15396518375241786,0.0,0.006468531468531498
E02000106,Brent 014,2023,185,185,7908150.0,13750.0,50602.8,59.4,18,0.0972972972972973,175,7930550.0,13750.0,49125.46000000001,58.4,0.0514285714285714,0.05714285714285714,-0.002824520367439837,0.0,0.030072797282712393,0.017123287671232876,0.0458687258687259
E02000106,Brent 014,2024,166,166,3212275.0,16125.0,49287.7,60.5,9,0.0542168674698795,175,7930550.0,13750.0,49125.46000000001,58.4,0.0514285714285714,-0.05142857142857143,-0.5949492784233124,0.17272727272727273,0.003302564495070187,0.03595890410958907,0.0027882960413080984
E02000106,Brent 014,2025,168,168,3223525.0,16000.0,49480.3,61.13,9,0.0535714285714285,175,7930550.0,13750.0,49125.46000000001,58.4,0.0514285714285714,-0.04,-0.5935307135066294,0.16363636363636364,0.007223138470357254,0.046746575342465825,0.002142857142857099
E02000107,Brent 015,2023,139,139,3430750.0,16000.0,24015.96,76.0,12,0.0863309352517985,125,3442750.0,16500.0,21335.78,72.1,0.08,0.112,-0.0034855856510057365,-0.030303030303030304,0.12561903056743182,0.05409153952843281,0.006330935251798495
E02000107,Brent 015,2024,126,126,3343000.0,14250.0,21382.75,72.1,9,0.0714285714285714,125,3442750.0,16500.0,21335.78,72.1,0.08,0.008,-0.028973930723985186,-0.13636363636363635,0.00220146626933729,0.0,-0.008571428571428605
E02000107,Brent 015,2025,128,128,3365000.0,14250.0,22102.22,72.4,9,0.0703125,125,3442750.0,16500.0,21335.78,72.1,0.08,0.024,-0.022583690363808,-0.13636363636363635,0.03592275510902355,0.004160887656033445,-0.009687500000000002
E02000108,Brent 016,2023,11,11,205050.0,13500.0,846.1800000000001,67.7,0,0.0,11,208375.0,12500.0,846.1800000000001,67.7,0.0909090909090909,0.0,-0.015956808638272344,0.08,0.0,0.0,-0.0909090909090909
E02000108,Brent 016,2024,9,9,206200.0,15750.0,806.05,75.25,0,0.0,11,208375.0,12500.0,846.1800000000001,67.7,0.0909090909090909,-0.18181818181818182,-0.010437912417516496,0.26,-0.04742489777588705,0.11152141802067943,-0.0909090909090909
E02000108,Brent 016,2025,9,9,206200.0,15750.0,806.05,75.25,0,0.0,11,208375.0,12500.0,846.1800000000001,67.7,0.0909090909090909,-0.18181818181818182,-0.010437912417516496,0.26,-0.04742489777588705,0.11152141802067943,-0.0909090909090909
E02000110,Brent 018,2023,38,38,483900.0,10250.0,3230.1,55.2,3,0.0789473684210526,38,483900.0,10250.0,3230.1,55.2,0.0526315789473684,0.0,0.0,0.0,0.0,0.0,0.026315789473684202
E02000110,Brent 018,2024,36,36,542100.0,12250.0,2936.25,55.2,3,0.0833333333333333,38,483900.0,10250.0,3230.1,55.2,0.0526315789473684,-0.05263157894736842,0.12027278363298202,0.1951219512195122,-0.09097241571468373,0.0,0.030701754385964904
E02000110,Brent 018,2025,37,37,542600.0,12250.0,3204.1,56.1,3,0.081081081081081,38,483900.0,10250.0,3230.1,55.2,0.0526315789473684,-0.02631578947368421,0.12130605497003513,0.1951219512195122,-0.008049286399801864,0.01630434782608693,0.028449502133712605
E02000111,Brent 019,2023,200,200,3823430.0,13625.0,25380.14,55.0,20,0.1,142,3608155.0,19750.0,23387.04,78.77,0.0492957746478873,0.4084507042253521,0.05966345680825796,-0.310126582278481,0.08522241378130788,-0.30176463120477337,0.050704225352112706
E02000111,Brent 019,2024,175,175,4212815.0,15750.0,21258.84,63.35,10,0.0571428571428571,142,3608155.0,19750.0,23387.04,78.77,0.0492957746478873,0.2323943661971831,0.16758149248022883,-0.20253164556962025,-0.09099911745992655,-0.1957598070331344,0.0078470824949698
E02000111,Brent 019,2025,186,186,4281765.0,15500.0,22625.62,63.34,10,0.053763440860215,142,3608155.0,19750.0,23387.04,78.77,0.0492957746478873,0.30985915492957744,0.1866909819561521,-0.21518987341772153,-0.03255734800128626,-0.19588675891836985,0.004467666212327699
E02000112,Brent 020,2023,322,322,5809375.0,13875.0,45484.52,72.7,31,0.0962732919254658,280,6290225.0,14000.0,40150.67,72.55000000000001,0.0928571428571428,0.15,-0.07644400637497069,-0.008928571428571428,0.13284585288365047,0.0020675396278427493,0.0034161490683229934
E02000112,Brent 020,2024,261,261,6550375.0,16000.0,33567.35,71.55,18,0.0689655172413793,280,6290225.0,14000.0,40150.67,72.55000000000001,0.0928571428571428,-0.06785714285714285,0.04135782106363445,0.14285714285714285,-0.16396538339210778,-0.013783597518952641,-0.02389162561576351
E02000112,Brent 020,2025,274,274,6413325.0,15750.0,34551.59,70.8,17,0.0620437956204379,280,6290225.0,14000.0,40150.67,72.55000000000001,0.0928571428571428,-0.02142857142857143,0.019570047176372864,0.125,-0.1394517202328131,-0.024121295658166973,-0.030813347236704904
E02000113,Brent 021,2023,30,30,3436300.0,8650.0,49696.69,63.650000000000006,4,0.1333333333333333,30,3561300.0,8650.0,49696.69,63.650000000000006,0.0666666666666666,0.0,-0.035099542301968385,0.0,0.0,0.0,0.06666666666666671
E02000113,Brent 021,2024,24,24,6086250.0,9475.0,48181.14,63.650000000000006,1,0.0416666666666666,30,3561300.0,8650.0,49696.69,63.650000000000006,0.0666666666666666,-0.2,0.7089967146828405,0.0953757225433526,-0.03049599480367813,0.0,-0.024999999999999994
E02000113,Brent 021,2025,25,25,6101500.0,11250.0,48182.14,62.1,2,0.08,30,3561300.0,8650.0,49696.69,63.650000000000006,0.0666666666666666,-0.16666666666666666,0.7132788588436807,0.30057803468208094,-0.030475872739210656,-0.02435192458758844,0.013333333333333405
E02000114,Brent 022,2023,200,200,3754725.0,15500.0,19404.61,64.695,15,0.075,188,3809325.0,15500.0,18247.48,64.15,0.0531914893617021,0.06382978723404255,-0.014333248016380855,0.0,0.06341313978697338,0.008495713172252338,0.021808510638297897
E02000114,Brent 022,2024,187,187,3959150.0,16250.0,18076.26,64.59,11,0.0588235294117647,188,3809325.0,15500.0,18247.48,64.15,0.0531914893617021,-0.005319148936170213,0.0393311150925689,0.04838709677419355,-0.009383213462900147,0.006858924395946963,0.005632040050062598
E02000114,Brent 022,2025,187,187,3967400.0,16250.0,18219.84,66.0,11,0.0588235294117647,188,3809325.0,15500.0,18247.48,64.15,0.0531914893617021,-0.005319148936170213,0.041496853117022045,0.04838709677419355,-0.0015147297051428153,0.02883865939204979,0.005632040050062598
E02000115,Brent 023,2023,16,16,345700.0,13750.0,1538.28,62.075,2,0.125,15,356750.0,16250.0,1510.19,67.15,0.1333333333333333,0.06666666666666667,-0.030974071478626488,-0.15384615384615385,0.018600308570444722,-0.07557706626954583,-0.008333333333333304
E02000115,Brent 023,2024,15,15,427950.0,18000.0,1406.0,57.0,0,0.0,15,356750.0,16250.0,1510.19,67.15,0.1333333333333333,0.0,0.19957953749124036,0.1076923076923077,-0.06899131897310938,-0.15115413253909166,-0.1333333333333333
E02000115,Brent 023,2025,15,15,427950.0,18000.0,1406.0,57.0,0,0.0,15,356750.0,16250.0,1510.19,67.15,0.1333333333333333,0.0,0.19957953749124036,0.1076923076923077,-0.06899131897310938,-0.15115413253909166,-0.1333333333333333
E02000116,Brent 024,2023,186,186,2605950.0,12875.0,13305.87,54.9,14,0.075268817204301,176,2611625.0,12750.0,12816.91,54.25,0.0795454545454545,0.056818181818181816,-0.002172976595031829,0.00980392156862745,0.03814960080081712,0.01198156682027647,-0.004276637341153508
E02000116,Brent 024,2024,167,167,2779175.0,13500.0,11513.63,53.9,7,0.0419161676646706,176,2611625.0,12750.0,12816.91,54.25,0.0795454545454545,-0.05113636363636364,0.06415545876609391,0.058823529411764705,-0.10168441535440295,-0.0064516129032258325,-0.0376292868807839
E02000116,Brent 024,2025,167,167,2776575.0,13500.0,11511.09,53.9,7,0.0419161676646706,176,2611625.0,12750.0,12816.91,54.25,0.0795454545454545,-0.05113636363636364,0.06315991001770928,0.058823529411764705,-0.10188259104573565,-0.0064516129032258325,-0.0376292868807839
E02000117,Brent 025,2023,122,122,1911800.0,10625.0,14001.53,63.11,14,0.1147540983606557,115,1868450.0,10750.0,13245.77,62.3,0.0695652173913043,0.06086956521739131,0.023201048997832426,-0.011627906976744186,0.057056705650181165,0.013001605136436634,0.045188880969351405
E02000117,Brent 025,2024,119,119,2213150.0,12500.0,13568.97,62.3,13,0.1092436974789916,115,1868450.0,10750.0,13245.77,62.3,0.0695652173913043,0.034782608695652174,0.18448446573362948,0.16279069767441862,0.024400242492508845,0.0,0.039678480087687304
E02000117,Brent 025,2025,119,119,2228650.0,12500.0,13568.97,62.3,13,0.1092436974789916,115,1868450.0,10750.0,13245.77,62.3,0.0695652173913043,0.034782608695652174,0.19278011185742192,0.16279069767441862,0.024400242492508845,0.0,0.039678480087687304
E02000118,Brent 026,2023,100,100,2021007.0,10750.0,12862.06,46.66,5,0.05,57,1846500.0,26750.0,12227.95,105.08,0.0350877192982456,0.7543859649122807,0.09450690495532088,-0.5981308411214953,0.05185742499764873,-0.5559573658165208,0.014912280701754405
E02000118,Brent 026,2024,111,111,2391925.0,11625.0,12353.01,30.525,4,0.036036036036036,57,1846500.0,26750.0,12227.95,105.08,0.0350877192982456,0.9473684210526315,0.2953831573246683,-0.5654205607476636,0.010227388891842009,-0.7095070422535212,0.0009483167377904028
E02000118,Brent 026,2025,109,109,2380225.0,12000.0,12352.01,30.71,4,0.036697247706422,57,1846500.0,26750.0,12227.95,105.08,0.0350877192982456,0.9122807017543859,0.28904684538315734,-0.5514018691588785,0.010145609035038538,-0.7077464788732395,0.0016095284081764014
E02000119,Brent 027,2023,52,52,1162850.0,13875.0,9454.26,119.2,0,0.0,44,1058700.0,13000.0,7000.65,88.63499999999999,0.0,0.18181818181818182,0.09837536601492396,0.0673076923076923,0.35048316941998253,0.3448412026851697,0.0
E02000119,Brent 027,2024,45,45,1321700.0,16250.0,7961.72,87.2,1,0.0222222222222222,44,1058700.0,13000.0,7000.65,88.63499999999999,0.0,0.022727272727272728,0.24841787097383583,0.25,0.13728296658167466,-0.016189992666553712,0.0222222222222222
E02000119,Brent 027,2025,53,53,1644675.0,15875.0,9477.88,87.2,1,0.0188679245283018,44,1058700.0,13000.0,7000.65,88.63499999999999,0.0,0.20454545454545456,0.5534854066307736,0.22115384615384615,0.35385714183682937,-0.016189992666553712,0.0188679245283018
E02000120,Brent 028,2023,247,247,5950000.0,17125.0,23078.55,69.0,24,0.097165991902834,226,5924225.0,18125.0,21163.72,68.95,0.0575221238938053,0.09292035398230089,0.004350780059839051,-0.05517241379310345,0.09047700498778088,0.0007251631617113438,0.03964386800902869
E02000120,Brent 028,2024,221,221,5927350.0,20250.0,19885.84,65.0,18,0.0814479638009049,226,5924225.0,18125.0,21163.72,68.95,0.0575221238938053,-0.022123893805309734,0.0005274951575944533,0.11724137931034483,-0.06038068921720761,-0.05728788977519946,0.023925839907099594
E02000120,Brent 028,2025,232,232,5965450.0,20250.0,21838.72,68.21000000000001,18,0.0775862068965517,226,5924225.0,18125.0,21163.72,68.95,0.0575221238938053,0.02654867256637168,0.006958716118986028,0.11724137931034483,0.031894203854520846,-0.010732414793328425,0.020064083002746397
E02000121,Brent 029,2023,276,276,7666500.0,14500.0,66804.95,56.285,27,0.0978260869565217,229,7971100.0,16000.0,47513.78,60.0,0.0611353711790393,0.2052401746724891,-0.038213044623703125,-0.09375,0.4060121084872641,-0.061916666666666724,0.036690715777482404
E02000121,Brent 029,2024,226,226,8406950.0,17375.0,33016.0,55.765,10,0.0442477876106194,229,7971100.0,16000.0,47513.78,60.0,0.0611353711790393,-0.013100436681222707,0.05467877708220948,0.0859375,-0.30512790184237076,-0.07058333333333332,-0.0168875835684199
E02000121,Brent 029,2025,244,244,8499450.0,15125.0,33163.48,49.075,10,0.040983606557377,229,7971100.0,16000.0,47513.78,60.0,0.0611353711790393,0.06550218340611354,0.06628319805296634,-0.0546875,-0.3020239602069125,-0.1820833333333333,-0.0201517646216623
E02000122,Brent 030,2023,40,40,376850.0,10000.0,2290.2,54.925,3,0.075,40,391250.0,9950.0,2290.2,54.925,0.05,0.0,-0.03680511182108626,0.005025125628140704,0.0,0.0,0.024999999999999994
E02000122,Brent 030,2024,38,38,449000.0,11375.0,2187.44,54.925,3,0.0789473684210526,40,391250.0,9950.0,2290.2,54.925,0.05,-0.05,0.1476038338658147,0.14321608040201006,-0.04486944371670586,0.0,0.028947368421052597
E02000122,Brent 030,2025,38,38,450750.0,11375.0,2216.6,54.925,3,0.0789473684210526,40,391250.0,9950.0,2290.2,54.925,0.05,-0.05,0.15207667731629393,0.14321608040201006,-0.03213693127237792,0.0,0.028947368421052597
E02000123,Brent 031,2023,458,458,6625350.0,12250.0,42366.04,62.0,39,0.0851528384279476,414,6604975.0,13250.0,39712.01,64.56,0.0628019323671497,0.10628019323671498,0.003084795930340387,-0.07547169811320754,0.06683192313861723,-0.03965303593556385,0.022350906060797898
E02000123,Brent 031,2024,410,410,7011125.0,13000.0,38239.82,63.6,27,0.0658536585365853,414,6604975.0,13250.0,39712.01,64.56,0.0628019323671497,-0.00966183574879227,0.061491527220012186,-0.018867924528301886,-0.037071656660038164,-0.014869888475836444,0.003051726169435595
E02000123,Brent 031,2025,428,428,7016950.0,12500.0,38758.27,60.9,27,0.0630841121495327,414,6604975.0,13250.0,39712.01,64.56,0.0628019323671497,0.033816425120772944,0.06237343820377821,-0.05660377358490566,-0.024016412163474103,-0.05669144981412645,0.0002821797823829991
E02000124,Brent 032,2023,233,233,5022170.0,16625.0,18261.91,58.67,14,0.0600858369098712,217,4790820.0,16500.0,16776.83,57.9,0.0414746543778801,0.07373271889400922,0.04829027181150617,0.007575757575757576,0.08851970247060964,0.013298791018998328,0.0186111825319911
E02000124,Brent 032,2024,220,220,5585610.0,20000.0,18135.12,60.7,14,0.0636363636363636,217,4790820.0,16500.0,16776.83,57.9,0.0414746543778801,0.013824884792626729,0.16589853094042356,0.21212121212121213,0.08096225568239036,0.0483592400690847,0.0221617092584835
E02000124,Brent 032,2025,221,221,5586110.0,20000.0,18443.24,61.19,14,0.0633484162895927,217,4790820.0,16500.0,16776.83,57.9,0.0414746543778801,0.018433179723502304,0.16600289720757616,0.21212121212121213,0.09932806137989117,0.056822107081174425,0.0218737619117126
E02000125,Brent 033,2023,92,92,1141825.0,11500.0,5595.53,47.4,9,0.0978260869565217,84,1150825.0,11500.0,5088.28,47.0,0.0714285714285714,0.09523809523809523,-0.007820476614602568,0.0,0.09968987555716274,0.00851063829787231,0.026397515527950305
E02000125,Brent 033,2024,83,83,1160275.0,12500.0,5082.01,46.55,5,0.0602409638554216,84,1150825.0,11500.0,5088.28,47.0,0.0714285714285714,-0.011904761904761904,0.008211500445332696,0.08695652173913043,-0.0012322435086118545,-0.009574468085106444,-0.011187607573149794
E02000125,Brent 033,2025,83,83,1156025.0,12500.0,5078.89,45.650000000000006,5,0.0602409638554216,84,1150825.0,11500.0,5088.28,47.0,0.0714285714285714,-0.011904761904761904,0.0045184975995481505,0.08695652173913043,-0.0018454173119402664,-0.028723404255319027,-0.011187607573149794
E02000126,Brent 034,2023,69,69,1031975.0,14625.0,11193.22,63.650000000000006,18,0.2608695652173913,65,1240500.0,14500.0,8873.74,73.17500000000001,0.3384615384615385,0.06153846153846154,-0.1680975413139863,0.008620689655172414,0.2613869687414776,-0.13016740690126416,-0.07759197324414718
E02000126,Brent 034,2024,44,44,979050.0,17250.0,3931.52,85.2,5,0.1136363636363636,65,1240500.0,14500.0,8873.74,73.17500000000001,0.3384615384615385,-0.3230769230769231,-0.21076178960096736,0.1896551724137931,-0.5569489302143177,0.16433208062862986,-0.2248251748251749
E02000126,Brent 034,2025,46,46,1045800.0,17500.0,4220.6,87.1,5,0.108695652173913,65,1240500.0,14500.0,8873.74,73.17500000000001,0.3384615384615385,-0.2923076923076923,-0.1569528415961306,0.20689655172413793,-0.5243719108290303,0.1902972326614278,-0.22976588628762548
E02000166,Camden 001,2023,93,93,2043640.0,21500.0,7066.18,63.82,17,0.1827956989247312,76,1930240.0,21375.0,5865.04,64.8,0.2236842105263158,0.2236842105263158,0.05874917108753316,0.005847953216374269,0.20479655722723125,-0.01512345679012341,-0.040888511601584604
E02000166,Camden 001,2024,79,79,1930420.0,22875.0,6148.59,67.9,6,0.0759493670886076,76,1930240.0,21375.0,5865.04,64.8,0.2236842105263158,0.039473684210526314,9.325265251989389e-05,0.07017543859649122,0.04834579133305147,0.04783950617283964,-0.1477348434377082
E02000166,Camden 001,2025,80,80,1916920.0,23000.0,6364.49,68.75,5,0.0625,76,1930240.0,21375.0,5865.04,64.8,0.2236842105263158,0.05263157894736842,-0.0069006962864721485,0.07602339181286549,0.0851571344781962,0.06095679012345684,-0.1611842105263158
E02000167,Camden 002,2023,238,238,14357150.0,45375.0,23387.65,81.55000000000001,28,0.1176470588235294,229,15807250.0,47125.0,22427.27,81.2,0.0829694323144104,0.039301310043668124,-0.09173638678454507,-0.03713527851458886,0.042821975211427915,0.004310344827586312,0.034677626509119
E02000167,Camden 002,2024,224,224,12288850.0,43125.0,21113.15,79.155,27,0.1205357142857142,229,15807250.0,47125.0,22427.27,81.2,0.0829694323144104,-0.021834061135371178,-0.22258141042875895,-0.08488063660477453,-0.05859473756725624,-0.02518472906403943,0.03756628197130381
E02000167,Camden 002,2025,230,230,12586350.0,42500.0,21573.06,77.74,20,0.0869565217391304,229,15807250.0,47125.0,22427.27,81.2,0.0829694323144104,0.004366812227074236,-0.20376093248351232,-0.09814323607427056,-0.03808800625310165,-0.04261083743842374,0.003987089424720008
E02000168,Camden 003,2023,177,177,4715075.0,19250.0,16137.6,62.535,33,0.1864406779661017,169,4568875.0,19000.0,15118.09,62.535,0.1775147928994082,0.047337278106508875,0.031999124510957294,0.013157894736842105,0.0674364288081365,0.0,0.008925885066693506
E02000168,Camden 003,2024,165,165,4471850.0,20000.0,14923.56,63.685,20,0.1212121212121212,169,4568875.0,19000.0,15118.09,62.535,0.1775147928994082,-0.023668639053254437,-0.021236081092172582,0.05263157894736842,-0.012867366181839151,0.018389701767010568,-0.05630267168728699
E02000168,Camden 003,2025,165,165,4471850.0,20000.0,14923.56,63.685,23,0.1393939393939394,169,4568875.0,19000.0,15118.09,62.535,0.1775147928994082,-0.023668639053254437,-0.021236081092172582,0.05263157894736842,-0.012867366181839151,0.018389701767010568,-0.03812085350546879
E02000169,Camden 004,2023,23,23,1019050.0,38500.0,2275.31,78.35,1,0.0434782608695652,21,1077050.0,43000.0,2186.68,79.8,0.0476190476190476,0.09523809523809523,-0.05385079615616731,-0.10465116279069768,0.040531765050213164,-0.018170426065162944,-0.0041407867494824
E02000169,Camden 004,2024,23,23,1045000.0,38125.0,2275.31,78.35,2,0.0869565217391304,21,1077050.0,43000.0,2186.68,79.8,0.0476190476190476,0.09523809523809523,-0.0297572071862959,-0.11337209302325581,0.040531765050213164,-0.018170426065162944,0.0393374741200828
E02000169,Camden 004,2025,24,24,1087000.0,39250.0,2347.67,77.6,3,0.125,21,1077050.0,43000.0,2186.68,79.8,0.0476190476190476,0.14285714285714285,0.009238196926790771,-0.0872093023255814,0.07362302668886177,-0.027568922305764448,0.0773809523809524
E02000170,Camden 005,2023,170,170,3004050.0,16250.0,13361.09,56.885,23,0.1352941176470588,156,3169500.0,16500.0,12513.52,63.2,0.0897435897435897,0.08974358974358974,-0.05220066256507336,-0.015151515151515152,0.06773234070029853,-0.09992088607594944,0.045550527903469085
E02000170,Camden 005,2024,161,161,3081950.0,16500.0,11837.01,57.4,27,0.1677018633540372,156,3169500.0,16500.0,12513.52,63.2,0.0897435897435897,0.03205128205128205,-0.0276226534153652,0.0,-0.05406232618799508,-0.09177215189873424,0.07795827361044749
E02000170,Camden 005,2025,164,164,3107950.0,16625.0,12115.41,57.63,25,0.1524390243902439,156,3169500.0,16500.0,12513.52,63.2,0.0897435897435897,0.05128205128205128,-0.019419466792869537,0.007575757575757576,-0.031814389556256,-0.08813291139240506,0.0626954346466542
E02000171,Camden 006,2023,70,70,1327750.0,11500.0,11602.56,50.7,17,0.2428571428571428,69,1347750.0,11500.0,11526.58,51.0,0.1739130434782608,0.014492753623188406,-0.014839547393804489,0.0,0.0065917210482206836,-0.005882352941176415,0.06894409937888199
E02000171,Camden 006,2024,67,67,1416050.0,11750.0,11435.49,50.7,16,0.2388059701492537,69,1347750.0,11500.0,11526.58,51.0,0.1739130434782608,-0.028985507246376812,0.05067705434984233,0.021739130434782608,-0.007902604241674473,-0.005882352941176415,0.06489292667099289
E02000171,Camden 006,2025,67,67,1354050.0,11750.0,11435.49,50.7,14,0.208955223880597,69,1347750.0,11500.0,11526.58,51.0,0.1739130434782608,-0.028985507246376812,0.004674457429048414,0.021739130434782608,-0.007902604241674473,-0.005882352941176415,0.0350421804023362
E02000172,Camden 007,2023,183,183,3663825.0,14000.0,21328.31,69.03,41,0.2240437158469945,170,3736875.0,13875.0,19842.29,67.3,0.188235294117647,0.07647058823529412,-0.019548419468138484,0.009009009009009009,0.074891557375686,0.025705794947994118,0.035808421729347506
E02000172,Camden 007,2024,168,168,3570550.0,13375.0,20041.68,70.11,29,0.1726190476190476,170,3736875.0,13875.0,19842.29,67.3,0.188235294117647,-0.011764705882352941,-0.04450911523666165,-0.036036036036036036,0.010048739334018373,0.04175334323922738,-0.015616246498599412
E02000172,Camden 007,2025,168,168,3570550.0,13500.0,20041.68,70.11,30,0.1785714285714285,170,3736875.0,13875.0,19842.29,67.3,0.188235294117647,-0.011764705882352941,-0.04450911523666165,-0.02702702702702703,0.010048739334018373,0.04175334323922738,-0.009663865546218509
E02000173,Camden 008,2023,163,163,7881565.0,25500.0,31778.77,80.7,23,0.1411042944785276,151,7914065.0,25500.0,23105.97,81.5,0.1390728476821192,0.07947019867549669,-0.004106612720517206,0.0,0.3753488816959426,-0.009815950920245365,0.0020314467964084038
E02000173,Camden 008,2024,155,155,7955750.0,25500.0,23857.67,80.7,25,0.1612903225806451,151,7914065.0,25500.0,23105.97,81.5,0.1390728476821192,0.026490066225165563,0.005267204653992607,0.0,0.03253271773485368,-0.009815950920245365,0.022217474898525907
E02000173,Camden 008,2025,156,156,7824500.0,25500.0,23631.81,80.34,33,0.2115384615384615,151,7914065.0,25500.0,23105.97,81.5,0.1390728476821192,0.033112582781456956,-0.011317192871173032,0.0,0.022757754814015603,-0.014233128834355787,0.07246561385634231
E02000174,Camden 009,2023,89,89,2152100.0,19250.0,9802.34,80.4,14,0.1573033707865168,85,2416100.0,19750.0,9762.06,80.4,0.1058823529411764,0.047058823529411764,-0.1092670005380572,-0.02531645569620253,0.004126178286140493,0.0,0.051421017845340394
E02000174,Camden 009,2024,83,83,2099500.0,17500.0,9263.14,74.9,9,0.108433734939759,85,2416100.0,19750.0,9762.06,80.4,0.1058823529411764,-0.023529411764705882,-0.131037622614958,-0.11392405063291139,-0.051108065305888316,-0.06840796019900497,0.002551381998582597
E02000174,Camden 009,2025,82,82,2088250.0,17875.0,9213.54,75.355,8,0.0975609756097561,85,2416100.0,19750.0,9762.06,80.4,0.1058823529411764,-0.03529411764705882,-0.13569388684243203,-0.0949367088607595,-0.056188960117024345,-0.0627487562189055,-0.008321377331420299
E02000175,Camden 010,2023,262,262,10646100.0,29750.0,39097.49,83.8,52,0.1984732824427481,244,11658250.0,30750.0,37271.41,85.31,0.1475409836065573,0.07377049180327869,-0.08681834752214097,-0.032520325203252036,0.048994121767864274,-0.017700152385417948,0.0509322988361908
E02000175,Camden 010,2024,237,237,11374250.0,33250.0,36780.2,82.8,42,0.1772151898734177,244,11658250.0,30750.0,37271.41,85.31,0.1475409836065573,-0.028688524590163935,-0.024360431454120472,0.08130081300813008,-0.013179270652760557,-0.029422107607548997,0.029674206266860403
E02000175,Camden 010,2025,239,239,10606250.0,33250.0,36968.11,83.4,39,0.1631799163179916,244,11658250.0,30750.0,37271.41,85.31,0.1475409836065573,-0.020491803278688523,-0.09023652778075612,0.08130081300813008,-0.008137604668028467,-0.022388934474270268,0.015638932711434322
E02000176,Camden 011,2023,43,43,1682900.0,44000.0,4613.53,94.13,6,0.1395348837209302,43,1800900.0,44750.0,4613.34,94.13,0.1162790697674418,0.0,-0.06552279415847631,-0.01675977653631285,4.118491158241097e-05,0.0,0.0232558139534884
E02000176,Camden 011,2024,42,42,1997800.0,49750.0,4523.56,95.465,1,0.0238095238095238,43,1800900.0,44750.0,4613.34,94.13,0.1162790697674418,-0.023255813953488372,0.10933422177799988,0.11173184357541899,-0.01946095453619281,0.014182513545097291,-0.09246954595791801
E02000176,Camden 011,2025,42,42,1997800.0,49750.0,4523.56,95.465,2,0.0476190476190476,43,1800900.0,44750.0,4613.34,94.13,0.1162790697674418,-0.023255813953488372,0.10933422177799988,0.11173184357541899,-0.01946095453619281,0.014182513545097291,-0.0686600221483942
E02000178,Camden 013,2023,154,154,3903425.0,21750.0,18932.5,81.685,24,0.1558441558441558,138,3905325.0,21875.0,17182.52,82.515,0.1376811594202898,0.11594202898550725,-0.00048651520680097047,-0.005714285714285714,0.10184652775029504,-0.010058777192025671,0.018162996423866012
E02000178,Camden 013,2024,134,134,4105425.0,24000.0,16267.96,80.965,25,0.1865671641791045,138,3905325.0,21875.0,17182.52,82.515,0.1376811594202898,-0.028985507246376812,0.05123773309519694,0.09714285714285714,-0.05322618568172779,-0.018784463430891317,0.04888600475881469
E02000178,Camden 013,2025,132,132,4030325.0,24000.0,16070.86,80.965,26,0.1969696969696969,138,3905325.0,21875.0,17182.52,82.515,0.1376811594202898,-0.043478260869565216,0.032007579394800686,0.09714285714285714,-0.06469714570388976,-0.018784463430891317,0.059288537549407105
E02000179,Camden 014,2023,50,50,1904250.0,35625.0,5719.66,97.86,7,0.14,48,1848000.0,35500.0,5307.54,96.805,0.0625,0.041666666666666664,0.030438311688311688,0.0035211267605633804,0.07764802526217417,0.010898197407158644,0.07750000000000001
E02000179,Camden 014,2024,48,48,1661250.0,30500.0,5289.75,96.805,3,0.0625,48,1848000.0,35500.0,5307.54,96.805,0.0625,0.0,-0.1010551948051948,-0.14084507042253522,-0.0033518353135350773,0.0,0.0
E02000179,Camden 014,2025,49,49,1661750.0,30500.0,5382.78,96.51,4,0.0816326530612244,48,1848000.0,35500.0,5307.54,96.805,0.0625,0.020833333333333332,-0.10078463203463203,-0.14084507042253522,0.014176058965170263,-0.003047363256030181,0.0191326530612244
E02000180,Camden 015,2023,79,79,1594725.0,17000.0,7107.64,74.8,6,0.0759493670886076,74,1509450.0,14625.0,6213.27,74.8,0.1216216216216216,0.06756756756756757,0.05649408725032296,0.1623931623931624,0.14394513677982768,0.0,-0.045672254533014
E02000180,Camden 015,2024,73,73,1652150.0,15500.0,6688.9400000000005,74.05,6,0.0821917808219178,74,1509450.0,14625.0,6213.27,74.8,0.1216216216216216,-0.013513513513513514,0.09453774553645368,0.05982905982905983,0.0765571108289194,-0.010026737967914439,-0.0394298407997038
E02000180,Camden 015,2025,74,74,1648400.0,15750.0,6747.63,73.3,5,0.0675675675675675,74,1509450.0,14625.0,6213.27,74.8,0.1216216216216216,0.0,0.09205339693265759,0.07692307692307693,0.08600302256299817,-0.020053475935828877,-0.0540540540540541
E02000181,Camden 016,2023,18,18,218750.0,9825.0,954.69,32.89,2,0.1111111111111111,18,218750.0,9825.0,954.69,32.89,0.1111111111111111,0.0,0.0,0.0,0.0,0.0,0.0
E02000181,Camden 016,2024,18,18,231400.0,10400.0,954.69,32.89,2,0.1111111111111111,18,218750.0,9825.0,954.69,32.89,0.1111111111111111,0.0,0.05782857142857143,0.058524173027989825,0.0,0.0,0.0
E02000181,Camden 016,2025,18,18,231400.0,10400.0,954.69,32.89,3,0.1666666666666666,18,218750.0,9825.0,954.69,32.89,0.1111111111111111,0.0,0.05782857142857143,0.058524173027989825,0.0,0.0,0.0555555555555555
E02000182,Camden 017,2023,110,110,5463040.0,30500.0,25916.01,115.2,10,0.0909090909090909,106,5659090.0,30625.0,25374.51,115.2,0.0660377358490566,0.03773584905660377,-0.03464337905917736,-0.004081632653061225,0.021340313566646216,0.0,0.024871355060034295
E02000182,Camden 017,2024,99,99,5266570.0,29500.0,23977.75,116.66,11,0.1111111111111111,106,5659090.0,30625.0,25374.51,115.2,0.0660377358490566,-0.0660377358490566,-0.06936097499774699,-0.036734693877551024,-0.05504579201726451,0.012673611111111056,0.0450733752620545
E02000182,Camden 017,2025,98,98,4913570.0,29500.0,21435.55,115.93,12,0.1224489795918367,106,5659090.0,30625.0,25374.51,115.2,0.0660377358490566,-0.07547169811320754,-0.13173849505839277,-0.036734693877551024,-0.1552329483406773,0.00633680555555559,0.0564112437427801
E02000183,Camden 018,2023,173,173,10157750.0,38750.0,24399.97,64.95,22,0.1271676300578034,164,12426400.0,39250.0,21323.98,64.83,0.1341463414634146,0.054878048780487805,-0.18256695422648556,-0.012738853503184714,0.14425027598037524,0.0018509949097640682,-0.006978711405611182
E02000183,Camden 018,2024,160,160,10084325.0,37375.0,15872.37,64.71,14,0.0875,164,12426400.0,39250.0,21323.98,64.83,0.1341463414634146,-0.024390243902439025,-0.18847574518766497,-0.04777070063694268,-0.2556563080625661,-0.0018509949097640682,-0.04664634146341459
E02000183,Camden 018,2025,160,160,9986825.0,37000.0,15869.55,64.71,20,0.125,164,12426400.0,39250.0,21323.98,64.83,0.1341463414634146,-0.024390243902439025,-0.19632194360394,-0.05732484076433121,-0.2557885535439444,-0.0018509949097640682,-0.009146341463414587
E02000184,Camden 019,2023,195,195,7989945.0,19750.0,31003.65,54.27,38,0.1948717948717948,138,7357285.0,17250.0,30249.21,66.4,0.1231884057971014,0.41304347826086957,0.08599095998048192,0.14492753623188406,0.02494081663620314,-0.18268072289156628,0.07168338907469339
E02000184,Camden 019,2024,210,210,9043240.0,19250.0,28408.45,48.7,38,0.1809523809523809,138,7357285.0,17250.0,30249.21,66.4,0.1231884057971014,0.5217391304347826,0.2291545046848124,0.11594202898550725,-0.060853159470941505,-0.266566265060241,0.05776397515527949
E02000184,Camden 019,2025,218,218,9152240.0,18875.0,28925.61,47.44,43,0.1972477064220183,138,7357285.0,17250.0,30249.21,66.4,0.1231884057971014,0.5797101449275363,0.243969752429055,0.09420289855072464,-0.04375651463294409,-0.2855421686746989,0.0740593006249169
E02000185,Camden 020,2023,129,129,5266260.0,18000.0,28843.29,76.55,29,0.2248062015503876,122,5165960.0,18000.0,28147.12,77.7,0.1475409836065573,0.05737704918032787,0.019415558773199948,0.0,0.024733258677974938,-0.014800514800514874,0.07726521794383032
E02000185,Camden 020,2024,115,115,5300235.0,22750.0,28501.15,84.89,22,0.1913043478260869,122,5165960.0,18000.0,28147.12,77.7,0.1475409836065573,-0.05737704918032787,0.025992264748468823,0.2638888888888889,0.012577841001139815,0.0925353925353925,0.043763364219529616
E02000185,Camden 020,2025,115,115,5239735.0,22500.0,28445.33,84.89,20,0.1739130434782608,122,5165960.0,18000.0,28147.12,77.7,0.1475409836065573,-0.05737704918032787,0.014280985528343232,0.25,0.010594689616557672,0.0925353925353925,0.026372059871703518
E02000192,Camden 027,2023,488,488,15282375.0,27750.0,51851.96,79.785,104,0.2131147540983606,463,15738600.0,27000.0,48096.67,78.14,0.1555075593952483,0.05399568034557235,-0.028987648202508483,0.027777777777777776,0.07807796256996588,0.02105195802405933,0.05760719470311229
E02000192,Camden 027,2024,436,436,16391075.0,29000.0,46329.87,80.66499999999999,64,0.146788990825688,463,15738600.0,27000.0,48096.67,78.14,0.1555075593952483,-0.058315334773218146,0.041456991091964976,0.07407407407407407,-0.03673435187924644,0.03231379575121566,-0.008718568569560298
E02000192,Camden 027,2025,443,443,16496325.0,29000.0,46963.38,80.7,60,0.1354401805869074,463,15738600.0,27000.0,48096.67,78.14,0.1555075593952483,-0.04319654427645788,0.04814437116389005,0.07407407407407407,-0.02356275392870236,0.032761709751727694,-0.02006737880834089
E02000194,Croydon 001,2023,174,174,3802100.0,14000.0,24571.17,79.78,8,0.0459770114942528,163,3824900.0,14500.0,20400.19,80.555,0.0674846625766871,0.06748466257668712,-0.005960940155298178,-0.034482758620689655,0.2044578996568169,-0.009620756005213898,-0.021507651082434305
E02000194,Croydon 001,2024,165,165,3894675.0,14500.0,20236.19,79.6,3,0.0181818181818181,163,3824900.0,14500.0,20400.19,80.555,0.0674846625766871,0.012269938650306749,0.018242306988417997,0.0,-0.008039140811923811,-0.011855254174166873,-0.049302844394869
E02000194,Croydon 001,2025,166,166,3812925.0,14500.0,19890.4,78.41499999999999,3,0.0180722891566265,163,3824900.0,14500.0,20400.19,80.555,0.0674846625766871,0.018404907975460124,-0.0031308008052498104,0.0,-0.02498947313725986,-0.026565700453106755,-0.04941237342006061
E02000195,Croydon 002,2023,55,55,934200.0,9000.0,5497.53,60.54,0,0.0,53,653700.0,9000.0,3731.6,60.54,0.0188679245283018,0.03773584905660377,0.42909591555759524,0.0,0.4732366813163254,0.0,-0.0188679245283018
E02000195,Croydon 002,2024,53,53,880450.0,8950.0,5431.87,61.3,0,0.0,53,653700.0,9000.0,3731.6,60.54,0.0188679245283018,0.0,0.34687165366376016,-0.005555555555555556,0.4556410118983814,0.012553683515031352,-0.0188679245283018
E02000195,Croydon 002,2025,53,53,873850.0,9000.0,5431.87,61.3,0,0.0,53,653700.0,9000.0,3731.6,60.54,0.0188679245283018,0.0,0.336775279180052,0.0,0.4556410118983814,0.012553683515031352,-0.0188679245283018
E02000196,Croydon 003,2023,83,83,1380400.0,15375.0,7893.01,75.31,6,0.072289156626506,74,1421150.0,15750.0,7416.28,79.55,0.0675675675675675,0.12162162162162163,-0.028673961228582488,-0.023809523809523808,0.06428155355515171,-0.05329981143934626,0.004721589058938491
E02000196,Croydon 003,2024,78,78,1293585.0,14500.0,7321.31,71.375,3,0.0384615384615384,74,1421150.0,15750.0,7416.28,79.55,0.0675675675675675,0.05405405405405406,-0.08976181261654294,-0.07936507936507936,-0.012805611438618735,-0.10276555625392832,-0.0291060291060291
E02000196,Croydon 003,2025,78,78,1309635.0,14625.0,7335.75,71.375,2,0.0256410256410256,74,1421150.0,15750.0,7416.28,79.55,0.0675675675675675,0.05405405405405406,-0.07846814199767793,-0.07142857142857142,-0.010858543636432247,-0.10276555625392832,-0.0419265419265419
E02000197,Croydon 004,2023,160,160,2324100.0,12750.0,16023.79,65.58,10,0.0625,156,2564600.0,12875.0,15415.51,64.465,0.0769230769230769,0.02564102564102564,-0.09377680729938392,-0.009708737864077669,0.03945896048849507,0.01729620724424098,-0.0144230769230769
E02000197,Croydon 004,2024,148,148,2345750.0,12500.0,13691.57,65.345,4,0.027027027027027,156,2564600.0,12875.0,15415.51,64.465,0.0769230769230769,-0.05128205128205128,-0.08533494502066599,-0.02912621359223301,-0.11183152552202298,0.013650818273481663,-0.0498960498960499
E02000197,Croydon 004,2025,150,150,2351400.0,12250.0,13845.43,65.015,3,0.02,156,2564600.0,12875.0,15415.51,64.465,0.0769230769230769,-0.038461538461538464,-0.08313187241675116,-0.04854368932038835,-0.10185066857989128,0.00853176142092604,-0.056923076923076896
E02000198,Croydon 005,2023,92,92,613525.0,6800.0,5822.79,49.9,5,0.0543478260869565,89,694275.0,6800.0,6150.57,50.7,0.0337078651685393,0.033707865168539325,-0.11630837924453567,0.0,-0.05329262165945591,-0.01577909270216971,0.020639960918417202
E02000198,Croydon 005,2024,79,79,593925.0,6600.0,5173.78,49.9,0,0.0,89,694275.0,6800.0,6150.57,50.7,0.0337078651685393,-0.11235955056179775,-0.14453926758128982,-0.029411764705882353,-0.15881292302989805,-0.01577909270216971,-0.0337078651685393
E02000198,Croydon 005,2025,79,79,593925.0,6600.0,5173.78,49.9,0,0.0,89,694275.0,6800.0,6150.57,50.7,0.0337078651685393,-0.11235955056179775,-0.14453926758128982,-0.029411764705882353,-0.15881292302989805,-0.01577909270216971,-0.0337078651685393
E02000199,Croydon 006,2023,85,85,914125.0,10750.0,6983.33,62.15,4,0.0470588235294117,81,872875.0,10750.0,6719.91,63.35,0.0246913580246913,0.04938271604938271,0.047257625662322784,0.0,0.03919992976096407,-0.018942383583267604,0.0223674655047204
E02000199,Croydon 006,2024,77,77,951700.0,11375.0,6552.97,64.0,3,0.0389610389610389,81,872875.0,10750.0,6719.91,63.35,0.0246913580246913,-0.04938271604938271,0.09030502649291136,0.05813953488372093,-0.024842594618082622,0.010260457774269906,0.014269680936347597
E02000199,Croydon 006,2025,77,77,950200.0,11250.0,6450.07,64.0,3,0.0389610389610389,81,872875.0,10750.0,6719.91,63.35,0.0246913580246913,-0.04938271604938271,0.0885865673779178,0.046511627906976744,-0.04015529969895432,0.010260457774269906,0.014269680936347597
E02000200,Croydon 007,2023,65,65,1137825.0,10375.0,9155.4,88.305,6,0.0923076923076923,60,1130800.0,10000.0,8529.24,78.975,0.05,0.08333333333333333,0.00621241598868058,0.0375,0.07341334046175273,0.11813865147198498,0.042307692307692296
E02000200,Croydon 007,2024,61,61,1156475.0,11250.0,8319.72,82.92,0,0.0,60,1130800.0,10000.0,8529.24,78.975,0.05,0.016666666666666666,0.022705164485320128,0.125,-0.02456490847953633,0.04995251661918338,-0.05
E02000200,Croydon 007,2025,61,61,1155725.0,11250.0,8303.17,82.92,0,0.0,60,1130800.0,10000.0,8529.24,78.975,0.05,0.016666666666666666,0.02204191722674213,0.125,-0.026505292382439666,0.04995251661918338,-0.05
E02000201,Croydon 008,2023,184,184,1492500.0,6900.0,13790.63,53.29,9,0.0489130434782608,173,1451400.0,6800.0,13076.61,53.25,0.0578034682080924,0.06358381502890173,0.028317486564696154,0.014705882352941176,0.05460283666791306,0.0007511737089201718,-0.008890424729831599
E02000201,Croydon 008,2024,163,163,1582100.0,7700.0,12370.97,53.33,5,0.0306748466257668,173,1451400.0,6800.0,13076.61,53.25,0.0578034682080924,-0.057803468208092484,0.09005098525561527,0.1323529411764706,-0.053961997796064975,0.0015023474178403435,-0.0271286215823256
E02000201,Croydon 008,2025,165,165,1584050.0,7750.0,12460.12,53.25,5,0.0303030303030303,173,1451400.0,6800.0,13076.61,53.25,0.0578034682080924,-0.046242774566473986,0.09139451564007166,0.13970588235294118,-0.0471444816355309,0.0,-0.0275004379050621
E02000202,Croydon 009,2023,56,56,498125.0,8750.0,3993.55,61.765,0,0.0,53,530875.0,8800.0,3801.84,62.36,0.0,0.05660377358490566,-0.061690605133035085,-0.005681818181818182,0.05042558340172128,-0.009541372674791515,0.0
E02000202,Croydon 009,2024,52,52,461825.0,8000.0,3341.01,61.765,0,0.0,53,530875.0,8800.0,3801.84,62.36,0.0,-0.018867924528301886,-0.13006828349423122,-0.09090909090909091,-0.12121236033078718,-0.009541372674791515,0.0
E02000202,Croydon 009,2025,52,52,461825.0,8000.0,3341.01,61.765,0,0.0,53,530875.0,8800.0,3801.84,62.36,0.0,-0.018867924528301886,-0.13006828349423122,-0.09090909090909091,-0.12121236033078718,-0.009541372674791515,0.0
E02000203,Croydon 010,2023,164,164,4302525.0,12250.0,47919.13,63.0,10,0.0609756097560975,150,4405375.0,12000.0,27978.46,61.97,0.0933333333333333,0.09333333333333334,-0.02334648015208694,0.020833333333333332,0.7127150672338649,0.01662094561884785,-0.0323577235772358
E02000203,Croydon 010,2024,143,143,4002375.0,11125.0,27895.49,62.0,6,0.0419580419580419,150,4405375.0,12000.0,27978.46,61.97,0.0933333333333333,-0.04666666666666667,-0.09147915898192549,-0.07291666666666667,-0.0029654955991143734,0.0004841052121994697,-0.0513752913752914
E02000203,Croydon 010,2025,142,142,3992875.0,11250.0,27895.49,62.5,5,0.0352112676056338,150,4405375.0,12000.0,27978.46,61.97,0.0933333333333333,-0.05333333333333334,-0.09363561558323638,-0.0625,-0.0029654955991143734,0.008552525415523659,-0.0581220657276995
E02000204,Croydon 011,2023,148,148,1940245.0,9350.0,14625.18,61.695,7,0.0472972972972973,138,1988445.0,9300.0,12775.19,60.575,0.0869565217391304,0.07246376811594203,-0.024240046870796023,0.005376344086021506,0.14481115349360751,0.01848947585637635,-0.039659224441833105
E02000204,Croydon 011,2024,137,137,1762225.0,8200.0,12392.79,61.79,5,0.0364963503649635,138,1988445.0,9300.0,12775.19,60.575,0.0869565217391304,-0.007246376811594203,-0.11376729052098498,-0.11827956989247312,-0.029933018608725163,0.020057779612051116,-0.050460171374166904
E02000204,Croydon 011,2025,135,135,1803825.0,8200.0,12701.49,62.095,4,0.0296296296296296,138,1988445.0,9300.0,12775.19,60.575,0.0869565217391304,-0.021739130434782608,-0.0928464201926631,-0.11827956989247312,-0.005768994433742334,0.025092860090796466,-0.0573268921095008
E02000206,Croydon 013,2023,86,86,1103225.0,7450.0,8599.48,58.59,4,0.0465116279069767,86,1154175.0,7350.0,8669.75,62.25,0.0232558139534883,0.0,-0.04414408560227002,0.013605442176870748,-0.008105193344675502,-0.05879518072289151,0.023255813953488403
E02000206,Croydon 013,2024,78,78,1138350.0,8300.0,8114.18,62.45,1,0.0128205128205128,86,1154175.0,7350.0,8669.75,62.25,0.0232558139534883,-0.09302325581395349,-0.013711092338683475,0.1292517006802721,-0.06408143256725969,0.0032128514056225356,-0.0104353011329755
E02000206,Croydon 013,2025,78,78,1138350.0,8300.0,8114.18,62.45,1,0.0128205128205128,86,1154175.0,7350.0,8669.75,62.25,0.0232558139534883,-0.09302325581395349,-0.013711092338683475,0.1292517006802721,-0.06408143256725969,0.0032128514056225356,-0.0104353011329755
E02000207,Croydon 014,2023,82,82,655125.0,7100.0,4917.64,46.025,7,0.0853658536585365,78,690600.0,7000.0,4732.31,45.99,0.0769230769230769,0.05128205128205128,-0.05136837532580365,0.014285714285714285,0.03916269221585228,0.0007610350076102759,0.008442776735459595
E02000207,Croydon 014,2024,71,71,626900.0,8100.0,4160.63,47.77,1,0.0140845070422535,78,690600.0,7000.0,4732.31,45.99,0.0769230769230769,-0.08974358974358974,-0.09223863307269041,0.15714285714285714,-0.12080358218290861,0.0387040661013264,-0.0628385698808234
E02000207,Croydon 014,2025,72,72,650400.0,8100.0,4342.03,47.95,1,0.0138888888888888,78,690600.0,7000.0,4732.31,45.99,0.0769230769230769,-0.07692307692307693,-0.05821025195482189,0.15714285714285714,-0.0824713512005766,0.04261796042617962,-0.0630341880341881
E02000208,Croydon 015,2023,96,96,1266200.0,9250.0,9194.34,54.7,6,0.0625,90,1210500.0,8700.0,7430.35,50.295,0.0555555555555555,0.06666666666666667,0.04601404378356051,0.06321839080459771,0.23740335246657288,0.08758325877323792,0.006944444444444503
E02000208,Croydon 015,2024,88,88,1240425.0,9500.0,8293.53,57.92,2,0.0227272727272727,90,1210500.0,8700.0,7430.35,50.295,0.0555555555555555,-0.022222222222222223,0.024721189591078066,0.09195402298850575,0.11616949403460136,0.15160552738840838,-0.0328282828282828
E02000208,Croydon 015,2025,88,88,1234525.0,9500.0,8293.53,57.92,2,0.0227272727272727,90,1210500.0,8700.0,7430.35,50.295,0.0555555555555555,-0.022222222222222223,0.019847170590665014,0.09195402298850575,0.11616949403460136,0.15160552738840838,-0.0328282828282828
E02000209,Croydon 016,2023,72,72,2645000.0,8600.0,19127.22,43.56999999999999,5,0.0694444444444444,64,2789025.0,8200.0,18458.87,45.33,0.09375,0.125,-0.05163991000439221,0.04878048780487805,0.03620752516269968,-0.03882638429296283,-0.024305555555555594
E02000209,Croydon 016,2024,56,56,2555700.0,9300.0,16867.36,43.56999999999999,1,0.0178571428571428,64,2789025.0,8200.0,18458.87,45.33,0.09375,-0.125,-0.08365826767418721,0.13414634146341464,-0.08621925394133002,-0.03882638429296283,-0.0758928571428572
E02000209,Croydon 016,2025,55,55,2360700.0,9100.0,16309.83,41.98,1,0.0181818181818181,64,2789025.0,8200.0,18458.87,45.33,0.09375,-0.140625,-0.15357517411998817,0.10975609756097561,-0.11642316133111069,-0.0739024928303552,-0.0755681818181819
E02000210,Croydon 017,2023,51,51,448450.0,9950.0,4224.62,53.6,4,0.0784313725490196,44,468000.0,9800.0,3664.11,52.72,0.0909090909090909,0.1590909090909091,-0.04177350427350427,0.015306122448979591,0.15297302755648703,0.016691957511380928,-0.012477718360071291
E02000210,Croydon 017,2024,40,40,466575.0,10250.0,3123.21,53.225,0,0.0,44,468000.0,9800.0,3664.11,52.72,0.0909090909090909,-0.09090909090909091,-0.003044871794871795,0.04591836734693878,-0.14762111399494013,0.009578907435508394,-0.0909090909090909
E02000210,Croydon 017,2025,40,40,461875.0,10375.0,3123.21,53.225,0,0.0,44,468000.0,9800.0,3664.11,52.72,0.0909090909090909,-0.09090909090909091,-0.013087606837606838,0.058673469387755105,-0.14762111399494013,0.009578907435508394,-0.0909090909090909
E02000211,Croydon 018,2023,27,27,324690.0,10000.0,1972.96,51.455,2,0.074074074074074,27,324390.0,10000.0,1972.96,51.455,0.037037037037037,0.0,0.0009248127254231018,0.0,0.0,0.0,0.037037037037037
E02000211,Croydon 018,2024,28,28,384750.0,12000.0,2145.97,52.11,2,0.0714285714285714,27,324390.0,10000.0,1972.96,51.455,0.037037037037037,0.037037037037037035,0.18607232035512808,0.2,0.08769057659557201,0.012729569526770988,0.0343915343915344
E02000211,Croydon 018,2025,27,27,384550.0,12500.0,2144.97,61.28,1,0.037037037037037,27,324390.0,10000.0,1972.96,51.455,0.037037037037037,0.0,0.18545577853817935,0.25,0.08718372394777378,0.19094354290156454,0.0
E02000212,Croydon 019,2023,162,162,17012100.0,13250.0,92828.11,76.78999999999999,11,0.0679012345679012,147,16847000.0,12500.0,88952.68,75.99,0.0408163265306122,0.10204081632653061,0.009799964385350508,0.06,0.04356732141178892,0.010527701013291186,0.027084908037289003
E02000212,Croydon 019,2024,149,149,14873425.0,13500.0,87622.26,75.855,6,0.0402684563758389,147,16847000.0,12500.0,88952.68,75.99,0.0408163265306122,0.013605442176870748,-0.11714696978690568,0.08,-0.014956491473893743,-0.0017765495459927743,-0.0005478701547732973
E02000212,Croydon 019,2025,149,149,14700275.0,13500.0,87423.94,74.31,6,0.0402684563758389,147,16847000.0,12500.0,88952.68,75.99,0.0408163265306122,0.013605442176870748,-0.12742476405294711,0.08,-0.017185991473219142,-0.022108172127911472,-0.0005478701547732973
E02000213,Croydon 020,2023,397,397,17624535.0,21000.0,113235.07,101.96,41,0.1032745591939546,380,17966420.0,19750.0,108867.56,98.05,0.1210526315789473,0.04473684210526316,-0.019029110974807445,0.06329113924050633,0.04011764386011783,0.03987761346251909,-0.017778072384992696
E02000213,Croydon 020,2024,354,354,9594625.0,13500.0,99739.6,106.86,24,0.0677966101694915,380,17966420.0,19750.0,108867.56,98.05,0.1210526315789473,-0.06842105263157895,-0.4659690133037077,-0.31645569620253167,-0.08384462736190645,0.08985211626721064,-0.0532560214094558
E02000213,Croydon 020,2025,356,356,9578325.0,13500.0,99835.44,106.255,9,0.0252808988764044,380,17966420.0,19750.0,108867.56,98.05,0.1210526315789473,-0.06315789473684211,-0.466876261380954,-0.31645569620253167,-0.08296429165859871,0.0836817950025497,-0.0957717327025429
E02000214,Croydon 021,2023,101,101,1404150.0,11250.0,9184.95,63.35,6,0.0594059405940594,98,1370400.0,11250.0,8886.94,63.57,0.0306122448979591,0.030612244897959183,0.02462784588441331,0.0,0.033533477214879384,-0.003460751927009578,0.028793695696100303
E02000214,Croydon 021,2024,98,98,1443750.0,12000.0,8957.16,63.57,2,0.0204081632653061,98,1370400.0,11250.0,8886.94,63.57,0.0306122448979591,0.0,0.053524518388791596,0.06666666666666667,0.00790148240001613,0.0,-0.010204081632653
E02000214,Croydon 021,2025,97,97,1443350.0,12000.0,8955.16,63.79,2,0.0206185567010309,98,1370400.0,11250.0,8886.94,63.57,0.0306122448979591,-0.01020408163265306,0.05323263280793929,0.06666666666666667,0.007676433057947881,0.003460751927009578,-0.0099936881969282
E02000215,Croydon 022,2023,123,123,1263450.0,9300.0,8057.66,61.3,6,0.048780487804878,120,1396100.0,9200.0,8465.15,63.5,0.0583333333333333,0.025,-0.09501468376190818,0.010869565217391304,-0.04813736318907518,-0.03464566929133863,-0.009552845528455298
E02000215,Croydon 022,2024,114,114,1296250.0,9900.0,7000.98,59.95,3,0.0263157894736842,120,1396100.0,9200.0,8465.15,63.5,0.0583333333333333,-0.05,-0.07152066470883174,0.07608695652173914,-0.1729644483559063,-0.05590551181102358,-0.0320175438596491
E02000215,Croydon 022,2025,116,116,1299625.0,9900.0,7118.05,58.05,3,0.0258620689655172,120,1396100.0,9200.0,8465.15,63.5,0.0583333333333333,-0.03333333333333333,-0.06910321610199842,0.07608695652173914,-0.15913480564431812,-0.08582677165354335,-0.0324712643678161
E02000216,Croydon 023,2023,6,6,26150.0,3750.0,237.54,34.355000000000004,1,0.1666666666666666,6,26150.0,3750.0,237.54,34.355000000000004,0.1666666666666666,0.0,0.0,0.0,0.0,0.0,0.0
E02000216,Croydon 023,2024,5,5,33400.0,5100.0,204.94,36.11,0,0.0,6,26150.0,3750.0,237.54,34.355000000000004,0.1666666666666666,-0.16666666666666666,0.27724665391969405,0.36,-0.13724004378209984,0.05108426721001296,-0.1666666666666666
E02000216,Croydon 023,2025,5,5,33400.0,5100.0,204.94,36.11,0,0.0,6,26150.0,3750.0,237.54,34.355000000000004,0.1666666666666666,-0.16666666666666666,0.27724665391969405,0.36,-0.13724004378209984,0.05108426721001296,-0.1666666666666666
E02000217,Croydon 024,2023,309,309,22093300.0,17500.0,187742.66,120.465,34,0.1100323624595469,281,23097775.0,18625.0,142034.33,118.865,0.0782918149466192,0.099644128113879,-0.043487955008653434,-0.06040268456375839,0.32181184647401806,0.013460648635006171,0.031740547512927694
E02000217,Croydon 024,2024,274,274,18597750.0,15250.0,140362.26,115.2,19,0.0693430656934306,281,23097775.0,18625.0,142034.33,118.865,0.0782918149466192,-0.02491103202846975,-0.19482504267185907,-0.18120805369127516,-0.011772294768454768,-0.03083329827956078,-0.008948749253188601
E02000217,Croydon 024,2025,278,278,18673750.0,15375.0,141114.46,117.42,13,0.0467625899280575,281,23097775.0,18625.0,142034.33,118.865,0.0782918149466192,-0.010676156583629894,-0.19153468245318,-0.174496644295302,-0.00647639201029776,-0.012156648298489827,-0.0315292250185617
E02000218,Croydon 025,2023,41,41,647250.0,10375.0,4335.92,74.485,1,0.024390243902439,39,646800.0,10375.0,4125.89,72.47,0.0512820512820512,0.05128205128205128,0.0006957328385899814,0.0,0.05090538041489224,0.027804608803642893,-0.026891807379612196
E02000218,Croydon 025,2024,38,38,740800.0,11750.0,4041.63,70.87,0,0.0,39,646800.0,10375.0,4125.89,72.47,0.0512820512820512,-0.02564102564102564,0.1453308596165739,0.13253012048192772,-0.020422260409269324,-0.022078101283289558,-0.0512820512820512
E02000218,Croydon 025,2025,39,39,742800.0,11750.0,4237.9,72.885,0,0.0,39,646800.0,10375.0,4125.89,72.47,0.0512820512820512,0.0,0.14842300556586271,0.13253012048192772,0.027148081989582684,0.005726507520353336,-0.0512820512820512
E02000219,Croydon 026,2023,61,61,934100.0,12125.0,6591.23,62.8,3,0.0491803278688524,59,940750.0,11750.0,6525.2,62.8,0.0508474576271186,0.03389830508474576,-0.0070688280627159185,0.031914893617021274,0.010119230061913773,0.0,-0.0016671297582661962
E02000219,Croydon 026,2024,58,58,900200.0,12750.0,6382.27,62.88,1,0.0172413793103448,59,940750.0,11750.0,6525.2,62.8,0.0508474576271186,-0.01694915254237288,-0.043103906457613604,0.0851063829787234,-0.021904309446453656,0.0012738853503185574,-0.0336060783167738
E02000219,Croydon 026,2025,58,58,902200.0,12750.0,6434.13,63.07,1,0.0172413793103448,59,940750.0,11750.0,6525.2,62.8,0.0508474576271186,-0.01694915254237288,-0.040977943130481,0.0851063829787234,-0.013956660332250308,0.004299363057324891,-0.0336060783167738
E02000221,Croydon 028,2023,69,69,5350200.0,18000.0,45865.33,151.95,8,0.1159420289855072,59,5129000.0,16250.0,34944.82,124.73,0.1016949152542373,0.1694915254237288,0.043127315266133746,0.1076923076923077,0.3125072614481918,0.21823137978032536,0.014247113731269911
E02000221,Croydon 028,2024,60,60,5512400.0,19500.0,33586.31,124.73,4,0.0666666666666666,59,5129000.0,16250.0,34944.82,124.73,0.1016949152542373,0.01694915254237288,0.07475141353090271,0.2,-0.038875862001864714,0.0,-0.0350282485875707
E02000221,Croydon 028,2025,60,60,5402400.0,18875.0,33586.31,124.73,2,0.0333333333333333,59,5129000.0,16250.0,34944.82,124.73,0.1016949152542373,0.01694915254237288,0.05330473776564632,0.16153846153846155,-0.038875862001864714,0.0,-0.068361581920904
E02000222,Croydon 029,2023,86,86,1509055.0,10875.0,12090.28,85.705,6,0.0697674418604651,83,1595255.0,11000.0,11555.61,85.66,0.0963855421686747,0.03614457831325301,-0.054035248283189834,-0.011363636363636364,0.046269301231176896,0.0005253327107168072,-0.026618100308209602
E02000222,Croydon 029,2024,74,74,1472390.0,11875.0,9314.02,83.68,2,0.027027027027027,83,1595255.0,11000.0,11555.61,85.66,0.0963855421686747,-0.10843373493975904,-0.07701903457440973,0.07954545454545454,-0.1939828360424071,-0.023114639271538524,-0.0693585151416477
E02000222,Croydon 029,2025,73,73,1452690.0,12250.0,9213.42,81.525,2,0.0273972602739726,83,1595255.0,11000.0,11555.61,85.66,0.0963855421686747,-0.12048192771084337,-0.08936815744191368,0.11363636363636363,-0.20268856425580306,-0.048272239084753574,-0.0689882818947021
E02000223,Croydon 030,2023,10,10,118900.0,8550.0,795.47,65.06,0,0.0,10,118900.0,8550.0,795.47,65.06,0.0,0.0,0.0,0.0,0.0,0.0,0.0
E02000223,Croydon 030,2024,10,10,120900.0,9450.0,795.47,65.06,0,0.0,10,118900.0,8550.0,795.47,65.06,0.0,0.0,0.01682085786375105,0.10526315789473684,0.0,0.0,0.0
E02000223,Croydon 030,2025,10,10,120900.0,9450.0,795.47,65.06,0,0.0,10,118900.0,8550.0,795.47,65.06,0.0,0.0,0.01682085786375105,0.10526315789473684,0.0,0.0,0.0
E02000224,Croydon 031,2023,146,146,1935400.0,9850.0,19440.41,69.4,11,0.0753424657534246,140,1957760.0,9600.0,17675.03,67.74,0.05,0.04285714285714286,-0.01142121608368748,0.026041666666666668,0.09987988704969673,0.024505462060820948,0.025342465753424595
E02000224,Croydon 031,2024,129,129,1969345.0,10875.0,13695.72,66.94,4,0.0310077519379844,140,1957760.0,9600.0,17675.03,67.74,0.05,-0.07857142857142857,0.0059174771167048055,0.1328125,-0.22513738307657752,-0.011809861234130458,-0.018992248062015604
E02000224,Croydon 031,2025,129,129,1959145.0,11000.0,13701.51,66.94,4,0.0310077519379844,140,1957760.0,9600.0,17675.03,67.74,0.05,-0.07857142857142857,0.0007074411572409285,0.14583333333333334,-0.22480980230302292,-0.011809861234130458,-0.018992248062015604
E02000225,Croydon 032,2023,12,12,443150.0,12875.0,3606.66,197.18,0,0.0,12,443250.0,12875.0,3605.56,197.18,0.0833333333333333,0.0,-0.00022560631697687535,0.0,0.000305084369695667,0.0,-0.0833333333333333
E02000225,Croydon 032,2024,10,10,520500.0,16500.0,3331.46,197.18,0,0.0,12,443250.0,12875.0,3605.56,197.18,0.0833333333333333,-0.16666666666666666,0.17428087986463622,0.2815533980582524,-0.07602147793962655,0.0,-0.0833333333333333
E02000225,Croydon 032,2025,10,10,499750.0,13500.0,3331.46,197.18,0,0.0,12,443250.0,12875.0,3605.56,197.18,0.0833333333333333,-0.16666666666666666,0.12746756909193457,0.04854368932038835,-0.07602147793962655,0.0,-0.0833333333333333
E02000226,Croydon 033,2023,79,79,2361950.0,13000.0,13314.27,71.15,3,0.0379746835443038,76,2378450.0,12875.0,12935.32,70.77,0.0789473684210526,0.039473684210526314,-0.006937291092938678,0.009708737864077669,0.029295757661967445,0.005369506853186515,-0.0409726848767488
E02000226,Croydon 033,2024,77,77,2511925.0,14500.0,12987.7,70.72999999999999,2,0.0259740259740259,76,2378450.0,12875.0,12935.32,70.77,0.0789473684210526,0.013157894736842105,0.0561184805230297,0.1262135922330097,0.00404937798214509,-0.0005652112477039177,-0.0529733424470267
E02000226,Croydon 033,2025,77,77,2511925.0,14500.0,12987.7,70.72999999999999,1,0.0129870129870129,76,2378450.0,12875.0,12935.32,70.77,0.0789473684210526,0.013157894736842105,0.0561184805230297,0.1262135922330097,0.00404937798214509,-0.0005652112477039177,-0.0659603554340397
E02000227,Croydon 034,2023,29,29,512325.0,13500.0,3356.4,95.63,1,0.0344827586206896,28,505575.0,13000.0,3189.79,94.615,0.0,0.03571428571428571,0.01335113484646195,0.038461538461538464,0.05223227861395268,0.010727685884901977,0.0344827586206896
E02000227,Croydon 034,2024,28,28,475475.0,13125.0,3216.63,95.06,1,0.0357142857142857,28,505575.0,13000.0,3189.79,94.615,0.0,0.0,-0.059536171685704395,0.009615384615384616,0.008414347025979813,0.004703271151508824,0.0357142857142857
E02000227,Croydon 034,2025,28,28,475475.0,13125.0,3216.63,95.06,1,0.0357142857142857,28,505575.0,13000.0,3189.79,94.615,0.0,0.0,-0.059536171685704395,0.009615384615384616,0.008414347025979813,0.004703271151508824,0.0357142857142857
E02000228,Croydon 035,2023,41,41,550200.0,14000.0,3475.6,69.7,1,0.024390243902439,38,546600.0,14000.0,3204.96,69.39,0.0526315789473684,0.07894736842105263,0.006586169045005488,0.0,0.08444411162697814,0.0044675025219772626,-0.028241335044929396
E02000228,Croydon 035,2024,39,39,607400.0,15500.0,3322.13,69.7,1,0.0256410256410256,38,546600.0,14000.0,3204.96,69.39,0.0526315789473684,0.02631578947368421,0.11123307720453714,0.10714285714285714,0.036558958614148096,0.0044675025219772626,-0.0269905533063428
E02000228,Croydon 035,2025,41,41,626550.0,15375.0,3527.88,69.7,1,0.024390243902439,38,546600.0,14000.0,3204.96,69.39,0.0526315789473684,0.07894736842105263,0.14626783754116357,0.09821428571428571,0.1007563276920773,0.0044675025219772626,-0.028241335044929396
E02000229,Croydon 036,2023,69,69,1345000.0,18500.0,8723.57,79.815,3,0.0434782608695652,66,1369000.0,18750.0,8477.34,80.03,0.0303030303030303,0.045454545454545456,-0.017531044558071585,-0.013333333333333334,0.02904566762687347,-0.0026864925652880594,0.013175230566534902
E02000229,Croydon 036,2024,65,65,1473800.0,20250.0,8105.36,78.8,2,0.0307692307692307,66,1369000.0,18750.0,8477.34,80.03,0.0303030303030303,-0.015151515151515152,0.07655222790357925,0.08,-0.04387933007287669,-0.015369236536298937,0.00046620046620040115
E02000229,Croydon 036,2025,65,65,1473800.0,20250.0,8105.36,78.8,1,0.0153846153846153,66,1369000.0,18750.0,8477.34,80.03,0.0303030303030303,-0.015151515151515152,0.07655222790357925,0.08,-0.04387933007287669,-0.015369236536298937,-0.014918414918415
E02000230,Croydon 037,2023,176,176,5877700.0,16000.0,49636.86,75.5,13,0.0738636363636363,166,5986000.0,16250.0,38070.85,77.99,0.0783132530120482,0.060240963855421686,-0.01809221516872703,-0.015384615384615385,0.3038022529047815,-0.03192717015001917,-0.004449616648411897
E02000230,Croydon 037,2024,156,156,4891225.0,14000.0,25546.36,75.2,5,0.032051282051282,166,5986000.0,16250.0,38070.85,77.99,0.0783132530120482,-0.060240963855421686,-0.18288924156364852,-0.13846153846153847,-0.32897847040452205,-0.035773817156045544,-0.046261970960766195
E02000230,Croydon 037,2025,156,156,4890975.0,14000.0,25546.210000000003,75.2,2,0.0128205128205128,166,5986000.0,16250.0,38070.85,77.99,0.0783132530120482,-0.060240963855421686,-0.18293100567991982,-0.13846153846153847,-0.32898241042687504,-0.035773817156045544,-0.06549274019153539
E02000231,Croydon 038,2023,23,23,366800.0,11250.0,3493.3,83.92,0,0.0,21,354400.0,10250.0,3314.42,83.92,0.1904761904761904,0.09523809523809523,0.034988713318284424,0.0975609756097561,0.053970227068386056,0.0,-0.1904761904761904
E02000231,Croydon 038,2024,20,20,369150.0,12250.0,3291.77,87.21000000000001,0,0.0,21,354400.0,10250.0,3314.42,83.92,0.1904761904761904,-0.047619047619047616,0.0416196388261851,0.1951219512195122,-0.0068337748384332975,0.03920400381315546,-0.1904761904761904
E02000231,Croydon 038,2025,20,20,369150.0,12250.0,3291.77,87.21000000000001,0,0.0,21,354400.0,10250.0,3314.42,83.92,0.1904761904761904,-0.047619047619047616,0.0416196388261851,0.1951219512195122,-0.0068337748384332975,0.03920400381315546,-0.1904761904761904
E02000232,Croydon 039,2023,40,40,1302500.0,13375.0,8744.61,75.9,2,0.05,38,1306450.0,13500.0,8406.789999999999,72.24000000000001,0.0263157894736842,0.05263157894736842,-0.003023460522790769,-0.009259259259259259,0.040184184450902376,0.05066445182724247,0.023684210526315804
E02000232,Croydon 039,2024,38,38,1421500.0,14125.0,7667.08,72.24000000000001,0,0.0,38,1306450.0,13500.0,8406.789999999999,72.24000000000001,0.0263157894736842,0.0,0.08806307168280454,0.046296296296296294,-0.08798958936764202,0.0,-0.0263157894736842
E02000232,Croydon 039,2025,38,38,1421500.0,14125.0,7667.08,72.24000000000001,0,0.0,38,1306450.0,13500.0,8406.789999999999,72.24000000000001,0.0263157894736842,0.0,0.08806307168280454,0.046296296296296294,-0.08798958936764202,0.0,-0.0263157894736842
E02000233,Croydon 040,2023,37,37,296700.0,7700.0,2714.07,57.125,3,0.081081081081081,35,320160.0,8300.0,2647.55,59.7,0.0285714285714285,0.05714285714285714,-0.07327586206896551,-0.07228915662650602,0.02512511567298067,-0.04313232830820775,0.052509652509652505
E02000233,Croydon 040,2024,32,32,316575.0,7500.0,2301.3,59.7,1,0.03125,35,320160.0,8300.0,2647.55,59.7,0.0285714285714285,-0.08571428571428572,-0.011197526236881559,-0.0963855421686747,-0.13078128836093747,0.0,0.002678571428571499
E02000233,Croydon 040,2025,32,32,323075.0,7725.0,2328.5,59.7,0,0.0,35,320160.0,8300.0,2647.55,59.7,0.0285714285714285,-0.08571428571428572,0.009104822588705647,-0.06927710843373494,-0.12050763913807111,0.0,-0.0285714285714285
E02000234,Croydon 041,2023,184,184,3327595.0,10250.0,30763.84,75.13,9,0.0489130434782608,177,3422095.0,10250.0,30173.03,75.22,0.0564971751412429,0.03954802259887006,-0.027614662947697245,0.0,0.0195807315340886,-0.0011964902951343182,-0.007584131662982101
E02000234,Croydon 041,2024,162,162,3551830.0,11750.0,25797.27,72.81,3,0.0185185185185185,177,3422095.0,10250.0,30173.03,75.22,0.0564971751412429,-0.0847457627118644,0.03791098727533865,0.14634146341463414,-0.14502222680320798,-0.03203935123637326,-0.0379786566227244
E02000234,Croydon 041,2025,162,162,3523635.0,11750.0,26230.67,73.99,2,0.0123456790123456,177,3422095.0,10250.0,30173.03,75.22,0.0564971751412429,-0.0847457627118644,0.029671882282636806,0.14634146341463414,-0.13065840586775676,-0.016352034033501783,-0.0441514961288973
E02000235,Croydon 042,2023,17,17,188700.0,8750.0,1639.14,67.4,1,0.0588235294117647,17,207300.0,9000.0,1639.14,67.4,0.0588235294117647,0.0,-0.08972503617945007,-0.027777777777777776,0.0,0.0,0.0
E02000235,Croydon 042,2024,16,16,185350.0,9700.0,1516.04,61.2,1,0.0625,17,207300.0,9000.0,1639.14,67.4,0.0588235294117647,-0.058823529411764705,-0.10588519054510372,0.07777777777777778,-0.07510035750454515,-0.09198813056379826,0.003676470588235302
E02000235,Croydon 042,2025,16,16,185350.0,9700.0,1516.04,61.2,1,0.0625,17,207300.0,9000.0,1639.14,67.4,0.0588235294117647,-0.058823529411764705,-0.10588519054510372,0.07777777777777778,-0.07510035750454515,-0.09198813056379826,0.003676470588235302
E02000236,Croydon 043,2023,27,27,544700.0,10025.0,5452.59,62.88,1,0.037037037037037,26,555150.0,10250.0,5403.39,63.14,0.0,0.038461538461538464,-0.018823741331171755,-0.02195121951219512,0.00910539494650577,-0.004117833386126038,0.037037037037037
E02000236,Croydon 043,2024,26,26,543150.0,9150.0,5403.39,63.14,0,0.0,26,555150.0,10250.0,5403.39,63.14,0.0,0.0,-0.021615779519048906,-0.1073170731707317,0.0,0.0,0.0
E02000236,Croydon 043,2025,26,26,543150.0,9150.0,5403.39,63.14,0,0.0,26,555150.0,10250.0,5403.39,63.14,0.0,0.0,-0.021615779519048906,-0.1073170731707317,0.0,0.0,0.0
E02000237,Croydon 044,2023,33,33,482500.0,8950.0,1863.95,54.27,1,0.0303030303030303,31,378100.0,8900.0,1838.86,55.885000000000005,0.032258064516129,0.06451612903225806,0.2761174292515208,0.0056179775280898875,0.013644323113233279,-0.028898631117473417,-0.0019550342130986963
E02000237,Croydon 044,2024,32,32,422875.0,8750.0,1838.86,55.885000000000005,1,0.03125,31,378100.0,8900.0,1838.86,55.885000000000005,0.032258064516129,0.03225806451612903,0.11842105263157894,-0.016853932584269662,0.0,0.0,-0.0010080645161289967
E02000237,Croydon 044,2025,32,32,422875.0,8750.0,1838.86,55.885000000000005,1,0.03125,31,378100.0,8900.0,1838.86,55.885000000000005,0.032258064516129,0.03225806451612903,0.11842105263157894,-0.016853932584269662,0.0,0.0,-0.0010080645161289967
E02000238,Ealing 001,2023,66,66,890950.0,12750.0,5672.55,63.58,1,0.0151515151515151,61,885350.0,12500.0,4957.75,62.74,0.0327868852459016,0.08196721311475409,0.006325182131360479,0.02,0.14417830669154358,0.01338858782276054,-0.0176353700943865
E02000238,Ealing 001,2024,54,54,888500.0,13125.0,4286.9,64.0,1,0.0185185185185185,61,885350.0,12500.0,4957.75,62.74,0.0327868852459016,-0.11475409836065574,0.0035579149488902694,0.05,-0.13531339821491611,0.020082881734140866,-0.0142683667273831
E02000238,Ealing 001,2025,56,56,888500.0,13125.0,4399.8,63.58,1,0.0178571428571428,61,885350.0,12500.0,4957.75,62.74,0.0327868852459016,-0.08196721311475409,0.0035579149488902694,0.05,-0.11254097120669655,0.01338858782276054,-0.014929742388758799
E02000239,Ealing 002,2023,89,89,947300.0,9600.0,8046.56,62.825,8,0.0898876404494382,84,939500.0,9600.0,7386.99,63.55,0.0714285714285714,0.05952380952380952,0.008302288451303885,0.0,0.08928805914181563,-0.011408339889850422,0.018459069020866803
E02000239,Ealing 002,2024,76,76,1063100.0,11500.0,7204.89,62.03,4,0.0526315789473684,84,939500.0,9600.0,7386.99,63.55,0.0714285714285714,-0.09523809523809523,0.13155934007450773,0.19791666666666666,-0.0246514480187464,-0.02391817466561756,-0.018796992481203
E02000239,Ealing 002,2025,75,75,1062900.0,11500.0,7203.89,62.065,6,0.08,84,939500.0,9600.0,7386.99,63.55,0.0714285714285714,-0.10714285714285714,0.13134646088344865,0.19791666666666666,-0.024786821154489103,-0.023367427222659314,0.008571428571428605
E02000240,Ealing 003,2023,26,26,339050.0,8000.0,1948.44,59.74,1,0.0384615384615384,22,383850.0,9050.0,1630.26,59.74,0.0454545454545454,0.18181818181818182,-0.1167122573922105,-0.11602209944751381,0.19517132236575765,0.0,-0.006993006993006999
E02000240,Ealing 003,2024,21,21,311950.0,9000.0,1445.18,59.195,1,0.0476190476190476,22,383850.0,9050.0,1630.26,59.74,0.0454545454545454,-0.045454545454545456,-0.1873127523772307,-0.0055248618784530384,-0.11352790352459112,-0.009122865751590253,0.0021645021645022022
E02000240,Ealing 003,2025,21,21,311950.0,9000.0,1445.18,59.195,0,0.0,22,383850.0,9050.0,1630.26,59.74,0.0454545454545454,-0.045454545454545456,-0.1873127523772307,-0.0055248618784530384,-0.11352790352459112,-0.009122865751590253,-0.0454545454545454
E02000241,Ealing 004,2023,55,55,928000.0,9750.0,6708.58,58.425,1,0.0181818181818181,54,939550.0,9750.0,6596.63,58.05,0.0,0.018518518518518517,-0.012293119046351978,0.0,0.016970786598611686,0.006459948320413437,0.0181818181818181
E02000241,Ealing 004,2024,57,57,1026000.0,10375.0,9216.92,59.4,0,0.0,54,939550.0,9750.0,6596.63,58.05,0.0,0.05555555555555555,0.09201213346814964,0.0641025641025641,0.39721645749420537,0.023255813953488396,0.0
E02000241,Ealing 004,2025,55,55,1025600.0,10500.0,9214.92,60.73,0,0.0,54,939550.0,9750.0,6596.63,58.05,0.0,0.018518518518518517,0.09158639774360065,0.07692307692307693,0.3969132723830198,0.046167097329888024,0.0
E02000242,Ealing 005,2023,66,66,821850.0,11875.0,5731.06,63.215,2,0.0303030303030303,62,780225.0,11750.0,4838.66,61.1,0.032258064516129,0.06451612903225806,0.05334999519369413,0.010638297872340425,0.1844312268272622,0.034615384615384645,-0.0019550342130986963
E02000242,Ealing 005,2024,56,56,1005650.0,14500.0,5230.34,65.455,0,0.0,62,780225.0,11750.0,4838.66,61.1,0.032258064516129,-0.0967741935483871,0.28892306706398796,0.23404255319148937,0.08094803106645235,0.0712765957446808,-0.032258064516129
E02000242,Ealing 005,2025,55,55,1005450.0,14500.0,5229.34,65.6,0,0.0,62,780225.0,11750.0,4838.66,61.1,0.032258064516129,-0.11290322580645161,0.288666730750745,0.23404255319148937,0.08074136227798612,0.07364975450081822,-0.032258064516129
E02000243,Ealing 006,2023,79,79,4430273.0,11375.0,24444.48,99.385,3,0.0379746835443038,75,3464023.0,10000.0,19377.54,94.16,0.0533333333333333,0.05333333333333334,0.27893867910230385,0.1375,0.26148520400422337,0.055490654205607566,-0.015358649789029503
E02000243,Ealing 006,2024,57,57,5609588.0,13250.0,19917.24,103.01,1,0.0175438596491228,75,3464023.0,10000.0,19377.54,94.16,0.0533333333333333,-0.24,0.6193853216332571,0.325,0.027851832585560433,0.09398895497026348,-0.0357894736842105
E02000243,Ealing 006,2025,57,57,5608088.0,13250.0,19912.13,103.01,1,0.0175438596491228,75,3464023.0,10000.0,19377.54,94.16,0.0533333333333333,-0.24,0.6189522991042496,0.325,0.027588125221261323,0.09398895497026348,-0.0357894736842105
E02000244,Ealing 007,2023,100,100,2676825.0,6100.0,20584.87,60.45,6,0.06,62,3490675.0,7200.0,20590.64,74.435,0.064516129032258,0.6129032258064516,-0.2331497489740523,-0.1527777777777778,-0.00028022441264576704,-0.18788204473701886,-0.0045161290322579956
E02000244,Ealing 007,2024,82,82,2575050.0,7450.0,14460.09,59.32,4,0.048780487804878,62,3490675.0,7200.0,20590.64,74.435,0.064516129032258,0.3225806451612903,-0.2623060009883475,0.034722222222222224,-0.29773479600439806,-0.20306307516625247,-0.01573564122737999
E02000244,Ealing 007,2025,79,79,2526850.0,7900.0,14039.65,58.81,2,0.0253164556962025,62,3490675.0,7200.0,20590.64,74.435,0.064516129032258,0.27419354838709675,-0.2761142185966898,0.09722222222222222,-0.3181537824953474,-0.20991469066971183,-0.03919967333605549
E02000245,Ealing 008,2023,21,21,648200.0,8900.0,5595.99,74.625,1,0.0476190476190476,18,285700.0,8600.0,1646.29,70.765,0.0,0.16666666666666666,1.2688134406720335,0.03488372093023256,2.3991520327524314,0.054546739207235205,0.0476190476190476
E02000245,Ealing 008,2024,19,19,717400.0,9800.0,3613.63,71.3,1,0.0526315789473684,18,285700.0,8600.0,1646.29,70.765,0.0,0.05555555555555555,1.5110255512775639,0.13953488372093023,1.1950142441489653,0.007560234579241102,0.0526315789473684
E02000245,Ealing 008,2025,19,19,717400.0,9800.0,3613.63,71.3,1,0.0526315789473684,18,285700.0,8600.0,1646.29,70.765,0.0,0.05555555555555555,1.5110255512775639,0.13953488372093023,1.1950142441489653,0.007560234579241102,0.0526315789473684
E02000246,Ealing 009,2023,37,37,443300.0,11750.0,5880.3,76.14,2,0.054054054054054,35,443700.0,12250.0,5719.63,74.67500000000001,0.0857142857142857,0.05714285714285714,-0.000901510029299076,-0.04081632653061224,0.028090977912906965,0.019618346166722315,-0.0316602316602317
E02000246,Ealing 009,2024,33,33,498400.0,13750.0,3659.42,74.67500000000001,2,0.0606060606060606,35,443700.0,12250.0,5719.63,74.67500000000001,0.0857142857142857,-0.05714285714285714,0.12328149650664863,0.12244897959183673,-0.3601998730687125,0.0,-0.0251082251082251
E02000246,Ealing 009,2025,33,33,498400.0,13750.0,3659.42,74.67500000000001,1,0.0303030303030303,35,443700.0,12250.0,5719.63,74.67500000000001,0.0857142857142857,-0.05714285714285714,0.12328149650664863,0.12244897959183673,-0.3601998730687125,0.0,-0.0554112554112554
E02000247,Ealing 010,2023,71,71,1067900.0,11500.0,7285.11,72.15,5,0.0704225352112676,61,1047450.0,14750.0,6324.38,71.935,0.0655737704918032,0.16393442622950818,0.019523604945343453,-0.22033898305084745,0.15190896182708813,0.00298880934176692,0.004848764719464396
E02000247,Ealing 010,2024,67,67,1176600.0,14125.0,6825.13,71.935,5,0.0746268656716417,61,1047450.0,14750.0,6324.38,71.935,0.0655737704918032,0.09836065573770492,0.12329944150078763,-0.0423728813559322,0.07917772176877418,0.0,0.009053095179838502
E02000247,Ealing 010,2025,66,66,1176400.0,14250.0,6824.13,72.1,5,0.0757575757575757,61,1047450.0,14750.0,6324.38,71.935,0.0655737704918032,0.08196721311475409,0.12310850159912168,-0.03389830508474576,0.07901960350263583,0.0022937374018209777,0.010183805265772505
E02000248,Ealing 011,2023,78,78,3133150.0,18000.0,24178.3,106.3,6,0.0769230769230769,72,2932150.0,18000.0,17342.62,102.16,0.0138888888888888,0.08333333333333333,0.06855038111965622,0.0,0.3941549777369279,0.04052466718872358,0.0630341880341881
E02000248,Ealing 011,2024,73,73,3519200.0,19750.0,20847.01,106.245,4,0.0547945205479452,72,2932150.0,18000.0,17342.62,102.16,0.0138888888888888,0.013888888888888888,0.200211448936787,0.09722222222222222,0.20206808429176212,0.039986296006264764,0.040905631659056405
E02000248,Ealing 011,2025,72,72,3519000.0,19750.0,20846.01,106.3,4,0.0555555555555555,72,2932150.0,18000.0,17342.62,102.16,0.0138888888888888,0.0,0.20014323960233957,0.09722222222222222,0.2020104228772815,0.04052466718872358,0.0416666666666667
E02000249,Ealing 012,2023,195,195,4409775.0,20000.0,26653.51,75.9,8,0.041025641025641,181,4447075.0,20375.0,25129.06,74.74000000000001,0.0165745856353591,0.07734806629834254,-0.008387535627350562,-0.018404907975460124,0.06066482391303125,0.015520470966015472,0.024451055390281896
E02000249,Ealing 012,2024,182,182,5028275.0,22250.0,24232.65,74.22,6,0.0329670329670329,181,4447075.0,20375.0,25129.06,74.74000000000001,0.0165745856353591,0.0055248618784530384,0.13069264628997712,0.09202453987730061,-0.03567224559931807,-0.006957452502007093,0.016392447331673797
E02000249,Ealing 012,2025,182,182,4893275.0,22250.0,24483.55,74.64,9,0.0494505494505494,181,4447075.0,20375.0,25129.06,74.74000000000001,0.0165745856353591,0.0055248618784530384,0.10033561385854747,0.09202453987730061,-0.02568778935622749,-0.001337971635001452,0.0328759638151903
E02000250,Ealing 013,2023,73,73,974350.0,12125.0,5609.41,69.94,2,0.0273972602739726,70,974550.0,12000.0,5436.76,68.7,0.0142857142857142,0.04285714285714286,-0.00020522292340054385,0.010416666666666666,0.031756045880266856,0.018049490538573434,0.013111545988258401
E02000250,Ealing 013,2024,66,66,1059350.0,13500.0,5049.06,67.14,2,0.0303030303030303,70,974550.0,12000.0,5436.76,68.7,0.0142857142857142,-0.05714285714285714,0.08701451952183059,0.125,-0.07131085425878644,-0.02270742358078606,0.0160173160173161
E02000250,Ealing 013,2025,66,66,1045850.0,13500.0,5049.06,67.14,3,0.0454545454545454,70,974550.0,12000.0,5436.76,68.7,0.0142857142857142,-0.05714285714285714,0.07316197219229388,0.125,-0.07131085425878644,-0.02270742358078606,0.0311688311688312
E02000251,Ealing 014,2023,63,63,776400.0,10500.0,6801.67,70.19999999999999,1,0.0158730158730158,58,750150.0,10250.0,6495.89,72.1,0.0172413793103448,0.08620689655172414,0.03499300139972006,0.024390243902439025,0.04707284144281996,-0.0263522884882109,-0.0013683634373290003
E02000251,Ealing 014,2024,59,59,838700.0,11000.0,6550.26,70.19999999999999,2,0.0338983050847457,58,750150.0,10250.0,6495.89,72.1,0.0172413793103448,0.017241379310344827,0.11804305805505566,0.07317073170731707,0.008369907741664328,-0.0263522884882109,0.0166569257744009
E02000251,Ealing 014,2025,59,59,839450.0,11000.0,6550.26,70.19999999999999,2,0.0338983050847457,58,750150.0,10250.0,6495.89,72.1,0.0172413793103448,0.017241379310344827,0.11904285809504765,0.07317073170731707,0.008369907741664328,-0.0263522884882109,0.0166569257744009
E02000252,Ealing 015,2023,181,181,8450860.0,11500.0,74306.17,87.39,25,0.1381215469613259,164,9071710.0,11750.0,57228.52,82.64,0.0853658536585365,0.10365853658536585,-0.06843803428460565,-0.02127659574468085,0.29841152628095224,0.057478218780251694,0.0527556933027894
E02000252,Ealing 015,2024,162,162,9314520.0,13000.0,48404.53,92.53,18,0.1111111111111111,164,9071710.0,11750.0,57228.52,82.64,0.0853658536585365,-0.012195121951219513,0.026765626326238384,0.10638297872340426,-0.1541886807486896,0.11967570183930301,0.02574525745257461
E02000252,Ealing 015,2025,163,163,9371320.0,13250.0,48570.14,91.065,18,0.1104294478527607,164,9071710.0,11750.0,57228.52,82.64,0.0853658536585365,-0.006097560975609756,0.03302684940325473,0.1276595744680851,-0.1512948438995102,0.10194820909970954,0.0250635941942242
E02000253,Ealing 016,2023,19,19,334850.0,14500.0,1665.89,67.56,1,0.0526315789473684,19,335350.0,15000.0,1667.12,67.56,0.1052631578947368,0.0,-0.001490979573579842,-0.03333333333333333,-0.0007377993185852193,0.0,-0.0526315789473684
E02000253,Ealing 016,2024,19,19,369500.0,16000.0,1665.89,67.56,1,0.0526315789473684,19,335350.0,15000.0,1667.12,67.56,0.1052631578947368,0.0,0.1018339048755032,0.06666666666666667,-0.0007377993185852193,0.0,-0.0526315789473684
E02000253,Ealing 016,2025,19,19,335500.0,17250.0,1665.89,67.56,2,0.1052631578947368,19,335350.0,15000.0,1667.12,67.56,0.1052631578947368,0.0,0.0004472938720739526,0.15,-0.0007377993185852193,0.0,0.0
E02000254,Ealing 017,2023,48,48,742025.0,13125.0,4952.72,67.98500000000001,1,0.0208333333333333,44,740175.0,13125.0,4647.58,67.98500000000001,0.0227272727272727,0.09090909090909091,0.002499408923565373,0.0,0.06565567456611836,0.0,-0.0018939393939393992
E02000254,Ealing 017,2024,44,44,818625.0,15125.0,4681.1,67.98500000000001,1,0.0227272727272727,44,740175.0,13125.0,4647.58,67.98500000000001,0.0227272727272727,0.0,0.10598844867767758,0.1523809523809524,0.0072123556775785325,0.0,0.0
E02000254,Ealing 017,2025,43,43,818425.0,15250.0,4680.1,68.18,1,0.0232558139534883,44,740175.0,13125.0,4647.58,67.98500000000001,0.0227272727272727,-0.022727272727272728,0.1057182423075624,0.1619047619047619,0.006997189935407338,0.0028682797675956924,0.0005285412262155988
E02000255,Ealing 018,2023,14,14,379050.0,13750.0,1582.85,54.92,3,0.2142857142857142,14,428150.0,10375.0,1582.85,54.92,0.1428571428571428,0.0,-0.11467943477753124,0.3253012048192771,0.0,0.0,0.0714285714285714
E02000255,Ealing 018,2024,7,7,343500.0,12000.0,705.05,55.63,0,0.0,14,428150.0,10375.0,1582.85,54.92,0.1428571428571428,-0.5,-0.19771108256452177,0.1566265060240964,-0.5545692895726064,0.012927895120174815,-0.1428571428571428
E02000255,Ealing 018,2025,7,7,330500.0,12000.0,705.05,55.63,0,0.0,14,428150.0,10375.0,1582.85,54.92,0.1428571428571428,-0.5,-0.22807427303515124,0.1566265060240964,-0.5545692895726064,0.012927895120174815,-0.1428571428571428
E02000256,Ealing 019,2023,93,93,1796525.0,12500.0,9995.61,57.74,5,0.053763440860215,67,1776950.0,13750.0,7744.04,69.02,0.0597014925373134,0.3880597014925373,0.011016066856129885,-0.09090909090909091,0.2907487564630349,-0.16343088959721813,-0.005938051677098398
E02000256,Ealing 019,2024,67,67,1598900.0,15500.0,7630.54,71.895,4,0.0597014925373134,67,1776950.0,13750.0,7744.04,69.02,0.0597014925373134,0.0,-0.10019978052280593,0.12727272727272726,-0.014656432559749175,0.04165459287163142,0.0
E02000256,Ealing 019,2025,69,69,1534700.0,15500.0,7585.04,69.675,4,0.0579710144927536,67,1776950.0,13750.0,7744.04,69.02,0.0597014925373134,0.029850746268656716,-0.13632910323869551,0.12727272727272726,-0.020531918740089153,0.009490002897710825,-0.001730478044559794
E02000258,Ealing 021,2023,24,24,312950.0,8650.0,1910.99,61.2,0,0.0,23,220450.0,8600.0,1455.21,56.24,0.0434782608695652,0.043478260869565216,0.41959628033567703,0.005813953488372093,0.31320565416675256,0.08819345661450925,-0.0434782608695652
E02000258,Ealing 021,2024,22,22,330400.0,10150.0,1894.92,66.405,0,0.0,23,220450.0,8600.0,1455.21,56.24,0.0434782608695652,-0.043478260869565216,0.49875255159900206,0.18023255813953487,0.3021625744737873,0.18074324324324323,-0.0434782608695652
E02000258,Ealing 021,2025,22,22,330400.0,10150.0,1894.92,66.405,0,0.0,23,220450.0,8600.0,1455.21,56.24,0.0434782608695652,-0.043478260869565216,0.49875255159900206,0.18023255813953487,0.3021625744737873,0.18074324324324323,-0.0434782608695652
E02000259,Ealing 022,2023,70,70,838300.0,12000.0,4534.28,55.9,6,0.0857142857142857,69,885450.0,12000.0,4437.28,55.78,0.0579710144927536,0.014492753623188406,-0.053249760009034953,0.0,0.021860238704792125,0.002151308712800241,0.027743271221532098
E02000259,Ealing 022,2024,67,67,928250.0,13250.0,4277.42,54.93,4,0.0597014925373134,69,885450.0,12000.0,4437.28,55.78,0.0579710144927536,-0.028985507246376812,0.04833700378338698,0.10416666666666667,-0.036026574838639816,-0.015238436715668723,0.001730478044559794
E02000259,Ealing 022,2025,68,68,936000.0,13125.0,4302.65,54.825,6,0.088235294117647,69,885450.0,12000.0,4437.28,55.78,0.0579710144927536,-0.014492753623188406,0.0570896154497713,0.09375,-0.030340659142537797,-0.017120831839368918,0.030264279624893392
E02000260,Ealing 023,2023,721,721,15268350.0,15250.0,49304.41,19.44,88,0.1220527045769764,648,15334160.0,15500.0,44878.91,17.99,0.1404320987654321,0.11265432098765432,-0.004291725141774966,-0.016129032258064516,0.09860979243925487,0.08060033351862163,-0.018379394188455717
E02000260,Ealing 023,2024,597,597,17938570.0,16750.0,44043.08,21.415,47,0.0787269681742043,648,15334160.0,15500.0,44878.91,17.99,0.1404320987654321,-0.0787037037037037,0.16984366929782915,0.08064516129032258,-0.018624115425263262,0.19038354641467486,-0.061705130591227814
E02000260,Ealing 023,2025,648,648,18120145.0,16750.0,45459.88,17.97,52,0.0802469135802469,648,15334160.0,15500.0,44878.91,17.99,0.1404320987654321,0.0,0.18168487872827727,0.08064516129032258,0.01294527875119948,-0.0011117287381878585,-0.06018518518518522
E02000261,Ealing 024,2023,83,83,1705300.0,9400.0,18286.22,66.3,5,0.0602409638554216,80,1296150.0,9400.0,16142.23,66.33500000000001,0.05,0.0375,0.3156656251205493,0.0,0.13281869977072572,-0.000527624934047046,0.0102409638554216
E02000261,Ealing 024,2024,79,79,1875900.0,10250.0,10214.12,65.96,3,0.0379746835443038,80,1296150.0,9400.0,16142.23,66.33500000000001,0.05,-0.0125,0.44728619372757783,0.09042553191489362,-0.36724232029899206,-0.005653124293359677,-0.012025316455696204
E02000261,Ealing 024,2025,79,79,1873300.0,10250.0,12285.42,66.255,2,0.0253164556962025,80,1296150.0,9400.0,16142.23,66.33500000000001,0.05,-0.0125,0.44528025305713076,0.09042553191489362,-0.2389267158255086,-0.0012059998492502072,-0.024683544303797503
E02000262,Ealing 025,2023,323,323,5819745.0,12250.0,41367.02,81.2,46,0.1424148606811145,295,5207595.0,12000.0,31889.13,81.05000000000001,0.1084745762711864,0.09491525423728814,0.11754946381198998,0.020833333333333332,0.29721381549136006,0.0018507094386180315,0.033940284409928106
E02000262,Ealing 025,2024,261,261,6567415.0,13875.0,33144.37,80.9,19,0.0727969348659003,295,5207595.0,12000.0,31889.13,81.05000000000001,0.1084745762711864,-0.1152542372881356,0.26112245671946455,0.15625,0.039362629209388954,-0.0018507094386182067,-0.03567764140528609
E02000262,Ealing 025,2025,261,261,6560415.0,13750.0,33324.21,80.9,18,0.0689655172413793,295,5207595.0,12000.0,31889.13,81.05000000000001,0.1084745762711864,-0.1152542372881356,0.25977826616701183,0.14583333333333334,0.04500216845050329,-0.0018507094386182067,-0.0395090590298071
E02000263,Ealing 026,2023,125,125,2867875.0,15875.0,15035.37,87.785,5,0.04,118,2859825.0,17500.0,14030.67,87.29,0.0338983050847457,0.059322033898305086,0.0028148575524726163,-0.09285714285714286,0.0716074143287527,0.0056707526635352305,0.006101694915254301
E02000263,Ealing 026,2024,119,119,3366525.0,16750.0,13163.0,85.0,5,0.042016806722689,118,2859825.0,17500.0,14030.67,87.29,0.0338983050847457,0.00847457627118644,0.1771786735202329,-0.04285714285714286,-0.06184095271287829,-0.026234391110092865,0.008118501637943303
E02000263,Ealing 026,2025,128,128,3499775.0,16500.0,13972.64,82.37,9,0.0703125,118,2859825.0,17500.0,14030.67,87.29,0.0338983050847457,0.0847457627118644,0.22377243362793178,-0.05714285714285714,-0.0041359393386061144,-0.05636384465574523,0.0364141949152543
E02000264,Ealing 027,2023,86,86,1561425.0,14500.0,9764.18,84.46000000000001,2,0.0232558139534883,85,1524425.0,14500.0,9377.93,84.42,0.0352941176470588,0.011764705882352941,0.02427144661101727,0.0,0.04118712764970521,0.0004738213693438315,-0.012038303693570503
E02000264,Ealing 027,2024,84,84,1661650.0,16000.0,9466.13,84.46000000000001,3,0.0357142857142857,85,1524425.0,14500.0,9377.93,84.42,0.0352941176470588,-0.011764705882352941,0.09001754759991472,0.10344827586206896,0.009405060605058782,0.0004738213693438315,0.0004201680672268962
E02000264,Ealing 027,2025,83,83,1661450.0,16125.0,9465.13,84.5,4,0.0481927710843373,85,1524425.0,14500.0,9377.93,84.42,0.0352941176470588,-0.023529411764705882,0.08988635059120652,0.11206896551724138,0.00929842726486537,0.0009476427386874946,0.012898653437278501
E02000265,Ealing 028,2023,297,297,6914710.0,17750.0,54106.86,80.14,35,0.1178451178451178,266,7348410.0,18000.0,52967.42,84.91,0.1240601503759398,0.11654135338345864,-0.05901957021995234,-0.013888888888888888,0.02151209177264066,-0.05617712872453181,-0.006215032530822007
E02000265,Ealing 028,2024,243,243,7253545.0,17000.0,38557.77,81.395,25,0.102880658436214,266,7348410.0,18000.0,52967.42,84.91,0.1240601503759398,-0.08646616541353383,-0.012909595409074888,-0.05555555555555555,-0.2720474208485141,-0.0413967730538217,-0.021179491939725806
E02000265,Ealing 028,2025,247,247,7141895.0,16625.0,43312.72,80.695,18,0.0728744939271255,266,7348410.0,18000.0,52967.42,84.91,0.1240601503759398,-0.07142857142857142,-0.02810335841358879,-0.0763888888888889,-0.1822761992183119,-0.04964079613708637,-0.0511856564488143
E02000266,Ealing 029,2023,71,71,1448150.0,8600.0,14758.05,60.3,7,0.0985915492957746,60,1461350.0,9150.0,14444.13,73.3,0.0333333333333333,0.18333333333333332,-0.009032743695897629,-0.060109289617486336,0.02173339619624028,-0.17735334242837655,0.0652582159624413
E02000266,Ealing 029,2024,68,68,1696400.0,10375.0,14168.03,60.1,7,0.1029411764705882,60,1461350.0,9150.0,14444.13,73.3,0.0333333333333333,0.13333333333333333,0.16084442467581345,0.13387978142076504,-0.01911503150414726,-0.18008185538881305,0.0696078431372549
E02000266,Ealing 029,2025,68,68,1693400.0,10375.0,14168.03,60.1,3,0.0441176470588235,60,1461350.0,9150.0,14444.13,73.3,0.0333333333333333,0.13333333333333333,0.15879152838129126,0.13387978142076504,-0.01911503150414726,-0.18008185538881305,0.0107843137254902
E02000267,Ealing 030,2023,190,190,2535215.0,11000.0,21868.03,64.72,14,0.0736842105263157,187,3378215.0,11125.0,21982.37,65.5,0.0267379679144385,0.016042780748663103,-0.24954006775767676,-0.011235955056179775,-0.005201440972925128,-0.011908396946564903,0.0469462426118772
E02000267,Ealing 030,2024,175,175,2888450.0,13000.0,15887.96,65.7,10,0.0571428571428571,187,3378215.0,11125.0,21982.37,65.5,0.0267379679144385,-0.06417112299465241,-0.14497745110953567,0.16853932584269662,-0.2772408070649343,0.00305343511450386,0.0304048892284186
E02000267,Ealing 030,2025,176,176,2977300.0,13000.0,16377.73,67.1,10,0.0568181818181818,187,3378215.0,11125.0,21982.37,65.5,0.0267379679144385,-0.058823529411764705,-0.11867657919937008,0.16853932584269662,-0.2549606798539011,0.024427480916030447,0.030080213903743304
E02000268,Ealing 031,2023,101,101,2233590.0,11000.0,11146.35,59.7,4,0.0396039603960396,93,2237540.0,11000.0,10618.85,59.82,0.032258064516129,0.08602150537634409,-0.0017653315694914952,0.0,0.049675812352561716,-0.0020060180541624445,0.007345895879910601
E02000268,Ealing 031,2024,90,90,2249090.0,11625.0,9474.74,59.65,4,0.0444444444444444,93,2237540.0,11000.0,10618.85,59.82,0.032258064516129,-0.03225806451612903,0.005161918893070068,0.056818181818181816,-0.10774330553685196,-0.0028418589100635524,0.012186379928315401
E02000268,Ealing 031,2025,90,90,2234840.0,11750.0,9474.52,59.65,4,0.0444444444444444,93,2237540.0,11000.0,10618.85,59.82,0.032258064516129,-0.03225806451612903,-0.0012066823386397561,0.06818181818181818,-0.107764023411198,-0.0028418589100635524,0.012186379928315401
E02000269,Ealing 032,2023,195,195,2656375.0,12750.0,13850.78,57.65,14,0.0717948717948717,180,2699900.0,13000.0,12207.15,56.77,0.0444444444444444,0.08333333333333333,-0.01612096744323864,-0.019230769230769232,0.1346448597748042,0.015501144970935273,0.02735042735042731
E02000269,Ealing 032,2024,172,172,2864050.0,14375.0,11967.95,56.04,7,0.0406976744186046,180,2699900.0,13000.0,12207.15,56.77,0.0444444444444444,-0.044444444444444446,0.060798548094373864,0.10576923076923077,-0.01959507337912608,-0.012858904350889624,-0.003746770025839799
E02000269,Ealing 032,2025,171,171,2850850.0,14500.0,11966.95,56.05,7,0.0409356725146198,180,2699900.0,13000.0,12207.15,56.77,0.0444444444444444,-0.05,0.055909478128819586,0.11538461538461539,-0.01967699258221607,-0.01268275497621994,-0.0035087719298246
E02000270,Ealing 033,2023,95,95,1147450.0,9600.0,15654.06,66.44,12,0.1263157894736842,92,1149075.0,9600.0,16383.28,66.88,0.0978260869565217,0.03260869565217391,-0.0014141809716511106,0.0,-0.04451001264704022,-0.006578947368421019,0.028489702517162485
E02000270,Ealing 033,2024,66,66,1064625.0,11125.0,8676.15,63.32,10,0.1515151515151515,92,1149075.0,9600.0,16383.28,66.88,0.0978260869565217,-0.2826086956521739,-0.07349389726519157,0.15885416666666666,-0.4704265568311108,-0.053229665071770266,0.05368906455862979
E02000270,Ealing 033,2025,66,66,1064625.0,11125.0,8676.15,63.32,10,0.1515151515151515,92,1149075.0,9600.0,16383.28,66.88,0.0978260869565217,-0.2826086956521739,-0.07349389726519157,0.15885416666666666,-0.4704265568311108,-0.053229665071770266,0.05368906455862979
E02000271,Ealing 034,2023,86,86,644885.0,8300.0,6618.57,51.8,13,0.1511627906976744,84,696785.0,8600.0,6524.43,54.48,0.1309523809523809,0.023809523809523808,-0.07448495590461907,-0.03488372093023256,0.014428846657868873,-0.04919236417033774,0.020210409745293506
E02000271,Ealing 034,2024,76,76,663395.0,8850.0,5377.95,46.61,10,0.131578947368421,84,696785.0,8600.0,6524.43,54.48,0.1309523809523809,-0.09523809523809523,-0.047920090128231806,0.029069767441860465,-0.1757210974751818,-0.14445668135095444,0.0006265664160400863
E02000271,Ealing 034,2025,76,76,663395.0,8850.0,5377.95,46.61,8,0.1052631578947368,84,696785.0,8600.0,6524.43,54.48,0.1309523809523809,-0.09523809523809523,-0.047920090128231806,0.029069767441860465,-0.1757210974751818,-0.14445668135095444,-0.02568922305764411
E02000272,Ealing 035,2023,32,32,574825.0,14250.0,3554.08,93.1,0,0.0,32,598725.0,14500.0,3857.49,94.0,0.03125,0.0,-0.039918159422105304,-0.017241379310344827,-0.07865477292228881,-0.009574468085106444,-0.03125
E02000272,Ealing 035,2024,34,34,635025.0,15750.0,3609.88,86.3,0,0.0,32,598725.0,14500.0,3857.49,94.0,0.03125,0.0625,0.060628836277088816,0.08620689655172414,-0.06418940813845264,-0.08191489361702131,-0.03125
E02000272,Ealing 035,2025,33,33,634825.0,16000.0,3608.88,93.1,0,0.0,32,598725.0,14500.0,3857.49,94.0,0.03125,0.03125,0.060294793102008436,0.10344827586206896,-0.06444864406647838,-0.009574468085106444,-0.03125
E02000275,Ealing 038,2023,117,117,1581350.0,10250.0,15032.67,69.995,7,0.0598290598290598,116,1758625.0,10250.0,14116.0,66.2,0.043103448275862,0.008620689655172414,-0.10080318430592082,0.0,0.06493836780957779,0.05732628398791543,0.016725611553197794
E02000275,Ealing 038,2024,106,106,1775775.0,12000.0,12151.26,64.7,3,0.0283018867924528,116,1758625.0,10250.0,14116.0,66.2,0.043103448275862,-0.08620689655172414,0.00975193688250764,0.17073170731707318,-0.13918532162085576,-0.022658610271903322,-0.014801561483409203
E02000275,Ealing 038,2025,111,111,1761075.0,11125.0,12157.26,62.68,4,0.036036036036036,116,1758625.0,10250.0,14116.0,66.2,0.043103448275862,-0.04310344827586207,0.0013931338403582343,0.08536585365853659,-0.13876027203173702,-0.05317220543806651,-0.007067412239826001
E02000276,Ealing 039,2023,122,122,1730120.0,11750.0,7809.21,58.7,5,0.040983606557377,115,1741570.0,12500.0,7395.23,60.82,0.017391304347826,0.06086956521739131,-0.0065745275814351415,-0.06,0.05597932721497512,-0.034856954949029885,0.023592302209550997
E02000276,Ealing 039,2024,111,111,1636020.0,12250.0,7065.72,56.81,4,0.036036036036036,115,1741570.0,12500.0,7395.23,60.82,0.017391304347826,-0.034782608695652174,-0.060606234604408664,-0.02,-0.0445570996439596,-0.0659322591252877,0.01864473168821
E02000276,Ealing 039,2025,112,112,1635820.0,12250.0,7268.37,57.785,5,0.0446428571428571,115,1741570.0,12500.0,7395.23,60.82,0.017391304347826,-0.02608695652173913,-0.06072107351412806,-0.02,-0.017154300812821193,-0.04990134824071035,0.027251552795031102
E02000277,Enfield 001,2023,33,33,456525.0,11000.0,3208.6,65.9,0,0.0,33,458525.0,11000.0,3212.2,65.9,0.0,0.0,-0.004361812333024372,0.0,-0.0011207272274453364,0.0,0.0
E02000277,Enfield 001,2024,33,33,467200.0,12375.0,3208.6,65.9,0,0.0,33,458525.0,11000.0,3212.2,65.9,0.0,0.0,0.018919360994493213,0.125,-0.0011207272274453364,0.0,0.0
E02000277,Enfield 001,2025,33,33,467200.0,12375.0,3208.6,65.9,0,0.0,33,458525.0,11000.0,3212.2,65.9,0.0,0.0,0.018919360994493213,0.125,-0.0011207272274453364,0.0,0.0
E02000278,Enfield 002,2023,99,99,1735950.0,11625.0,12829.36,74.1,0,0.0,96,1777700.0,11625.0,12705.92,73.4,0.0,0.03125,-0.02348540248635878,0.0,0.009715156399536634,0.009536784741144258,0.0
E02000278,Enfield 002,2024,93,93,1786300.0,11750.0,10453.86,73.4,0,0.0,96,1777700.0,11625.0,12705.92,73.4,0.0,-0.03125,0.004837711649884682,0.010752688172043012,-0.17724493779277686,0.0,0.0
E02000278,Enfield 002,2025,93,93,1787050.0,11750.0,10448.01,73.4,0,0.0,96,1777700.0,11625.0,12705.92,73.4,0.0,-0.03125,0.005259605107723463,0.010752688172043012,-0.17770535309525007,0.0,0.0
E02000279,Enfield 003,2023,74,74,886850.0,10000.0,5662.57,69.3,0,0.0,70,900900.0,10000.0,5272.46,69.3,0.0,0.05714285714285714,-0.015595515595515596,0.0,0.07399012984451274,0.0,0.0
E02000279,Enfield 003,2024,68,68,756200.0,9600.0,5283.89,69.62,0,0.0,70,900900.0,10000.0,5272.46,69.3,0.0,-0.02857142857142857,-0.1606171606171606,-0.04,0.0021678685091969007,0.004617604617604724,0.0
E02000279,Enfield 003,2025,68,68,728450.0,9350.0,5283.89,69.62,0,0.0,70,900900.0,10000.0,5272.46,69.3,0.0,-0.02857142857142857,-0.19141969141969142,-0.065,0.0021678685091969007,0.004617604617604724,0.0
E02000280,Enfield 004,2023,185,185,3084080.0,9700.0,67581.87,71.065,0,0.0,168,3188155.0,9800.0,64634.2,72.41,0.0,0.10119047619047619,-0.03264427231423817,-0.01020408163265306,0.04560542251625298,-0.01857478248860653,0.0
E02000280,Enfield 004,2024,170,170,3240450.0,10750.0,61574.12,68.11,0,0.0,168,3188155.0,9800.0,64634.2,72.41,0.0,0.011904761904761904,0.016402903873870625,0.09693877551020408,-0.04734459465731756,-0.05938406297472721,0.0
E02000280,Enfield 004,2025,175,175,3235350.0,10750.0,66742.95,68.7,0,0.0,168,3188155.0,9800.0,64634.2,72.41,0.0,0.041666666666666664,0.014803232590636277,0.09693877551020408,0.03262591631056005,-0.05123601712470645,0.0
E02000281,Enfield 005,2023,38,38,958950.0,10000.0,11669.08,84.77,0,0.0,38,983500.0,9900.0,11756.06,84.77,0.0,0.0,-0.02496187086934418,0.010101010101010102,-0.007398737332065298,0.0,0.0
E02000281,Enfield 005,2024,33,33,792750.0,11000.0,11361.09,100.82,0,0.0,38,983500.0,9900.0,11756.06,84.77,0.0,-0.13157894736842105,-0.19395017793594305,0.1111111111111111,-0.033597140538581746,0.18933584994691516,0.0
E02000281,Enfield 005,2025,33,33,807750.0,11000.0,11361.09,100.82,0,0.0,38,983500.0,9900.0,11756.06,84.77,0.0,-0.13157894736842105,-0.17869852567361463,0.1111111111111111,-0.033597140538581746,0.18933584994691516,0.0
E02000282,Enfield 006,2023,162,162,2557810.0,14750.0,15467.85,59.35,0,0.0,153,2575835.0,14250.0,14445.28,59.4,0.0,0.058823529411764705,-0.006997730832914375,0.03508771929824561,0.07078921280861289,-0.0008417508417507939,0.0
E02000282,Enfield 006,2024,146,146,2490890.0,14250.0,13675.94,59.115,0,0.0,153,2575835.0,14250.0,14445.28,59.4,0.0,-0.0457516339869281,-0.03297765578928775,0.0,-0.05325891917636765,-0.00479797979797974,0.0
E02000282,Enfield 006,2025,146,146,2468065.0,14250.0,13675.94,59.115,0,0.0,153,2575835.0,14250.0,14445.28,59.4,0.0,-0.0457516339869281,-0.041838860020148805,0.0,-0.05325891917636765,-0.00479797979797974,0.0
E02000283,Enfield 007,2023,29,29,471950.0,9150.0,3356.38,61.55,0,0.0,28,396600.0,9100.0,2982.77,56.9,0.0,0.03571428571428571,0.1899899142713061,0.005494505494505495,0.12525605393644168,0.08172231985940244,0.0
E02000283,Enfield 007,2024,29,29,476950.0,8950.0,3396.32,61.55,0,0.0,28,396600.0,9100.0,2982.77,56.9,0.0,0.03571428571428571,0.20259707513867878,-0.016483516483516484,0.138646291869638,0.08172231985940244,0.0
E02000283,Enfield 007,2025,29,29,476650.0,8900.0,3388.89,59.325,0,0.0,28,396600.0,9100.0,2982.77,56.9,0.0,0.03571428571428571,0.2018406454866364,-0.02197802197802198,0.13615531871381295,0.04261862917398953,0.0
E02000284,Enfield 008,2023,203,203,4269500.0,11500.0,21679.15,76.815,0,0.0,195,4415500.0,12375.0,20419.02,78.1,0.0,0.041025641025641026,-0.03306533801381497,-0.0707070707070707,0.06171353963118705,-0.0164532650448143,0.0
E02000284,Enfield 008,2024,186,186,3777600.0,12250.0,18582.95,70.94,0,0.0,195,4415500.0,12375.0,20419.02,78.1,0.0,-0.046153846153846156,-0.14446835013022308,-0.010101010101010102,-0.08991959457407847,-0.09167733674775924,0.0
E02000284,Enfield 008,2025,190,190,3865100.0,12250.0,19049.28,72.775,0,0.0,195,4415500.0,12375.0,20419.02,78.1,0.0,-0.02564102564102564,-0.12465179481372438,-0.010101010101010102,-0.06708157394429319,-0.06818181818181804,0.0
E02000285,Enfield 009,2023,26,26,195080.0,6600.0,1544.69,50.845,0,0.0,27,219280.0,6700.0,1660.29,51.18,0.0,-0.037037037037037035,-0.11036118205034659,-0.014925373134328358,-0.069626390570322,-0.006545525595935929,0.0
E02000285,Enfield 009,2024,25,25,219250.0,9000.0,1366.16,50.51,0,0.0,27,219280.0,6700.0,1660.29,51.18,0.0,-0.07407407407407407,-0.00013681138270704122,0.34328358208955223,-0.1771557980834673,-0.013091051191871858,0.0
E02000285,Enfield 009,2025,25,25,207750.0,8800.0,1366.16,50.51,0,0.0,27,219280.0,6700.0,1660.29,51.18,0.0,-0.07407407407407407,-0.05258117475373951,0.31343283582089554,-0.1771557980834673,-0.013091051191871858,0.0
E02000286,Enfield 010,2023,35,35,779125.0,17500.0,3411.89,63.71,0,0.0,35,892625.0,17625.0,4566.55,64.33,0.0,0.0,-0.12715305979554684,-0.0070921985815602835,-0.25285171518980415,-0.009637805067620044,0.0
E02000286,Enfield 010,2024,31,31,756975.0,17750.0,3252.56,67.73,0,0.0,35,892625.0,17625.0,4566.55,64.33,0.0,-0.11428571428571428,-0.15196751155300378,0.0070921985815602835,-0.28774238757924475,0.05285247940307797,0.0
E02000286,Enfield 010,2025,32,32,756975.0,17750.0,3380.97,68.86500000000001,0,0.0,35,892625.0,17625.0,4566.55,64.33,0.0,-0.08571428571428572,-0.15196751155300378,0.0070921985815602835,-0.2596226910906484,0.0704958806155761,0.0
E02000287,Enfield 011,2023,108,108,2408025.0,21125.0,12559.64,98.9,0,0.0,104,2354300.0,21000.0,11974.24,98.9,0.0,0.038461538461538464,0.022819946480907276,0.005952380952380952,0.04888828017477515,0.0,0.0
E02000287,Enfield 011,2024,102,102,2752300.0,24500.0,11903.77,94.4,0,0.0,104,2354300.0,21000.0,11974.24,98.9,0.0,-0.019230769230769232,0.16905237225502273,0.16666666666666666,-0.005885133419740989,-0.045500505561172896,0.0
E02000287,Enfield 011,2025,102,102,2729550.0,24500.0,11866.38,91.01,0,0.0,104,2354300.0,21000.0,11974.24,98.9,0.0,-0.019230769230769232,0.1593892027354203,0.16666666666666666,-0.00900766979783273,-0.07977755308392316,0.0
E02000288,Enfield 012,2023,158,158,11118345.0,12000.0,98520.37,74.92,0,0.0,140,12856320.0,12250.0,57764.96,68.14,0.0,0.12857142857142856,-0.1351844851403823,-0.02040816326530612,0.7055386171824579,0.09950102729674201,0.0
E02000288,Enfield 012,2024,138,138,11326590.0,11500.0,58485.27,73.4,0,0.0,140,12856320.0,12250.0,57764.96,68.14,0.0,-0.014285714285714285,-0.11898661514336918,-0.061224489795918366,0.012469670194526192,0.07719401232756098,0.0
E02000288,Enfield 012,2025,140,140,11026590.0,11500.0,66464.21,73.4,0,0.0,140,12856320.0,12250.0,57764.96,68.14,0.0,0.0,-0.1423214419056153,-0.061224489795918366,0.15059735175095781,0.07719401232756098,0.0
E02000289,Enfield 013,2023,8,8,189750.0,6100.0,343.45,41.91,0,0.0,8,189750.0,6100.0,343.45,41.91,0.0,0.0,0.0,0.0,0.0,0.0,0.0
E02000289,Enfield 013,2024,8,8,182650.0,7000.0,343.45,41.91,0,0.0,8,189750.0,6100.0,343.45,41.91,0.0,0.0,-0.03741765480895916,0.14754098360655737,0.0,0.0,0.0
E02000289,Enfield 013,2025,9,9,183350.0,6900.0,350.04999999999995,41.855,0,0.0,8,189750.0,6100.0,343.45,41.91,0.0,0.125,-0.03372859025032938,0.13114754098360656,0.01921677100014548,-0.0013123359580052426,0.0
E02000290,Enfield 014,2023,49,49,1508730.0,6400.0,13880.18,63.46,0,0.0,36,1461530.0,6800.0,13276.3,66.28999999999999,0.0,0.3611111111111111,0.032294923812716814,-0.058823529411764705,0.04548556450215806,-0.04269120531000138,0.0
E02000290,Enfield 014,2024,49,49,1470235.0,6550.0,13978.53,62.67,0,0.0,36,1461530.0,6800.0,13276.3,66.28999999999999,0.0,0.3611111111111111,0.005956087114188556,-0.03676470588235294,0.052893501954610955,-0.05460853824106186,0.0
E02000290,Enfield 014,2025,50,50,1470235.0,6550.0,18338.68,63.065,0,0.0,36,1461530.0,6800.0,13276.3,66.28999999999999,0.0,0.3888888888888889,0.005956087114188556,-0.03676470588235294,0.38130955160699903,-0.04864987177553168,0.0
E02000291,Enfield 015,2023,283,283,12191200.0,19625.0,69830.4,96.15,0,0.0,268,13365350.0,19875.0,70114.8,96.495,0.0,0.055970149253731345,-0.0878502994684015,-0.012578616352201259,-0.00405620496671186,-0.003575314783149374,0.0
E02000291,Enfield 015,2024,256,256,10413775.0,21000.0,66253.9,96.4,0,0.0,268,13365350.0,19875.0,70114.8,96.495,0.0,-0.04477611940298507,-0.22083783814116353,0.05660377358490566,-0.05506540701820455,-0.0009845069692730076,0.0
E02000291,Enfield 015,2025,257,257,10431575.0,21000.0,66257.48,96.275,0,0.0,268,13365350.0,19875.0,70114.8,96.495,0.0,-0.041044776119402986,-0.21950603613074104,0.05660377358490566,-0.055014347898018776,-0.002279910876211191,0.0
E02000292,Enfield 016,2023,71,71,6219900.0,7500.0,45070.02,84.9,0,0.0,60,6161500.0,7500.0,32763.63,79.22,0.0,0.18333333333333332,0.009478211474478616,0.0,0.3756113104683454,0.0716990658924515,0.0
E02000292,Enfield 016,2024,59,59,5826425.0,8500.0,26885.77,72.325,0,0.0,60,6161500.0,7500.0,32763.63,79.22,0.0,-0.016666666666666666,-0.0543820498255295,0.13333333333333333,-0.17940197713134962,-0.0870361019944458,0.0
E02000292,Enfield 016,2025,61,61,5700175.0,8900.0,33339.04,72.325,0,0.0,60,6161500.0,7500.0,32763.63,79.22,0.0,0.016666666666666666,-0.07487219021342206,0.18666666666666668,0.01756246179071122,-0.0870361019944458,0.0
E02000293,Enfield 017,2023,28,28,321900.0,8800.0,1929.23,57.1,0,0.0,26,324625.0,8900.0,1801.88,57.1,0.0,0.07692307692307693,-0.008394301116673084,-0.011235955056179775,0.07067618265367277,0.0,0.0
E02000293,Enfield 017,2024,26,26,314900.0,10750.0,1880.66,60.59,0,0.0,26,324625.0,8900.0,1801.88,57.1,0.0,0.0,-0.029957643434732385,0.20786516853932585,0.04372100250849111,0.061120840630472885,0.0
E02000293,Enfield 017,2025,26,26,314900.0,10750.0,1880.66,60.59,0,0.0,26,324625.0,8900.0,1801.88,57.1,0.0,0.0,-0.029957643434732385,0.20786516853932585,0.04372100250849111,0.061120840630472885,0.0
E02000294,Enfield 018,2023,65,65,1351260.0,11875.0,7873.21,64.75,0,0.0,59,1322460.0,11750.0,7343.1,64.94,0.0,0.1016949152542373,0.021777596297808628,0.010638297872340425,0.07219158121229449,-0.002925777640899257,0.0
E02000294,Enfield 018,2024,63,63,1248660.0,12250.0,7498.48,63.9,0,0.0,59,1322460.0,11750.0,7343.1,64.94,0.0,0.06779661016949153,-0.05580509051313461,0.0425531914893617,0.021160000544728955,-0.016014782876501373,0.0
E02000294,Enfield 018,2025,64,64,1248660.0,12250.0,7498.48,63.9,0,0.0,59,1322460.0,11750.0,7343.1,64.94,0.0,0.0847457627118644,-0.05580509051313461,0.0425531914893617,0.021160000544728955,-0.016014782876501373,0.0
E02000295,Enfield 019,2023,25,25,832475.0,11500.0,4455.68,78.865,0,0.0,22,823475.0,11500.0,3993.08,78.865,0.0,0.13636363636363635,0.010929293542609065,0.0,0.11585042122872578,0.0,0.0
E02000295,Enfield 019,2024,21,21,908600.0,13750.0,4343.51,84.035,0,0.0,22,823475.0,11500.0,3993.08,78.865,0.0,-0.045454545454545456,0.10337290142384407,0.1956521739130435,0.08775932362987976,0.06555506244848795,0.0
E02000295,Enfield 019,2025,21,21,908600.0,13750.0,4343.51,84.035,0,0.0,22,823475.0,11500.0,3993.08,78.865,0.0,-0.045454545454545456,0.10337290142384407,0.1956521739130435,0.08775932362987976,0.06555506244848795,0.0
E02000296,Enfield 020,2023,248,248,7974790.0,17750.0,36661.88,74.78999999999999,0,0.0,240,8130440.0,17625.0,35959.24,74.82,0.0,0.03333333333333333,-0.019144105362071426,0.0070921985815602835,0.019539901288236333,-0.0004009623095429182,0.0
E02000296,Enfield 020,2024,231,231,7391790.0,18750.0,35219.26,75.23,0,0.0,240,8130440.0,17625.0,35959.24,74.82,0.0,-0.0375,-0.09084994170057217,0.06382978723404255,-0.020578299207658336,0.005479818230419819,0.0
E02000296,Enfield 020,2025,232,232,7392840.0,18750.0,35244.3,75.16499999999999,0,0.0,240,8130440.0,17625.0,35959.24,74.82,0.0,-0.03333333333333333,-0.09072079739841878,0.06382978723404255,-0.019881955235983715,0.004611066559743369,0.0
E02000297,Enfield 021,2023,83,83,1258400.0,12750.0,6179.38,60.95,0,0.0,83,1310900.0,13000.0,6237.03,61.8,0.0,0.0,-0.0400488214203982,-0.019230769230769232,-0.009243181450145284,-0.013754045307443275,0.0
E02000297,Enfield 021,2024,83,83,1396500.0,15500.0,6190.44,60.95,0,0.0,83,1310900.0,13000.0,6237.03,61.8,0.0,0.0,0.06529864978259212,0.19230769230769232,-0.007469901539675157,-0.013754045307443275,0.0
E02000297,Enfield 021,2025,83,83,1399750.0,15500.0,6210.32,60.95,0,0.0,83,1310900.0,13000.0,6237.03,61.8,0.0,0.0,0.06777786253718819,0.19230769230769232,-0.004282487017057805,-0.013754045307443275,0.0
E02000298,Enfield 022,2023,140,140,2562000.0,14250.0,11879.93,60.3,0,0.0,133,2635880.0,14250.0,11188.45,61.28,0.0,0.05263157894736842,-0.028028590072385694,0.0,0.061803020078741874,-0.015992167101827742,0.0
E02000298,Enfield 022,2024,130,130,2538200.0,15750.0,11350.14,61.28,0,0.0,133,2635880.0,14250.0,11188.45,61.28,0.0,-0.022556390977443608,-0.03705783267827063,0.10526315789473684,0.014451510262815553,0.0,0.0
E02000298,Enfield 022,2025,131,131,2557450.0,16000.0,11407.26,60.36,0,0.0,133,2635880.0,14250.0,11188.45,61.28,0.0,-0.015037593984962405,-0.029754768805863696,0.12280701754385964,0.01955677506714509,-0.015013054830287234,0.0
E02000299,Enfield 023,2023,141,141,1483000.0,9700.0,12232.67,63.24,0,0.0,132,1527200.0,9700.0,10774.79,61.4,0.0,0.06818181818181818,-0.02894185437401781,0.0,0.13530472519650028,0.029967426710097778,0.0
E02000299,Enfield 023,2024,128,128,1755850.0,11000.0,10382.91,61.295,0,0.0,132,1527200.0,9700.0,10774.79,61.4,0.0,-0.030303030303030304,0.14971843897328443,0.13402061855670103,-0.03637008238675658,-0.001710097719869656,0.0
E02000299,Enfield 023,2025,127,127,1738850.0,11000.0,10194.95,60.47,0,0.0,132,1527200.0,9700.0,10774.79,61.4,0.0,-0.03787878787878788,0.13858695652173914,0.13402061855670103,-0.053814505897562745,-0.015146579804560256,0.0
E02000300,Enfield 024,2023,33,33,1364400.0,8300.0,4895.48,47.7,0,0.0,30,1363350.0,8500.0,4810.41,47.85,0.0,0.1,0.0007701617339641324,-0.023529411764705882,0.017684563270074633,-0.0031347962382444845,0.0
E02000300,Enfield 024,2024,32,32,1046950.0,9950.0,4806.28,47.15,0,0.0,30,1363350.0,8500.0,4810.41,47.85,0.0,0.06666666666666667,-0.2320754025011919,0.17058823529411765,-0.0008585546762126532,-0.014629049111807792,0.0
E02000300,Enfield 024,2025,32,32,1046950.0,9950.0,4806.28,47.15,0,0.0,30,1363350.0,8500.0,4810.41,47.85,0.0,0.06666666666666667,-0.2320754025011919,0.17058823529411765,-0.0008585546762126532,-0.014629049111807792,0.0
E02000301,Enfield 025,2023,44,44,459275.0,6300.0,3365.15,56.88,0,0.0,43,456375.0,6400.0,3345.03,58.66,0.0,0.023255813953488372,0.006354423445631334,-0.015625,0.006014893737873768,-0.03034435731333096,0.0
E02000301,Enfield 025,2024,40,40,460950.0,7000.0,3134.99,55.1,0,0.0,43,456375.0,6400.0,3345.03,58.66,0.0,-0.06976744186046512,0.010024650780608053,0.09375,-0.0627916640508457,-0.06068871462666204,0.0
E02000301,Enfield 025,2025,40,40,460950.0,7000.0,3134.99,55.1,0,0.0,43,456375.0,6400.0,3345.03,58.66,0.0,-0.06976744186046512,0.010024650780608053,0.09375,-0.0627916640508457,-0.06068871462666204,0.0
E02000302,Enfield 026,2023,27,27,1978950.0,14750.0,22897.53,64.0,0,0.0,16,1995950.0,11925.0,8360.81,72.975,0.0,0.6875,-0.008517247426037726,0.23689727463312368,1.7386736452568592,-0.12298732442617327,0.0
E02000302,Enfield 026,2024,20,20,1899850.0,13125.0,8360.81,64.0,0,0.0,16,1995950.0,11925.0,8360.81,72.975,0.0,0.25,-0.048147498684836795,0.10062893081761007,0.0,-0.12298732442617327,0.0
E02000302,Enfield 026,2025,20,20,1899850.0,13125.0,8360.81,64.0,0,0.0,16,1995950.0,11925.0,8360.81,72.975,0.0,0.25,-0.048147498684836795,0.10062893081761007,0.0,-0.12298732442617327,0.0
E02000303,Enfield 027,2023,40,40,864700.0,9100.0,7228.8,78.215,0,0.0,37,725450.0,8900.0,5726.98,75.4,0.0,0.08108108108108109,0.1919498242470191,0.02247191011235955,0.2622359428529523,0.03733421750663127,0.0
E02000303,Enfield 027,2024,38,38,918800.0,11000.0,6578.84,74.695,0,0.0,37,725450.0,8900.0,5726.98,75.4,0.0,0.02702702702702703,0.2665242263422703,0.23595505617977527,0.14874506284289463,-0.00935013262599486,0.0
E02000303,Enfield 027,2025,39,39,919950.0,11000.0,6593.38,73.99,0,0.0,37,725450.0,8900.0,5726.98,75.4,0.0,0.05405405405405406,0.2681094493073265,0.23595505617977527,0.15128392276557637,-0.01870026525198953,0.0
E02000304,Enfield 028,2023,37,37,631200.0,14500.0,2890.48,75.84,0,0.0,35,614450.0,14000.0,2501.4,72.62,0.0,0.05714285714285714,0.02726015135487021,0.03571428571428571,0.15554489485887898,0.04434040209308728,0.0
E02000304,Enfield 028,2024,35,35,637450.0,15500.0,2701.01,72.62,0,0.0,35,614450.0,14000.0,2501.4,72.62,0.0,0.0,0.03743184962161283,0.10714285714285714,0.07979931238506441,0.0,0.0
E02000304,Enfield 028,2025,35,35,637450.0,15500.0,2701.01,72.62,0,0.0,35,614450.0,14000.0,2501.4,72.62,0.0,0.0,0.03743184962161283,0.10714285714285714,0.07979931238506441,0.0,0.0
E02000305,Enfield 029,2023,214,214,4556050.0,20750.0,25609.42,84.71,0,0.0,204,4922885.0,20750.0,24863.17,84.9,0.0,0.049019607843137254,-0.07451626434499282,0.0,0.030014274125141727,-0.0022379269729094456,0.0
E02000305,Enfield 029,2024,187,187,4373650.0,19875.0,23311.18,85.45,0,0.0,204,4922885.0,20750.0,24863.17,84.9,0.0,-0.08333333333333333,-0.11156770877239668,-0.04216867469879518,-0.0624212439524002,0.006478209658421639,0.0
E02000305,Enfield 029,2025,194,194,4479500.0,19875.0,23923.04,85.45,0,0.0,204,4922885.0,20750.0,24863.17,84.9,0.0,-0.049019607843137254,-0.09006608929519987,-0.04216867469879518,-0.03781215347841797,0.006478209658421639,0.0
E02000306,Enfield 030,2023,267,267,7706331.0,14000.0,56970.78,69.89,0,0.0,258,7989671.0,13500.0,56168.24,70.0,0.0,0.03488372093023256,-0.035463287537121364,0.037037037037037035,0.014288145756391885,-0.0015714285714285633,0.0
E02000306,Enfield 030,2024,234,234,8345206.0,18625.0,53719.4,72.3,0,0.0,258,7989671.0,13500.0,56168.24,70.0,0.0,-0.09302325581395349,0.04449932919640871,0.37962962962962965,-0.04359830395255391,0.032857142857142814,0.0
E02000306,Enfield 030,2025,243,243,8477906.0,18500.0,55184.19,73.935,0,0.0,258,7989671.0,13500.0,56168.24,70.0,0.0,-0.05813953488372093,0.06110827341951878,0.37037037037037035,-0.017519687282350233,0.056214285714285744,0.0
E02000307,Enfield 031,2023,64,64,581800.0,10000.0,4505.62,64.9,0,0.0,63,580650.0,10000.0,4498.3,65.2,0.0,0.015873015873015872,0.0019805390510634633,0.0,0.0016272814174242956,-0.004601226993864987,0.0
E02000307,Enfield 031,2024,62,62,612800.0,10625.0,4299.14,64.9,0,0.0,63,580650.0,10000.0,4498.3,65.2,0.0,-0.015873015873015872,0.05536898303625248,0.0625,-0.04427450370139827,-0.004601226993864987,0.0
E02000307,Enfield 031,2025,62,62,608750.0,10750.0,4276.37,65.2,0,0.0,63,580650.0,10000.0,4498.3,65.2,0.0,-0.015873015873015872,0.048394041160768106,0.075,-0.049336415979370045,0.0,0.0
E02000308,Enfield 032,2023,67,67,1304150.0,9950.0,13066.26,66.01,0,0.0,65,1445050.0,9900.0,9660.15,62.84,0.0,0.03076923076923077,-0.0975052766340265,0.005050505050505051,0.3525939038213693,0.0504455760661999,0.0
E02000308,Enfield 032,2024,61,61,1377050.0,10750.0,9085.81,68.025,0,0.0,65,1445050.0,9900.0,9660.15,62.84,0.0,-0.06153846153846154,-0.04705719525275942,0.08585858585858586,-0.05945456333493788,0.08251113940165503,0.0
E02000308,Enfield 032,2025,62,62,1396300.0,11000.0,9191.93,70.04,0,0.0,65,1445050.0,9900.0,9660.15,62.84,0.0,-0.046153846153846156,-0.033735856890765026,0.1111111111111111,-0.04846922666832289,0.11457670273711015,0.0
E02000309,Enfield 033,2023,225,225,11212025.0,12750.0,78929.31,83.33,0,0.0,201,11107825.0,13500.0,77316.71,89.81,0.0,0.11940298507462686,0.009380774364018159,-0.05555555555555555,0.020857069577844053,-0.0721523215677542,0.0
E02000309,Enfield 033,2024,217,217,9631340.0,14250.0,74215.23,83.6,0,0.0,201,11107825.0,13500.0,77316.71,89.81,0.0,0.07960199004975124,-0.13292296196600145,0.05555555555555555,-0.04011396760157035,-0.06914597483576448,0.0
E02000309,Enfield 033,2025,217,217,6925390.0,14125.0,74215.23,83.6,0,0.0,201,11107825.0,13500.0,77316.71,89.81,0.0,0.07960199004975124,-0.3765305088980066,0.046296296296296294,-0.04011396760157035,-0.06914597483576448,0.0
E02000311,Enfield 035,2023,74,74,1035150.0,12500.0,6065.38,66.76,0,0.0,71,941750.0,12250.0,5109.8,65.22,0.0,0.04225352112676056,0.09917706397663924,0.02040816326530612,0.18700927629261418,0.02361238883777992,0.0
E02000311,Enfield 035,2024,71,71,1093795.0,14000.0,5912.16,66.76,0,0.0,71,941750.0,12250.0,5109.8,65.22,0.0,0.0,0.16144942925404832,0.14285714285714285,0.1570237582684253,0.02361238883777992,0.0
E02000311,Enfield 035,2025,71,71,1093795.0,14000.0,5912.16,66.76,0,0.0,71,941750.0,12250.0,5109.8,65.22,0.0,0.0,0.16144942925404832,0.14285714285714285,0.1570237582684253,0.02361238883777992,0.0
E02000312,Enfield 036,2023,143,143,3001150.0,13500.0,16609.239999999998,72.85,0,0.0,138,3007950.0,12750.0,16259.7,72.45,0.0,0.036231884057971016,-0.0022606758755963365,0.058823529411764705,0.021497321598799315,0.005521048999309751,0.0
E02000312,Enfield 036,2024,135,135,3225250.0,14250.0,16154.63,73.6,0,0.0,138,3007950.0,12750.0,16259.7,72.45,0.0,-0.021739130434782608,0.07224189231868881,0.11764705882352941,-0.006461988843582693,0.015873015873015754,0.0
E02000312,Enfield 036,2025,137,137,3249400.0,14250.0,16322.7,73.6,0,0.0,138,3007950.0,12750.0,16259.7,72.45,0.0,-0.007246376811594203,0.08027061620040227,0.11764705882352941,0.0038746102326611192,0.015873015873015754,0.0
E02000313,Greenwich 001,2023,6,6,53025.0,8200.0,429.34,62.2,0,0.0,6,53025.0,8200.0,429.34,62.2,0.0,0.0,0.0,0.0,0.0,0.0,0.0
E02000313,Greenwich 001,2024,6,6,69050.0,10625.0,429.34,62.2,0,0.0,6,53025.0,8200.0,429.34,62.2,0.0,0.0,0.30221593587930223,0.29573170731707316,0.0,0.0,0.0
E02000313,Greenwich 001,2025,6,6,69050.0,10625.0,429.34,62.2,0,0.0,6,53025.0,8200.0,429.34,62.2,0.0,0.0,0.30221593587930223,0.29573170731707316,0.0,0.0,0.0
E02000314,Greenwich 002,2023,53,53,4540010.0,20250.0,40943.16,223.64,6,0.1132075471698113,47,4434510.0,20875.0,30519.19,223.64,0.0851063829787234,0.1276595744680851,0.02379067811325265,-0.029940119760479042,0.34155460875599924,0.0,0.028101164191087893
E02000314,Greenwich 002,2024,47,47,4313450.0,26000.0,25595.69,170.96,1,0.0212765957446808,47,4434510.0,20875.0,30519.19,223.64,0.0851063829787234,0.0,-0.02729952125488498,0.24550898203592814,-0.16132472716346666,-0.23555714541226963,-0.0638297872340426
E02000314,Greenwich 002,2025,49,49,4238700.0,26000.0,33511.69,170.96,8,0.1632653061224489,47,4434510.0,20875.0,30519.19,223.64,0.0851063829787234,0.0425531914893617,-0.044155949586312804,0.24550898203592814,0.09805306104126629,-0.23555714541226963,0.07815892314372551
E02000315,Greenwich 003,2023,35,35,2619850.0,7100.0,21146.56,66.14,4,0.1142857142857142,25,2618100.0,7400.0,12090.99,66.14,0.2,0.4,0.0006684236660173408,-0.04054054054054054,0.7489519055098054,0.0,-0.08571428571428581
E02000315,Greenwich 003,2024,31,31,2311325.0,9800.0,14243.16,66.14,1,0.032258064516129,25,2618100.0,7400.0,12090.99,66.14,0.2,0.24,-0.11717466865283985,0.32432432432432434,0.17799783144308284,0.0,-0.167741935483871
E02000315,Greenwich 003,2025,34,34,2429575.0,10000.0,15061.24,71.01,1,0.0294117647058823,25,2618100.0,7400.0,12090.99,66.14,0.2,0.36,-0.07200832664909668,0.35135135135135137,0.24565813055837446,0.07363169035379505,-0.1705882352941177
E02000317,Greenwich 005,2023,30,30,329850.0,6800.0,3343.64,73.05,4,0.1333333333333333,29,352950.0,7500.0,3262.2,73.05,0.1379310344827586,0.034482758620689655,-0.06544836379090523,-0.09333333333333334,0.024964747716265116,0.0,-0.004597701149425287
E02000317,Greenwich 005,2024,27,27,374150.0,8600.0,3216.94,71.0,2,0.074074074074074,29,352950.0,7500.0,3262.2,73.05,0.1379310344827586,-0.06896551724137931,0.06006516503754073,0.14666666666666667,-0.013874072711666902,-0.028062970568104,-0.06385696040868459
E02000317,Greenwich 005,2025,29,29,349650.0,8600.0,3471.7,75.1,6,0.2068965517241379,29,352950.0,7500.0,3262.2,73.05,0.1379310344827586,0.0,-0.009349766255843604,0.14666666666666667,0.06422046471706211,0.028062970568104,0.06896551724137931
E02000318,Greenwich 006,2023,185,185,2078650.0,9400.0,18813.88,67.3,10,0.054054054054054,166,2068600.0,9400.0,17059.87,66.955,0.036144578313253,0.1144578313253012,0.004858358309968095,0.0,0.10281496869554119,0.0051527145097453346,0.017909475740801005
E02000318,Greenwich 006,2024,166,166,2277750.0,10500.0,16618.09,65.15,3,0.0180722891566265,166,2068600.0,9400.0,17059.87,66.955,0.036144578313253,0.0,0.10110702890844049,0.11702127659574468,-0.025895859698813584,-0.026958404898812526,-0.0180722891566265
E02000318,Greenwich 006,2025,167,167,2249450.0,10500.0,16704.61,65.15,4,0.0239520958083832,166,2068600.0,9400.0,17059.87,66.955,0.036144578313253,0.006024096385542169,0.08742627864256018,0.11702127659574468,-0.020824308743267003,-0.026958404898812526,-0.012192482504869796
E02000319,Greenwich 007,2023,65,65,548275.0,7350.0,4958.0,57.27,0,0.0,58,515725.0,7400.0,4337.4,58.035,0.0344827586206896,0.1206896551724138,0.06311503223617237,-0.006756756756756757,0.14308110849817873,-0.013181700697854631,-0.0344827586206896
E02000319,Greenwich 007,2024,58,58,669650.0,8900.0,4265.19,57.27,0,0.0,58,515725.0,7400.0,4337.4,58.035,0.0344827586206896,0.0,0.2984633283242038,0.20270270270270271,-0.016648222437404908,-0.013181700697854631,-0.0344827586206896
E02000319,Greenwich 007,2025,60,60,678000.0,8950.0,4350.71,56.68,3,0.05,58,515725.0,7400.0,4337.4,58.035,0.0344827586206896,0.034482758620689655,0.3146541276843279,0.20945945945945946,0.00306865864342703,-0.02334797966744201,0.015517241379310404
E02000320,Greenwich 008,2023,24,24,189750.0,6700.0,2611.7,56.1,1,0.0416666666666666,21,194500.0,6600.0,2023.99,56.1,0.0952380952380952,0.14285714285714285,-0.02442159383033419,0.015151515151515152,0.2903719880038932,0.0,-0.0535714285714286
E02000320,Greenwich 008,2024,21,21,200025.0,7500.0,2067.19,69.5,1,0.0476190476190476,21,194500.0,6600.0,2023.99,56.1,0.0952380952380952,0.0,0.028406169665809767,0.13636363636363635,0.021343978972228145,0.2388591800356506,-0.0476190476190476
E02000320,Greenwich 008,2025,21,21,200025.0,7500.0,2067.19,69.5,1,0.0476190476190476,21,194500.0,6600.0,2023.99,56.1,0.0952380952380952,0.0,0.028406169665809767,0.13636363636363635,0.021343978972228145,0.2388591800356506,-0.0476190476190476
E02000321,Greenwich 009,2023,16,16,110800.0,5100.0,943.85,52.23,1,0.0625,16,134550.0,5150.0,943.85,52.23,0.125,0.0,-0.17651430694908957,-0.009708737864077669,0.0,0.0,-0.0625
E02000321,Greenwich 009,2024,15,15,119750.0,6200.0,943.85,52.23,0,0.0,16,134550.0,5150.0,943.85,52.23,0.125,-0.0625,-0.10999628390932739,0.20388349514563106,0.0,0.0,-0.125
E02000321,Greenwich 009,2025,15,15,119750.0,6200.0,943.85,52.23,1,0.0666666666666666,16,134550.0,5150.0,943.85,52.23,0.125,-0.0625,-0.10999628390932739,0.20388349514563106,0.0,0.0,-0.058333333333333404
E02000323,Greenwich 011,2023,185,185,4407575.0,7550.0,40724.85,66.185,8,0.0432432432432432,168,4905375.0,7500.0,29118.56,68.68,0.0476190476190476,0.10119047619047619,-0.10148051881864281,0.006666666666666667,0.3985873614629294,-0.03632789749563198,-0.0043758043758044055
E02000323,Greenwich 011,2024,167,167,3705075.0,9100.0,23653.56,64.64,1,0.0059880239520958,168,4905375.0,7500.0,29118.56,68.68,0.0476190476190476,-0.005952380952380952,-0.2446907728766914,0.21333333333333335,-0.1876809842244946,-0.05882352941176479,-0.0416310236669518
E02000323,Greenwich 011,2025,170,170,3679125.0,9200.0,23806.61,63.605,11,0.0647058823529411,168,4905375.0,7500.0,29118.56,68.68,0.0476190476190476,0.011904761904761904,-0.2499808883112912,0.22666666666666666,-0.1824248863954811,-0.07389341875364021,0.017086834733893497
E02000324,Greenwich 012,2023,58,58,490100.0,7100.0,4934.67,58.85,6,0.1034482758620689,54,479875.0,7150.0,4198.86,58.85,0.1111111111111111,0.07407407407407407,0.021307632195884343,-0.006993006993006993,0.17524042240036591,0.0,-0.00766283524904221
E02000324,Greenwich 012,2024,53,53,521300.0,8400.0,4314.43,58.525000000000006,2,0.0377358490566037,54,479875.0,7150.0,4198.86,58.85,0.1111111111111111,-0.018518518518518517,0.08632456368846053,0.17482517482517482,0.027524137503989327,-0.0055225148683091885,-0.0733752620545074
E02000324,Greenwich 012,2025,53,53,521300.0,8400.0,4314.43,58.525000000000006,6,0.1132075471698113,54,479875.0,7150.0,4198.86,58.85,0.1111111111111111,-0.018518518518518517,0.08632456368846053,0.17482517482517482,0.027524137503989327,-0.0055225148683091885,0.0020964360587001907
E02000326,Greenwich 014,2023,36,36,257650.0,6600.0,2823.47,61.585,2,0.0555555555555555,35,263800.0,6600.0,2773.64,61.97,0.0857142857142857,0.02857142857142857,-0.0233131159969674,0.0,0.01796556150041099,-0.006212683556559594,-0.030158730158730204
E02000326,Greenwich 014,2024,33,33,356200.0,10250.0,2704.14,61.97,1,0.0303030303030303,35,263800.0,6600.0,2773.64,61.97,0.0857142857142857,-0.05714285714285714,0.3502653525398029,0.553030303030303,-0.025057325391903782,0.0,-0.0554112554112554
E02000326,Greenwich 014,2025,33,33,356200.0,10250.0,2704.14,61.97,3,0.0909090909090909,35,263800.0,6600.0,2773.64,61.97,0.0857142857142857,-0.05714285714285714,0.3502653525398029,0.553030303030303,-0.025057325391903782,0.0,0.0051948051948051965
E02000327,Greenwich 015,2023,12,12,109400.0,5400.0,1432.06,77.7,0,0.0,10,108900.0,7550.0,1297.55,79.215,0.1,0.2,0.004591368227731864,-0.2847682119205298,0.10366459866671804,-0.01912516568831661,-0.1
E02000327,Greenwich 015,2024,11,11,113600.0,5800.0,1298.49,77.7,0,0.0,10,108900.0,7550.0,1297.55,79.215,0.1,0.1,0.04315886134067952,-0.23178807947019867,0.0007244422180263224,-0.01912516568831661,-0.1
E02000327,Greenwich 015,2025,12,12,173600.0,6000.0,1894.7,77.7,1,0.0833333333333333,10,108900.0,7550.0,1297.55,79.215,0.1,0.2,0.5941230486685032,-0.2052980132450331,0.46021347924935463,-0.01912516568831661,-0.016666666666666705
E02000328,Greenwich 016,2023,34,34,345700.0,9900.0,3068.55,58.005,1,0.0294117647058823,34,361450.0,9900.0,3362.81,59.255,0.0294117647058823,0.0,-0.043574491630930974,0.0,-0.08750420035624962,-0.021095266222259722,0.0
E02000328,Greenwich 016,2024,31,31,437400.0,12750.0,2992.53,59.3,1,0.032258064516129,34,361450.0,9900.0,3362.81,59.255,0.0294117647058823,-0.08823529411764706,0.21012588186471157,0.2878787878787879,-0.11011029466428367,0.000759429584001259,0.002846299810246696
E02000328,Greenwich 016,2025,31,31,437400.0,12750.0,2992.53,59.3,3,0.0967741935483871,34,361450.0,9900.0,3362.81,59.255,0.0294117647058823,-0.08823529411764706,0.21012588186471157,0.2878787878787879,-0.11011029466428367,0.000759429584001259,0.06736242884250479
E02000329,Greenwich 017,2023,17,17,185600.0,5500.0,5405.18,111.0,1,0.0588235294117647,15,210150.0,6100.0,5209.49,111.0,0.0,0.13333333333333333,-0.11682131810611468,-0.09836065573770492,0.03756413775628718,0.0,0.0588235294117647
E02000329,Greenwich 017,2024,14,14,225100.0,7050.0,5034.53,77.0,0,0.0,15,210150.0,6100.0,5209.49,111.0,0.0,-0.06666666666666667,0.07113966214608614,0.1557377049180328,-0.03358486147396387,-0.3063063063063063,0.0
E02000329,Greenwich 017,2025,15,15,257600.0,7100.0,5309.87,94.0,0,0.0,15,210150.0,6100.0,5209.49,111.0,0.0,0.0,0.22579110159409946,0.16393442622950818,0.019268680811365433,-0.15315315315315314,0.0
E02000331,Greenwich 019,2023,56,56,553320.0,8400.0,4298.45,44.9,16,0.2857142857142857,56,595820.0,8400.0,4300.5,44.9,0.3214285714285714,0.0,-0.07133026753046222,0.0,-0.0004766887571213073,0.0,-0.0357142857142857
E02000331,Greenwich 019,2024,53,53,577390.0,8700.0,2860.9,44.865,14,0.2641509433962264,56,595820.0,8400.0,4300.5,44.9,0.3214285714285714,-0.05357142857142857,-0.03093216071968044,0.03571428571428571,-0.3347517730496454,-0.000779510022271639,-0.057277628032344985
E02000331,Greenwich 019,2025,52,52,558890.0,8450.0,2860.9,44.865,17,0.3269230769230769,56,595820.0,8400.0,4300.5,44.9,0.3214285714285714,-0.07142857142857142,-0.06198180658588164,0.005952380952380952,-0.3347517730496454,-0.000779510022271639,0.0054945054945055305
E02000332,Greenwich 020,2023,7,7,99000.0,9400.0,346.26,63.9,0,0.0,7,99000.0,9400.0,346.26,63.9,0.0,0.0,0.0,0.0,0.0,0.0,0.0
E02000332,Greenwich 020,2024,7,7,80000.0,11250.0,346.26,63.9,0,0.0,7,99000.0,9400.0,346.26,63.9,0.0,0.0,-0.1919191919191919,0.19680851063829788,0.0,0.0,0.0
E02000332,Greenwich 020,2025,7,7,80000.0,11250.0,346.26,63.9,0,0.0,7,99000.0,9400.0,346.26,63.9,0.0,0.0,-0.1919191919191919,0.19680851063829788,0.0,0.0,0.0
E02000333,Greenwich 021,2023,49,49,1429900.0,15500.0,7698.22,88.95,2,0.0408163265306122,49,1464200.0,16500.0,7680.91,88.95,0.0204081632653061,0.0,-0.023425761507990712,-0.06060606060606061,0.002253639217228219,0.0,0.0204081632653061
E02000333,Greenwich 021,2024,48,48,1452850.0,16500.0,7671.51,94.5,0,0.0,49,1464200.0,16500.0,7680.91,88.95,0.0204081632653061,-0.02040816326530612,-0.007751673268679142,0.0,-0.0012238133242024234,0.06239460370994938,-0.0204081632653061
E02000333,Greenwich 021,2025,48,48,1452850.0,16500.0,7671.51,94.5,3,0.0625,49,1464200.0,16500.0,7680.91,88.95,0.0204081632653061,-0.02040816326530612,-0.007751673268679142,0.0,-0.0012238133242024234,0.06239460370994938,0.042091836734693897
E02000334,Greenwich 022,2023,8,8,46850.0,4900.0,650.24,69.85,1,0.125,8,46850.0,4900.0,650.24,69.85,0.25,0.0,0.0,0.0,0.0,0.0,-0.125
E02000334,Greenwich 022,2024,8,8,71950.0,8050.0,650.24,69.85,0,0.0,8,46850.0,4900.0,650.24,69.85,0.25,0.0,0.535752401280683,0.6428571428571429,0.0,0.0,-0.25
E02000334,Greenwich 022,2025,8,8,71950.0,8050.0,650.24,69.85,1,0.125,8,46850.0,4900.0,650.24,69.85,0.25,0.0,0.535752401280683,0.6428571428571429,0.0,0.0,-0.125
E02000335,Greenwich 023,2023,30,30,227350.0,7900.0,2096.8,55.71,1,0.0333333333333333,31,235450.0,7950.0,2149.13,50.99,0.032258064516129,-0.03225806451612903,-0.03440220853684434,-0.006289308176100629,-0.02434938789184457,0.09256717003333985,0.0010752688172043015
E02000335,Greenwich 023,2024,27,27,263250.0,8600.0,1952.77,60.43,1,0.037037037037037,31,235450.0,7950.0,2149.13,50.99,0.032258064516129,-0.12903225806451613,0.11807177744744107,0.08176100628930817,-0.09136720440364246,0.1851343400666797,0.004778972520908004
E02000335,Greenwich 023,2025,27,27,263550.0,8600.0,1952.77,60.43,0,0.0,31,235450.0,7950.0,2149.13,50.99,0.032258064516129,-0.12903225806451613,0.11934593331917605,0.08176100628930817,-0.09136720440364246,0.1851343400666797,-0.032258064516129
E02000337,Greenwich 025,2023,16,16,625825.0,7200.0,15197.66,87.7,3,0.1875,12,770275.0,7100.0,10478.740000000002,84.7,0.0,0.3333333333333333,-0.18753042744474377,0.014084507042253521,0.45033276901612196,0.03541912632821723,0.1875
E02000337,Greenwich 025,2024,15,15,870100.0,7900.0,10971.94,87.7,3,0.2,12,770275.0,7100.0,10478.740000000002,84.7,0.0,0.25,0.12959657265262406,0.11267605633802817,0.04706672748822843,0.03541912632821723,0.2
E02000337,Greenwich 025,2025,15,15,870100.0,7900.0,10971.94,87.7,3,0.2,12,770275.0,7100.0,10478.740000000002,84.7,0.0,0.25,0.12959657265262406,0.11267605633802817,0.04706672748822843,0.03541912632821723,0.2
E02000339,Greenwich 027,2023,180,180,3920550.0,10250.0,35956.82,78.0,4,0.0222222222222222,173,3787100.0,10250.0,34132.4,78.0,0.0462427745664739,0.04046242774566474,0.03523804494204008,0.0,0.053451266245561346,0.0,-0.024020552344251704
E02000339,Greenwich 027,2024,174,174,3967290.0,11500.0,33714.31,77.8,2,0.0114942528735632,173,3787100.0,10250.0,34132.4,78.0,0.0462427745664739,0.005780346820809248,0.047579942436164875,0.12195121951219512,-0.012249065404132255,-0.0025641025641026005,-0.034748521692910705
E02000339,Greenwich 027,2025,174,174,3983790.0,11500.0,33770.19,77.8,5,0.028735632183908,173,3787100.0,10250.0,34132.4,78.0,0.0462427745664739,0.005780346820809248,0.051936838213936784,0.12195121951219512,-0.010611911263198577,-0.0025641025641026005,-0.017507142382565902
E02000340,Greenwich 028,2023,202,202,5861450.0,13875.0,46829.44,79.1,12,0.0594059405940594,184,5818275.0,13500.0,38782.77,78.38,0.0978260869565217,0.09782608695652174,0.0074205842797048956,0.027777777777777776,0.207480538393725,0.009186016841030861,-0.0384201463624623
E02000340,Greenwich 028,2024,183,183,5664550.0,14125.0,36431.88,78.33,5,0.0273224043715847,184,5818275.0,13500.0,38782.77,78.38,0.0978260869565217,-0.005434782608695652,-0.026421061225191316,0.046296296296296294,-0.060616866716843576,-0.0006379178361826635,-0.070503682584937
E02000340,Greenwich 028,2025,180,180,5558000.0,14125.0,33920.1,78.28,8,0.0444444444444444,184,5818275.0,13500.0,38782.77,78.38,0.0978260869565217,-0.021739130434782608,-0.04473404918124358,0.046296296296296294,-0.12538222514792002,-0.001275835672365327,-0.053381642512077304
E02000341,Greenwich 029,2023,24,24,381925.0,4700.0,3126.74,52.91,3,0.125,23,363175.0,4650.0,2851.84,52.605,0.1304347826086956,0.043478260869565216,0.051628003028842843,0.010752688172043012,0.0963939070915618,0.005797927953616572,-0.005434782608695593
E02000341,Greenwich 029,2024,21,21,398750.0,5800.0,2704.22,52.3,1,0.0476190476190476,23,363175.0,4650.0,2851.84,52.605,0.1304347826086956,-0.08695652173913043,0.09795553108005782,0.24731182795698925,-0.05176307226211861,-0.005797927953616572,-0.08281573498964799
E02000341,Greenwich 029,2025,21,21,398750.0,5800.0,2704.22,52.3,1,0.0476190476190476,23,363175.0,4650.0,2851.84,52.605,0.1304347826086956,-0.08695652173913043,0.09795553108005782,0.24731182795698925,-0.05176307226211861,-0.005797927953616572,-0.08281573498964799
E02000342,Greenwich 030,2023,56,56,492250.0,8600.0,4120.41,62.58,0,0.0,54,492150.0,8600.0,3916.48,62.57,0.0,0.037037037037037035,0.000203190084323885,0.0,0.05206971566304432,0.0001598210004794312,0.0
E02000342,Greenwich 030,2024,50,50,529050.0,9300.0,3824.11,62.6,0,0.0,54,492150.0,8600.0,3916.48,62.57,0.0,-0.07407407407407407,0.07497714111551357,0.08139534883720931,-0.023584953836097693,0.0004794630014384072,0.0
E02000342,Greenwich 030,2025,50,50,529050.0,9300.0,3824.11,62.6,0,0.0,54,492150.0,8600.0,3916.48,62.57,0.0,-0.07407407407407407,0.07497714111551357,0.08139534883720931,-0.023584953836097693,0.0004794630014384072,0.0
E02000343,Greenwich 031,2023,52,52,382150.0,7100.0,3760.53,65.525,7,0.1346153846153846,46,387850.0,7100.0,3246.62,64.005,0.0434782608695652,0.13043478260869565,-0.014696403248678613,0.0,0.15829077625345755,0.023748144676197333,0.0911371237458194
E02000343,Greenwich 031,2024,46,46,447295.0,7950.0,3599.64,66.85,3,0.0652173913043478,46,387850.0,7100.0,3246.62,64.005,0.0434782608695652,0.0,0.15326801598556142,0.11971830985915492,0.10873462246890613,0.04444965237090851,0.021739130434782594
E02000343,Greenwich 031,2025,46,46,447295.0,7950.0,3599.64,66.85,1,0.0217391304347826,46,387850.0,7100.0,3246.62,64.005,0.0434782608695652,0.0,0.15326801598556142,0.11971830985915492,0.10873462246890613,0.04444965237090851,-0.0217391304347826
E02000344,Greenwich 032,2023,46,46,647200.0,8400.0,6374.17,58.36,2,0.0434782608695652,44,652350.0,8500.0,6356.22,59.625,0.0681818181818181,0.045454545454545456,-0.007894535142178279,-0.011764705882352941,0.0028240054623659685,-0.02121593291404613,-0.02470355731225289
E02000344,Greenwich 032,2024,39,39,670600.0,9300.0,6074.03,61.16,2,0.0512820512820512,44,652350.0,8500.0,6356.22,59.625,0.0681818181818181,-0.11363636363636363,0.027975779872767687,0.09411764705882353,-0.044395883087747195,0.02574423480083852,-0.016899766899766896
E02000344,Greenwich 032,2025,39,39,670600.0,9300.0,6074.03,61.16,1,0.0256410256410256,44,652350.0,8500.0,6356.22,59.625,0.0681818181818181,-0.11363636363636363,0.027975779872767687,0.09411764705882353,-0.044395883087747195,0.02574423480083852,-0.042540792540792495
E02000345,Hackney 001,2023,128,128,2770100.0,16000.0,16091.06,67.05000000000001,0,0.0,114,2750250.0,16500.0,15160.36,67.05000000000001,0.0,0.12280701754385964,0.0072175256794836835,-0.030303030303030304,0.06139036276183408,0.0,0.0
E02000345,Hackney 001,2024,113,113,3134975.0,18500.0,14816.06,66.36,0,0.0,114,2750250.0,16500.0,15160.36,67.05000000000001,0.0,-0.008771929824561403,0.13988728297427508,0.12121212121212122,-0.02271054249371394,-0.010290827740492347,0.0
E02000345,Hackney 001,2025,113,113,3126000.0,18500.0,14789.66,66.36,0,0.0,114,2750250.0,16500.0,15160.36,67.05000000000001,0.0,-0.008771929824561403,0.13662394327788382,0.12121212121212122,-0.024451925943711147,-0.010290827740492347,0.0
E02000346,Hackney 002,2023,39,39,975900.0,17125.0,4686.53,68.19,0,0.0,35,836200.0,17125.0,3719.42,61.57,0.0,0.11428571428571428,0.16706529538387946,0.0,0.26001634663469025,0.10751989605327265,0.0
E02000346,Hackney 002,2024,34,34,1064350.0,17875.0,3319.37,60.64,0,0.0,35,836200.0,17125.0,3719.42,61.57,0.0,-0.02857142857142857,0.27284142549629276,0.043795620437956206,-0.10755709223481084,-0.015104758811109302,0.0
E02000346,Hackney 002,2025,34,34,960350.0,17875.0,3321.22,60.64,0,0.0,35,836200.0,17125.0,3719.42,61.57,0.0,-0.02857142857142857,0.14846926572590288,0.043795620437956206,-0.10705970285689712,-0.015104758811109302,0.0
E02000347,Hackney 003,2023,26,26,306700.0,12000.0,2396.3,95.62,0,0.0,24,301100.0,12000.0,2268.86,98.1,0.0,0.08333333333333333,0.018598472268349386,0.0,0.05616917747238703,-0.02528032619775729,0.0
E02000347,Hackney 003,2024,25,25,326400.0,12500.0,2276.26,94.04,0,0.0,24,301100.0,12000.0,2268.86,98.1,0.0,0.041666666666666664,0.08402524078379275,0.041666666666666664,0.0032615498532302966,-0.041386340468909155,0.0
E02000347,Hackney 003,2025,25,25,326400.0,12500.0,2276.26,94.04,0,0.0,24,301100.0,12000.0,2268.86,98.1,0.0,0.041666666666666664,0.08402524078379275,0.041666666666666664,0.0032615498532302966,-0.041386340468909155,0.0
E02000348,Hackney 004,2023,36,36,1388830.0,10250.0,6817.93,66.4,0,0.0,35,1355330.0,9700.0,6640.3,65.45,0.0,0.02857142857142857,0.024717227538680615,0.05670103092783505,0.026750297426321117,0.014514896867838087,0.0
E02000348,Hackney 004,2024,32,32,1527850.0,11000.0,7023.92,65.45,0,0.0,35,1355330.0,9700.0,6640.3,65.45,0.0,-0.08571428571428572,0.12729003268576658,0.13402061855670103,0.05777148622803185,0.0,0.0
E02000348,Hackney 004,2025,32,32,1527850.0,11000.0,7023.92,65.45,0,0.0,35,1355330.0,9700.0,6640.3,65.45,0.0,-0.08571428571428572,0.12729003268576658,0.13402061855670103,0.05777148622803185,0.0,0.0
E02000350,Hackney 006,2023,151,151,1585200.0,10500.0,9856.56,54.75,0,0.0,124,1497050.0,10625.0,8565.94,58.6,0.0,0.21774193548387097,0.05888246885541565,-0.011764705882352941,0.15066881159569165,-0.06569965870307169,0.0
E02000350,Hackney 006,2024,135,135,1782075.0,11750.0,9275.74,56.1,0,0.0,124,1497050.0,10625.0,8565.94,58.6,0.0,0.08870967741935484,0.19039110250158645,0.10588235294117647,0.08286305997940673,-0.04266211604095563,0.0
E02000350,Hackney 006,2025,139,139,1745625.0,11750.0,9433.58,55.36,0,0.0,124,1497050.0,10625.0,8565.94,58.6,0.0,0.12096774193548387,0.16604321832938113,0.10588235294117647,0.10128952572630667,-0.055290102389078534,0.0
E02000351,Hackney 007,2023,100,100,1735225.0,14875.0,8491.09,62.795,0,0.0,96,1523725.0,14750.0,8054.68,62.795,0.0,0.041666666666666664,0.1388045743162316,0.00847457627118644,0.054180923388638634,0.0,0.0
E02000351,Hackney 007,2024,94,94,1697410.0,14250.0,7710.87,62.795,0,0.0,96,1523725.0,14750.0,8054.68,62.795,0.0,-0.020833333333333332,0.11398710397217346,-0.03389830508474576,-0.042684501432707495,0.0,0.0
E02000351,Hackney 007,2025,93,93,1687810.0,14375.0,7673.97,62.89,0,0.0,96,1523725.0,14750.0,8054.68,62.795,0.0,-0.03125,0.10768675449966365,-0.025423728813559324,-0.047265689015578524,0.001512859304084702,0.0
E02000352,Hackney 008,2023,27,27,723600.0,21500.0,2519.01,60.5,0,0.0,24,669850.0,20125.0,2194.92,58.29,0.0,0.125,0.08024184518922146,0.06832298136645963,0.14765458422174846,0.03791387888145481,0.0
E02000352,Hackney 008,2024,25,25,832750.0,23500.0,2445.91,60.5,0,0.0,24,669850.0,20125.0,2194.92,58.29,0.0,0.041666666666666664,0.2431887736060312,0.16770186335403728,0.11435040912652843,0.03791387888145481,0.0
E02000352,Hackney 008,2025,25,25,832750.0,23500.0,2445.91,60.5,0,0.0,24,669850.0,20125.0,2194.92,58.29,0.0,0.041666666666666664,0.2431887736060312,0.16770186335403728,0.11435040912652843,0.03791387888145481,0.0
E02000353,Hackney 009,2023,317,317,6226585.0,18500.0,30060.97,78.0,0,0.0,304,6330675.0,18500.0,29053.21,78.82,0.0,0.04276315789473684,-0.01644216454011618,0.0,0.03468670071224495,-0.010403450900786516,0.0
E02000353,Hackney 009,2024,296,296,6896665.0,21000.0,28376.87,77.85,0,0.0,304,6330675.0,18500.0,29053.21,78.82,0.0,-0.02631578947368421,0.08940436841253105,0.13513513513513514,-0.023279355362109736,-0.012306521187515846,0.0
E02000353,Hackney 009,2025,297,297,6877665.0,21000.0,28395.07,77.785,0,0.0,304,6330675.0,18500.0,29053.21,78.82,0.0,-0.023026315789473683,0.08640310867324574,0.13513513513513514,-0.022652918558740995,-0.013131184978431827,0.0
E02000354,Hackney 010,2023,105,105,1205175.0,11750.0,7125.56,60.4,0,0.0,98,1158525.0,11500.0,6533.14,61.225,0.0,0.07142857142857142,0.04026671845665825,0.021739130434782608,0.09067921397674013,-0.013474887709269136,0.0
E02000354,Hackney 010,2024,80,80,1171365.0,12750.0,5657.9,63.95,0,0.0,98,1158525.0,11500.0,6533.14,61.225,0.0,-0.1836734693877551,0.011083058199003043,0.10869565217391304,-0.13396927051922974,0.04450796243364641,0.0
E02000354,Hackney 010,2025,87,87,1256965.0,12750.0,5962.28,60.22,0,0.0,98,1158525.0,11500.0,6533.14,61.225,0.0,-0.11224489795918367,0.08497011285902333,0.10869565217391304,-0.08737911632078917,-0.016414863209473295,0.0
E02000355,Hackney 011,2023,149,149,1659000.0,10000.0,10546.5,57.66,0,0.0,143,1659900.0,9900.0,9979.62,57.78,0.0,0.04195804195804196,-0.0005422013374299657,0.010101010101010102,0.056803766075261296,-0.0020768431983386043,0.0
E02000355,Hackney 011,2024,136,136,1800600.0,10750.0,9992.87,57.78,0,0.0,143,1659900.0,9900.0,9979.62,57.78,0.0,-0.04895104895104895,0.08476414241821796,0.08585858585858586,0.0013277058645519567,0.0,0.0
E02000355,Hackney 011,2025,138,138,1789600.0,11000.0,10164.42,60.61,0,0.0,143,1659900.0,9900.0,9979.62,57.78,0.0,-0.03496503496503497,0.07813723718296282,0.1111111111111111,0.018517739152392503,0.04897888542748353,0.0
E02000356,Hackney 012,2023,111,111,1202050.0,11250.0,6793.48,58.95,0,0.0,105,1248950.0,11500.0,6318.28,58.95,0.0,0.05714285714285714,-0.03755154329636895,-0.021739130434782608,0.07521034205511624,0.0,0.0
E02000356,Hackney 012,2024,101,101,1257510.0,11750.0,6268.37,58.415,0,0.0,105,1248950.0,11500.0,6318.28,58.95,0.0,-0.0380952380952381,0.006853757156011049,0.021739130434782608,-0.00789930170869285,-0.009075487701441962,0.0
E02000356,Hackney 012,2025,100,100,1243010.0,11750.0,6125.67,57.93,0,0.0,105,1248950.0,11500.0,6318.28,58.95,0.0,-0.047619047619047616,-0.004755995035830097,0.021739130434782608,-0.030484562254284343,-0.017302798982188346,0.0
E02000357,Hackney 013,2023,12,12,142350.0,8250.0,925.68,52.9,0,0.0,12,142350.0,8250.0,925.68,52.9,0.0,0.0,0.0,0.0,0.0,0.0,0.0
E02000357,Hackney 013,2024,12,12,141160.0,7950.0,925.68,52.9,0,0.0,12,142350.0,8250.0,925.68,52.9,0.0,0.0,-0.008359676852827538,-0.03636363636363636,0.0,0.0,0.0
E02000357,Hackney 013,2025,12,12,141160.0,7950.0,925.68,52.9,0,0.0,12,142350.0,8250.0,925.68,52.9,0.0,0.0,-0.008359676852827538,-0.03636363636363636,0.0,0.0,0.0
E02000358,Hackney 014,2023,210,210,3353385.0,16000.0,18851.59,73.80000000000001,0,0.0,205,3416135.0,15750.0,18424.15,73.2,0.0,0.024390243902439025,-0.018368712009332183,0.015873015873015872,0.02319998480255527,0.008196721311475526,0.0
E02000358,Hackney 014,2024,189,189,4206480.0,18500.0,18124.36,76.965,0,0.0,205,3416135.0,15750.0,18424.15,73.2,0.0,-0.07804878048780488,0.23135648913172344,0.1746031746031746,-0.016271578336042685,0.0514344262295082,0.0
E02000358,Hackney 014,2025,188,188,4088680.0,19250.0,18136.06,77.7,0,0.0,205,3416135.0,15750.0,18424.15,73.2,0.0,-0.08292682926829269,0.1968730743954791,0.2222222222222222,-0.01563654225568073,0.06147540983606557,0.0
E02000359,Hackney 015,2023,83,83,955875.0,10500.0,7204.87,65.73,0,0.0,78,988325.0,10500.0,6749.9400000000005,69.15,0.0,0.0641025641025641,-0.032833329117446186,0.0,0.06739763612713585,-0.04945770065075924,0.0
E02000359,Hackney 015,2024,76,76,1051450.0,11750.0,6211.42,68.65,0,0.0,78,988325.0,10500.0,6749.9400000000005,69.15,0.0,-0.02564102564102564,0.0638706903093618,0.11904761904761904,-0.07978144990918444,-0.0072306579898770785,0.0
E02000359,Hackney 015,2025,77,77,1051450.0,11750.0,6350.43,69.35,0,0.0,78,988325.0,10500.0,6749.9400000000005,69.15,0.0,-0.01282051282051282,0.0638706903093618,0.11904761904761904,-0.059187192775046915,0.0028922631959506667,0.0
E02000360,Hackney 016,2023,117,117,1513925.0,9300.0,9375.49,51.0,0,0.0,103,1414400.0,9300.0,7874.41,50.74,0.0,0.13592233009708737,0.07036552601809955,0.0,0.19062761527530317,0.005124162396531297,0.0
E02000360,Hackney 016,2024,104,104,1713990.0,11125.0,7747.97,50.74,0,0.0,103,1414400.0,9300.0,7874.41,50.74,0.0,0.009708737864077669,0.21181419683257918,0.19623655913978494,-0.016057076022203517,0.0,0.0
E02000360,Hackney 016,2025,103,103,1720840.0,11750.0,7745.74,51.0,0,0.0,103,1414400.0,9300.0,7874.41,50.74,0.0,0.0,0.21665723981900453,0.26344086021505375,-0.016340271842588853,0.005124162396531297,0.0
E02000361,Hackney 017,2023,334,334,8202225.0,17250.0,48360.52,75.0,0,0.0,301,8112950.0,17750.0,44308.66,73.91499999999999,0.0,0.10963455149501661,0.011004012104105166,-0.028169014084507043,0.09144623195555887,0.014679023202327106,0.0
E02000361,Hackney 017,2024,300,300,8639475.0,18125.0,43937.37,73.62,0,0.0,301,8112950.0,17750.0,44308.66,73.91499999999999,0.0,-0.0033222591362126247,0.06489932761819067,0.02112676056338028,-0.008379626014417968,-0.003991070824595651,0.0
E02000361,Hackney 017,2025,305,305,8582675.0,18125.0,43052.37,72.72,0,0.0,301,8112950.0,17750.0,44308.66,73.91499999999999,0.0,0.013289036544850499,0.05789817513974572,0.02112676056338028,-0.028353148120480304,-0.016167219103023652,0.0
E02000362,Hackney 018,2023,99,99,1400330.0,10000.0,10766.53,64.015,0,0.0,76,1137580.0,11250.0,9468.18,76.81,0.0,0.3026315789473684,0.2309727667504703,-0.1111111111111111,0.13712772676480595,-0.16657987241244632,0.0
E02000362,Hackney 018,2024,89,89,1825700.0,11875.0,9625.4,58.5,0,0.0,76,1137580.0,11250.0,9468.18,76.81,0.0,0.17105263157894737,0.6048981170555038,0.05555555555555555,0.01660509200289806,-0.23838041921624792,0.0
E02000362,Hackney 018,2025,92,92,1881950.0,12000.0,10416.07,62.260000000000005,0,0.0,76,1137580.0,11250.0,9468.18,76.81,0.0,0.21052631578947367,0.654345188909791,0.06666666666666667,0.10011322133715238,-0.18942845983595882,0.0
E02000363,Hackney 019,2023,97,97,2075450.0,12000.0,10633.41,60.0,0,0.0,95,2193650.0,11875.0,10863.48,60.0,0.0,0.021052631578947368,-0.05388279807626559,0.010526315789473684,-0.021178296457488734,0.0,0.0
E02000363,Hackney 019,2024,90,90,2165800.0,12750.0,10261.89,60.0,0,0.0,95,2193650.0,11875.0,10863.48,60.0,0.0,-0.05263157894736842,-0.012695735418138718,0.07368421052631578,-0.05537728241778879,0.0,0.0
E02000363,Hackney 019,2025,90,90,1917800.0,12600.0,10261.89,60.0,0,0.0,95,2193650.0,11875.0,10863.48,60.0,0.0,-0.05263157894736842,-0.1257493219064117,0.061052631578947365,-0.05537728241778879,0.0,0.0
E02000364,Hackney 020,2023,211,211,6371475.0,12500.0,26278.37,36.05,0,0.0,204,6372125.0,12125.0,25075.76,34.89,0.0,0.03431372549019608,-0.0001020067873746984,0.030927835051546393,0.047959064849878955,0.033247348810547334,0.0
E02000364,Hackney 020,2024,205,205,6231075.0,13750.0,27344.63,35.6,0,0.0,204,6372125.0,12125.0,25075.76,34.89,0.0,0.004901960784313725,-0.022135472860309553,0.13402061855670103,0.09048060756682959,0.020349670392662677,0.0
E02000364,Hackney 020,2025,204,204,6166875.0,13750.0,27315.63,35.795,0,0.0,204,6372125.0,12125.0,25075.76,34.89,0.0,0.0,-0.032210604782548995,0.13402061855670103,0.08932411221035784,0.02593866437374609,0.0
E02000366,Hackney 022,2023,102,102,1781900.0,13750.0,7169.91,63.97,0,0.0,103,1816650.0,13750.0,7216.1,64.0,0.0,-0.009708737864077669,-0.01912861585886109,0.0,-0.006400964509915398,-0.00046875000000001776,0.0
E02000366,Hackney 022,2024,98,98,1889065.0,14875.0,7183.41,64.0,0,0.0,103,1816650.0,13750.0,7216.1,64.0,0.0,-0.04854368932038835,0.03986183359480362,0.08181818181818182,-0.004530147863804618,0.0,0.0
E02000366,Hackney 022,2025,98,98,1889065.0,14875.0,7183.41,64.0,0,0.0,103,1816650.0,13750.0,7216.1,64.0,0.0,-0.04854368932038835,0.03986183359480362,0.08181818181818182,-0.004530147863804618,0.0,0.0
E02000367,Hackney 023,2023,285,285,5845130.0,13750.0,31235.23,68.5,0,0.0,235,4954180.0,14000.0,24506.93,67.39500000000001,0.0,0.2127659574468085,0.17983803575970192,-0.017857142857142856,0.27454683226336385,0.01639587506491564,0.0
E02000367,Hackney 023,2024,267,267,6294490.0,15050.0,26758.03,67.73,0,0.0,235,4954180.0,14000.0,24506.93,67.39500000000001,0.0,0.13617021276595745,0.27054123992265117,0.075,0.09185565062616977,0.004970695155426867,0.0
E02000367,Hackney 023,2025,270,270,6322440.0,15250.0,28618.87,69.36,0,0.0,235,4954180.0,14000.0,24506.93,67.39500000000001,0.0,0.14893617021276595,0.2761829404664344,0.08928571428571429,0.16778682601207082,0.029156465613175888,0.0
E02000368,Hackney 024,2023,66,66,617950.0,9550.0,4729.88,67.55,0,0.0,66,648500.0,9400.0,4811.53,67.55,0.0,0.0,-0.047108712413261374,0.015957446808510637,-0.016969654143276596,0.0,0.0
E02000368,Hackney 024,2024,62,62,696225.0,10500.0,4603.78,68.94999999999999,0,0.0,66,648500.0,9400.0,4811.53,67.55,0.0,-0.06060606060606061,0.0735929067077872,0.11702127659574468,-0.04317753396528755,0.020725388601036145,0.0
E02000368,Hackney 024,2025,64,64,696225.0,10500.0,4750.08,68.94999999999999,0,0.0,66,648500.0,9400.0,4811.53,67.55,0.0,-0.030303030303030304,0.0735929067077872,0.11702127659574468,-0.012771405353390672,0.020725388601036145,0.0
E02000369,Hackney 025,2023,184,184,2585980.0,10250.0,16954.33,68.02,0,0.0,171,2355980.0,9750.0,14942.67,60.695,0.0,0.07602339181286549,0.09762391870898735,0.05128205128205128,0.13462520419710813,0.12068539418403486,0.0
E02000369,Hackney 025,2024,170,170,3136990.0,12000.0,14696.66,63.59,0,0.0,171,2355980.0,9750.0,14942.67,60.695,0.0,-0.005847953216374269,0.3315011163082878,0.23076923076923078,-0.01646359050959435,0.04769750391300771,0.0
E02000369,Hackney 025,2025,170,170,3041040.0,12000.0,15275.0,63.59,0,0.0,171,2355980.0,9750.0,14942.67,60.695,0.0,-0.005847953216374269,0.29077496413382115,0.23076923076923078,0.022240335897132167,0.04769750391300771,0.0
E02000370,Hackney 026,2023,54,54,1049050.0,9800.0,4501.41,51.435,0,0.0,55,1275150.0,10250.0,4893.34,59.65,0.0,-0.01818181818181818,-0.17731247304238718,-0.04390243902439024,-0.08009457752782359,-0.13772003352891862,0.0
E02000370,Hackney 026,2024,53,53,1077000.0,9600.0,4485.389999999999,50.54,0,0.0,55,1275150.0,10250.0,4893.34,59.65,0.0,-0.03636363636363636,-0.155393483119633,-0.06341463414634146,-0.08336841502940746,-0.15272422464375524,0.0
E02000370,Hackney 026,2025,54,54,1092250.0,9600.0,4791.83,51.435,0,0.0,55,1275150.0,10250.0,4893.34,59.65,0.0,-0.01818181818181818,-0.1434341057914755,-0.06341463414634146,-0.02074452214642764,-0.13772003352891862,0.0
E02000372,Hammersmith and Fulham 001,2023,121,121,1683550.0,10750.0,13395.39,73.78999999999999,14,0.1157024793388429,106,1245150.0,10500.0,10567.39,66.08,0.1037735849056603,0.14150943396226415,0.3520860940448942,0.023809523809523808,0.2676157499628575,0.1166767554479418,0.011928894433182596
E02000372,Hammersmith and Fulham 001,2024,103,103,1841800.0,11500.0,11627.0,73.78999999999999,9,0.087378640776699,106,1245150.0,10500.0,10567.39,66.08,0.1037735849056603,-0.02830188679245283,0.47917921535557967,0.09523809523809523,0.1002716848720451,0.1166767554479418,-0.016394944128961295
E02000372,Hammersmith and Fulham 001,2025,104,104,2151800.0,11500.0,12840.9,74.28,7,0.0673076923076923,106,1245150.0,10500.0,10567.39,66.08,0.1037735849056603,-0.018867924528301886,0.7281452033891499,0.09523809523809523,0.21514394755942579,0.12409200968523007,-0.036465892597967994
E02000373,Hammersmith and Fulham 002,2023,15,15,263750.0,12000.0,1303.93,58.2,0,0.0,15,263750.0,12000.0,1303.93,58.2,0.0,0.0,0.0,0.0,0.0,0.0,0.0
E02000373,Hammersmith and Fulham 002,2024,15,15,274850.0,12500.0,1303.93,58.2,1,0.0666666666666666,15,263750.0,12000.0,1303.93,58.2,0.0,0.0,0.04208530805687204,0.041666666666666664,0.0,0.0,0.0666666666666666
E02000373,Hammersmith and Fulham 002,2025,15,15,275350.0,12500.0,1303.93,58.2,2,0.1333333333333333,15,263750.0,12000.0,1303.93,58.2,0.0,0.0,0.043981042654028434,0.041666666666666664,0.0,0.0,0.1333333333333333
E02000374,Hammersmith and Fulham 003,2023,28,28,368700.0,12750.0,1903.22,64.66499999999999,2,0.0714285714285714,28,394150.0,12500.0,1903.32,64.66499999999999,0.0714285714285714,0.0,-0.06456932639857922,0.02,-5.253977260781637e-05,0.0,0.0
E02000374,Hammersmith and Fulham 003,2024,25,25,375550.0,13500.0,1771.02,64.66499999999999,0,0.0,28,394150.0,12500.0,1903.32,64.66499999999999,0.0714285714285714,-0.10714285714285714,-0.04719015603196752,0.08,-0.06951011916020425,0.0,-0.0714285714285714
E02000374,Hammersmith and Fulham 003,2025,25,25,373800.0,13500.0,1757.51,64.66499999999999,0,0.0,28,394150.0,12500.0,1903.32,64.66499999999999,0.0714285714285714,-0.10714285714285714,-0.051630090067233285,0.08,-0.0766082424395267,0.0,-0.0714285714285714
E02000375,Hammersmith and Fulham 004,2023,604,604,137895725.0,163700.0,237689.85,138.88,122,0.2019867549668874,534,139996675.0,174000.0,202305.33,137.1,0.1048689138576779,0.13108614232209737,-0.015007142133911395,-0.05919540229885058,0.17490651383233463,0.01298322392414297,0.0971178411092095
E02000375,Hammersmith and Fulham 004,2024,557,557,86403360.0,107500.0,199871.88,142.77,93,0.1669658886894075,534,139996675.0,174000.0,202305.33,137.1,0.1048689138576779,0.04307116104868914,-0.38281848479615677,-0.382183908045977,-0.012028600531681408,0.04135667396061281,0.062096974831729615
E02000375,Hammersmith and Fulham 004,2025,565,565,85031360.0,105000.0,205230.35,143.4,89,0.1575221238938053,534,139996675.0,174000.0,202305.33,137.1,0.1048689138576779,0.05805243445692884,-0.3926187175516847,-0.39655172413793105,0.014458442592689075,0.04595185995623641,0.0526532100361274
E02000376,Hammersmith and Fulham 005,2023,405,405,7318715.0,14500.0,29777.11,63.7,25,0.0617283950617283,291,6888255.0,19000.0,27169.81,83.4,0.0687285223367697,0.3917525773195876,0.06249187929308656,-0.23684210526315788,0.09596312966487433,-0.23621103117505998,-0.007000127275041394
E02000376,Hammersmith and Fulham 005,2024,387,387,7687095.0,15625.0,27703.16,62.145,23,0.0594315245478036,291,6888255.0,19000.0,27169.81,83.4,0.0687285223367697,0.32989690721649484,0.11597131639290358,-0.17763157894736842,0.019630244009803472,-0.25485611510791367,-0.009296997788966095
E02000376,Hammersmith and Fulham 005,2025,390,390,7551645.0,16250.0,28000.86,62.29,19,0.0487179487179487,291,6888255.0,19000.0,27169.81,83.4,0.0687285223367697,0.3402061855670103,0.09630741022218255,-0.14473684210526316,0.030587258431325034,-0.2531175059952039,-0.020010573618820998
E02000377,Hammersmith and Fulham 006,2023,145,145,2604375.0,12750.0,13292.2,70.2,16,0.1103448275862069,144,2646925.0,13000.0,13379.7,70.45,0.1180555555555555,0.006944444444444444,-0.016075257137999753,-0.019230769230769232,-0.006539757991584265,-0.0035486160397444995,-0.007710727969348602
E02000377,Hammersmith and Fulham 006,2024,139,139,2684500.0,14125.0,13117.82,71.7,11,0.079136690647482,144,2646925.0,13000.0,13379.7,70.45,0.1180555555555555,-0.034722222222222224,0.014195717672393438,0.08653846153846154,-0.01957293511812679,0.017743080198722498,-0.0389188649080735
E02000377,Hammersmith and Fulham 006,2025,140,140,2681000.0,14250.0,13532.82,72.93,7,0.05,144,2646925.0,13000.0,13379.7,70.45,0.1180555555555555,-0.027777777777777776,0.012873428601112612,0.09615384615384616,0.011444202784815727,0.03520227111426549,-0.0680555555555555
E02000378,Hammersmith and Fulham 007,2023,121,121,4126200.0,17875.0,27635.59,86.6,20,0.1652892561983471,114,4511200.0,18250.0,25361.99,87.57499999999999,0.1140350877192982,0.06140350877192982,-0.0853431459478631,-0.02054794520547945,0.08964596232393429,-0.01113331430202677,0.051254168479048914
E02000378,Hammersmith and Fulham 007,2024,107,107,4368650.0,19500.0,20529.05,93.5,8,0.0747663551401869,114,4511200.0,18250.0,25361.99,87.57499999999999,0.1140350877192982,-0.06140350877192982,-0.031599131051604896,0.0684931506849315,-0.19055839072564898,0.06765629460462474,-0.0392687325791113
E02000378,Hammersmith and Fulham 007,2025,108,108,4398150.0,18750.0,21395.45,90.8,4,0.037037037037037,114,4511200.0,18250.0,25361.99,87.57499999999999,0.1140350877192982,-0.05263157894736842,-0.025059851037417983,0.0273972602739726,-0.1563970335135374,0.03682557807593501,-0.0769980506822612
E02000379,Hammersmith and Fulham 008,2023,16,16,269625.0,11350.0,1678.13,39.0,0,0.0,16,280475.0,11350.0,1678.13,39.0,0.0,0.0,-0.038684374721454674,0.0,0.0,0.0,0.0
E02000379,Hammersmith and Fulham 008,2024,16,16,285925.0,8725.0,1678.13,39.0,0,0.0,16,280475.0,11350.0,1678.13,39.0,0.0,0.0,0.01943132186469382,-0.23127753303964757,0.0,0.0,0.0
E02000379,Hammersmith and Fulham 008,2025,18,18,325925.0,8725.0,1919.25,39.0,0,0.0,16,280475.0,11350.0,1678.13,39.0,0.0,0.125,0.16204652821107052,-0.23127753303964757,0.14368374321417285,0.0,0.0
E02000380,Hammersmith and Fulham 009,2023,74,74,1171810.0,12750.0,6288.17,69.6,14,0.1891891891891892,74,1266310.0,12625.0,6278.11,69.6,0.1351351351351351,0.0,-0.07462627634623434,0.009900990099009901,0.0016023930768974102,0.0,0.05405405405405411
E02000380,Hammersmith and Fulham 009,2024,69,69,1309580.0,14750.0,5626.89,69.6,11,0.1594202898550724,74,1266310.0,12625.0,6278.11,69.6,0.1351351351351351,-0.06756756756756757,0.034170147910069414,0.16831683168316833,-0.10372866993410428,0.0,0.024285154719937307
E02000380,Hammersmith and Fulham 009,2025,69,69,1297430.0,15250.0,5626.89,69.6,9,0.1304347826086956,74,1266310.0,12625.0,6278.11,69.6,0.1351351351351351,-0.06756756756756757,0.024575340951267857,0.2079207920792079,-0.10372866993410428,0.0,-0.004700352526439494
E02000381,Hammersmith and Fulham 010,2023,119,119,3566725.0,14375.0,19066.63,70.7,16,0.134453781512605,118,3634775.0,14500.0,18501.03,70.1,0.1186440677966101,0.00847457627118644,-0.018721929142794257,-0.008620689655172414,0.03057127089680965,0.00855920114122694,0.015809713715994905
E02000381,Hammersmith and Fulham 010,2024,110,110,3663800.0,16000.0,13808.75,70.35,11,0.1,118,3634775.0,14500.0,18501.03,70.1,0.1186440677966101,-0.06779661016949153,0.007985363605725252,0.10344827586206896,-0.2536226361451227,0.003566333808844508,-0.018644067796610098
E02000381,Hammersmith and Fulham 010,2025,110,110,3657800.0,16000.0,13831.26,70.35,13,0.1181818181818181,118,3634775.0,14500.0,18501.03,70.1,0.1186440677966101,-0.06779661016949153,0.006334642446918998,0.10344827586206896,-0.252405947128349,0.003566333808844508,-0.0004622496147920069
E02000382,Hammersmith and Fulham 011,2023,150,150,3740800.0,18750.0,17233.48,80.31,17,0.1133333333333333,144,3705300.0,19000.0,16732.29,81.41,0.1388888888888889,0.041666666666666664,0.009580870644752111,-0.013157894736842105,0.029953461241706822,-0.01351185358064113,-0.025555555555555595
E02000382,Hammersmith and Fulham 011,2024,147,147,3746420.0,18250.0,15136.08,80.7,17,0.1156462585034013,144,3705300.0,19000.0,16732.29,81.41,0.1388888888888889,0.020833333333333332,0.011097616927104419,-0.039473684210526314,-0.09539698391553104,-0.00872128731114106,-0.0232426303854876
E02000382,Hammersmith and Fulham 011,2025,149,149,3738420.0,18000.0,15246.81,80.65,16,0.1073825503355704,144,3705300.0,19000.0,16732.29,81.41,0.1388888888888889,0.034722222222222224,0.008938547486033519,-0.05263157894736842,-0.0887792406179908,-0.009335462473897445,-0.0315063385533185
E02000383,Hammersmith and Fulham 012,2023,141,141,2980875.0,15875.0,14504.62,78.395,17,0.1205673758865248,129,2820575.0,15625.0,12473.96,76.25,0.1007751937984496,0.09302325581395349,0.05683238346790991,0.016,0.16279192814471122,0.028131147540983555,0.019792182088075205
E02000383,Hammersmith and Fulham 012,2024,135,135,2997900.0,15625.0,13421.23,75.6,15,0.1111111111111111,129,2820575.0,15625.0,12473.96,76.25,0.1007751937984496,0.046511627906976744,0.06286838676510995,0.0,0.07593979778674939,-0.0085245901639345,0.010335917312661508
E02000383,Hammersmith and Fulham 012,2025,138,138,2990350.0,15500.0,13661.39,75.975,13,0.0942028985507246,129,2820575.0,15625.0,12473.96,76.25,0.1007751937984496,0.06976744186046512,0.060191627593664414,-0.008,0.09519270544398094,-0.003606557377049255,-0.006572295247724999
E02000384,Hammersmith and Fulham 013,2023,328,328,19344230.0,37500.0,78349.86,93.545,65,0.198170731707317,310,20782030.0,43875.0,63564.54,91.35,0.0967741935483871,0.05806451612903226,-0.06918477165127757,-0.1452991452991453,0.23260327220176533,0.024028461959496525,0.1013965381589299
E02000384,Hammersmith and Fulham 013,2024,279,279,18634900.0,39000.0,64228.06,91.74,36,0.1290322580645161,310,20782030.0,43875.0,63564.54,91.35,0.0967741935483871,-0.1,-0.10331666348282627,-0.1111111111111111,0.01043852437223642,0.004269293924466345,0.032258064516129004
E02000384,Hammersmith and Fulham 013,2025,283,283,18601250.0,39000.0,64873.59,91.74,31,0.1095406360424028,310,20782030.0,43875.0,63564.54,91.35,0.0967741935483871,-0.08709677419354839,-0.10493585082881701,-0.1111111111111111,0.020594029312569487,0.004269293924466345,0.012766442494015706
E02000385,Hammersmith and Fulham 014,2023,62,62,1241750.0,17725.0,4440.33,74.1,4,0.064516129032258,58,1202250.0,17750.0,4314.06,75.03,0.1034482758620689,0.06896551724137931,0.03285506342274901,-0.0014084507042253522,0.029269412108315487,-0.012395041983206808,-0.0389321468298109
E02000385,Hammersmith and Fulham 014,2024,60,60,1276600.0,19250.0,4332.23,74.1,3,0.05,58,1202250.0,17750.0,4314.06,75.03,0.1034482758620689,0.034482758620689655,0.06184237887294656,0.08450704225352113,0.004211809756934109,-0.012395041983206808,-0.05344827586206889
E02000385,Hammersmith and Fulham 014,2025,60,60,1276600.0,19250.0,4332.23,74.1,2,0.0333333333333333,58,1202250.0,17750.0,4314.06,75.03,0.1034482758620689,0.034482758620689655,0.06184237887294656,0.08450704225352113,0.004211809756934109,-0.012395041983206808,-0.0701149425287356
E02000386,Hammersmith and Fulham 015,2023,115,115,4372750.0,14000.0,17644.73,70.995,15,0.1304347826086956,106,1813750.0,14000.0,8821.83,66.49,0.1226415094339622,0.08490566037735849,1.4108890420399725,0.0,1.000121290027126,0.06775454955632441,0.007793273174733398
E02000386,Hammersmith and Fulham 015,2024,104,104,4313975.0,14750.0,16304.54,68.1,11,0.1057692307692307,106,1813750.0,14000.0,8821.83,66.49,0.1226415094339622,-0.018867924528301886,1.3784838042729153,0.05357142857142857,0.8482038307244643,0.024214167543991572,-0.016872278664731497
E02000386,Hammersmith and Fulham 015,2025,107,107,4342725.0,14750.0,16556.24,68.37,7,0.0654205607476635,106,1813750.0,14000.0,8821.83,66.49,0.1226415094339622,0.009433962264150943,1.3943349414197106,0.05357142857142857,0.8767353258904333,0.028274928560685964,-0.05722094868629869
E02000387,Hammersmith and Fulham 016,2023,40,40,532700.0,10750.0,2661.81,63.075,3,0.075,39,536150.0,10750.0,2778.4,62.95,0.1282051282051282,0.02564102564102564,-0.006434766390002798,0.0,-0.04196300028793555,0.0019857029388403494,-0.053205128205128197
E02000387,Hammersmith and Fulham 016,2024,38,38,556725.0,11250.0,2374.68,59.9,2,0.0526315789473684,39,536150.0,10750.0,2778.4,62.95,0.1282051282051282,-0.02564102564102564,0.03837545463023408,0.046511627906976744,-0.14530665131010662,-0.048451151707704594,-0.0755735492577598
E02000387,Hammersmith and Fulham 016,2025,38,38,556725.0,11250.0,2374.68,59.9,1,0.0263157894736842,39,536150.0,10750.0,2778.4,62.95,0.1282051282051282,-0.02564102564102564,0.03837545463023408,0.046511627906976744,-0.14530665131010662,-0.048451151707704594,-0.101889338731444
E02000388,Hammersmith and Fulham 017,2023,241,241,9705200.0,25500.0,38181.17,100.9,37,0.1535269709543568,234,9916250.0,26375.0,36990.59,100.9,0.1367521367521367,0.029914529914529916,-0.021283247195260306,-0.03317535545023697,0.03218602352652396,0.0,0.01677483420222009
E02000388,Hammersmith and Fulham 017,2024,236,236,10333575.0,28250.0,35961.06,100.9,34,0.1440677966101695,234,9916250.0,26375.0,36990.59,100.9,0.1367521367521367,0.008547008547008548,0.04208496155300643,0.07109004739336493,-0.027832213544039145,0.0,0.007315659858032786
E02000388,Hammersmith and Fulham 017,2025,238,238,9662425.0,28625.0,35985.07,100.9,26,0.1092436974789916,234,9916250.0,26375.0,36990.59,100.9,0.1367521367521367,0.017094017094017096,-0.025596873818227655,0.08530805687203792,-0.027183129547271263,0.0,-0.027508439273145113
E02000389,Hammersmith and Fulham 018,2023,119,119,3025550.0,18000.0,10819.78,75.42,13,0.1092436974789916,109,2943750.0,17375.0,9341.28,75.4,0.1376146788990825,0.09174311926605505,0.027787685774946922,0.03597122302158273,0.15827595361663496,0.00026525198938986765,-0.028370981420090896
E02000389,Hammersmith and Fulham 018,2024,108,108,3171200.0,19000.0,9600.67,75.05000000000001,7,0.0648148148148148,109,2943750.0,17375.0,9341.28,75.4,0.1376146788990825,-0.009174311926605505,0.07726539278131635,0.09352517985611511,0.02776814312385448,-0.004641909814323532,-0.0727998640842677
E02000389,Hammersmith and Fulham 018,2025,109,109,3124950.0,19000.0,9751.85,75.4,9,0.0825688073394495,109,2943750.0,17375.0,9341.28,75.4,0.1376146788990825,0.0,0.06155414012738854,0.09352517985611511,0.04395222068067756,0.0,-0.05504587155963299
E02000390,Hammersmith and Fulham 019,2023,143,143,2008625.0,12750.0,11249.6,61.9,16,0.1118881118881118,137,2257850.0,13250.0,10822.09,65.47999999999999,0.0948905109489051,0.043795620437956206,-0.1103815576765507,-0.03773584905660377,0.039503460052540705,-0.054673182651191074,0.0169976009392067
E02000390,Hammersmith and Fulham 019,2024,123,123,2180150.0,14000.0,9071.57,57.08,8,0.065040650406504,137,2257850.0,13250.0,10822.09,65.47999999999999,0.0948905109489051,-0.10218978102189781,-0.034413269260579755,0.05660377358490566,-0.16175433765566544,-0.12828344532681724,-0.029849860542401102
E02000390,Hammersmith and Fulham 019,2025,123,123,2161400.0,14000.0,9071.57,57.08,7,0.056910569105691,137,2257850.0,13250.0,10822.09,65.47999999999999,0.0948905109489051,-0.10218978102189781,-0.04271762960338375,0.05660377358490566,-0.16175433765566544,-0.12828344532681724,-0.037979941843214106
E02000391,Hammersmith and Fulham 020,2023,217,217,9403390.0,30000.0,23983.3,92.13,29,0.1336405529953917,190,9236890.0,32375.0,22296.35,98.2,0.0894736842105263,0.14210526315789473,0.018025547559838862,-0.07335907335907337,0.07566036593433458,-0.061812627291242435,0.04416686878486541
E02000391,Hammersmith and Fulham 020,2024,205,205,8772800.0,32250.0,21955.63,92.495,29,0.1414634146341463,190,9236890.0,32375.0,22296.35,98.2,0.0894736842105263,0.07894736842105263,-0.05024310130357729,-0.003861003861003861,-0.015281424986600836,-0.0580957230142566,0.05198973042362
E02000391,Hammersmith and Fulham 020,2025,205,205,8666300.0,31625.0,22322.79,92.73,12,0.0585365853658536,190,9236890.0,32375.0,22296.35,98.2,0.0894736842105263,0.07894736842105263,-0.0617729560490598,-0.023166023166023165,0.0011858443198102977,-0.05570264765784113,-0.030937098844672703
E02000392,Hammersmith and Fulham 021,2023,290,290,10475075.0,27500.0,39138.14,89.45,20,0.0689655172413793,277,10729575.0,27375.0,38285.44,90.63,0.0613718411552346,0.04693140794223827,-0.023719485627343113,0.0045662100456621,0.02227217448722013,-0.013019971311927538,0.007593676086144696
E02000392,Hammersmith and Fulham 021,2024,268,268,11220025.0,30000.0,36693.73,88.54,18,0.0671641791044776,277,10729575.0,27375.0,38285.44,90.63,0.0613718411552346,-0.032490974729241874,0.0457101050134791,0.0958904109589041,-0.041574812774778064,-0.023060796645702188,0.005792337949242998
E02000392,Hammersmith and Fulham 021,2025,267,267,11205525.0,30000.0,36632.25,88.83500000000001,11,0.0411985018726591,277,10729575.0,27375.0,38285.44,90.63,0.0613718411552346,-0.036101083032490974,0.04435870013490749,0.0958904109589041,-0.04318064517477146,-0.019805803817720263,-0.020173339282575496
E02000393,Hammersmith and Fulham 022,2023,71,71,898900.0,12250.0,5078.7300000000005,63.82,7,0.0985915492957746,66,823400.0,12125.0,4525.4800000000005,61.35,0.1363636363636363,0.07575757575757576,0.09169298032547972,0.010309278350515464,0.12225222517832361,0.0402607986960065,-0.0377720870678617
E02000393,Hammersmith and Fulham 022,2024,65,65,995800.0,13750.0,4754.4,64.11,5,0.0769230769230769,66,823400.0,12125.0,4525.4800000000005,61.35,0.1363636363636363,-0.015151515151515152,0.20937575904785038,0.13402061855670103,0.05058468935891864,0.04498777506112466,-0.0594405594405594
E02000393,Hammersmith and Fulham 022,2025,64,64,965800.0,13750.0,4670.5,63.82,4,0.0625,66,823400.0,12125.0,4525.4800000000005,61.35,0.1363636363636363,-0.030303030303030304,0.17294146222977896,0.13402061855670103,0.03204521951262618,0.0402607986960065,-0.0738636363636363
E02000394,Hammersmith and Fulham 023,2023,189,189,11707030.0,44875.0,90954.74,89.0,27,0.1428571428571428,152,10469580.0,42625.0,73604.45,87.93,0.125,0.24342105263157895,0.11819480819669939,0.05278592375366569,0.23572338357259662,0.012168770612987526,0.017857142857142794
E02000394,Hammersmith and Fulham 023,2024,158,158,12032440.0,53250.0,31674.09,88.37,14,0.0886075949367088,152,10469580.0,42625.0,73604.45,87.93,0.125,0.039473684210526314,0.14927628424444916,0.24926686217008798,-0.5696715348053005,0.00500398043898553,-0.036392405063291194
E02000394,Hammersmith and Fulham 023,2025,166,166,12798440.0,54000.0,32902.49,89.995,13,0.0783132530120482,152,10469580.0,42625.0,73604.45,87.93,0.125,0.09210526315789473,0.2224406327665484,0.2668621700879765,-0.5529823264761845,0.02348459001478446,-0.046686746987951805
E02000395,Hammersmith and Fulham 024,2023,169,169,3693495.0,18125.0,15673.42,78.4,16,0.0946745562130177,158,3627395.0,18125.0,14930.0,79.63,0.0886075949367088,0.06962025316455696,0.01822244337878836,0.0,0.04979370395177495,-0.015446439784000877,0.006066961276308888
E02000395,Hammersmith and Fulham 024,2024,163,163,3952005.0,19500.0,15505.42,78.4,13,0.0797546012269938,158,3627395.0,18125.0,14930.0,79.63,0.0886075949367088,0.03164556962025317,0.08948846210572602,0.07586206896551724,0.038541192230408576,-0.015446439784000877,-0.008852993709715012
E02000395,Hammersmith and Fulham 024,2025,164,164,3960005.0,19500.0,15585.35,77.95,11,0.0670731707317073,158,3627395.0,18125.0,14930.0,79.63,0.0886075949367088,0.0379746835443038,0.09169390154642656,0.07586206896551724,0.0438948425987944,-0.021097576290342743,-0.021534424205001512
E02000396,Hammersmith and Fulham 025,2023,112,112,2852900.0,21625.0,32080.95,86.91,15,0.1339285714285714,106,4253300.0,22250.0,31822.95,87.89,0.1415094339622641,0.05660377358490566,-0.32925022923377145,-0.028089887640449437,0.008107356483292718,-0.01115030151325525,-0.007580862533692695
E02000396,Hammersmith and Fulham 025,2024,98,98,3041800.0,23750.0,10820.15,85.745,11,0.1122448979591836,106,4253300.0,22250.0,31822.95,87.89,0.1415094339622641,-0.07547169811320754,-0.2848376554675193,0.06741573033707865,-0.6599890959197686,-0.02440550688360446,-0.029264536003080488
E02000396,Hammersmith and Fulham 025,2025,97,97,3020800.0,23625.0,10652.93,83.6,7,0.0721649484536082,106,4253300.0,22250.0,31822.95,87.89,0.1415094339622641,-0.08490566037735849,-0.2897749982366633,0.06179775280898876,-0.6652437941799865,-0.04881101376720908,-0.06934448550865589
E02000397,Haringey 001,2023,117,117,1177525.0,9350.0,7838.809999999999,49.0,5,0.0427350427350427,114,1170125.0,9250.0,7706.42,49.5,0.0,0.02631578947368421,0.006324110671936759,0.010810810810810811,0.01717918307073823,-0.010101010101010102,0.0427350427350427
E02000397,Haringey 001,2024,109,109,1075975.0,8250.0,7167.51,47.47,1,0.0091743119266055,114,1170125.0,9250.0,7706.42,49.5,0.0,-0.043859649122807015,-0.08046148915714132,-0.10810810810810811,-0.06993000641023975,-0.04101010101010103,0.0091743119266055
E02000397,Haringey 001,2025,109,109,1075475.0,8250.0,7167.51,47.47,0,0.0,114,1170125.0,9250.0,7706.42,49.5,0.0,-0.043859649122807015,-0.08088879393227219,-0.10810810810810811,-0.06993000641023975,-0.04101010101010103,0.0
E02000398,Haringey 002,2023,45,45,295050.0,5900.0,2875.05,60.13,3,0.0666666666666666,45,295050.0,5900.0,2875.05,60.13,0.0,0.0,0.0,0.0,0.0,0.0,0.0666666666666666
E02000398,Haringey 002,2024,44,44,357500.0,7000.0,2751.4,59.485,3,0.0681818181818181,45,295050.0,5900.0,2875.05,60.13,0.0,-0.022222222222222223,0.2116590408405355,0.1864406779661017,-0.043007947687866324,-0.010726758689506122,0.0681818181818181
E02000398,Haringey 002,2025,46,46,499500.0,7000.0,8954.970000000001,59.485,3,0.0652173913043478,45,295050.0,5900.0,2875.05,60.13,0.0,0.022222222222222223,0.6929334011184545,0.1864406779661017,2.1147180049042626,-0.010726758689506122,0.0652173913043478
E02000400,Haringey 004,2023,46,46,1415100.0,15125.0,12364.75,73.79,0,0.0,46,1395100.0,15125.0,12364.75,73.79,0.0,0.0,0.014335889900365566,0.0,0.0,0.0,0.0
E02000400,Haringey 004,2024,49,49,1498900.0,16000.0,13323.46,74.93,1,0.0204081632653061,46,1395100.0,15125.0,12364.75,73.79,0.0,0.06521739130434782,0.07440326858289728,0.05785123966942149,0.07753573667077775,0.015449247865564446,0.0204081632653061
E02000400,Haringey 004,2025,49,49,1498900.0,16000.0,13323.46,74.93,1,0.0204081632653061,46,1395100.0,15125.0,12364.75,73.79,0.0,0.06521739130434782,0.07440326858289728,0.05785123966942149,0.07753573667077775,0.015449247865564446,0.0204081632653061
E02000401,Haringey 005,2023,48,48,322850.0,5500.0,2692.19,38.64,0,0.0,48,322850.0,5500.0,2692.19,38.64,0.0,0.0,0.0,0.0,0.0,0.0,0.0
E02000401,Haringey 005,2024,48,48,487950.0,7100.0,2937.92,38.64,0,0.0,48,322850.0,5500.0,2692.19,38.64,0.0,0.0,0.5113829951990089,0.2909090909090909,0.09127513288438038,0.0,0.0
E02000401,Haringey 005,2025,50,50,547950.0,7300.0,3366.72,39.57,0,0.0,48,322850.0,5500.0,2692.19,38.64,0.0,0.041666666666666664,0.6972278147746631,0.32727272727272727,0.25055066692915423,0.024068322981366453,0.0
E02000402,Haringey 006,2023,6,6,46200.0,7800.0,289.11,35.504999999999995,0,0.0,6,46200.0,7800.0,289.11,35.504999999999995,0.0,0.0,0.0,0.0,0.0,0.0,0.0
E02000402,Haringey 006,2024,6,6,58550.0,9350.0,289.11,35.504999999999995,0,0.0,6,46200.0,7800.0,289.11,35.504999999999995,0.0,0.0,0.26731601731601734,0.1987179487179487,0.0,0.0,0.0
E02000402,Haringey 006,2025,6,6,58550.0,9350.0,289.11,35.504999999999995,0,0.0,6,46200.0,7800.0,289.11,35.504999999999995,0.0,0.0,0.26731601731601734,0.1987179487179487,0.0,0.0,0.0
E02000403,Haringey 007,2023,79,79,1027575.0,12750.0,6657.94,62.085,3,0.0379746835443038,70,1001650.0,12750.0,4869.36,63.555,0.0142857142857142,0.12857142857142856,0.025882294214546,0.0,0.3673131581973812,-0.023129572810951127,0.0236889692585896
E02000403,Haringey 007,2024,72,72,910285.0,11000.0,8145.0,61.85,0,0.0,70,1001650.0,12750.0,4869.36,63.555,0.0142857142857142,0.02857142857142857,-0.09121449608146558,-0.13725490196078433,0.6727044211148899,-0.02682715758004875,-0.0142857142857142
E02000403,Haringey 007,2025,73,73,911785.0,11000.0,8300.1,61.86,0,0.0,70,1001650.0,12750.0,4869.36,63.555,0.0142857142857142,0.04285714285714286,-0.08971696700444266,-0.13725490196078433,0.7045566563162307,-0.026669813547321224,-0.0142857142857142
E02000404,Haringey 008,2023,80,80,993800.0,11500.0,6397.52,57.45,2,0.025,77,1026550.0,11000.0,6125.6,56.105,0.0259740259740259,0.03896103896103896,-0.03190297598753105,0.045454545454545456,0.04439075355883506,0.02397290794046887,-0.000974025974025898
E02000404,Haringey 008,2024,70,70,933800.0,10500.0,5784.13,57.815,1,0.0142857142857142,77,1026550.0,11000.0,6125.6,56.105,0.0259740259740259,-0.09090909090909091,-0.09035117627003068,-0.045454545454545456,-0.055744743372077875,0.030478566972640602,-0.0116883116883117
E02000404,Haringey 008,2025,70,70,934550.0,10500.0,5784.13,57.815,1,0.0142857142857142,77,1026550.0,11000.0,6125.6,56.105,0.0259740259740259,-0.09090909090909091,-0.08962057376649944,-0.045454545454545456,-0.055744743372077875,0.030478566972640602,-0.0116883116883117
E02000405,Haringey 009,2023,65,65,899750.0,10750.0,9452.7,65.5,4,0.0615384615384615,62,932050.0,10750.0,9247.14,65.75,0.0161290322580645,0.04838709677419355,-0.034654793197789815,0.0,0.02222957584723507,-0.0038022813688212928,0.045409429280397
E02000405,Haringey 009,2024,57,57,819075.0,10250.0,8678.94,65.5,0,0.0,62,932050.0,10750.0,9247.14,65.75,0.0161290322580645,-0.08064516129032258,-0.12121130840620138,-0.046511627906976744,-0.06144602547382206,-0.0038022813688212928,-0.0161290322580645
E02000405,Haringey 009,2025,60,60,828575.0,10250.0,8840.82,65.21000000000001,0,0.0,62,932050.0,10750.0,9247.14,65.75,0.0161290322580645,-0.03225806451612903,-0.11101872217155732,-0.046511627906976744,-0.043940072281808185,-0.008212927756653872,-0.0161290322580645
E02000406,Haringey 010,2023,51,51,534050.0,10000.0,3231.38,45.67,1,0.0196078431372549,49,532700.0,9900.0,3057.27,45.67,0.0408163265306122,0.04081632653061224,0.0025342594330767785,0.010101010101010102,0.05694950069833549,0.0,-0.0212084833933573
E02000406,Haringey 010,2024,48,48,472760.0,8800.0,3100.27,47.085,1,0.0208333333333333,49,532700.0,9900.0,3057.27,45.67,0.0408163265306122,-0.02040816326530612,-0.11252111882860898,-0.1111111111111111,0.014064835621322292,0.030983139916794376,-0.0199829931972789
E02000406,Haringey 010,2025,48,48,472760.0,8800.0,3100.27,47.085,1,0.0208333333333333,49,532700.0,9900.0,3057.27,45.67,0.0408163265306122,-0.02040816326530612,-0.11252111882860898,-0.1111111111111111,0.014064835621322292,0.030983139916794376,-0.0199829931972789
E02000407,Haringey 011,2023,161,161,2284940.0,12500.0,13801.42,63.05,4,0.0248447204968944,154,2454775.0,12500.0,13757.21,63.025,0.0129870129870129,0.045454545454545456,-0.06918556690531719,0.0,0.003213587638772756,0.00039666798889327376,0.011857707509881502
E02000407,Haringey 011,2024,151,151,2596675.0,15000.0,12528.45,62.82,2,0.0132450331125827,154,2454775.0,12500.0,13757.21,63.025,0.0129870129870129,-0.01948051948051948,0.057805705207198216,0.2,-0.08931752877218553,-0.0032526775089250027,0.0002580201255698005
E02000407,Haringey 011,2025,152,152,2624175.0,15000.0,12676.0,62.935,2,0.0131578947368421,154,2454775.0,12500.0,13757.21,63.025,0.0129870129870129,-0.012987012987012988,0.06900836125510484,0.2,-0.07859224363079427,-0.0014280047600158082,0.00017088174982919993
E02000408,Haringey 012,2023,110,110,2801600.0,17250.0,18626.93,77.84,4,0.0363636363636363,107,2819000.0,16500.0,17697.29,77.035,0.0186915887850467,0.028037383177570093,-0.006172401560837176,0.045454545454545456,0.05253007663885258,0.010449795547478508,0.0176720475785896
E02000408,Haringey 012,2024,102,102,3089510.0,18500.0,17040.170000000002,77.01,1,0.0098039215686274,107,2819000.0,16500.0,17697.29,77.035,0.0186915887850467,-0.04672897196261682,0.09595956012770486,0.12121212121212122,-0.0371311087742812,-0.0003245278120333806,-0.0088876672164193
E02000408,Haringey 012,2025,102,102,3063510.0,18500.0,17040.170000000002,77.01,1,0.0098039215686274,107,2819000.0,16500.0,17697.29,77.035,0.0186915887850467,-0.04672897196261682,0.08673643135863782,0.12121212121212122,-0.0371311087742812,-0.0003245278120333806,-0.0088876672164193
E02000409,Haringey 013,2023,30,30,433925.0,12000.0,2466.58,62.66,2,0.0666666666666666,29,415175.0,11000.0,2309.48,61.975,0.0,0.034482758620689655,0.0451616788101403,0.09090909090909091,0.06802397076398146,0.011052843888664706,0.0666666666666666
E02000409,Haringey 013,2024,30,30,469975.0,13250.0,2466.58,62.66,0,0.0,29,415175.0,11000.0,2309.48,61.975,0.0,0.034482758620689655,0.1319925332691034,0.20454545454545456,0.06802397076398146,0.011052843888664706,0.0
E02000409,Haringey 013,2025,30,30,469975.0,13250.0,2466.58,62.66,0,0.0,29,415175.0,11000.0,2309.48,61.975,0.0,0.034482758620689655,0.1319925332691034,0.20454545454545456,0.06802397076398146,0.011052843888664706,0.0
E02000410,Haringey 014,2023,88,88,2826000.0,33000.0,12728.23,97.545,4,0.0454545454545454,84,2850000.0,32250.0,12263.16,97.315,0.0357142857142857,0.047619047619047616,-0.008421052631578947,0.023255813953488372,0.03792415657954391,0.002363458870677737,0.009740259740259702
E02000410,Haringey 014,2024,78,78,2304100.0,28250.0,9560.97,94.78,7,0.0897435897435897,84,2850000.0,32250.0,12263.16,97.315,0.0357142857142857,-0.07142857142857142,-0.1915438596491228,-0.12403100775193798,-0.22035021968236576,-0.02604942711812153,0.054029304029304004
E02000410,Haringey 014,2025,79,79,2537850.0,28750.0,10460.0,95.25,6,0.0759493670886076,84,2850000.0,32250.0,12263.16,97.315,0.0357142857142857,-0.05952380952380952,-0.10952631578947368,-0.10852713178294573,-0.14703877304055396,-0.021219750295432337,0.0402350813743219
E02000411,Haringey 015,2023,36,36,267810.0,5500.0,5643.77,61.295,3,0.0833333333333333,32,523410.0,5500.0,4327.71,51.36,0.09375,0.125,-0.4883361036281309,0.0,0.3041007830931371,0.19343847352024926,-0.010416666666666699
E02000411,Haringey 015,2024,26,26,441955.0,7200.0,2734.42,48.625,1,0.0384615384615384,32,523410.0,5500.0,4327.71,51.36,0.09375,-0.1875,-0.15562369843908216,0.3090909090909091,-0.3681600661781866,-0.05325155763239874,-0.0552884615384616
E02000411,Haringey 015,2025,27,27,528445.0,8600.0,3145.44,50.1,0,0.0,32,523410.0,5500.0,4327.71,51.36,0.09375,-0.15625,0.009619609866070576,0.5636363636363636,-0.2731860498970587,-0.024532710280373793,-0.09375
E02000412,Haringey 016,2023,467,467,23804200.0,37375.0,117792.44,82.655,24,0.0513918629550321,430,26192650.0,43500.0,114492.03,85.38,0.0093023255813953,0.08604651162790698,-0.09118779504937453,-0.14080459770114942,0.028826548013866148,-0.031916139611150085,0.0420895373736368
E02000412,Haringey 016,2024,422,422,19938525.0,29375.0,98321.62,83.5,10,0.0236966824644549,430,26192650.0,43500.0,114492.03,85.38,0.0093023255813953,-0.018604651162790697,-0.2387740453905962,-0.32471264367816094,-0.14123611923030802,-0.022019208245490696,0.014394356883059598
E02000412,Haringey 016,2025,429,429,19890525.0,29250.0,97348.37,83.7,10,0.0233100233100233,430,26192650.0,43500.0,114492.03,85.38,0.0093023255813953,-0.002325581395348837,-0.24060662055958446,-0.3275862068965517,-0.14973671093088317,-0.019676739283204413,0.014007697728628001
E02000413,Haringey 017,2023,36,36,784800.0,22000.0,2548.33,73.1,0,0.0,37,815800.0,22250.0,2627.23,75.4,0.027027027027027,-0.02702702702702703,-0.03799950968374602,-0.011235955056179775,-0.030031630272187852,-0.030503978779841,-0.027027027027027
E02000413,Haringey 017,2024,35,35,699250.0,21000.0,2548.33,73.1,0,0.0,37,815800.0,22250.0,2627.23,75.4,0.027027027027027,-0.05405405405405406,-0.14286589850453543,-0.056179775280898875,-0.030031630272187852,-0.030503978779841,-0.027027027027027
E02000413,Haringey 017,2025,35,35,699250.0,21000.0,2548.33,73.1,0,0.0,37,815800.0,22250.0,2627.23,75.4,0.027027027027027,-0.05405405405405406,-0.14286589850453543,-0.056179775280898875,-0.030031630272187852,-0.030503978779841,-0.027027027027027
E02000414,Haringey 018,2023,48,48,410500.0,8400.0,3127.1,54.695,0,0.0,48,413100.0,8300.0,3159.99,54.695,0.0,0.0,-0.006293875574921327,0.012048192771084338,-0.010408260785635358,0.0,0.0
E02000414,Haringey 018,2024,47,47,569650.0,11750.0,3078.9,55.19,0,0.0,48,413100.0,8300.0,3159.99,54.695,0.0,-0.020833333333333332,0.37896393125151295,0.41566265060240964,-0.025661473612258172,0.009050187402870417,0.0
E02000414,Haringey 018,2025,47,47,569650.0,11750.0,3078.9,55.19,0,0.0,48,413100.0,8300.0,3159.99,54.695,0.0,-0.020833333333333332,0.37896393125151295,0.41566265060240964,-0.025661473612258172,0.009050187402870417,0.0
E02000415,Haringey 019,2023,113,113,1366825.0,10750.0,7841.41,48.46,4,0.0353982300884955,109,1407675.0,10750.0,7574.1,48.46,0.0091743119266055,0.03669724770642202,-0.029019482479975846,0.0,0.035292642030076114,0.0,0.02622391816189
E02000415,Haringey 019,2024,101,101,1642760.0,14375.0,6909.6900000000005,47.795,2,0.0198019801980198,109,1407675.0,10750.0,7574.1,48.46,0.0091743119266055,-0.07339449541284404,0.16700232653133715,0.3372093023255814,-0.08772131342337701,-0.013722657862154337,0.010627668271414299
E02000415,Haringey 019,2025,101,101,1641710.0,14500.0,6909.6900000000005,47.795,2,0.0198019801980198,109,1407675.0,10750.0,7574.1,48.46,0.0091743119266055,-0.07339449541284404,0.1662564157209583,0.3488372093023256,-0.08772131342337701,-0.013722657862154337,0.010627668271414299
E02000416,Haringey 020,2023,102,102,1923575.0,12500.0,9488.7,54.74,4,0.0392156862745098,99,1769875.0,12250.0,9092.2,54.74,0.0101010101010101,0.030303030303030304,0.0868422911222544,0.02040816326530612,0.04360880754932799,0.0,0.029114676173499703
E02000416,Haringey 020,2024,95,95,2354200.0,15000.0,9861.55,53.67,3,0.031578947368421,99,1769875.0,12250.0,9092.2,54.74,0.0101010101010101,-0.04040404040404041,0.3301504343527085,0.22448979591836735,0.08461648445920662,-0.0195469492144684,0.021477937267410898
E02000416,Haringey 020,2025,95,95,2354200.0,15000.0,9861.55,53.67,3,0.031578947368421,99,1769875.0,12250.0,9092.2,54.74,0.0101010101010101,-0.04040404040404041,0.3301504343527085,0.22448979591836735,0.08461648445920662,-0.0195469492144684,0.021477937267410898
E02000417,Haringey 021,2023,168,168,6143750.0,30500.0,19072.57,83.98,5,0.0297619047619047,164,6301375.0,30000.0,18330.87,82.79,0.0304878048780487,0.024390243902439025,-0.025014381781753983,0.016666666666666666,0.04046180023097653,0.014373716632443504,-0.0007259001161439987
E02000417,Haringey 021,2024,161,161,5576900.0,28750.0,18109.43,82.245,1,0.0062111801242236,164,6301375.0,30000.0,18330.87,82.79,0.0304878048780487,-0.018292682926829267,-0.11497093888238678,-0.041666666666666664,-0.012080168589925012,-0.0065829206425897045,-0.0242766247538251
E02000417,Haringey 021,2025,161,161,5576900.0,28750.0,18109.43,82.245,1,0.0062111801242236,164,6301375.0,30000.0,18330.87,82.79,0.0304878048780487,-0.018292682926829267,-0.11497093888238678,-0.041666666666666664,-0.012080168589925012,-0.0065829206425897045,-0.0242766247538251
E02000418,Haringey 022,2023,40,40,753200.0,11750.0,2738.3,56.33,2,0.05,38,806450.0,12125.0,2698.74,56.51,0.0,0.05263157894736842,-0.06603013206026412,-0.030927835051546393,0.014658692575053693,-0.0031852769421341306,0.05
E02000418,Haringey 022,2024,37,37,728775.0,13500.0,2345.4,56.33,1,0.027027027027027,38,806450.0,12125.0,2698.74,56.51,0.0,-0.02631578947368421,-0.09631719263438526,0.1134020618556701,-0.13092776629093567,-0.0031852769421341306,0.027027027027027
E02000418,Haringey 022,2025,38,38,728775.0,13500.0,2345.4,56.33,1,0.0263157894736842,38,806450.0,12125.0,2698.74,56.51,0.0,0.0,-0.09631719263438526,0.1134020618556701,-0.13092776629093567,-0.0031852769421341306,0.0263157894736842
E02000419,Haringey 023,2023,221,221,3689650.0,16000.0,21042.34,76.2,7,0.0316742081447963,213,3815350.0,16000.0,20493.51,76.26,0.0093896713615023,0.03755868544600939,-0.03294586342013184,0.0,0.02678067349126635,-0.0007867820613690306,0.022284536783294
E02000419,Haringey 023,2024,207,207,4319700.0,18500.0,18773.8,75.65,2,0.0096618357487922,213,3815350.0,16000.0,20493.51,76.26,0.0093896713615023,-0.028169014084507043,0.13218970736629668,0.15625,-0.08391485889923196,-0.0079989509572515,0.0002721643872898999
E02000419,Haringey 023,2025,208,208,4340450.0,18500.0,18830.28,75.43,2,0.0096153846153846,213,3815350.0,16000.0,20493.51,76.26,0.0093896713615023,-0.023474178403755867,0.13762826477256346,0.15625,-0.08115886444049847,-0.010883818515604488,0.00022571325388229951
E02000420,Haringey 024,2023,245,245,2872850.0,11500.0,15136.14,46.765,6,0.0244897959183673,229,2885275.0,11500.0,14380.76,47.195,0.0087336244541484,0.06986899563318777,-0.004306348614950048,0.0,0.05252712652182494,-0.009111134654094707,0.0157561714642189
E02000420,Haringey 024,2024,228,228,3818520.0,15250.0,13871.58,46.27,3,0.0131578947368421,229,2885275.0,11500.0,14380.76,47.195,0.0087336244541484,-0.004366812227074236,0.32345097087799257,0.32608695652173914,-0.03540702994834767,-0.019599533848924613,0.004424270282693699
E02000420,Haringey 024,2025,226,226,3802220.0,15500.0,13892.87,46.53,3,0.0132743362831858,229,2885275.0,11500.0,14380.76,47.195,0.0087336244541484,-0.013100436681222707,0.31780159603504,0.34782608695652173,-0.033926579680072504,-0.014090475685983667,0.004540711829037401
E02000421,Haringey 025,2023,143,143,6156475.0,10750.0,33354.01,57.04,3,0.0209790209790209,136,6358250.0,10375.0,34021.33,57.68,0.0367647058823529,0.051470588235294115,-0.03173436086973617,0.03614457831325301,-0.01961475345026193,-0.011095700416088776,-0.015785684903332
E02000421,Haringey 025,2024,135,135,6188775.0,12500.0,32919.51,58.105,2,0.0148148148148148,136,6358250.0,10375.0,34021.33,57.68,0.0367647058823529,-0.007352941176470588,-0.026654346714897966,0.20481927710843373,-0.03238615303987233,0.007368238557558897,-0.0219498910675381
E02000421,Haringey 025,2025,135,135,6188775.0,12500.0,32919.51,58.105,2,0.0148148148148148,136,6358250.0,10375.0,34021.33,57.68,0.0367647058823529,-0.007352941176470588,-0.026654346714897966,0.20481927710843373,-0.03238615303987233,0.007368238557558897,-0.0219498910675381
E02000422,Haringey 026,2023,54,54,1169125.0,11500.0,8971.880000000001,71.18,2,0.037037037037037,47,1159475.0,11500.0,8319.470000000001,71.89,0.0,0.14893617021276595,0.008322732271070958,0.0,0.07841965894462025,-0.009876199749617384,0.037037037037037
E02000422,Haringey 026,2024,45,45,1272150.0,12250.0,8187.44,71.89,0,0.0,47,1159475.0,11500.0,8319.470000000001,71.89,0.0,-0.0425531914893617,0.09717760193190884,0.06521739130434782,-0.015870001334219792,0.0,0.0
E02000422,Haringey 026,2025,45,45,1249650.0,12250.0,8187.44,71.89,0,0.0,47,1159475.0,11500.0,8319.470000000001,71.89,0.0,-0.0425531914893617,0.07777226762112163,0.06521739130434782,-0.015870001334219792,0.0,0.0
E02000423,Haringey 027,2023,107,107,2089225.0,18500.0,11801.29,84.45,3,0.02803738317757,104,2111375.0,18500.0,10877.27,83.85,0.0096153846153846,0.028846153846153848,-0.010490793913918654,0.0,0.08494962430830534,0.007155635062611909,0.018421998562185397
E02000423,Haringey 027,2024,98,98,2343875.0,21250.0,10690.37,84.375,3,0.0306122448979591,104,2111375.0,18500.0,10877.27,83.85,0.0096153846153846,-0.057692307692307696,0.11011781422059085,0.14864864864864866,-0.017182620271446753,0.006261180679785399,0.020996860282574498
E02000423,Haringey 027,2025,100,100,2426125.0,21500.0,11194.28,85.205,3,0.03,104,2111375.0,18500.0,10877.27,83.85,0.0096153846153846,-0.038461538461538464,0.149073471079273,0.16216216216216217,0.02914426138176217,0.016159809183065046,0.020384615384615397
E02000424,Haringey 028,2023,66,66,644400.0,9700.0,3893.79,53.04,2,0.0303030303030303,64,655350.0,9450.0,3814.01,52.255,0.03125,0.03125,-0.01670862897688258,0.026455026455026454,0.020917616891408187,0.01502248588651797,-0.0009469696969696996
E02000424,Haringey 028,2024,61,61,756300.0,11500.0,3751.15,52.255,0,0.0,64,655350.0,9450.0,3814.01,52.255,0.03125,-0.046875,0.15403982604715039,0.21693121693121692,-0.016481341160615764,0.0,-0.03125
E02000424,Haringey 028,2025,61,61,756300.0,11500.0,3751.15,52.255,0,0.0,64,655350.0,9450.0,3814.01,52.255,0.03125,-0.046875,0.15403982604715039,0.21693121693121692,-0.016481341160615764,0.0,-0.03125
E02000425,Haringey 029,2023,52,52,557500.0,9700.0,3777.05,59.485,3,0.0576923076923076,51,583350.0,9700.0,3493.55,57.97,0.0,0.0196078431372549,-0.04431301962801063,0.0,0.08114954702236979,0.02613420734862861,0.0576923076923076
E02000425,Haringey 029,2024,46,46,686950.0,12125.0,3429.91,57.97,1,0.0217391304347826,51,583350.0,9700.0,3493.55,57.97,0.0,-0.09803921568627451,0.17759492585926118,0.25,-0.01821642741623859,0.0,0.0217391304347826
E02000425,Haringey 029,2025,46,46,686950.0,12125.0,3429.91,57.97,1,0.0217391304347826,51,583350.0,9700.0,3493.55,57.97,0.0,-0.09803921568627451,0.17759492585926118,0.25,-0.01821642741623859,0.0,0.0217391304347826
E02000426,Haringey 030,2023,69,69,1128150.0,10000.0,3515.24,50.345,3,0.0434782608695652,65,1126850.0,10000.0,3334.2,51.21,0.0153846153846153,0.06153846153846154,0.0011536584283622488,0.0,0.05429788255053685,-0.016891232181214647,0.0280936454849499
E02000426,Haringey 030,2024,65,65,1050820.0,11000.0,3249.95,50.345,3,0.0461538461538461,65,1126850.0,10000.0,3334.2,51.21,0.0153846153846153,0.0,-0.06747126946798598,0.1,-0.025268430208145884,-0.016891232181214647,0.0307692307692308
E02000426,Haringey 030,2025,65,65,1050820.0,11000.0,3249.95,50.345,2,0.0307692307692307,65,1126850.0,10000.0,3334.2,51.21,0.0153846153846153,0.0,-0.06747126946798598,0.1,-0.025268430208145884,-0.016891232181214647,0.015384615384615401
E02000427,Haringey 031,2023,106,106,5470900.0,16750.0,40279.09,76.93,3,0.0283018867924528,97,5536650.0,16000.0,31590.86,78.0,0.0,0.09278350515463918,-0.011875412027128317,0.046875,0.27502353528837126,-0.01371794871794863,0.0283018867924528
E02000427,Haringey 031,2024,90,90,5466600.0,19250.0,24739.45,79.03,1,0.0111111111111111,97,5536650.0,16000.0,31590.86,78.0,0.0,-0.07216494845360824,-0.01265205494297093,0.203125,-0.21687950248901106,0.01320512820512822,0.0111111111111111
E02000427,Haringey 031,2025,90,90,5541600.0,19875.0,25282.45,79.03,0,0.0,97,5536650.0,16000.0,31590.86,78.0,0.0,-0.07216494845360824,0.0008940424263769608,0.2421875,-0.19969098657016618,0.01320512820512822,0.0
E02000428,Haringey 032,2023,72,72,732100.0,9800.0,6235.77,58.79,1,0.0138888888888888,69,748600.0,9100.0,6031.88,59.245000000000005,0.0,0.043478260869565216,-0.022041143467806574,0.07692307692307693,0.033802065027818906,-0.007679972993501652,0.0138888888888888
E02000428,Haringey 032,2024,65,65,860700.0,11750.0,5714.73,59.245000000000005,1,0.0153846153846153,69,748600.0,9100.0,6031.88,59.245000000000005,0.0,-0.057971014492753624,0.14974619289340102,0.29120879120879123,-0.05257896377248893,0.0,0.0153846153846153
E02000428,Haringey 032,2025,64,64,851250.0,11875.0,5630.92,58.79,1,0.015625,69,748600.0,9100.0,6031.88,59.245000000000005,0.0,-0.07246376811594203,0.13712262890729363,0.30494505494505497,-0.06647347095764505,-0.007679972993501652,0.015625
E02000429,Haringey 033,2023,4,4,94000.0,21625.0,256.91,58.75,0,0.0,4,79750.0,19500.0,237.91,49.25,0.0,0.0,0.1786833855799373,0.10897435897435898,0.07986213273927127,0.19289340101522842,0.0
E02000429,Haringey 033,2024,4,4,106500.0,25000.0,256.91,58.75,0,0.0,4,79750.0,19500.0,237.91,49.25,0.0,0.0,0.335423197492163,0.28205128205128205,0.07986213273927127,0.19289340101522842,0.0
E02000429,Haringey 033,2025,4,4,87750.0,31250.0,256.91,58.75,0,0.0,4,79750.0,19500.0,237.91,49.25,0.0,0.0,0.10031347962382445,0.6025641025641025,0.07986213273927127,0.19289340101522842,0.0
E02000430,Haringey 034,2023,277,277,8950775.0,27875.0,29172.46,75.185,6,0.0216606498194945,273,9176025.0,29375.0,27946.17,74.68,0.0256410256410256,0.014652014652014652,-0.024547666337003223,-0.05106382978723404,0.043880431558242186,0.006762185324049216,-0.003980375821531098
E02000430,Haringey 034,2024,263,263,9112930.0,29250.0,26898.34,77.05,1,0.0038022813688212,273,9176025.0,29375.0,27946.17,74.68,0.0256410256410256,-0.03663003663003663,-0.00687607106563027,-0.00425531914893617,-0.037494583336464285,0.03173540439207271,-0.021838744272204398
E02000430,Haringey 034,2025,265,265,9101180.0,29375.0,27069.63,77.05,1,0.0037735849056603,273,9176025.0,29375.0,27946.17,74.68,0.0256410256410256,-0.029304029304029304,-0.008156581962233102,0.0,-0.031365299788843955,0.03173540439207271,-0.0218674407353653
E02000431,Haringey 035,2023,144,144,2363950.0,11500.0,18771.89,67.22,4,0.0277777777777777,137,2335700.0,11000.0,15858.96,65.4,0.0,0.051094890510948905,0.012094875198013444,0.045454545454545456,0.18367723986944923,0.027828746177369922,0.0277777777777777
E02000431,Haringey 035,2024,130,130,2537950.0,12500.0,12512.02,65.4,0,0.0,137,2335700.0,11000.0,15858.96,65.4,0.0,-0.051094890510948905,0.08659074367427323,0.13636363636363635,-0.21104410377477456,0.0,0.0
E02000431,Haringey 035,2025,131,131,2545350.0,12500.0,12548.61,64.80000000000001,0,0.0,137,2335700.0,11000.0,15858.96,65.4,0.0,-0.043795620437956206,0.08975895877039003,0.13636363636363635,-0.20873689069144502,-0.009174311926605417,0.0
E02000432,Haringey 036,2023,64,64,825700.0,12500.0,4054.1,52.08,0,0.0,60,813650.0,12375.0,3836.77,54.15,0.0,0.06666666666666667,0.014809807656854914,0.010101010101010102,0.05664400003127629,-0.038227146814404436,0.0
E02000432,Haringey 036,2024,62,62,953400.0,14250.0,3902.88,49.98,0,0.0,60,813650.0,12375.0,3836.77,54.15,0.0,0.03333333333333333,0.171756897929085,0.15151515151515152,0.017230639313797837,-0.07700831024930752,0.0
E02000432,Haringey 036,2025,62,62,946000.0,14500.0,3902.88,49.98,0,0.0,60,813650.0,12375.0,3836.77,54.15,0.0,0.03333333333333333,0.1626620782891907,0.1717171717171717,0.017230639313797837,-0.07700831024930752,0.0
E02000433,Harrow 001,2023,131,131,4229925.0,24750.0,24589.69,87.7,12,0.0916030534351145,119,4344725.0,25250.0,18703.33,86.1,0.0840336134453781,0.10084033613445378,-0.02642284609497724,-0.019801980198019802,0.3147225654469015,0.018583042973286976,0.007569439989736401
E02000433,Harrow 001,2024,111,111,4486200.0,24500.0,18050.99,86.1,3,0.027027027027027,119,4344725.0,25250.0,18703.33,86.1,0.0840336134453781,-0.06722689075630252,0.03256247518542601,-0.0297029702970297,-0.034878281033377485,0.0,-0.0570065864183511
E02000433,Harrow 001,2025,110,110,4487500.0,24875.0,18080.35,86.1,3,0.0272727272727272,119,4344725.0,25250.0,18703.33,86.1,0.0840336134453781,-0.07563025210084033,0.032861688599393514,-0.01485148514851485,-0.03330850709472608,0.0,-0.056760886172650904
E02000434,Harrow 002,2023,108,108,1445300.0,11250.0,9917.1,54.28,2,0.0185185185185185,107,1518500.0,11250.0,9851.42,54.16,0.02803738317757,0.009345794392523364,-0.048205465920316104,0.0,0.0066670591650747095,0.002215657311669213,-0.0095188646590515
E02000434,Harrow 002,2024,98,98,1513500.0,11500.0,8805.39,54.28,2,0.0204081632653061,107,1518500.0,11250.0,9851.42,54.16,0.02803738317757,-0.08411214953271028,-0.0032927230819888046,0.022222222222222223,-0.10618063182769596,0.002215657311669213,-0.007629219912263899
E02000434,Harrow 002,2025,97,97,1513100.0,11625.0,8803.39,54.4,2,0.0206185567010309,107,1518500.0,11250.0,9851.42,54.16,0.02803738317757,-0.09345794392523364,-0.0035561409285479093,0.03333333333333333,-0.10638364824563369,0.004431314623338294,-0.0074188264765391
E02000435,Harrow 003,2023,12,12,282050.0,12125.0,1513.9,46.5,0,0.0,12,279550.0,12125.0,1513.9,46.5,0.0,0.0,0.008942944017170452,0.0,0.0,0.0,0.0
E02000435,Harrow 003,2024,12,12,271300.0,12625.0,1489.11,46.5,0,0.0,12,279550.0,12125.0,1513.9,46.5,0.0,0.0,-0.029511715256662494,0.041237113402061855,-0.016374925688618924,0.0,0.0
E02000435,Harrow 003,2025,12,12,268550.0,12625.0,1367.06,46.5,0,0.0,12,279550.0,12125.0,1513.9,46.5,0.0,0.0,-0.03934895367554999,0.041237113402061855,-0.0969945174714315,0.0,0.0
E02000436,Harrow 004,2023,5,5,192750.0,36875.0,13001.0,6471.9,0,0.0,4,211750.0,36875.0,6529.099999999999,3264.55,0.0,0.25,-0.089728453364817,0.0,0.9912392213321899,0.9824784426643792,0.0
E02000436,Harrow 004,2024,4,4,234800.0,53900.0,6529.099999999999,3264.55,0,0.0,4,211750.0,36875.0,6529.099999999999,3264.55,0.0,0.0,0.1088547815820543,0.4616949152542373,0.0,0.0,0.0
E02000436,Harrow 004,2025,4,4,234800.0,53900.0,6529.099999999999,3264.55,0,0.0,4,211750.0,36875.0,6529.099999999999,3264.55,0.0,0.0,0.1088547815820543,0.4616949152542373,0.0,0.0,0.0
E02000437,Harrow 005,2023,59,59,2303925.0,11000.0,19531.17,70.5,0,0.0,54,2299700.0,10875.0,15475.01,68.8,0.0185185185185185,0.09259259259259259,0.0018371961560203504,0.011494252873563218,0.26211033143112655,0.02470930232558144,-0.0185185185185185
E02000437,Harrow 005,2024,54,54,2435300.0,13000.0,10956.93,68.8,0,0.0,54,2299700.0,10875.0,15475.01,68.8,0.0185185185185185,0.0,0.058964212723398704,0.19540229885057472,-0.2919597467142186,0.0,-0.0185185185185185
E02000437,Harrow 005,2025,53,53,2435100.0,13250.0,10955.93,69.65,0,0.0,54,2299700.0,10875.0,15475.01,68.8,0.0185185185185185,-0.018518518518518517,0.05887724485802496,0.21839080459770116,-0.29202436702787266,0.012354651162790822,-0.0185185185185185
E02000438,Harrow 006,2023,101,101,3690050.0,23000.0,26570.7,88.675,3,0.0297029702970297,96,3753325.0,22750.0,15473.92,84.9,0.0416666666666666,0.052083333333333336,-0.01685838556479921,0.01098901098901099,0.717127915873935,0.0444640753828032,-0.0119636963696369
E02000438,Harrow 006,2024,92,92,4034925.0,26250.0,15226.98,88.675,3,0.0326086956521739,96,3753325.0,22750.0,15473.92,84.9,0.0416666666666666,-0.041666666666666664,0.0750268095621882,0.15384615384615385,-0.015958464306394277,0.0444640753828032,-0.009057971014492704
E02000438,Harrow 006,2025,93,93,4043575.0,26500.0,20901.21,91.8,2,0.021505376344086,96,3753325.0,22750.0,15473.92,84.9,0.0416666666666666,-0.03125,0.07733143279625398,0.16483516483516483,0.35073788671519557,0.08127208480565361,-0.020161290322580603
E02000439,Harrow 007,2023,108,108,2025150.0,15875.0,13849.11,69.735,4,0.037037037037037,102,2225475.0,13625.0,13365.86,69.87,0.0392156862745098,0.058823529411764705,-0.09001449128837664,0.1651376146788991,0.036155548539338285,-0.0019321597252040233,-0.002178649237472803
E02000439,Harrow 007,2024,91,91,2197950.0,18250.0,11782.38,78.03,4,0.0439560439560439,102,2225475.0,13625.0,13365.86,69.87,0.0392156862745098,-0.10784313725490197,-0.012368146126107909,0.3394495412844037,-0.11847198758628336,0.11678832116788315,0.004740357681534094
E02000439,Harrow 007,2025,93,93,2198450.0,15375.0,11939.64,77.63999999999999,3,0.032258064516129,102,2225475.0,13625.0,13365.86,69.87,0.0392156862745098,-0.08823529411764706,-0.012143474988485604,0.12844036697247707,-0.10670619024888792,0.11120652640618264,-0.006957621758380807
E02000440,Harrow 008,2023,45,45,681400.0,13375.0,4167.32,74.4,2,0.0444444444444444,43,723050.0,13500.0,4070.11,77.0,0.0465116279069767,0.046511627906976744,-0.057603208630108566,-0.009259259259259259,0.023883875374375526,-0.033766233766233694,-0.0020671834625323043
E02000440,Harrow 008,2024,40,40,730450.0,15125.0,3965.13,77.0,0,0.0,43,723050.0,13500.0,4070.11,77.0,0.0465116279069767,-0.06976744186046512,0.010234423622156144,0.12037037037037036,-0.025792914687809424,0.0,-0.0465116279069767
E02000440,Harrow 008,2025,40,40,732200.0,15125.0,3983.22,77.0,0,0.0,43,723050.0,13500.0,4070.11,77.0,0.0465116279069767,-0.06976744186046512,0.012654726505774152,0.12037037037037036,-0.02134831736734396,0.0,-0.0465116279069767
E02000441,Harrow 009,2023,32,32,1081250.0,9500.0,9140.78,69.1,4,0.125,28,1084850.0,9500.0,5748.02,67.8,0.0714285714285714,0.14285714285714285,-0.00331843111950961,0.0,0.5902484681681692,0.01917404129793506,0.0535714285714286
E02000441,Harrow 009,2024,27,27,1141150.0,10000.0,5450.92,67.46000000000001,1,0.037037037037037,28,1084850.0,9500.0,5748.02,67.8,0.0714285714285714,-0.03571428571428571,0.05189657556344195,0.05263157894736842,-0.05168736364869996,-0.005014749262536714,-0.0343915343915344
E02000441,Harrow 009,2025,27,27,1141150.0,10000.0,5450.92,67.46000000000001,1,0.037037037037037,28,1084850.0,9500.0,5748.02,67.8,0.0714285714285714,-0.03571428571428571,0.05189657556344195,0.05263157894736842,-0.05168736364869996,-0.005014749262536714,-0.0343915343915344
E02000442,Harrow 010,2023,48,48,813100.0,15375.0,4750.43,80.3,0,0.0,46,778850.0,15250.0,4503.52,77.56,0.0,0.043478260869565216,0.043975091481029724,0.00819672131147541,0.05482600277116563,0.03532748839608039,0.0
E02000442,Harrow 010,2024,46,46,982800.0,19125.0,4487.53,80.3,0,0.0,46,778850.0,15250.0,4503.52,77.56,0.0,0.0,0.26186043525710984,0.2540983606557377,-0.0035505560095215943,0.03532748839608039,0.0
E02000442,Harrow 010,2025,46,46,982800.0,19125.0,4487.53,80.3,0,0.0,46,778850.0,15250.0,4503.52,77.56,0.0,0.0,0.26186043525710984,0.2540983606557377,-0.0035505560095215943,0.03532748839608039,0.0
E02000443,Harrow 011,2023,138,138,1810800.0,12000.0,15033.12,77.0,2,0.0144927536231884,127,1695185.0,12000.0,13687.57,77.55,0.0314960629921259,0.08661417322834646,0.06820199565239192,0.0,0.0983045200864727,-0.007092198581560247,-0.0170033093689375
E02000443,Harrow 011,2024,125,125,2041550.0,13750.0,12262.68,76.85,1,0.008,127,1695185.0,12000.0,13687.57,77.55,0.0314960629921259,-0.015748031496062992,0.20432283202128382,0.14583333333333334,-0.10410102012263678,-0.00902643455834949,-0.0234960629921259
E02000443,Harrow 011,2025,128,128,2052650.0,13750.0,12405.4,76.3,1,0.0078125,127,1695185.0,12000.0,13687.57,77.55,0.0314960629921259,0.007874015748031496,0.21087078991378522,0.14583333333333334,-0.09367404148435406,-0.016118633139909737,-0.0236835629921259
E02000444,Harrow 012,2023,84,84,1291300.0,15000.0,6884.97,64.5,2,0.0238095238095238,64,1216800.0,17875.0,6350.09,81.09,0.046875,0.3125,0.06122616699539776,-0.16083916083916083,0.08423187702851458,-0.20458749537550872,-0.0230654761904762
E02000444,Harrow 012,2024,78,78,1477450.0,18375.0,6135.47,63.285,1,0.0128205128205128,64,1216800.0,17875.0,6350.09,81.09,0.046875,0.21875,0.2142094017094017,0.027972027972027972,-0.033797946170841656,-0.21957084720680733,-0.0340544871794872
E02000444,Harrow 012,2025,79,79,1484350.0,18750.0,6201.31,64.17,1,0.0126582278481012,64,1216800.0,17875.0,6350.09,81.09,0.046875,0.234375,0.2198800131492439,0.04895104895104895,-0.02342958918692487,-0.2086570477247503,-0.0342167721518988
E02000445,Harrow 013,2023,129,129,1591870.0,12375.0,13823.11,68.8,5,0.0387596899224806,119,1706520.0,13250.0,12396.64,72.895,0.0336134453781512,0.08403361344537816,-0.06718350795771512,-0.0660377358490566,0.11506908323545745,-0.05617669250291514,0.005146244544329402
E02000445,Harrow 013,2024,103,103,1692570.0,13750.0,10066.64,65.6,2,0.0194174757281553,119,1706520.0,13250.0,12396.64,72.895,0.0336134453781512,-0.13445378151260504,-0.008174530623725477,0.03773584905660377,-0.18795415531950593,-0.10007545099115168,-0.014195969649995897
E02000445,Harrow 013,2025,105,105,1702820.0,13750.0,10190.36,65.6,2,0.019047619047619,119,1706520.0,13250.0,12396.64,72.895,0.0336134453781512,-0.11764705882352941,-0.002168155075826829,0.03773584905660377,-0.17797403167309844,-0.10007545099115168,-0.014565826330532196
E02000447,Harrow 015,2023,40,40,289875.0,7600.0,11119.32,51.8,2,0.05,38,289075.0,7650.0,11022.83,51.8,0.0789473684210526,0.05263157894736842,0.002767447894145118,-0.006535947712418301,0.008753650378351093,0.0,-0.028947368421052597
E02000447,Harrow 015,2024,35,35,318825.0,8500.0,6349.99,48.7,2,0.0571428571428571,38,289075.0,7650.0,11022.83,51.8,0.0789473684210526,-0.07894736842105263,0.10291446856352157,0.1111111111111111,-0.42392380178230094,-0.05984555984555974,-0.0218045112781955
E02000447,Harrow 015,2025,35,35,318825.0,8500.0,6349.99,48.7,2,0.0571428571428571,38,289075.0,7650.0,11022.83,51.8,0.0789473684210526,-0.07894736842105263,0.10291446856352157,0.1111111111111111,-0.42392380178230094,-0.05984555984555974,-0.0218045112781955
E02000448,Harrow 016,2023,174,174,5241210.0,18875.0,29721.22,64.25,6,0.0344827586206896,163,5419160.0,18750.0,23619.82,62.8,0.0552147239263803,0.06748466257668712,-0.032837192480015355,0.006666666666666667,0.25831695584471015,0.02308917197452234,-0.0207319653056907
E02000448,Harrow 016,2024,158,158,5838875.0,21125.0,22781.57,62.2,1,0.0063291139240506,163,5419160.0,18750.0,23619.82,62.8,0.0552147239263803,-0.03067484662576687,0.07745019523320958,0.12666666666666668,-0.03548926283096145,-0.009554140127388444,-0.0488856100023297
E02000448,Harrow 016,2025,159,159,5866875.0,21250.0,22930.63,63.825,1,0.0062893081761006,163,5419160.0,18750.0,23619.82,62.8,0.0552147239263803,-0.024539877300613498,0.08261704766052304,0.13333333333333333,-0.029178461139839282,0.016321656050955504,-0.0489254157502797
E02000449,Harrow 017,2023,19,19,280200.0,16125.0,6083.530000000001,62.7,0,0.0,17,281200.0,16000.0,1336.67,57.6,0.0588235294117647,0.11764705882352941,-0.0035561877667140826,0.0078125,3.551257976912776,0.08854166666666669,-0.0588235294117647
E02000449,Harrow 017,2024,16,16,309700.0,17625.0,1339.97,60.150000000000006,0,0.0,17,281200.0,16000.0,1336.67,57.6,0.0588235294117647,-0.058823529411764705,0.10135135135135136,0.1015625,0.0024688217735117524,0.044270833333333405,-0.0588235294117647
E02000449,Harrow 017,2025,16,16,310200.0,17875.0,1342.2,60.565,0,0.0,17,281200.0,16000.0,1336.67,57.6,0.0588235294117647,-0.058823529411764705,0.10312944523470839,0.1171875,0.00413714679015761,0.05147569444444438,-0.0588235294117647
E02000451,Harrow 019,2023,87,87,1213250.0,12500.0,9045.32,79.25,3,0.0344827586206896,85,1208000.0,12500.0,8871.48,76.3,0.0352941176470588,0.023529411764705882,0.004346026490066225,0.0,0.019595377546925672,0.038663171690694664,-0.000811359026369203
E02000451,Harrow 019,2024,79,79,1353075.0,14500.0,8410.4,79.7,1,0.0126582278481012,85,1208000.0,12500.0,8871.48,76.3,0.0352941176470588,-0.07058823529411765,0.12009519867549669,0.16,-0.051973289687853655,0.04456094364351253,-0.0226358897989576
E02000451,Harrow 019,2025,79,79,1353075.0,14500.0,8410.4,79.7,1,0.0126582278481012,85,1208000.0,12500.0,8871.48,76.3,0.0352941176470588,-0.07058823529411765,0.12009519867549669,0.16,-0.051973289687853655,0.04456094364351253,-0.0226358897989576
E02000452,Harrow 020,2023,237,237,8242850.0,21625.0,87080.44,78.6,10,0.0421940928270042,218,8318400.0,21250.0,64370.48,77.525,0.0504587155963302,0.0871559633027523,-0.00908227543758415,0.01764705882352941,0.35280084908486,0.013866494679135616,-0.008264622769326005
E02000452,Harrow 020,2024,212,212,7457650.0,19750.0,55650.76,78.6,6,0.0283018867924528,218,8318400.0,21250.0,64370.48,77.525,0.0504587155963302,-0.027522935779816515,-0.10347542796691671,-0.07058823529411765,-0.13546147240163506,0.013866494679135616,-0.022156828803877402
E02000452,Harrow 020,2025,209,209,7429800.0,20000.0,55538.08,79.45,4,0.0191387559808612,218,8318400.0,21250.0,64370.48,77.525,0.0504587155963302,-0.04128440366972477,-0.10682342758222735,-0.058823529411764705,-0.13721196424199417,0.024830699774266326,-0.031319959615469004
E02000453,Harrow 021,2023,84,84,2326405.0,11000.0,25941.65,72.1,4,0.0476190476190476,76,2300805.0,12125.0,24997.83,74.045,0.0394736842105263,0.10526315789473684,0.011126540493435992,-0.09278350515463918,0.037756077227503335,-0.02626781011547042,0.008145363408521303
E02000453,Harrow 021,2024,74,74,2551725.0,13250.0,13608.42,72.1,1,0.0135135135135135,76,2300805.0,12125.0,24997.83,74.045,0.0394736842105263,-0.02631578947368421,0.10905748205519372,0.09278350515463918,-0.45561594746423995,-0.02626781011547042,-0.0259601706970128
E02000453,Harrow 021,2025,74,74,2551725.0,13250.0,13608.42,72.1,0,0.0,76,2300805.0,12125.0,24997.83,74.045,0.0394736842105263,-0.02631578947368421,0.10905748205519372,0.09278350515463918,-0.45561594746423995,-0.02626781011547042,-0.0394736842105263
E02000454,Harrow 022,2023,22,22,245850.0,10000.0,1643.8300000000002,53.6,0,0.0,20,291600.0,10125.0,1538.13,53.6,0.0,0.1,-0.15689300411522633,-0.012345679012345678,0.06871980911886515,0.0,0.0
E02000454,Harrow 022,2024,20,20,313800.0,13125.0,1431.17,53.6,0,0.0,20,291600.0,10125.0,1538.13,53.6,0.0,0.0,0.07613168724279835,0.2962962962962963,-0.0695389856514079,0.0,0.0
E02000454,Harrow 022,2025,20,20,313800.0,13125.0,1431.17,53.6,0,0.0,20,291600.0,10125.0,1538.13,53.6,0.0,0.0,0.07613168724279835,0.2962962962962963,-0.0695389856514079,0.0,0.0
E02000455,Harrow 023,2023,259,259,13576450.0,38000.0,73897.08,103.49,20,0.0772200772200772,240,15158025.0,40500.0,72200.7,107.05,0.0458333333333333,0.07916666666666666,-0.10433912069679262,-0.06172839506172839,0.023495340072880247,-0.033255488089677744,0.0313867438867439
E02000455,Harrow 023,2024,227,227,10774350.0,33000.0,60210.65,107.05,15,0.066079295154185,240,15158025.0,40500.0,72200.7,107.05,0.0458333333333333,-0.05416666666666667,-0.28919829595214414,-0.18518518518518517,-0.16606556446128634,0.0,0.020245961820851692
E02000455,Harrow 023,2025,229,229,10841750.0,32500.0,60537.38,107.05,12,0.0524017467248908,240,15158025.0,40500.0,72200.7,107.05,0.0458333333333333,-0.04583333333333333,-0.2847518063863861,-0.19753086419753085,-0.16154026207502142,0.0,0.006568413391557497
E02000456,Harrow 024,2023,26,26,217425.0,7900.0,1509.13,60.4,0,0.0,26,217425.0,7900.0,1509.13,60.4,0.0384615384615384,0.0,0.0,0.0,0.0,0.0,-0.0384615384615384
E02000456,Harrow 024,2024,26,26,236275.0,9000.0,1509.13,60.4,0,0.0,26,217425.0,7900.0,1509.13,60.4,0.0384615384615384,0.0,0.08669656203288491,0.13924050632911392,0.0,0.0,-0.0384615384615384
E02000456,Harrow 024,2025,26,26,236275.0,9000.0,1509.13,60.4,0,0.0,26,217425.0,7900.0,1509.13,60.4,0.0384615384615384,0.0,0.08669656203288491,0.13924050632911392,0.0,0.0,-0.0384615384615384
E02000457,Harrow 025,2023,143,143,1626005.0,11750.0,13670.91,63.35,4,0.0279720279720279,127,1620055.0,12000.0,12100.45,62.900000000000006,0.0393700787401574,0.12598425196850394,0.003672714815237754,-0.020833333333333332,0.1297852559202343,0.00715421303656591,-0.011398050768129504
E02000457,Harrow 025,2024,127,127,1914650.0,14125.0,11886.5,60.5,1,0.0078740157480314,127,1620055.0,12000.0,12100.45,62.900000000000006,0.0393700787401574,0.0,0.18184259176385986,0.17708333333333334,-0.017681160617993606,-0.0381558028616853,-0.031496062992126005
E02000457,Harrow 025,2025,128,128,1949750.0,14250.0,12184.43,62.35,1,0.0078125,127,1620055.0,12000.0,12100.45,62.900000000000006,0.0393700787401574,0.007874015748031496,0.20350852285879184,0.1875,0.0069402377597527,-0.008744038155802929,-0.0315575787401574
E02000459,Harrow 027,2023,87,87,2174125.0,8000.0,12182.04,76.19,4,0.0459770114942528,85,2636125.0,9000.0,13173.37,78.05,0.0235294117647058,0.023529411764705882,-0.1752572431125231,-0.1111111111111111,-0.07525257394273446,-0.02383087764253683,0.022447599729546998
E02000459,Harrow 027,2024,80,80,2124700.0,10075.0,11751.95,77.8,3,0.0375,85,2636125.0,9000.0,13173.37,78.05,0.0235294117647058,-0.058823529411764705,-0.19400635402342453,0.11944444444444445,-0.1079010154576999,-0.0032030749519538757,0.0139705882352942
E02000459,Harrow 027,2025,80,80,2107950.0,10250.0,11785.19,78.3,3,0.0375,85,2636125.0,9000.0,13173.37,78.05,0.0235294117647058,-0.058823529411764705,-0.20036037744795865,0.1388888888888889,-0.10537774312875142,0.0032030749519538757,0.0139705882352942
E02000460,Harrow 028,2023,38,38,344000.0,10750.0,2164.79,46.35,0,0.0,36,344300.0,8750.0,2138.02,52.45,0.0,0.05555555555555555,-0.0008713331397037467,0.22857142857142856,0.012520930580630668,-0.1163012392755005,0.0
E02000460,Harrow 028,2024,34,34,327850.0,10075.0,2138.02,66.15,0,0.0,36,344300.0,8750.0,2138.02,52.45,0.0,-0.05555555555555555,-0.04777810049375544,0.15142857142857144,0.0,0.26120114394661587,0.0
E02000460,Harrow 028,2025,34,34,328600.0,10075.0,2138.02,66.15,0,0.0,36,344300.0,8750.0,2138.02,52.45,0.0,-0.05555555555555555,-0.04559976764449608,0.15142857142857144,0.0,0.26120114394661587,0.0
E02000461,Harrow 029,2023,86,86,1255200.0,14875.0,6210.89,69.4,3,0.0348837209302325,79,1276350.0,15250.0,5942.23,74.06,0.0632911392405063,0.08860759493670886,-0.016570689857797628,-0.02459016393442623,0.04521198270682905,-0.06292195517148254,-0.028407418310273803
E02000461,Harrow 029,2024,76,76,1296400.0,15875.0,5593.63,71.7,2,0.0263157894736842,79,1276350.0,15250.0,5942.23,74.06,0.0632911392405063,-0.0379746835443038,0.01570885728836134,0.040983606557377046,-0.058664844679522585,-0.03186605455036456,-0.03697534976682211
E02000461,Harrow 029,2025,76,76,1296400.0,15875.0,5593.63,71.7,2,0.0263157894736842,79,1276350.0,15250.0,5942.23,74.06,0.0632911392405063,-0.0379746835443038,0.01570885728836134,0.040983606557377046,-0.058664844679522585,-0.03186605455036456,-0.03697534976682211
E02000462,Harrow 030,2023,156,156,2904850.0,14000.0,21112.24,68.505,4,0.0256410256410256,148,2830350.0,14000.0,18264.33,69.9,0.0202702702702702,0.05405405405405406,0.026321832988852968,0.0,0.155927427942881,-0.019957081545064523,0.0053707553707554
E02000462,Harrow 030,2024,146,146,3390450.0,16000.0,17398.26,68.09,2,0.0136986301369863,148,2830350.0,14000.0,18264.33,69.9,0.0202702702702702,-0.013513513513513514,0.19789072022894694,0.14285714285714285,-0.04741865702163744,-0.025894134477825494,-0.006571640133283898
E02000462,Harrow 030,2025,147,147,3395950.0,16000.0,17559.45,68.63,2,0.0136054421768707,148,2830350.0,14000.0,18264.33,69.9,0.0202702702702702,-0.006756756756756757,0.19983394279859382,0.14285714285714285,-0.03859325800617931,-0.018168812589413594,-0.006664828093399499
E02000463,Harrow 031,2023,45,45,465050.0,10750.0,3541.34,61.435,0,0.0,43,438800.0,10500.0,3000.39,56.96,0.0,0.046511627906976744,0.059822242479489515,0.023809523809523808,0.18029322854695565,0.07856390449438205,0.0
E02000463,Harrow 031,2024,44,44,530700.0,12375.0,3391.18,59.33,0,0.0,43,438800.0,10500.0,3000.39,56.96,0.0,0.023255813953488372,0.2094348222424795,0.17857142857142858,0.1302464013011642,0.04160814606741568,0.0
E02000463,Harrow 031,2025,43,43,530500.0,12500.0,3390.18,60.1,0,0.0,43,438800.0,10500.0,3000.39,56.96,0.0,0.0,0.20897903372835006,0.19047619047619047,0.12991311129553157,0.05512640449438203,0.0
E02000464,Havering 001,2023,22,22,214700.0,6700.0,2818.74,69.2,0,0.0,20,214000.0,6700.0,2672.76,69.2,0.0,0.1,0.0032710280373831778,0.0,0.05461769855879299,0.0,0.0
E02000464,Havering 001,2024,21,21,218500.0,7300.0,3928.64,67.935,0,0.0,20,214000.0,6700.0,2672.76,69.2,0.0,0.05,0.02102803738317757,0.08955223880597014,0.46988132118110104,-0.018280346820809257,0.0
E02000464,Havering 001,2025,22,22,259750.0,7350.0,4137.38,69.2,0,0.0,20,214000.0,6700.0,2672.76,69.2,0.0,0.1,0.21378504672897197,0.09701492537313433,0.5479803648662804,0.0,0.0
E02000465,Havering 002,2023,26,26,245450.0,7700.0,2458.66,91.69,1,0.0384615384615384,24,211650.0,7700.0,2045.5,90.9,0.0833333333333333,0.08333333333333333,0.15969761398535318,0.0,0.20198484478122702,0.008690869086908602,-0.0448717948717949
E02000465,Havering 002,2024,24,24,306000.0,10750.0,2252.08,91.295,0,0.0,24,211650.0,7700.0,2045.5,90.9,0.0833333333333333,0.0,0.4457831325301205,0.3961038961038961,0.10099242239061351,0.004345434543454301,-0.0833333333333333
E02000465,Havering 002,2025,24,24,284000.0,10750.0,2252.08,91.295,0,0.0,24,211650.0,7700.0,2045.5,90.9,0.0833333333333333,0.0,0.34183793999527523,0.3961038961038961,0.10099242239061351,0.004345434543454301,-0.0833333333333333
E02000466,Havering 003,2023,34,34,402775.0,6150.0,2600.94,45.93,0,0.0,34,385200.0,6150.0,2615.6,45.93,0.0294117647058823,0.0,0.045625649013499484,0.0,-0.005604832543202269,0.0,-0.0294117647058823
E02000466,Havering 003,2024,34,34,458890.0,6650.0,2600.94,45.93,0,0.0,34,385200.0,6150.0,2615.6,45.93,0.0294117647058823,0.0,0.1913032191069574,0.08130081300813008,-0.005604832543202269,0.0,-0.0294117647058823
E02000466,Havering 003,2025,34,34,458890.0,6650.0,2600.94,45.93,0,0.0,34,385200.0,6150.0,2615.6,45.93,0.0294117647058823,0.0,0.1913032191069574,0.08130081300813008,-0.005604832543202269,0.0,-0.0294117647058823
E02000467,Havering 004,2023,94,94,1705850.0,14500.0,11823.18,63.85,6,0.0638297872340425,91,1664950.0,14375.0,11563.59,64.0,0.0769230769230769,0.03296703296703297,0.02456530226132917,0.008695652173913044,0.02244891076214222,-0.002343749999999978,-0.013093289689034393
E02000467,Havering 004,2024,85,85,1872250.0,14750.0,11310.36,65.96,2,0.0235294117647058,91,1664950.0,14375.0,11563.59,64.0,0.0769230769230769,-0.06593406593406594,0.12450824349079552,0.02608695652173913,-0.02189890855694465,0.030624999999999902,-0.0533936651583711
E02000467,Havering 004,2025,85,85,1872250.0,14750.0,11310.36,65.96,0,0.0,91,1664950.0,14375.0,11563.59,64.0,0.0769230769230769,-0.06593406593406594,0.12450824349079552,0.02608695652173913,-0.02189890855694465,0.030624999999999902,-0.0769230769230769
E02000468,Havering 005,2023,118,118,2054650.0,12875.0,16728.38,84.6,1,0.0084745762711864,111,2107450.0,12750.0,20426.26,85.55,0.018018018018018,0.06306306306306306,-0.02505397518327837,0.00980392156862745,-0.1810355885022514,-0.01110461718293399,-0.0095434417468316
E02000468,Havering 005,2024,108,108,2425500.0,16250.0,14505.13,82.53,1,0.0092592592592592,111,2107450.0,12750.0,20426.26,85.55,0.018018018018018,-0.02702702702702703,0.1509169849818501,0.27450980392156865,-0.2898783232956008,-0.03530099357101106,-0.0087587587587588
E02000468,Havering 005,2025,108,108,2425500.0,16250.0,14505.13,82.53,0,0.0,111,2107450.0,12750.0,20426.26,85.55,0.018018018018018,-0.02702702702702703,0.1509169849818501,0.27450980392156865,-0.2898783232956008,-0.03530099357101106,-0.018018018018018
E02000469,Havering 006,2023,23,23,2001500.0,7000.0,11832.32,77.53,0,0.0,22,1998300.0,7050.0,11824.32,79.75,0.0,0.045454545454545456,0.001601361156983436,-0.0070921985815602835,0.0006765716760033558,-0.02783699059561127,0.0
E02000469,Havering 006,2024,23,23,2253900.0,10000.0,11832.32,77.53,0,0.0,22,1998300.0,7050.0,11824.32,79.75,0.0,0.045454545454545456,0.12790872241405193,0.41843971631205673,0.0006765716760033558,-0.02783699059561127,0.0
E02000469,Havering 006,2025,23,23,2253900.0,10000.0,11832.32,77.53,0,0.0,22,1998300.0,7050.0,11824.32,79.75,0.0,0.045454545454545456,0.12790872241405193,0.41843971631205673,0.0006765716760033558,-0.02783699059561127,0.0
E02000470,Havering 007,2023,108,108,8098625.0,9300.0,65216.74,101.21,1,0.0092592592592592,99,7879975.0,8600.0,58534.21,93.2,0.0303030303030303,0.09090909090909091,0.027747549960501144,0.08139534883720931,0.11416452020109265,0.08594420600858359,-0.0210437710437711
E02000470,Havering 007,2024,95,95,7477350.0,12625.0,46962.62,108.55,0,0.0,99,7879975.0,8600.0,58534.21,93.2,0.0303030303030303,-0.04040404040404041,-0.0510947052496994,0.4680232558139535,-0.19768935123579864,0.16469957081545059,-0.0303030303030303
E02000470,Havering 007,2025,96,96,7254350.0,13000.0,47208.57,112.295,0,0.0,99,7879975.0,8600.0,58534.21,93.2,0.0303030303030303,-0.030303030303030304,-0.07939428741842455,0.5116279069767442,-0.1934875348962598,0.204881974248927,-0.0303030303030303
E02000471,Havering 008,2023,26,26,222100.0,10250.0,2021.95,65.15,0,0.0,26,222100.0,10250.0,2021.95,65.15,0.0,0.0,0.0,0.0,0.0,0.0,0.0
E02000471,Havering 008,2024,21,21,304400.0,13750.0,1488.55,65.5,0,0.0,26,222100.0,10250.0,2021.95,65.15,0.0,-0.19230769230769232,0.3705538045925259,0.34146341463414637,-0.26380474294616585,0.005372217958557088,0.0
E02000471,Havering 008,2025,21,21,304400.0,13750.0,1488.55,65.5,0,0.0,26,222100.0,10250.0,2021.95,65.15,0.0,-0.19230769230769232,0.3705538045925259,0.34146341463414637,-0.26380474294616585,0.005372217958557088,0.0
E02000472,Havering 009,2023,44,44,672200.0,9650.0,5666.490000000001,71.54,0,0.0,44,706700.0,10000.0,5598.8,71.54,0.0454545454545454,0.0,-0.048818451959813214,-0.035,0.012090090733728747,0.0,-0.0454545454545454
E02000472,Havering 009,2024,44,44,820350.0,13750.0,5617.55,74.4,0,0.0,44,706700.0,10000.0,5598.8,71.54,0.0454545454545454,0.0,0.160817885948776,0.375,0.0033489319139815674,0.039977634889572254,-0.0454545454545454
E02000472,Havering 009,2025,44,44,819350.0,13000.0,5617.55,74.4,0,0.0,44,706700.0,10000.0,5598.8,71.54,0.0454545454545454,0.0,0.15940285835573795,0.3,0.0033489319139815674,0.039977634889572254,-0.0454545454545454
E02000473,Havering 010,2023,49,49,680875.0,11000.0,6805.43,76.57,0,0.0,47,841375.0,11500.0,6563.15,76.57,0.0,0.0425531914893617,-0.19075917397117814,-0.043478260869565216,0.03691520078011331,0.0,0.0
E02000473,Havering 010,2024,45,45,784675.0,14500.0,4339.58,68.03999999999999,0,0.0,47,841375.0,11500.0,6563.15,76.57,0.0,-0.0425531914893617,-0.06738968949636012,0.2608695652173913,-0.33879615733298796,-0.11140133211440514,0.0
E02000473,Havering 010,2025,45,45,784675.0,14500.0,4339.58,68.03999999999999,0,0.0,47,841375.0,11500.0,6563.15,76.57,0.0,-0.0425531914893617,-0.06738968949636012,0.2608695652173913,-0.33879615733298796,-0.11140133211440514,0.0
E02000474,Havering 011,2023,65,65,2262150.0,9200.0,20531.77,57.62,0,0.0,56,2226450.0,9200.0,18314.45,60.325,0.0357142857142857,0.16071428571428573,0.016034494374452604,0.0,0.12106942878437515,-0.04484044757563208,-0.0357142857142857
E02000474,Havering 011,2024,53,53,2399500.0,10500.0,12134.53,53.41,0,0.0,56,2226450.0,9200.0,18314.45,60.325,0.0357142857142857,-0.05357142857142857,0.07772462889353006,0.14130434782608695,-0.33743410258020307,-0.11462909241607967,-0.0357142857142857
E02000474,Havering 011,2025,54,54,2381900.0,10375.0,12170.49,53.335,0,0.0,56,2226450.0,9200.0,18314.45,60.325,0.0357142857142857,-0.03571428571428571,0.069819668081475,0.12771739130434784,-0.33547062565351404,-0.11587235806050562,-0.0357142857142857
E02000475,Havering 012,2023,112,112,1811325.0,12250.0,10411.54,69.175,1,0.0089285714285714,103,1788925.0,12250.0,9556.4,70.09,0.0097087378640776,0.08737864077669903,0.012521486367511214,0.0,0.08948348750575544,-0.013054644029105524,-0.0007801664355061994
E02000475,Havering 012,2024,104,104,2011375.0,15125.0,9022.36,67.405,1,0.0096153846153846,103,1788925.0,12250.0,9556.4,70.09,0.0097087378640776,0.009708737864077669,0.12434842153807454,0.23469387755102042,-0.055882968481855,-0.038307889855899585,-9.335324869299937e-05
E02000475,Havering 012,2025,105,105,2011375.0,15250.0,9260.66,68.31,1,0.0095238095238095,103,1788925.0,12250.0,9556.4,70.09,0.0097087378640776,0.019417475728155338,0.12434842153807454,0.24489795918367346,-0.030946800050228096,-0.025395919532030263,-0.0001849283402680993
E02000476,Havering 013,2023,689,689,34176000.0,27750.0,271458.66,122.7,11,0.0159651669085631,647,35274625.0,28000.0,251212.79,122.3,0.035548686244204,0.06491499227202473,-0.03114490940725805,-0.008928571428571428,0.0805925128254814,0.00327064595257568,-0.0195835193356409
E02000476,Havering 013,2024,561,561,29611900.0,29000.0,193365.86,117.73,5,0.0089126559714795,647,35274625.0,28000.0,251212.79,122.3,0.035548686244204,-0.13292117465224113,-0.16053253578174112,0.03571428571428571,-0.230270640280696,-0.03736713000817656,-0.0266360302727245
E02000476,Havering 013,2025,569,569,29143800.0,26650.0,193992.26,116.66,4,0.0070298769771528,647,35274625.0,28000.0,251212.79,122.3,0.035548686244204,-0.1205564142194745,-0.1738026981151465,-0.048214285714285716,-0.22777713666569285,-0.046116107931316444,-0.0285188092670512
E02000477,Havering 014,2023,74,74,731400.0,7900.0,5370.72,50.5,0,0.0,66,610725.0,8200.0,4675.45,54.3,0.0151515151515151,0.12121212121212122,0.19759302468377749,-0.036585365853658534,0.1487065416163151,-0.06998158379373844,-0.0151515151515151
E02000477,Havering 014,2024,70,70,866800.0,10375.0,5086.56,50.5,0,0.0,66,610725.0,8200.0,4675.45,54.3,0.0151515151515151,0.06060606060606061,0.4192967374841377,0.2652439024390244,0.0879295041119038,-0.06998158379373844,-0.0151515151515151
E02000477,Havering 014,2025,70,70,862800.0,10375.0,5086.56,50.5,0,0.0,66,610725.0,8200.0,4675.45,54.3,0.0151515151515151,0.06060606060606061,0.4127471447869336,0.2652439024390244,0.0879295041119038,-0.06998158379373844,-0.0151515151515151
E02000478,Havering 015,2023,12,12,93750.0,6050.0,827.83,63.15,0,0.0,12,93750.0,6050.0,827.83,63.15,0.0,0.0,0.0,0.0,0.0,0.0,0.0
E02000478,Havering 015,2024,12,12,130600.0,8700.0,827.83,63.15,0,0.0,12,93750.0,6050.0,827.83,63.15,0.0,0.0,0.3930666666666667,0.4380165289256198,0.0,0.0,0.0
E02000478,Havering 015,2025,12,12,130600.0,8700.0,827.83,63.15,0,0.0,12,93750.0,6050.0,827.83,63.15,0.0,0.0,0.3930666666666667,0.4380165289256198,0.0,0.0,0.0
E02000479,Havering 016,2023,133,133,8049075.0,9150.0,79087.7,74.17,1,0.0075187969924812,125,7883425.0,9200.0,77131.06999999999,72.52000000000001,0.008,0.064,0.021012440658723843,-0.005434782608695652,0.025367598297288043,0.022752344180915488,-0.0004812030075188002
E02000479,Havering 016,2024,120,120,7633275.0,10000.0,47117.86,70.435,1,0.0083333333333333,125,7883425.0,9200.0,77131.06999999999,72.52000000000001,0.008,-0.04,-0.031731132090430235,0.08695652173913043,-0.3891195856611349,-0.028750689464975283,0.0003333333333333001
E02000479,Havering 016,2025,121,121,7637025.0,10000.0,49986.77,71.37,1,0.0082644628099173,125,7883425.0,9200.0,77131.06999999999,72.52000000000001,0.008,-0.032,-0.03125545051801723,0.08695652173913043,-0.3519243282894947,-0.015857694429123076,0.0002644628099172999
E02000480,Havering 017,2023,109,109,1941125.0,8500.0,21703.05,66.12,1,0.0091743119266055,99,2158275.0,8900.0,19787.43,66.12,0.0101010101010101,0.10101010101010101,-0.10061275787376493,-0.0449438202247191,0.09680994449506575,0.0,-0.0009266981744046002
E02000480,Havering 017,2024,98,98,2139575.0,11750.0,17797.51,63.08,1,0.010204081632653,99,2158275.0,8900.0,19787.43,66.12,0.0101010101010101,-0.010101010101010102,-0.008664326835088207,0.3202247191011236,-0.10056485354591282,-0.04597701149425296,0.00010307153164289956
E02000480,Havering 017,2025,99,99,2139575.0,11750.0,18039.75,63.09,1,0.0101010101010101,99,2158275.0,8900.0,19787.43,66.12,0.0101010101010101,0.0,-0.008664326835088207,0.3202247191011236,-0.08832273822320535,-0.0458257713248639,0.0
E02000481,Havering 018,2023,45,45,495900.0,9800.0,5767.95,76.0,2,0.0444444444444444,41,509300.0,9800.0,5234.71,76.0,0.048780487804878,0.0975609756097561,-0.026310622422933437,0.0,0.1018661969813036,0.0,-0.004336043360433604
E02000481,Havering 018,2024,38,38,511400.0,10875.0,4411.62,75.95,0,0.0,41,509300.0,9800.0,5234.71,76.0,0.048780487804878,-0.07317073170731707,0.004123306499116434,0.1096938775510204,-0.15723698160929644,-0.0006578947368420678,-0.048780487804878
E02000481,Havering 018,2025,38,38,511400.0,10875.0,4411.62,75.95,0,0.0,41,509300.0,9800.0,5234.71,76.0,0.048780487804878,-0.07317073170731707,0.004123306499116434,0.1096938775510204,-0.15723698160929644,-0.0006578947368420678,-0.048780487804878
E02000482,Havering 019,2023,66,66,645715.0,8800.0,5768.31,64.72,0,0.0,62,655865.0,8900.0,5516.49,65.39,0.0,0.06451612903225806,-0.015475745770852234,-0.011235955056179775,0.045648591767591465,-0.010246215017586813,0.0
E02000482,Havering 019,2024,60,60,714225.0,10500.0,5284.29,65.055,0,0.0,62,655865.0,8900.0,5516.49,65.39,0.0,-0.03225806451612903,0.08898172642235826,0.1797752808988764,-0.04209198240185332,-0.005123107508793297,0.0
E02000482,Havering 019,2025,60,60,714225.0,10500.0,5284.29,65.055,0,0.0,62,655865.0,8900.0,5516.49,65.39,0.0,-0.03225806451612903,0.08898172642235826,0.1797752808988764,-0.04209198240185332,-0.005123107508793297,0.0
E02000483,Havering 020,2023,273,273,7659565.0,18000.0,41833.56,87.0,2,0.0073260073260073,253,7773000.0,18375.0,40822.71,89.15,0.0118577075098814,0.07905138339920949,-0.014593464556799177,-0.02040816326530612,0.024761952354461488,-0.024116657319125132,-0.0045317001838741
E02000483,Havering 020,2024,262,262,8616005.0,21250.0,41265.67,87.0,1,0.0038167938931297,253,7773000.0,18375.0,40822.71,89.15,0.0118577075098814,0.03557312252964427,0.10845297825807282,0.1564625850340136,0.010850822985539155,-0.024116657319125132,-0.008040913616751699
E02000483,Havering 020,2025,262,262,8616005.0,21250.0,41265.67,87.0,1,0.0038167938931297,253,7773000.0,18375.0,40822.71,89.15,0.0118577075098814,0.03557312252964427,0.10845297825807282,0.1564625850340136,0.010850822985539155,-0.024116657319125132,-0.008040913616751699
E02000484,Havering 021,2023,66,66,885550.0,9350.0,7365.33,73.9,0,0.0,62,893100.0,9300.0,6886.72,73.9,0.0161290322580645,0.06451612903225806,-0.008453700593438584,0.005376344086021506,0.0694975256725988,0.0,-0.0161290322580645
E02000484,Havering 021,2024,58,58,1050400.0,12375.0,6295.0,70.16,0,0.0,62,893100.0,9300.0,6886.72,73.9,0.0161290322580645,-0.06451612903225806,0.17612809315866085,0.33064516129032256,-0.08592189024673579,-0.0506089309878215,-0.0161290322580645
E02000484,Havering 021,2025,58,58,1050400.0,12375.0,6295.0,70.16,0,0.0,62,893100.0,9300.0,6886.72,73.9,0.0161290322580645,-0.06451612903225806,0.17612809315866085,0.33064516129032256,-0.08592189024673579,-0.0506089309878215,-0.0161290322580645
E02000485,Havering 022,2023,209,209,4082515.0,13500.0,34040.270000000004,78.065,0,0.0,209,4194565.0,13500.0,34912.47,79.275,0.0,0.0,-0.026713139503142757,0.0,-0.02498247760757108,-0.015263323872595495,0.0
E02000485,Havering 022,2024,205,205,4676320.0,15625.0,32926.61,77.61500000000001,0,0.0,209,4194565.0,13500.0,34912.47,79.275,0.0,-0.019138755980861243,0.11485219563888031,0.1574074074074074,-0.05688110866976758,-0.02093976663513083,0.0
E02000485,Havering 022,2025,205,205,4630820.0,15500.0,32926.61,77.61500000000001,0,0.0,209,4194565.0,13500.0,34912.47,79.275,0.0,-0.019138755980861243,0.10400482529177638,0.14814814814814814,-0.05688110866976758,-0.02093976663513083,0.0
E02000486,Havering 023,2023,120,120,1528575.0,10000.0,12744.98,81.1,0,0.0,119,1588725.0,10000.0,12589.86,81.1,0.0084033613445378,0.008403361344537815,-0.03786054855308502,0.0,0.012321026603949447,0.0,-0.0084033613445378
E02000486,Havering 023,2024,113,113,1796975.0,12000.0,11663.02,80.63499999999999,0,0.0,119,1588725.0,10000.0,12589.86,81.1,0.0084033613445378,-0.05042016806722689,0.1310799540512046,0.2,-0.07361797510059684,-0.005733662145499426,-0.0084033613445378
E02000486,Havering 023,2025,113,113,1796975.0,12000.0,11663.02,80.63499999999999,0,0.0,119,1588725.0,10000.0,12589.86,81.1,0.0084033613445378,-0.05042016806722689,0.1310799540512046,0.2,-0.07361797510059684,-0.005733662145499426,-0.0084033613445378
E02000487,Havering 024,2023,40,40,502075.0,5950.0,4518.79,60.09,0,0.0,38,487975.0,5950.0,4448.63,64.14,0.0,0.05263157894736842,0.028894922895640145,0.0,0.01577114752182129,-0.0631431244153414,0.0
E02000487,Havering 024,2024,40,40,479550.0,8200.0,4518.79,60.09,0,0.0,38,487975.0,5950.0,4448.63,64.14,0.0,0.05263157894736842,-0.017265228751472923,0.37815126050420167,0.01577114752182129,-0.0631431244153414,0.0
E02000487,Havering 024,2025,35,35,414200.0,9050.0,3736.6,52.905,0,0.0,38,487975.0,5950.0,4448.63,64.14,0.0,-0.07894736842105263,-0.15118602387417387,0.5210084033613446,-0.16005601724575885,-0.17516370439663237,0.0
E02000488,Havering 025,2023,23,23,639550.0,6700.0,5135.09,80.6,0,0.0,22,641050.0,6700.0,5073.52,83.47,0.0,0.045454545454545456,-0.0023399110833788317,0.0,0.012135558744224858,-0.03438361087815987,0.0
E02000488,Havering 025,2024,21,21,718450.0,8800.0,4823.589999999999,79.44,0,0.0,22,641050.0,6700.0,5073.52,83.47,0.0,-0.045454545454545456,0.12073941190234772,0.31343283582089554,-0.04926165660133422,-0.04828081945609202,0.0
E02000488,Havering 025,2025,21,21,718450.0,8800.0,4823.589999999999,79.44,0,0.0,22,641050.0,6700.0,5073.52,83.47,0.0,-0.045454545454545456,0.12073941190234772,0.31343283582089554,-0.04926165660133422,-0.04828081945609202,0.0
E02000489,Havering 026,2023,63,63,672450.0,9200.0,5922.77,65.63,1,0.0158730158730158,62,679350.0,9200.0,5431.31,66.23,0.0161290322580645,0.016129032258064516,-0.010156767498344006,0.0,0.09048645722670957,-0.009059338668277343,-0.00025601638504869906
E02000489,Havering 026,2024,60,60,760825.0,11000.0,5180.27,65.03,1,0.0166666666666666,62,679350.0,9200.0,5431.31,66.23,0.0161290322580645,-0.03225806451612903,0.1199308162213881,0.1956521739130435,-0.04622089330198423,-0.018118677336554475,0.0005376344086021022
E02000489,Havering 026,2025,60,60,760625.0,11000.0,5180.27,65.03,1,0.0166666666666666,62,679350.0,9200.0,5431.31,66.23,0.0161290322580645,-0.03225806451612903,0.11963641716346508,0.1956521739130435,-0.04622089330198423,-0.018118677336554475,0.0005376344086021022
E02000490,Havering 027,2023,46,46,430325.0,6700.0,3719.72,68.405,0,0.0,46,430075.0,6950.0,3706.07,68.405,0.0,0.0,0.0005812939603557519,-0.03597122302158273,0.003683146837485432,0.0,0.0
E02000490,Havering 027,2024,46,46,496225.0,9200.0,3719.72,68.405,0,0.0,46,430075.0,6950.0,3706.07,68.405,0.0,0.0,0.15381038191013197,0.3237410071942446,0.003683146837485432,0.0,0.0
E02000490,Havering 027,2025,46,46,496225.0,9200.0,3719.72,68.405,0,0.0,46,430075.0,6950.0,3706.07,68.405,0.0,0.0,0.15381038191013197,0.3237410071942446,0.003683146837485432,0.0,0.0
E02000491,Havering 028,2023,69,69,880720.0,8250.0,16225.36,104.575,4,0.0579710144927536,64,906020.0,7650.0,12577.09,93.06,0.0625,0.078125,-0.027924328381271936,0.0784313725490196,0.290072663867397,0.12373737373737374,-0.004528985507246397
E02000491,Havering 028,2024,52,52,918515.0,8900.0,11802.13,93.06,0,0.0,64,906020.0,7650.0,12577.09,93.06,0.0625,-0.1875,0.013791086289485882,0.16339869281045752,-0.06161679689021872,0.0,-0.0625
E02000491,Havering 028,2025,53,53,1010515.0,9450.0,12221.03,94.68,0,0.0,64,906020.0,7650.0,12577.09,93.06,0.0625,-0.171875,0.1153340985850202,0.23529411764705882,-0.028310205301862314,0.017408123791102563,-0.0625
E02000492,Havering 029,2023,43,43,595460.0,5800.0,5332.59,61.365,1,0.0232558139534883,42,637810.0,5700.0,4859.74,60.53,0.0238095238095238,0.023809523809523808,-0.0663990843668177,0.017543859649122806,0.09729944400317721,0.013794812489674556,-0.0005537098560355024
E02000492,Havering 029,2024,37,37,572300.0,7200.0,4420.1,61.365,0,0.0,42,637810.0,5700.0,4859.74,60.53,0.0238095238095238,-0.11904761904761904,-0.10271083865100893,0.2631578947368421,-0.09046574508101245,0.013794812489674556,-0.0238095238095238
E02000492,Havering 029,2025,37,37,572300.0,7200.0,4420.1,61.365,0,0.0,42,637810.0,5700.0,4859.74,60.53,0.0238095238095238,-0.11904761904761904,-0.10271083865100893,0.2631578947368421,-0.09046574508101245,0.013794812489674556,-0.0238095238095238
E02000493,Havering 030,2023,117,117,2929300.0,6800.0,28498.88,61.46,2,0.017094017094017,111,2947600.0,6900.0,18685.29,61.46,0.027027027027027,0.05405405405405406,-0.006208440765368435,-0.014492753623188406,0.5252040508870882,0.0,-0.009933009933010002
E02000493,Havering 030,2024,114,114,2764440.0,8500.0,18606.18,60.975,1,0.0087719298245614,111,2947600.0,6900.0,18685.29,61.46,0.027027027027027,0.02702702702702703,-0.06213868910299905,0.2318840579710145,-0.004233811731046217,-0.00789131142206312,-0.0182550972024656
E02000493,Havering 030,2025,118,118,2757405.0,8300.0,18870.53,60.64,1,0.0084745762711864,111,2947600.0,6900.0,18685.29,61.46,0.027027027027027,0.06306306306306306,-0.06452537657755462,0.2028985507246377,0.009913680761711376,-0.01334201106410674,-0.0185524507558406
E02000494,Hillingdon 001,2023,6,6,154840.0,50000.0,675.68,127.09,1,0.1666666666666666,7,188440.0,11750.0,939.28,132.845,0.2857142857142857,-0.14285714285714285,-0.17830609212481427,3.25531914893617,-0.2806404905885359,-0.04332116376227931,-0.1190476190476191
E02000494,Hillingdon 001,2024,4,4,123910.0,29980.0,389.79,17.89,1,0.25,7,188440.0,11750.0,939.28,132.845,0.2857142857142857,-0.42857142857142855,-0.34244321800042454,1.5514893617021277,-0.5850119240269143,-0.8653317776355903,-0.0357142857142857
E02000494,Hillingdon 001,2025,4,4,123910.0,29980.0,389.79,17.89,1,0.25,7,188440.0,11750.0,939.28,132.845,0.2857142857142857,-0.42857142857142855,-0.34244321800042454,1.5514893617021277,-0.5850119240269143,-0.8653317776355903,-0.0357142857142857
E02000495,Hillingdon 002,2023,253,253,4469125.0,14000.0,28397.94,76.7,14,0.0553359683794466,241,4360250.0,14000.0,26940.33,77.96000000000001,0.0746887966804979,0.04979253112033195,0.024969898514993406,0.0,0.05410512788818834,-0.016162134427911815,-0.019352828301051297
E02000495,Hillingdon 002,2024,234,234,4837675.0,15250.0,27181.87,77.96000000000001,9,0.0384615384615384,241,4360250.0,14000.0,26940.33,77.96000000000001,0.0746887966804979,-0.029045643153526972,0.1094948684135084,0.08928571428571429,0.008965740211793888,0.0,-0.036227258218959495
E02000495,Hillingdon 002,2025,235,235,4848525.0,15250.0,27427.22,80.1,8,0.0340425531914893,241,4360250.0,14000.0,26940.33,77.96000000000001,0.0746887966804979,-0.024896265560165973,0.11198325784072015,0.08928571428571429,0.01807290408098191,0.027449974345818192,-0.040646243489008596
E02000496,Hillingdon 003,2023,81,81,646550.0,5550.0,8438.31,57.505,8,0.0987654320987654,70,526225.0,5400.0,5099.4,57.3,0.0285714285714285,0.15714285714285714,0.22865694332272318,0.027777777777777776,0.6547652665019414,0.003577661431064667,0.0701940035273369
E02000496,Hillingdon 003,2024,74,74,780600.0,7700.0,5858.12,57.5,7,0.0945945945945946,70,526225.0,5400.0,5099.4,57.3,0.0285714285714285,0.05714285714285714,0.48339588579029885,0.42592592592592593,0.1487861317017689,0.0034904013961606084,0.0660231660231661
E02000496,Hillingdon 003,2025,75,75,795000.0,7800.0,5896.14,57.505,4,0.0533333333333333,70,526225.0,5400.0,5099.4,57.3,0.0285714285714285,0.07142857142857142,0.5107606062045703,0.4444444444444444,0.15624191081303698,0.003577661431064667,0.0247619047619048
E02000497,Hillingdon 004,2023,27,27,331725.0,5400.0,1916.66,62.0,0,0.0,24,345675.0,5400.0,1796.66,62.0,0.0833333333333333,0.125,-0.04035582555868952,0.0,0.06679060033617935,0.0,-0.0833333333333333
E02000497,Hillingdon 004,2024,26,26,347200.0,7200.0,1916.66,62.0,0,0.0,24,345675.0,5400.0,1796.66,62.0,0.0833333333333333,0.08333333333333333,0.004411658349605844,0.3333333333333333,0.06679060033617935,0.0,-0.0833333333333333
E02000497,Hillingdon 004,2025,26,26,347200.0,7200.0,1916.66,62.0,0,0.0,24,345675.0,5400.0,1796.66,62.0,0.0833333333333333,0.08333333333333333,0.004411658349605844,0.3333333333333333,0.06679060033617935,0.0,-0.0833333333333333
E02000498,Hillingdon 005,2023,16,16,297600.0,12150.0,4363.56,108.2,0,0.0,13,284450.0,12150.0,3861.4,99.49,0.0769230769230769,0.23076923076923078,0.0462295658287924,0.0,0.13004609727042013,0.08754648708412914,-0.0769230769230769
E02000498,Hillingdon 005,2024,14,14,302650.0,17500.0,4247.07,108.2,0,0.0,13,284450.0,12150.0,3861.4,99.49,0.0769230769230769,0.07692307692307693,0.0639831253295834,0.4403292181069959,0.0998782824882166,0.08754648708412914,-0.0769230769230769
E02000498,Hillingdon 005,2025,14,14,302650.0,17500.0,4247.07,108.2,0,0.0,13,284450.0,12150.0,3861.4,99.49,0.0769230769230769,0.07692307692307693,0.0639831253295834,0.4403292181069959,0.0998782824882166,0.08754648708412914,-0.0769230769230769
E02000499,Hillingdon 006,2023,85,85,1741000.0,17250.0,10854.98,88.6,5,0.0588235294117647,77,1738650.0,17250.0,10124.6,87.8,0.0909090909090909,0.1038961038961039,0.0013516233859603714,0.0,0.07213914623787598,0.009111617312072861,-0.0320855614973262
E02000499,Hillingdon 006,2024,78,78,1701850.0,16000.0,10283.15,88.19999999999999,3,0.0384615384615384,77,1738650.0,17250.0,10124.6,87.8,0.0909090909090909,0.012987012987012988,-0.021165847065251774,-0.07246376811594203,0.015659877921102985,0.004555808656036349,-0.052447552447552497
E02000499,Hillingdon 006,2025,79,79,1706350.0,16250.0,10576.94,88.6,2,0.0253164556962025,77,1738650.0,17250.0,10124.6,87.8,0.0909090909090909,0.025974025974025976,-0.018577632070859575,-0.057971014492753624,0.044677320585504623,0.009111617312072861,-0.0655926352128884
E02000500,Hillingdon 007,2023,309,309,8295950.0,16750.0,41548.44,79.85,19,0.0614886731391585,289,8528250.0,16500.0,39380.13,80.345,0.0795847750865051,0.06920415224913495,-0.027238882537449067,0.015151515151515152,0.055061016812285916,-0.006160930985126698,-0.018096101947346607
E02000500,Hillingdon 007,2024,282,282,8113800.0,18000.0,37483.6,80.6,6,0.0212765957446808,289,8528250.0,16500.0,39380.13,80.345,0.0795847750865051,-0.02422145328719723,-0.048597308943804415,0.09090909090909091,-0.048159566766285404,0.0031738129317318495,-0.05830817934182431
E02000500,Hillingdon 007,2025,283,283,8105100.0,18000.0,37680.72,81.25,4,0.0141342756183745,289,8528250.0,16500.0,39380.13,80.345,0.0795847750865051,-0.020761245674740483,-0.04961744789376484,0.09090909090909091,-0.04315399669833483,0.011263924326342661,-0.06545049946813061
E02000501,Hillingdon 008,2023,82,82,2788050.0,12000.0,13740.4,71.405,6,0.073170731707317,77,2779250.0,12000.0,13150.04,71.7,0.0519480519480519,0.06493506493506493,0.0031663218494198076,0.0,0.044894160017764105,-0.0041143654114365645,0.021222679759265096
E02000501,Hillingdon 008,2024,76,76,2690450.0,12750.0,13252.7,72.5,3,0.0394736842105263,77,2779250.0,12000.0,13150.04,71.7,0.0519480519480519,-0.012987012987012988,-0.031951065935054423,0.0625,0.0078068203594817845,0.011157601115760071,-0.012474367737525603
E02000501,Hillingdon 008,2025,76,76,2452450.0,12750.0,13252.7,72.5,3,0.0394736842105263,77,2779250.0,12000.0,13150.04,71.7,0.0519480519480519,-0.012987012987012988,-0.1175856795898174,0.0625,0.0078068203594817845,0.011157601115760071,-0.012474367737525603
E02000502,Hillingdon 009,2023,51,51,672250.0,8950.0,4233.28,70.3,2,0.0392156862745098,51,697450.0,9000.0,4238.42,70.3,0.0588235294117647,0.0,-0.03613162233851889,-0.005555555555555556,-0.0012127160592863206,0.0,-0.019607843137254895
E02000502,Hillingdon 009,2024,46,46,592000.0,10500.0,3556.64,69.41,0,0.0,51,697450.0,9000.0,4238.42,70.3,0.0588235294117647,-0.09803921568627451,-0.15119363395225463,0.16666666666666666,-0.16085711184828314,-0.012660028449502142,-0.0588235294117647
E02000502,Hillingdon 009,2025,49,49,625500.0,10500.0,3907.49,70.3,0,0.0,51,697450.0,9000.0,4238.42,70.3,0.0588235294117647,-0.0392156862745098,-0.1031615169546204,0.16666666666666666,-0.07807862363805387,0.0,-0.0588235294117647
E02000503,Hillingdon 010,2023,10,10,857300.0,13500.0,3469.04,62.78,1,0.1,10,849800.0,13500.0,3469.04,62.78,0.1,0.0,0.008825606024947046,0.0,0.0,0.0,0.0
E02000503,Hillingdon 010,2024,10,10,805050.0,16000.0,3469.04,62.78,0,0.0,10,849800.0,13500.0,3469.04,62.78,0.1,0.0,-0.052659449282184044,0.18518518518518517,0.0,0.0,-0.1
E02000503,Hillingdon 010,2025,10,10,806050.0,16500.0,3469.04,62.78,0,0.0,10,849800.0,13500.0,3469.04,62.78,0.1,0.0,-0.051482701812191105,0.2222222222222222,0.0,0.0,-0.1
E02000504,Hillingdon 011,2023,74,74,1188975.0,13500.0,6172.86,68.31,3,0.0405405405405405,69,1182225.0,14500.0,5495.37,64.04,0.0579710144927536,0.07246376811594203,0.0057095730508152,-0.06896551724137931,0.12328378252965674,0.06667707682698307,-0.017430473952213102
E02000504,Hillingdon 011,2024,66,66,1166125.0,15750.0,5524.97,64.4,1,0.0151515151515151,69,1182225.0,14500.0,5495.37,64.04,0.0579710144927536,-0.043478260869565216,-0.013618389054536996,0.08620689655172414,0.005386352511295939,0.005621486570893183,-0.04281949934123851
E02000504,Hillingdon 011,2025,66,66,1166125.0,15750.0,5524.97,64.4,1,0.0151515151515151,69,1182225.0,14500.0,5495.37,64.04,0.0579710144927536,-0.043478260869565216,-0.013618389054536996,0.08620689655172414,0.005386352511295939,0.005621486570893183,-0.04281949934123851
E02000506,Hillingdon 013,2023,69,69,576880.0,6300.0,3856.63,35.9,6,0.0869565217391304,36,499900.0,12000.0,3078.79,64.1,0.0277777777777777,0.9166666666666666,0.15399079815963193,-0.475,0.2526447078235281,-0.4399375975039001,0.059178743961352705
E02000506,Hillingdon 013,2024,35,35,500400.0,12750.0,2610.61,60.7,1,0.0285714285714285,36,499900.0,12000.0,3078.79,64.1,0.0277777777777777,-0.027777777777777776,0.0010002000400080016,0.0625,-0.15206623381263412,-0.053042121684867265,0.0007936507936508012
E02000506,Hillingdon 013,2025,35,35,500400.0,12750.0,2610.61,60.7,0,0.0,36,499900.0,12000.0,3078.79,64.1,0.0277777777777777,-0.027777777777777776,0.0010002000400080016,0.0625,-0.15206623381263412,-0.053042121684867265,-0.0277777777777777
E02000507,Hillingdon 014,2023,33,33,422050.0,8700.0,2988.37,80.1,0,0.0,33,423250.0,8700.0,3012.32,80.1,0.0303030303030303,0.0,-0.002835203780271707,0.0,-0.007950682530408546,0.0,-0.0303030303030303
E02000507,Hillingdon 014,2024,31,31,448550.0,11000.0,2937.67,80.1,0,0.0,33,423250.0,8700.0,3012.32,80.1,0.0303030303030303,-0.06060606060606061,0.059775546367395155,0.26436781609195403,-0.024781563711690685,0.0,-0.0303030303030303
E02000507,Hillingdon 014,2025,32,32,479900.0,11250.0,3149.22,81.05,0,0.0,33,423250.0,8700.0,3012.32,80.1,0.0303030303030303,-0.030303030303030304,0.1338452451269935,0.29310344827586204,0.04544669888989205,0.011860174781523132,-0.0303030303030303
E02000508,Hillingdon 015,2023,217,217,13765035.0,36000.0,55520.12,106.8,25,0.1152073732718894,195,14481985.0,39875.0,53180.2,112.2,0.0974358974358974,0.11282051282051282,-0.049506334939581835,-0.09717868338557993,0.04399983452487967,-0.04812834224598935,0.017771475835992007
E02000508,Hillingdon 015,2024,192,192,11487165.0,31375.0,47097.99,106.8,6,0.03125,195,14481985.0,39875.0,53180.2,112.2,0.0974358974358974,-0.015384615384615385,-0.20679623684184179,-0.21316614420062696,-0.11436982185098965,-0.04812834224598935,-0.0661858974358974
E02000508,Hillingdon 015,2025,195,195,11298915.0,31375.0,54383.9,107.6,6,0.0307692307692307,195,14481985.0,39875.0,53180.2,112.2,0.0974358974358974,0.0,-0.21979514548592613,-0.21316614420062696,0.022634363917397912,-0.04099821746880578,-0.0666666666666667
E02000509,Hillingdon 016,2023,253,253,11500365.0,21000.0,83824.17,94.05,31,0.1225296442687747,238,11872715.0,21750.0,88174.46,92.9,0.0924369747899159,0.06302521008403361,-0.03136182414889939,-0.034482758620689655,-0.04933730243428775,0.01237890204520981,0.030092669478858802
E02000509,Hillingdon 016,2024,221,221,9971325.0,19250.0,70571.36,91.4,11,0.0497737556561085,238,11872715.0,21750.0,88174.46,92.9,0.0924369747899159,-0.07142857142857142,-0.16014786845300338,-0.11494252873563218,-0.1996394420788061,-0.016146393972012917,-0.042663219133807405
E02000509,Hillingdon 016,2025,222,222,9601675.0,19500.0,70860.96,92.9,10,0.045045045045045,238,11872715.0,21750.0,88174.46,92.9,0.0924369747899159,-0.06722689075630252,-0.19128228042195908,-0.10344827586206896,-0.19635504430648057,0.0,-0.0473919297448709
E02000510,Hillingdon 017,2023,97,97,1183425.0,9750.0,9481.31,65.015,4,0.0412371134020618,88,1104975.0,9700.0,7998.49,61.8,0.0454545454545454,0.10227272727272728,0.07099708138193171,0.005154639175257732,0.18538749188909404,0.0520226537216829,-0.004217432052483601
E02000510,Hillingdon 017,2024,89,89,1307375.0,11250.0,8796.27,59.7,3,0.0337078651685393,88,1104975.0,9700.0,7998.49,61.8,0.0454545454545454,0.011363636363636364,0.1831715649675332,0.15979381443298968,0.09974132617531567,-0.03398058252427175,-0.011746680286006103
E02000510,Hillingdon 017,2025,91,91,1317725.0,11250.0,8873.35,59.65,3,0.0329670329670329,88,1104975.0,9700.0,7998.49,61.8,0.0454545454545454,0.03409090909090909,0.1925382927215548,0.15979381443298968,0.1093781451248924,-0.03478964401294496,-0.012487512487512502
E02000511,Hillingdon 018,2023,70,70,859200.0,11375.0,6268.26,69.94,3,0.0428571428571428,68,859200.0,11375.0,6167.9,70.81,0.0588235294117647,0.029411764705882353,0.0,0.0,0.016271340326529386,-0.01228640022595685,-0.015966386554621896
E02000511,Hillingdon 018,2024,62,62,965200.0,13625.0,5799.14,73.0,1,0.0161290322580645,68,859200.0,11375.0,6167.9,70.81,0.0588235294117647,-0.08823529411764706,0.1233705772811918,0.1978021978021978,-0.05978696152661349,0.030927835051546358,-0.0426944971537002
E02000511,Hillingdon 018,2025,62,62,965200.0,13625.0,5799.14,73.0,0,0.0,68,859200.0,11375.0,6167.9,70.81,0.0588235294117647,-0.08823529411764706,0.1233705772811918,0.1978021978021978,-0.05978696152661349,0.030927835051546358,-0.0588235294117647
E02000512,Hillingdon 019,2023,66,66,836300.0,11500.0,6886.23,66.5,6,0.0909090909090909,64,798300.0,11250.0,6575.81,66.5,0.15625,0.03125,0.04760115244895403,0.022222222222222223,0.047206351765029575,0.0,-0.0653409090909091
E02000512,Hillingdon 019,2024,63,63,978525.0,12500.0,5958.13,65.305,5,0.0793650793650793,64,798300.0,11250.0,6575.81,66.5,0.15625,-0.015625,0.22576099210823,0.1111111111111111,-0.09393215436577398,-0.017969924812029973,-0.0768849206349207
E02000512,Hillingdon 019,2025,63,63,978525.0,12500.0,5958.13,65.305,3,0.0476190476190476,64,798300.0,11250.0,6575.81,66.5,0.15625,-0.015625,0.22576099210823,0.1111111111111111,-0.09393215436577398,-0.017969924812029973,-0.1086309523809524
E02000513,Hillingdon 020,2023,60,60,4851300.0,13500.0,43404.490000000005,64.8,5,0.0833333333333333,54,4897125.0,14000.0,34465.5,63.2,0.074074074074074,0.1111111111111111,-0.009357531204533273,-0.03571428571428571,0.25936051994023024,0.02531645569620244,0.0092592592592593
E02000513,Hillingdon 020,2024,47,47,5025600.0,16750.0,26386.88,66.4,1,0.0212765957446808,54,4897125.0,14000.0,34465.5,63.2,0.074074074074074,-0.12962962962962962,0.026234780611072823,0.19642857142857142,-0.23439729584657118,0.050632911392405104,-0.0527974783293932
E02000513,Hillingdon 020,2025,48,48,5040850.0,16500.0,26387.88,65.6,1,0.0208333333333333,54,4897125.0,14000.0,34465.5,63.2,0.074074074074074,-0.1111111111111111,0.02934885264313245,0.17857142857142858,-0.23436828132480303,0.03797468354430366,-0.0532407407407407
E02000514,Hillingdon 021,2023,205,205,2658100.0,11000.0,20099.68,63.32,11,0.0536585365853658,163,2666575.0,11625.0,17250.07,68.05,0.1042944785276073,0.25766871165644173,-0.0031782342518024056,-0.053763440860215055,0.16519411225577638,-0.06950771491550327,-0.050635941942241504
E02000514,Hillingdon 021,2024,182,182,3056825.0,12000.0,18361.24,63.2,5,0.0274725274725274,163,2666575.0,11625.0,17250.07,68.05,0.1042944785276073,0.1165644171779141,0.1463487807393379,0.03225806451612903,0.06441539077812448,-0.07127112417340183,-0.0768219510550799
E02000514,Hillingdon 021,2025,184,184,3073075.0,12250.0,18877.09,63.77,4,0.0217391304347826,163,2666575.0,11625.0,17250.07,68.05,0.1042944785276073,0.12883435582822086,0.15244274021919504,0.053763440860215055,0.09431961725372712,-0.06289493019838345,-0.08255534809282469
E02000515,Hillingdon 022,2023,165,165,5317100.0,10750.0,35054.68,65.39,22,0.1333333333333333,149,5331750.0,11000.0,33817.4,67.4,0.1140939597315436,0.10738255033557047,-0.002747690720682703,-0.022727272727272728,0.036587082389539075,-0.029821958456973368,0.019239373601789705
E02000515,Hillingdon 022,2024,147,147,5429900.0,12000.0,32678.87,63.05,6,0.0408163265306122,149,5331750.0,11000.0,33817.4,67.4,0.1140939597315436,-0.013422818791946308,0.018408590050171144,0.09090909090909091,-0.033666988000260294,-0.06454005934718113,-0.07327763320093139
E02000515,Hillingdon 022,2025,150,150,4295200.0,12000.0,33039.79,63.95,5,0.0333333333333333,149,5331750.0,11000.0,33817.4,67.4,0.1140939597315436,0.006711409395973154,-0.19441084071833825,0.09090909090909091,-0.022994375676426943,-0.05118694362017808,-0.0807606263982103
E02000516,Hillingdon 023,2023,23,23,671250.0,12500.0,4741.6900000000005,74.1,0,0.0,15,591950.0,12500.0,4310.9400000000005,113.06,0.0,0.5333333333333333,0.13396401723118506,0.0,0.09992020301836721,-0.34459578984609945,0.0
E02000516,Hillingdon 023,2024,18,18,827700.0,13750.0,4027.33,79.14,0,0.0,15,591950.0,12500.0,4310.9400000000005,113.06,0.0,0.2,0.3982599881746769,0.1,-0.06578843593276654,-0.3000176897222714,0.0
E02000516,Hillingdon 023,2025,18,18,827700.0,13750.0,4027.33,79.14,0,0.0,15,591950.0,12500.0,4310.9400000000005,113.06,0.0,0.2,0.3982599881746769,0.1,-0.06578843593276654,-0.3000176897222714,0.0
E02000517,Hillingdon 024,2023,36,36,294625.0,8750.0,1989.42,45.6,3,0.0833333333333333,33,313125.0,8900.0,1889.5,45.6,0.0909090909090909,0.09090909090909091,-0.05908183632734531,-0.016853932584269662,0.05288171473934907,0.0,-0.007575757575757597
E02000517,Hillingdon 024,2024,32,32,315025.0,9400.0,1836.43,45.6,1,0.03125,33,313125.0,8900.0,1889.5,45.6,0.0909090909090909,-0.030303030303030304,0.006067864271457086,0.056179775280898875,-0.028086795448531324,0.0,-0.0596590909090909
E02000517,Hillingdon 024,2025,32,32,315025.0,9400.0,1836.43,45.6,1,0.03125,33,313125.0,8900.0,1889.5,45.6,0.0909090909090909,-0.030303030303030304,0.006067864271457086,0.056179775280898875,-0.028086795448531324,0.0,-0.0596590909090909
E02000518,Hillingdon 025,2023,44,44,1297000.0,10750.0,20591.39,63.7,4,0.0909090909090909,37,877650.0,10250.0,7465.019999999999,57.8,0.081081081081081,0.1891891891891892,0.47781006095824075,0.04878048780487805,1.7583837685632462,0.10207612456747416,0.009828009828009895
E02000518,Hillingdon 025,2024,37,37,1184100.0,11625.0,10085.81,65.6,3,0.081081081081081,37,877650.0,10250.0,7465.019999999999,57.8,0.081081081081081,0.0,0.34917108186634765,0.13414634146341464,0.3510760855295768,0.1349480968858131,0.0
E02000518,Hillingdon 025,2025,37,37,1179400.0,11875.0,10271.89,65.6,3,0.081081081081081,37,877650.0,10250.0,7465.019999999999,57.8,0.081081081081081,0.0,0.3438158719307241,0.15853658536585366,0.37600301137840236,0.1349480968858131,0.0
E02000519,Hillingdon 026,2023,65,65,9264500.0,30875.0,78236.17,283.14,5,0.0769230769230769,51,9240100.0,79500.0,65878.07,425.875,0.0196078431372549,0.27450980392156865,0.00264066406207725,-0.6116352201257862,0.18759049862875446,-0.3351570296448489,0.057315233785822
E02000519,Hillingdon 026,2024,61,61,9540900.0,38000.0,54942.01,187.175,4,0.0655737704918032,51,9240100.0,79500.0,65878.07,425.875,0.0196078431372549,0.19607843137254902,0.03255376024069004,-0.5220125786163522,-0.1660045596357028,-0.5604931024361608,0.0459659273545483
E02000519,Hillingdon 026,2025,64,64,8391350.0,24750.0,55716.04,165.29,4,0.0625,51,9240100.0,79500.0,65878.07,425.875,0.0196078431372549,0.2549019607843137,-0.09185506650360926,-0.6886792452830188,-0.15425512617476506,-0.6118814206046376,0.0428921568627451
E02000520,Hillingdon 027,2023,398,398,5775110.0,10500.0,41964.64,54.0,25,0.0628140703517587,295,5989200.0,12750.0,37695.33,65.0,0.0711864406779661,0.34915254237288135,-0.03574600948373739,-0.17647058823529413,0.11325832669457987,-0.16923076923076924,-0.008372370326207398
E02000520,Hillingdon 027,2024,331,331,6304385.0,11750.0,36357.26,55.6,11,0.0332326283987915,295,5989200.0,12750.0,37695.33,65.0,0.0711864406779661,0.12203389830508475,0.052625559340145595,-0.0784313725490196,-0.03549697004907504,-0.1446153846153846,-0.037953812279174604
E02000520,Hillingdon 027,2025,342,342,6354335.0,12250.0,39679.03,55.2,8,0.023391812865497,295,5989200.0,12750.0,37695.33,65.0,0.0711864406779661,0.15932203389830507,0.06096557136178454,-0.0392156862745098,0.05262455587999885,-0.15076923076923074,-0.047794627812469105
E02000521,Hillingdon 028,2023,32,32,263175.0,4250.0,2448.6,61.1,4,0.125,30,273575.0,4500.0,2379.1,61.1,0.1666666666666666,0.06666666666666667,-0.03801516951475829,-0.05555555555555555,0.029212727501996553,0.0,-0.0416666666666666
E02000521,Hillingdon 028,2024,27,27,318100.0,5400.0,2164.09,61.75,2,0.074074074074074,30,273575.0,4500.0,2379.1,61.1,0.1666666666666666,-0.1,0.16275244448505893,0.2,-0.09037451136984564,0.010638297872340403,-0.0925925925925926
E02000521,Hillingdon 028,2025,27,27,318100.0,5400.0,2164.09,61.75,1,0.037037037037037,30,273575.0,4500.0,2379.1,61.1,0.1666666666666666,-0.1,0.16275244448505893,0.2,-0.09037451136984564,0.010638297872340403,-0.1296296296296296
E02000522,Hillingdon 029,2023,110,110,948750.0,8100.0,10029.81,57.73,7,0.0636363636363636,98,912525.0,8400.0,8917.9,57.73,0.0408163265306122,0.12244897959183673,0.03969754253308128,-0.03571428571428571,0.12468294105114432,0.0,0.022820037105751402
E02000522,Hillingdon 029,2024,92,92,1063250.0,9450.0,8502.41,57.265,2,0.0217391304347826,98,912525.0,8400.0,8917.9,57.73,0.0408163265306122,-0.061224489795918366,0.16517355688885235,0.125,-0.04659056504333978,-0.008054737571453254,-0.0190771960958296
E02000522,Hillingdon 029,2025,91,91,1063050.0,9500.0,8501.41,57.73,1,0.0109890109890109,98,912525.0,8400.0,8917.9,57.73,0.0408163265306122,-0.07142857142857142,0.16495438481137503,0.13095238095238096,-0.04670269906592357,0.0,-0.0298273155416013
E02000523,Hillingdon 030,2023,137,137,2954905.0,7900.0,17976.25,55.32,17,0.1240875912408759,124,2958590.0,7400.0,17054.0,54.52,0.1451612903225806,0.10483870967741936,-0.001245525740301968,0.06756756756756757,0.054078222117978185,0.014673514306676396,-0.0210736990817047
E02000523,Hillingdon 030,2024,99,99,2794010.0,9300.0,15542.46,56.35,5,0.0505050505050505,124,2958590.0,7400.0,17054.0,54.52,0.1451612903225806,-0.20161290322580644,-0.055627849752753845,0.25675675675675674,-0.088632578867128,0.033565663976522345,-0.0946562398175301
E02000523,Hillingdon 030,2025,103,103,2745260.0,9100.0,15221.95,55.9,5,0.0485436893203883,124,2958590.0,7400.0,17054.0,54.52,0.1451612903225806,-0.1693548387096774,-0.07210529339989658,0.22972972972972974,-0.10742641022633982,0.02531181217901679,-0.0966176010021923
E02000524,Hillingdon 031,2023,141,141,2944900.0,10025.0,25635.16,49.5,38,0.2695035460992908,54,855080.0,7200.0,12693.05,65.88,0.1851851851851851,1.6111111111111112,2.444005239275857,0.3923611111111111,1.01962176151516,-0.2486338797814207,0.08431836091410569
E02000524,Hillingdon 031,2024,85,85,2569450.0,9400.0,22501.88,65.94,11,0.1294117647058823,54,855080.0,7200.0,12693.05,65.88,0.1851851851851851,0.5740740740740741,2.004923515928334,0.3055555555555556,0.7727717136543228,0.0009107468123861912,-0.05577342047930278
E02000524,Hillingdon 031,2025,85,85,2284950.0,9800.0,22457.57,65.94,11,0.1294117647058823,54,855080.0,7200.0,12693.05,65.88,0.1851851851851851,0.5740740740740741,1.6722061093698835,0.3611111111111111,0.7692808269092142,0.0009107468123861912,-0.05577342047930278
E02000525,Hillingdon 032,2023,63,63,1199350.0,10500.0,9229.71,68.87,8,0.1269841269841269,55,1398750.0,10575.0,8424.32,65.8,0.0545454545454545,0.14545454545454545,-0.14255585344057195,-0.0070921985815602835,0.09560296854820323,0.04665653495440741,0.07243867243867239
E02000525,Hillingdon 032,2024,52,52,1160575.0,12500.0,6711.36,68.545,4,0.0769230769230769,55,1398750.0,10575.0,8424.32,65.8,0.0545454545454545,-0.05454545454545454,-0.1702770330652368,0.18203309692671396,-0.20333510597888022,0.0417173252279636,0.0223776223776224
E02000525,Hillingdon 032,2025,52,52,1160575.0,12500.0,6711.36,68.545,4,0.0769230769230769,55,1398750.0,10575.0,8424.32,65.8,0.0545454545454545,-0.05454545454545454,-0.1702770330652368,0.18203309692671396,-0.20333510597888022,0.0417173252279636,0.0223776223776224
E02000526,Hounslow 001,2023,188,188,7019975.0,33250.0,21527.05,94.395,18,0.0957446808510638,181,7166425.0,33625.0,20919.59,95.6,0.0331491712707182,0.03867403314917127,-0.02043557282745581,-0.011152416356877323,0.029037853992358316,-0.012604602510460234,0.0625955095803456
E02000526,Hounslow 001,2024,184,184,6832575.0,32750.0,20115.78,93.82,14,0.0760869565217391,181,7166425.0,33625.0,20919.59,95.6,0.0331491712707182,0.016574585635359115,-0.04658529182960821,-0.026022304832713755,-0.038423793200536016,-0.0186192468619247,0.04293778525102089
E02000526,Hounslow 001,2025,186,186,6756325.0,32125.0,20165.86,93.46,14,0.075268817204301,181,7166425.0,33625.0,20919.59,95.6,0.0331491712707182,0.027624309392265192,-0.0572251855004413,-0.04460966542750929,-0.03602986483004684,-0.022384937238493732,0.04211964593358279
E02000529,Hounslow 004,2023,64,64,485600.0,7500.0,4687.68,60.085,5,0.078125,60,465800.0,7500.0,4369.68,61.535,0.1,0.06666666666666667,0.0425075139544869,0.0,0.0727742077223046,-0.023563825465182348,-0.021875000000000006
E02000529,Hounslow 004,2024,62,62,591100.0,9000.0,4391.51,57.2,3,0.0483870967741935,60,465800.0,7500.0,4369.68,61.535,0.1,0.03333333333333333,0.2689995706311722,0.2,0.004995789165339322,-0.07044771268383837,-0.05161290322580651
E02000529,Hounslow 004,2025,62,62,591350.0,9000.0,4391.51,57.2,3,0.0483870967741935,60,465800.0,7500.0,4369.68,61.535,0.1,0.03333333333333333,0.26953628166595106,0.2,0.004995789165339322,-0.07044771268383837,-0.05161290322580651
E02000530,Hounslow 005,2023,31,31,3423025.0,5800.0,22361.52,55.900000000000006,0,0.0,19,3464300.0,4350.0,11406.08,59.150000000000006,0.0,0.631578947368421,-0.011914383858210894,0.3333333333333333,0.9604912467736506,-0.05494505494505494,0.0
E02000530,Hounslow 005,2024,27,27,3749650.0,6450.0,12730.01,59.150000000000006,0,0.0,19,3464300.0,4350.0,11406.08,59.150000000000006,0.0,0.42105263157894735,0.08236873250007216,0.4827586206896552,0.11607230529682418,0.0,0.0
E02000530,Hounslow 005,2025,28,28,3749650.0,6450.0,12780.68,58.7,1,0.0357142857142857,19,3464300.0,4350.0,11406.08,59.150000000000006,0.0,0.47368421052631576,0.08236873250007216,0.4827586206896552,0.12051467287622043,-0.007607776838546116,0.0357142857142857
E02000531,Hounslow 006,2023,114,114,1757940.0,11000.0,42940.6,74.4,18,0.1578947368421052,102,1868750.0,10875.0,22239.93,74.56,0.088235294117647,0.11764705882352941,-0.059296321070234116,0.011494252873563218,0.9307884512226432,-0.00214592274678107,0.0696594427244582
E02000531,Hounslow 006,2024,97,97,2755710.0,12375.0,24747.72,76.605,15,0.1546391752577319,102,1868750.0,10875.0,22239.93,74.56,0.088235294117647,-0.049019607843137254,0.47462742474916386,0.13793103448275862,0.11276069663888334,0.02742757510729616,0.06640388114008491
E02000531,Hounslow 006,2025,104,104,2776060.0,12875.0,26877.93,82.5,16,0.1538461538461538,102,1868750.0,10875.0,22239.93,74.56,0.088235294117647,0.0196078431372549,0.4855170568561873,0.1839080459770115,0.2085438218555544,0.10649141630901285,0.0656108597285068
E02000532,Hounslow 007,2023,46,46,1212650.0,9500.0,7959.84,86.41499999999999,5,0.108695652173913,45,1267800.0,9450.0,7708.42,86.23,0.0,0.022222222222222223,-0.04350055213756113,0.005291005291005291,0.03261628193585716,0.0021454250260928686,0.108695652173913
E02000532,Hounslow 007,2024,41,41,1430800.0,13000.0,7282.360000000001,86.23,3,0.073170731707317,45,1267800.0,9450.0,7708.42,86.23,0.0,-0.08888888888888889,0.12856917494873008,0.37566137566137564,-0.05527202721180209,0.0,0.073170731707317
E02000532,Hounslow 007,2025,41,41,1431800.0,13000.0,7282.360000000001,86.23,4,0.0975609756097561,45,1267800.0,9450.0,7708.42,86.23,0.0,-0.08888888888888889,0.12935794289320082,0.37566137566137564,-0.05527202721180209,0.0,0.0975609756097561
E02000533,Hounslow 008,2023,49,49,679400.0,9150.0,2332.56,52.1,10,0.2040816326530612,47,687600.0,8500.0,2266.13,49.95,0.1276595744680851,0.0425531914893617,-0.011925538103548575,0.07647058823529412,0.029314293531262477,0.04304304304304301,0.0764220581849761
E02000533,Hounslow 008,2024,42,42,836400.0,12375.0,2161.77,49.95,7,0.1666666666666666,47,687600.0,8500.0,2266.13,49.95,0.1276595744680851,-0.10638297872340426,0.2164048865619546,0.45588235294117646,-0.046052079977759494,0.0,0.039007092198581506
E02000533,Hounslow 008,2025,42,42,836400.0,12375.0,2161.77,49.95,6,0.1428571428571428,47,687600.0,8500.0,2266.13,49.95,0.1276595744680851,-0.10638297872340426,0.2164048865619546,0.45588235294117646,-0.046052079977759494,0.0,0.015197568389057697
E02000534,Hounslow 009,2023,53,53,6182850.0,14875.0,59294.34,70.8,4,0.0754716981132075,51,6517000.0,14375.0,57033.74,62.8,0.0,0.0392156862745098,-0.05127359214362437,0.034782608695652174,0.039636187281423214,0.12738853503184713,0.0754716981132075
E02000534,Hounslow 009,2024,42,42,6074450.0,15000.0,41668.09,70.8,4,0.0952380952380952,51,6517000.0,14375.0,57033.74,62.8,0.0,-0.17647058823529413,-0.06790701242903176,0.043478260869565216,-0.2694133332304703,0.12738853503184713,0.0952380952380952
E02000534,Hounslow 009,2025,41,41,4934450.0,14875.0,36593.79,66.8,4,0.0975609756097561,51,6517000.0,14375.0,57033.74,62.8,0.0,-0.19607843137254902,-0.24283412613165567,0.034782608695652174,-0.3583834761669145,0.06369426751592357,0.0975609756097561
E02000535,Hounslow 010,2023,27,27,276100.0,8000.0,2333.69,74.4,2,0.074074074074074,29,296425.0,8000.0,2575.01,74.4,0.0,-0.06896551724137931,-0.06856709116977314,0.0,-0.0937161409081907,0.0,0.074074074074074
E02000535,Hounslow 010,2024,27,27,310250.0,9600.0,2333.69,74.4,3,0.1111111111111111,29,296425.0,8000.0,2575.01,74.4,0.0,-0.06896551724137931,0.04663911613392933,0.2,-0.0937161409081907,0.0,0.1111111111111111
E02000535,Hounslow 010,2025,27,27,310250.0,9600.0,2333.69,74.4,3,0.1111111111111111,29,296425.0,8000.0,2575.01,74.4,0.0,-0.06896551724137931,0.04663911613392933,0.2,-0.0937161409081907,0.0,0.1111111111111111
E02000536,Hounslow 011,2023,63,63,611375.0,8600.0,4988.95,63.1,5,0.0793650793650793,59,633875.0,8800.0,4852.29,68.1,0.0508474576271186,0.06779661016949153,-0.03549595740485111,-0.022727272727272728,0.028164021523857777,-0.07342143906020548,0.028517621737960706
E02000536,Hounslow 011,2024,61,61,742850.0,10250.0,5218.42,71.0,6,0.0983606557377049,59,633875.0,8800.0,4852.29,68.1,0.0508474576271186,0.03389830508474576,0.17191875369749557,0.16477272727272727,0.07545509439872722,0.042584434654919325,0.047513198110586304
E02000536,Hounslow 011,2025,61,61,724350.0,10250.0,5218.42,71.0,7,0.1147540983606557,59,633875.0,8800.0,4852.29,68.1,0.0508474576271186,0.03389830508474576,0.14273318872017354,0.16477272727272727,0.07545509439872722,0.042584434654919325,0.0639066407335371
E02000537,Hounslow 012,2023,61,61,531500.0,8800.0,3637.15,57.3,4,0.0655737704918032,59,567600.0,8750.0,3675.85,59.5,0.0169491525423728,0.03389830508474576,-0.06360112755461593,0.005714285714285714,-0.010528177156303935,-0.036974789915966436,0.0486246179494304
E02000537,Hounslow 012,2024,55,55,608375.0,10875.0,3405.95,59.5,3,0.0545454545454545,59,567600.0,8750.0,3675.85,59.5,0.0169491525423728,-0.06779661016949153,0.07183756166314306,0.24285714285714285,-0.07342519417277639,0.0,0.0375963020030817
E02000537,Hounslow 012,2025,55,55,608375.0,10875.0,3405.95,59.5,3,0.0545454545454545,59,567600.0,8750.0,3675.85,59.5,0.0169491525423728,-0.06779661016949153,0.07183756166314306,0.24285714285714285,-0.07342519417277639,0.0,0.0375963020030817
E02000538,Hounslow 013,2023,65,65,423825.0,7100.0,5315.17,71.55,5,0.0769230769230769,54,371725.0,6400.0,4142.87,67.84,0.037037037037037,0.2037037037037037,0.1401573744031206,0.109375,0.2829680873404187,0.0546874999999999,0.0398860398860399
E02000538,Hounslow 013,2024,53,53,508925.0,8500.0,4688.78,73.0,5,0.0943396226415094,54,371725.0,6400.0,4142.87,67.84,0.037037037037037,-0.018518518518518517,0.36909005313067456,0.328125,0.131770970365954,0.07606132075471693,0.0573025856044724
E02000538,Hounslow 013,2025,55,55,508925.0,8500.0,4924.14,74.35499999999999,5,0.0909090909090909,54,371725.0,6400.0,4142.87,67.84,0.037037037037037,0.018518518518518517,0.36909005313067456,0.328125,0.18858182853915292,0.09603478773584885,0.0538720538720539
E02000539,Hounslow 014,2023,73,73,1024600.0,11875.0,4990.51,58.535,16,0.2191780821917808,67,976625.0,11875.0,4217.01,55.85,0.044776119402985,0.08955223880597014,0.04912325611160886,0.0,0.18342380027555066,0.04807520143240815,0.1744019627887958
E02000539,Hounslow 014,2024,68,68,993770.0,12500.0,4237.39,57.58,13,0.1911764705882352,67,976625.0,11875.0,4217.01,55.85,0.044776119402985,0.014925373134328358,0.01755535645718674,0.05263157894736842,0.004832808079658362,0.030975828111011582,0.1464003511852502
E02000539,Hounslow 014,2025,68,68,993770.0,12500.0,4237.39,57.58,10,0.1470588235294117,67,976625.0,11875.0,4217.01,55.85,0.044776119402985,0.014925373134328358,0.01755535645718674,0.05263157894736842,0.004832808079658362,0.030975828111011582,0.10228270412642668
E02000540,Hounslow 015,2023,234,234,4029075.0,13625.0,27524.46,77.1,27,0.1153846153846153,219,4073325.0,13875.0,25518.91,78.86500000000001,0.0502283105022831,0.0684931506849315,-0.010863361013422695,-0.018018018018018018,0.07859073918125811,-0.022380016483865017,0.06515630488233219
E02000540,Hounslow 015,2024,222,222,4515450.0,16375.0,24897.4,74.69,24,0.1081081081081081,219,4073325.0,13875.0,25518.91,78.86500000000001,0.0502283105022831,0.0136986301369863,0.10854154775275726,0.18018018018018017,-0.024354880361269288,-0.05293856590375973,0.057879797605825
E02000540,Hounslow 015,2025,221,221,4414750.0,16375.0,24878.32,75.04,26,0.1176470588235294,219,4073325.0,13875.0,25518.91,78.86500000000001,0.0502283105022831,0.0091324200913242,0.08381972958209816,0.18018018018018017,-0.02510256119873459,-0.04850060229506121,0.0674187483212463
E02000541,Hounslow 016,2023,116,116,1610480.0,10750.0,12296.92,66.1,9,0.0775862068965517,106,1639350.0,11375.0,12193.59,71.85,0.0188679245283018,0.09433962264150944,-0.017610638362765732,-0.054945054945054944,0.008474124519522137,-0.08002783576896312,0.0587182823682499
E02000541,Hounslow 016,2024,108,108,2011020.0,12375.0,11659.01,71.4,7,0.0648148148148148,106,1639350.0,11375.0,12193.59,71.85,0.0188679245283018,0.018867924528301886,0.2267179064873273,0.08791208791208792,-0.04384106731487609,-0.006263048016701304,0.045946890286513
E02000541,Hounslow 016,2025,108,108,2011020.0,12375.0,11659.01,71.4,8,0.074074074074074,106,1639350.0,11375.0,12193.59,71.85,0.0188679245283018,0.018867924528301886,0.2267179064873273,0.08791208791208792,-0.04384106731487609,-0.006263048016701304,0.0552061495457722
E02000542,Hounslow 017,2023,115,115,2306550.0,9850.0,16894.96,73.2,15,0.1304347826086956,92,2176400.0,10050.0,12256.43,64.7,0.0434782608695652,0.25,0.0598005881271825,-0.01990049751243781,0.3784568589711685,0.13137557959814528,0.08695652173913039
E02000542,Hounslow 017,2024,98,98,2272450.0,10375.0,12831.6,63.0,10,0.1020408163265306,92,2176400.0,10050.0,12256.43,64.7,0.0434782608695652,0.06521739130434782,0.044132512405807754,0.03233830845771144,0.04692802063896257,-0.0262751159196291,0.0585625554569654
E02000542,Hounslow 017,2025,97,97,2222450.0,10250.0,12831.6,63.0,11,0.1134020618556701,92,2176400.0,10050.0,12256.43,64.7,0.0434782608695652,0.05434782608695652,0.02115879433927587,0.01990049751243781,0.04692802063896257,-0.0262751159196291,0.0699238009861049
E02000543,Hounslow 018,2023,423,423,15305465.0,20250.0,146973.6,104.7,54,0.1276595744680851,312,15572475.0,32500.0,101348.89,119.75,0.0576923076923076,0.3557692307692308,-0.017146278931255306,-0.3769230769230769,0.45017473797690344,-0.12567849686847596,0.0699672667757775
E02000543,Hounslow 018,2024,360,360,14797020.0,20750.0,89903.49,95.49,46,0.1277777777777777,312,15572475.0,32500.0,101348.89,119.75,0.0576923076923076,0.15384615384615385,-0.04979651596807829,-0.36153846153846153,-0.11293068922609803,-0.20258872651357,0.07008547008547011
E02000543,Hounslow 018,2025,371,371,14696970.0,21000.0,90557.41,90.0,44,0.1185983827493261,312,15572475.0,32500.0,101348.89,119.75,0.0576923076923076,0.1891025641025641,-0.05622131356768914,-0.35384615384615387,-0.10647852186639632,-0.24843423799582465,0.060906075057018505
E02000544,Hounslow 019,2023,27,27,133170.0,4850.0,1152.51,36.6,1,0.037037037037037,25,130045.0,5000.0,1104.11,38.2,0.04,0.08,0.024030143411895882,-0.03,0.04383621197163335,-0.04188481675392674,-0.0029629629629630005
E02000544,Hounslow 019,2024,27,27,150625.0,6300.0,1217.78,38.2,2,0.074074074074074,25,130045.0,5000.0,1104.11,38.2,0.04,0.08,0.15825291245338152,0.26,0.10295169865321398,0.0,0.034074074074074
E02000544,Hounslow 019,2025,28,28,151075.0,6400.0,1257.58,39.0,2,0.0714285714285714,25,130045.0,5000.0,1104.11,38.2,0.04,0.12,0.16171325310469453,0.28,0.13899883163815202,0.020942408376963276,0.031428571428571396
E02000545,Hounslow 020,2023,72,72,4678760.0,9800.0,28083.74,62.2,14,0.1944444444444444,70,4775985.0,9200.0,27893.9,61.2,0.0714285714285714,0.02857142857142857,-0.020357057235313763,0.06521739130434782,0.006805789079332762,0.016339869281045753,0.123015873015873
E02000545,Hounslow 020,2024,58,58,4183350.0,10500.0,18861.46,62.2,8,0.1379310344827586,70,4775985.0,9200.0,27893.9,61.2,0.0714285714285714,-0.17142857142857143,-0.12408644499511619,0.14130434782608695,-0.3238141672552064,0.016339869281045753,0.0665024630541872
E02000545,Hounslow 020,2025,58,58,4175650.0,10500.0,18861.46,62.2,8,0.1379310344827586,70,4775985.0,9200.0,27893.9,61.2,0.0714285714285714,-0.17142857142857143,-0.1256986778643568,0.14130434782608695,-0.3238141672552064,0.016339869281045753,0.0665024630541872
E02000546,Hounslow 021,2023,40,40,398200.0,8100.0,3477.9500000000003,77.44,4,0.1,40,395900.0,7900.0,3448.65,77.44,0.05,0.0,0.005809547865622632,0.02531645569620253,0.008496078175518009,0.0,0.05
E02000546,Hounslow 021,2024,38,38,448200.0,9400.0,3610.94,77.5,2,0.0526315789473684,40,395900.0,7900.0,3448.65,77.44,0.05,-0.05,0.13210406668350594,0.189873417721519,0.04705899409914023,0.0007747933884297815,0.0026315789473683945
E02000546,Hounslow 021,2025,38,38,447450.0,9400.0,3594.74,77.5,1,0.0263157894736842,40,395900.0,7900.0,3448.65,77.44,0.05,-0.05,0.13020964890123768,0.189873417721519,0.04236150377684012,0.0007747933884297815,-0.023684210526315804
E02000547,Hounslow 022,2023,61,61,2472200.0,7100.0,20140.79,64.8,5,0.081967213114754,59,2479925.0,6900.0,19946.82,62.8,0.0508474576271186,0.03389830508474576,-0.0031150135588777885,0.028985507246376812,0.009724357065437056,0.03184713375796178,0.031119755487635396
E02000547,Hounslow 022,2024,53,53,2348875.0,8400.0,11509.31,64.8,3,0.0566037735849056,59,2479925.0,6900.0,19946.82,62.8,0.0508474576271186,-0.1016949152542373,-0.05284434005060637,0.21739130434782608,-0.4230002576851849,0.03184713375796178,0.0057563159577870004
E02000547,Hounslow 022,2025,54,54,2348875.0,8400.0,11696.69,68.6,5,0.0925925925925925,59,2479925.0,6900.0,19946.82,62.8,0.0508474576271186,-0.0847457627118644,-0.05284434005060637,0.21739130434782608,-0.4136062790961165,0.09235668789808914,0.041745134965473905
E02000548,Hounslow 023,2023,72,72,1023600.0,10250.0,10389.8,79.38,5,0.0694444444444444,71,1067200.0,10250.0,10357.65,80.93,0.056338028169014,0.014084507042253521,-0.04085457271364318,0.0,0.003103985942757251,-0.019152353886074523,0.013106416275430403
E02000548,Hounslow 023,2024,65,65,1151850.0,11500.0,9165.95,75.63,2,0.0307692307692307,71,1067200.0,10250.0,10357.65,80.93,0.056338028169014,-0.08450704225352113,0.07931971514242879,0.12195121951219512,-0.11505505592484772,-0.06548869393302868,-0.0255687973997833
E02000548,Hounslow 023,2025,64,64,1200400.0,11625.0,9133.66,78.5,2,0.03125,71,1067200.0,10250.0,10357.65,80.93,0.056338028169014,-0.09859154929577464,0.12481259370314843,0.13414634146341464,-0.11817255844713809,-0.030025948350426376,-0.025088028169014003
E02000549,Hounslow 024,2023,64,64,1459650.0,10500.0,8566.15,71.3,3,0.046875,61,1216100.0,10500.0,7524.66,71.3,0.0655737704918032,0.04918032786885246,0.20027135926321848,0.0,0.13841024046269199,0.0,-0.0186987704918032
E02000549,Hounslow 024,2024,61,61,1542200.0,10250.0,8447.26,71.3,4,0.0655737704918032,61,1216100.0,10500.0,7524.66,71.3,0.0655737704918032,0.0,0.2681522901077214,-0.023809523809523808,0.12261019102524238,0.0,0.0
E02000549,Hounslow 024,2025,61,61,1542200.0,10250.0,8447.26,71.3,3,0.0491803278688524,61,1216100.0,10500.0,7524.66,71.3,0.0655737704918032,0.0,0.2681522901077214,-0.023809523809523808,0.12261019102524238,0.0,-0.016393442622950796
E02000550,Hounslow 025,2023,103,103,6290000.0,29500.0,38942.49,138.24,13,0.1262135922330097,103,6332900.0,27250.0,38958.88,138.24,0.0194174757281553,0.0,-0.006774147704842963,0.08256880733944955,-0.00042069997905482443,0.0,0.1067961165048544
E02000550,Hounslow 025,2024,99,99,6406900.0,31000.0,38738.22,139.95499999999998,12,0.1212121212121212,103,6332900.0,27250.0,38958.88,138.24,0.0194174757281553,-0.038834951456310676,0.011685010027001848,0.13761467889908258,-0.005663920523382506,0.012405960648147966,0.1017946454839659
E02000550,Hounslow 025,2025,98,98,6347750.0,31000.0,38735.72,140.69,13,0.1326530612244898,103,6332900.0,27250.0,38958.88,138.24,0.0194174757281553,-0.04854368932038835,0.002344897282445641,0.13761467889908258,-0.005728090745935104,0.017722800925925843,0.1132355854963345
E02000551,Hounslow 026,2023,57,57,1173600.0,8450.0,7185.98,62.625,4,0.0701754385964912,55,1191700.0,8500.0,7160.83,62.625,0.0,0.03636363636363636,-0.015188386338843668,-0.0058823529411764705,0.003512162696223711,0.0,0.0701754385964912
E02000551,Hounslow 026,2024,53,53,1229150.0,9600.0,7002.43,63.275000000000006,3,0.0566037735849056,55,1191700.0,8500.0,7160.83,62.625,0.0,-0.03636363636363636,0.031425694386171016,0.12941176470588237,-0.022120340798482806,0.010379241516966158,0.0566037735849056
E02000551,Hounslow 026,2025,52,52,1228950.0,9700.0,7001.43,63.6,3,0.0576923076923076,55,1191700.0,8500.0,7160.83,62.625,0.0,-0.05454545454545454,0.031257866912813626,0.1411764705882353,-0.022259989414634845,0.015568862275449125,0.0576923076923076
E02000552,Hounslow 027,2023,72,72,797450.0,7400.0,15711.240000000002,55.075,8,0.1111111111111111,70,794800.0,7350.0,15709.6,55.42,0.0428571428571428,0.02857142857142857,0.003334172118772018,0.006802721088435374,0.00010439476498454684,-0.006225189462287962,0.0682539682539683
E02000552,Hounslow 027,2024,61,61,905050.0,9300.0,14734.87,54.73,5,0.081967213114754,70,794800.0,7350.0,15709.6,55.42,0.0428571428571428,-0.12857142857142856,0.13871414192249623,0.2653061224489796,-0.062046773947140574,-0.012450378924576053,0.03911007025761119
E02000552,Hounslow 027,2025,61,61,905050.0,9300.0,14734.87,54.73,6,0.0983606557377049,70,794800.0,7350.0,15709.6,55.42,0.0428571428571428,-0.12857142857142856,0.13871414192249623,0.2653061224489796,-0.062046773947140574,-0.012450378924576053,0.0555035128805621
E02000553,Hounslow 028,2023,24,24,211125.0,7000.0,1983.89,55.8,5,0.2083333333333333,24,233675.0,7000.0,1983.89,55.8,0.125,0.0,-0.09650155129988232,0.0,0.0,0.0,0.08333333333333329
E02000553,Hounslow 028,2024,21,21,243425.0,8300.0,1861.68,55.8,1,0.0476190476190476,24,233675.0,7000.0,1983.89,55.8,0.125,-0.125,0.04172461752433936,0.18571428571428572,-0.06160119764704698,0.0,-0.0773809523809524
E02000553,Hounslow 028,2025,21,21,243425.0,8300.0,1861.68,55.8,0,0.0,24,233675.0,7000.0,1983.89,55.8,0.125,-0.125,0.04172461752433936,0.18571428571428572,-0.06160119764704698,0.0,-0.125
E02000554,Islington 001,2023,85,85,969450.0,11375.0,6962.83,69.1,1,0.0117647058823529,79,991850.0,12250.0,6635.51,74.61,0.0126582278481012,0.0759493670886076,-0.02258406008973131,-0.07142857142857142,0.049328536917282874,-0.07385069025599793,-0.0008935219657483003
E02000554,Islington 001,2024,72,72,807575.0,10000.0,5734.9,69.4,2,0.0277777777777777,79,991850.0,12250.0,6635.51,74.61,0.0126582278481012,-0.08860759493670886,-0.18578918183193024,-0.1836734693877551,-0.13572581459450753,-0.06982978153062584,0.0151195499296765
E02000554,Islington 001,2025,73,73,808075.0,10000.0,5802.3,69.1,2,0.0273972602739726,79,991850.0,12250.0,6635.51,74.61,0.0126582278481012,-0.0759493670886076,-0.18528507334778443,-0.1836734693877551,-0.12556834365406727,-0.07385069025599793,0.014739032425871402
E02000555,Islington 002,2023,85,85,1870100.0,18750.0,9453.54,65.045,0,0.0,76,1807600.0,19875.0,7928.44,66.69,0.0263157894736842,0.11842105263157894,0.0345762336800177,-0.05660377358490566,0.19235814359445255,-0.02466636677162987,-0.0263157894736842
E02000555,Islington 002,2024,79,79,1740550.0,15875.0,8494.85,63.39,0,0.0,76,1807600.0,19875.0,7928.44,66.69,0.0263157894736842,0.039473684210526314,-0.03709338349192299,-0.20125786163522014,0.07144028333442655,-0.04948268106162839,-0.0263157894736842
E02000555,Islington 002,2025,78,78,1708700.0,16000.0,8403.24,63.4,0,0.0,76,1807600.0,19875.0,7928.44,66.69,0.0263157894736842,0.02631578947368421,-0.054713432175260014,-0.1949685534591195,0.05988567738420171,-0.04933273354325985,-0.0263157894736842
E02000556,Islington 003,2023,313,313,6516075.0,16500.0,31616.09,69.86500000000001,11,0.0351437699680511,290,5940025.0,15500.0,28276.39,69.465,0.0275862068965517,0.07931034482758621,0.09697770632278484,0.06451612903225806,0.118109136279419,0.005758295544518904,0.007557563071499403
E02000556,Islington 003,2024,283,283,6532500.0,17500.0,28446.99,69.86500000000001,11,0.03886925795053,290,5940025.0,15500.0,28276.39,69.465,0.0275862068965517,-0.02413793103448276,0.09974284620014226,0.12903225806451613,0.006033301987983692,0.005758295544518904,0.0112830510539783
E02000556,Islington 003,2025,284,284,6522500.0,17500.0,28524.75,69.89,19,0.0669014084507042,290,5940025.0,15500.0,28276.39,69.465,0.0275862068965517,-0.020689655172413793,0.09805935160205555,0.12903225806451613,0.008783299424007117,0.006118189016051208,0.03931520155415251
E02000557,Islington 004,2023,204,204,3814140.0,14500.0,22503.86,75.07,2,0.0098039215686274,200,3650790.0,13625.0,21249.59,74.97,0.005,0.02,0.04474374039591431,0.06422018348623854,0.05902560943528795,0.0013338668800852917,0.0048039215686274
E02000557,Islington 004,2024,177,177,3724425.0,14750.0,19558.42,72.95,2,0.0112994350282485,200,3650790.0,13625.0,21249.59,74.97,0.005,-0.115,0.020169607126128867,0.08256880733944955,-0.07958600613000072,-0.02694411097772437,0.006299435028248501
E02000557,Islington 004,2025,178,178,3798425.0,14750.0,20180.15,73.25,4,0.0224719101123595,200,3650790.0,13625.0,21249.59,74.97,0.005,-0.11,0.040439192613105655,0.08256880733944955,-0.05032755926114333,-0.022942510337468306,0.0174719101123595
E02000558,Islington 005,2023,218,218,3714645.0,15000.0,19148.62,70.97,10,0.0458715596330275,189,3727000.0,16375.0,17048.83,77.59,0.0423280423280423,0.15343915343915343,-0.0033149986584384223,-0.08396946564885496,0.12316329038414936,-0.08532027323108654,0.0035435173049852
E02000558,Islington 005,2024,191,191,3413235.0,16000.0,15996.72,72.3,8,0.0418848167539267,189,3727000.0,16375.0,17048.83,77.59,0.0423280423280423,0.010582010582010581,-0.08418701368392809,-0.022900763358778626,-0.061711566130931116,-0.06817888903209184,-0.00044322557411560076
E02000558,Islington 005,2025,200,200,3451735.0,16125.0,16913.28,73.275,13,0.065,189,3727000.0,16375.0,17048.83,77.59,0.0423280423280423,0.0582010582010582,-0.07385698953581969,-0.015267175572519083,-0.007950692217589294,-0.05561283670576102,0.022671957671957704
E02000559,Islington 006,2023,170,170,2365625.0,12250.0,11618.11,54.3,5,0.0294117647058823,161,2469525.0,12125.0,11357.13,56.195,0.0248447204968944,0.055900621118012424,-0.04207286826413986,0.010309278350515464,0.022979397083594307,-0.03372186137556728,0.004567044208987899
E02000559,Islington 006,2024,156,156,2291325.0,12250.0,10850.97,53.65,3,0.0192307692307692,161,2469525.0,12125.0,11357.13,56.195,0.0248447204968944,-0.031055900621118012,-0.07215962583897713,0.010309278350515464,-0.044567597623695415,-0.04528872675504941,-0.005613951266125201
E02000559,Islington 006,2025,156,156,2255475.0,12375.0,10850.97,53.65,5,0.032051282051282,161,2469525.0,12125.0,11357.13,56.195,0.0248447204968944,-0.031055900621118012,-0.0866765876028791,0.020618556701030927,-0.044567597623695415,-0.04528872675504941,0.0072065615543875985
E02000560,Islington 007,2023,372,372,11735420.0,19000.0,61210.02,67.49,9,0.0241935483870967,292,11680970.0,21750.0,58030.39,84.055,0.0102739726027397,0.273972602739726,0.004661427946480472,-0.12643678160919541,0.05479249751724911,-0.19707334483373995,0.013919575784357001
E02000560,Islington 007,2024,325,325,10930310.0,18250.0,55901.68,67.12,8,0.0246153846153846,292,11680970.0,21750.0,58030.39,84.055,0.0102739726027397,0.11301369863013698,-0.06426349866492252,-0.16091954022988506,-0.03668267609437054,-0.20147522455535066,0.014341412012644902
E02000560,Islington 007,2025,333,333,11031910.0,18250.0,57179.38,68.13,15,0.045045045045045,292,11680970.0,21750.0,58030.39,84.055,0.0102739726027397,0.1404109589041096,-0.05556559087130607,-0.16091954022988506,-0.014664902303775694,-0.18945928261257522,0.034771072442305304
E02000561,Islington 008,2023,13,13,321300.0,8700.0,1309.88,61.6,0,0.0,14,332675.0,8500.0,1467.98,65.6,0.1428571428571428,-0.07142857142857142,-0.0341925302472383,0.023529411764705882,-0.10769901497295598,-0.060975609756097456,-0.1428571428571428
E02000561,Islington 008,2024,13,13,331000.0,9400.0,1309.88,61.6,0,0.0,14,332675.0,8500.0,1467.98,65.6,0.1428571428571428,-0.07142857142857142,-0.005034944014428496,0.10588235294117647,-0.10769901497295598,-0.060975609756097456,-0.1428571428571428
E02000561,Islington 008,2025,13,13,331000.0,9400.0,1309.88,61.6,0,0.0,14,332675.0,8500.0,1467.98,65.6,0.1428571428571428,-0.07142857142857142,-0.005034944014428496,0.10588235294117647,-0.10769901497295598,-0.060975609756097456,-0.1428571428571428
E02000562,Islington 009,2023,32,32,626050.0,15125.0,1952.11,57.9,2,0.0625,31,612950.0,15000.0,1847.4,57.4,0.032258064516129,0.03225806451612903,0.021372053185414797,0.008333333333333333,0.05667965789758569,0.008710801393728223,0.030241935483871003
E02000562,Islington 009,2024,33,33,636500.0,15750.0,2047.64,58.75,2,0.0606060606060606,31,612950.0,15000.0,1847.4,57.4,0.032258064516129,0.06451612903225806,0.03842075210049759,0.05,0.10839016996860452,0.023519163763066227,0.028347996089931604
E02000562,Islington 009,2025,33,33,598500.0,15750.0,2047.64,58.75,2,0.0606060606060606,31,612950.0,15000.0,1847.4,57.4,0.032258064516129,0.06451612903225806,-0.023574516681621666,0.05,0.10839016996860452,0.023519163763066227,0.028347996089931604
E02000563,Islington 010,2023,63,63,837900.0,11125.0,4780.37,48.89,4,0.0634920634920634,55,832950.0,10750.0,4399.41,50.4,0.0363636363636363,0.14545454545454545,0.005942733657482442,0.03488372093023256,0.086593429573511,-0.029960317460317423,0.027128427128427106
E02000563,Islington 010,2024,54,54,770200.0,9700.0,4188.61,49.645,3,0.0555555555555555,55,832950.0,10750.0,4399.41,50.4,0.0363636363636363,-0.01818181818181818,-0.07533465394081278,-0.09767441860465116,-0.047915515944183466,-0.01498015873015864,0.019191919191919198
E02000563,Islington 010,2025,54,54,770200.0,9700.0,4188.61,49.645,3,0.0555555555555555,55,832950.0,10750.0,4399.41,50.4,0.0363636363636363,-0.01818181818181818,-0.07533465394081278,-0.09767441860465116,-0.047915515944183466,-0.01498015873015864,0.019191919191919198
E02000564,Islington 011,2023,153,153,2693350.0,14500.0,14998.31,67.11500000000001,12,0.0784313725490196,136,2800325.0,14250.0,14127.74,71.275,0.0588235294117647,0.125,-0.03820092310713935,0.017543859649122806,0.06162132089067322,-0.058365485794458036,0.01960784313725491
E02000564,Islington 011,2024,138,138,2698675.0,14375.0,14346.91,68.69999999999999,11,0.0797101449275362,136,2800325.0,14250.0,14127.74,71.275,0.0588235294117647,0.014705882352941176,-0.03629935811021935,0.008771929824561403,0.01551345084210214,-0.036127674500175615,0.0208866155157715
E02000564,Islington 011,2025,138,138,2646675.0,14250.0,14346.91,68.69999999999999,13,0.0942028985507246,136,2800325.0,14250.0,14127.74,71.275,0.0588235294117647,0.014705882352941176,-0.054868631319578975,0.0,0.01551345084210214,-0.036127674500175615,0.0353793691389599
E02000565,Islington 012,2023,115,115,1659100.0,13500.0,8104.24,61.14,8,0.0695652173913043,107,1723000.0,14500.0,7194.52,60.8,0.0373831775700934,0.07476635514018691,-0.037086477074869416,-0.06896551724137931,0.12644623963794657,0.005592105263157951,0.032182039821210894
E02000565,Islington 012,2024,106,106,1825900.0,13625.0,7480.91,62.145,7,0.0660377358490566,107,1723000.0,14500.0,7194.52,60.8,0.0373831775700934,-0.009345794392523364,0.05972141613464887,-0.0603448275862069,0.03980668620005218,0.02212171052631589,0.028654558278963203
E02000565,Islington 012,2025,106,106,1825900.0,13625.0,7480.91,62.145,12,0.1132075471698113,107,1723000.0,14500.0,7194.52,60.8,0.0373831775700934,-0.009345794392523364,0.05972141613464887,-0.0603448275862069,0.03980668620005218,0.02212171052631589,0.07582436959971789
E02000566,Islington 013,2023,208,208,4868545.0,16000.0,18988.71,68.005,8,0.0384615384615384,207,4947145.0,15750.0,18512.29,66.93,0.0144927536231884,0.004830917874396135,-0.015887951535683714,0.015873015873015872,0.025735335822850564,0.016061556850440587,0.02396878483835
E02000566,Islington 013,2024,198,198,4864025.0,16000.0,17656.85,66.815,7,0.0353535353535353,207,4947145.0,15750.0,18512.29,66.93,0.0144927536231884,-0.043478260869565216,-0.01680160981737952,0.015873015873015872,-0.04620930203664713,-0.0017182130584193797,0.020860781730346896
E02000566,Islington 013,2025,199,199,4888775.0,16000.0,17844.59,69.08,10,0.050251256281407,207,4947145.0,15750.0,18512.29,66.93,0.0144927536231884,-0.03864734299516908,-0.01179872431473102,0.015873015873015872,-0.03606793108794216,0.03212311370088139,0.0357585026582186
E02000567,Islington 014,2023,80,80,1163560.0,13250.0,6067.05,63.4,3,0.0375,75,1142510.0,13250.0,5405.43,60.59,0.0,0.06666666666666667,0.018424346395217547,0.0,0.12239914308389895,0.04637728998184511,0.0375
E02000567,Islington 014,2024,73,73,1233725.0,13250.0,5346.08,63.5,3,0.0410958904109589,75,1142510.0,13250.0,5405.43,60.59,0.0,-0.02666666666666667,0.07983737560283936,0.0,-0.010979700042364874,0.048027727347747094,0.0410958904109589
E02000567,Islington 014,2025,74,74,1198475.0,13250.0,5357.0,63.4,4,0.054054054054054,75,1142510.0,13250.0,5405.43,60.59,0.0,-0.013333333333333334,0.04898425396714252,0.0,-0.008959509234233038,0.04637728998184511,0.054054054054054
E02000568,Islington 015,2023,128,128,2275625.0,13250.0,17077.12,68.83,5,0.0390625,117,2059500.0,13250.0,11829.17,68.1,0.0341880341880341,0.09401709401709402,0.10494051954357854,0.0,0.44364482038891984,0.010719530102790075,0.004874465811965899
E02000568,Islington 015,2024,113,113,2364750.0,14250.0,15315.55,67.465,4,0.0353982300884955,117,2059500.0,13250.0,11829.17,68.1,0.0341880341880341,-0.03418803418803419,0.14821558630735615,0.07547169811320754,0.29472735618813484,-0.009324522760645975,0.0012101959004613971
E02000568,Islington 015,2025,114,114,2322200.0,14250.0,19548.820000000003,67.95,6,0.0526315789473684,117,2059500.0,13250.0,11829.17,68.1,0.0341880341880341,-0.02564102564102564,0.12755523185239137,0.07547169811320754,0.6525943916606155,-0.0022026431718060423,0.018443544759334296
E02000569,Islington 016,2023,157,157,5429550.0,25750.0,17871.6,86.43,7,0.0445859872611464,148,5435900.0,26125.0,16601.42,86.805,0.0337837837837837,0.060810810810810814,-0.0011681598263397046,-0.014354066985645933,0.0765103226109574,-0.004320027648176948,0.010802203477362694
E02000569,Islington 016,2024,151,151,4927500.0,22500.0,16522.77,82.965,8,0.0529801324503311,148,5435900.0,26125.0,16601.42,86.805,0.0337837837837837,0.02027027027027027,-0.0935263709781269,-0.13875598086124402,-0.004737546547222938,-0.04423708311733199,0.019196348666547396
E02000569,Islington 016,2025,154,154,4997500.0,22750.0,16864.57,82.965,11,0.0714285714285714,148,5435900.0,26125.0,16601.42,86.805,0.0337837837837837,0.04054054054054054,-0.08064901856178369,-0.1291866028708134,0.015851053705044596,-0.04423708311733199,0.037644787644787694
E02000570,Islington 017,2023,163,163,4284975.0,18000.0,14760.47,71.56,6,0.0368098159509202,143,4057075.0,18000.0,12860.63,71.97,0.0139860139860139,0.13986013986013987,0.056173474732411896,0.0,0.14772526695815058,-0.005696818118660506,0.0228238019649063
E02000570,Islington 017,2024,149,149,4532100.0,20750.0,13057.07,69.435,4,0.0268456375838926,143,4057075.0,18000.0,12860.63,71.97,0.0139860139860139,0.04195804195804196,0.1170855850582008,0.1527777777777778,0.015274523876357575,-0.035223009587328005,0.0128596235978787
E02000570,Islington 017,2025,155,155,4655950.0,20750.0,13441.41,69.3,6,0.0387096774193548,143,4057075.0,18000.0,12860.63,71.97,0.0139860139860139,0.08391608391608392,0.1476125040823746,0.1527777777777778,0.04515952950982967,-0.037098791162984604,0.024723663433340898
E02000571,Islington 018,2023,115,115,2347000.0,16375.0,11544.89,75.35,4,0.0347826086956521,106,2367550.0,16500.0,10731.44,75.5,0.0094339622641509,0.08490566037735849,-0.008679858925893857,-0.007575757575757576,0.07580063812498591,-0.0019867549668874927,0.0253486464315012
E02000571,Islington 018,2024,106,106,2195900.0,15750.0,10550.81,75.7,2,0.0188679245283018,106,2367550.0,16500.0,10731.44,75.5,0.0094339622641509,0.0,-0.07250110874110367,-0.045454545454545456,-0.01683185108429074,0.002649006622516594,0.0094339622641509
E02000571,Islington 018,2025,109,109,2186400.0,15500.0,10908.32,76.14500000000001,2,0.018348623853211,106,2367550.0,16500.0,10731.44,75.5,0.0094339622641509,0.02830188679245283,-0.07651369559249013,-0.06060606060606061,0.01648241056186301,0.008543046357616029,0.0089146615890601
E02000572,Islington 019,2023,94,94,2550375.0,11500.0,9929.58,72.4,4,0.0425531914893617,94,2732725.0,11750.0,10448.63,74.0,0.0106382978723404,0.0,-0.06672826574207065,-0.02127659574468085,-0.0496763690550818,-0.021621621621621546,0.0319148936170213
E02000572,Islington 019,2024,89,89,2331850.0,12750.0,9574.4,72.80000000000001,3,0.0337078651685393,94,2732725.0,11750.0,10448.63,74.0,0.0106382978723404,-0.05319148936170213,-0.14669423377763954,0.0851063829787234,-0.08366934229654985,-0.01621621621621606,0.023069567296198898
E02000572,Islington 019,2025,90,90,2325600.0,12750.0,9601.61,72.4,3,0.0333333333333333,94,2732725.0,11750.0,10448.63,74.0,0.0106382978723404,-0.0425531914893617,-0.14898132816145057,0.0851063829787234,-0.08106517313753082,-0.021621621621621546,0.0226950354609929
E02000573,Islington 020,2023,608,608,34756225.0,35875.0,88786.51,80.6,22,0.0361842105263157,534,34499415.0,35750.0,76005.97,80.6,0.0262172284644194,0.13857677902621723,0.007443894338498204,0.0034965034965034965,0.16815179123429375,0.0,0.0099669820618963
E02000573,Islington 020,2024,562,562,31384375.0,33000.0,80323.35,80.6,20,0.0355871886120996,534,34499415.0,35750.0,76005.97,80.6,0.0262172284644194,0.052434456928838954,-0.09029254554026496,-0.07692307692307693,0.056803169540497994,0.0,0.009369960147680198
E02000573,Islington 020,2025,575,575,31725025.0,33000.0,81849.21,80.6,25,0.0434782608695652,534,34499415.0,35750.0,76005.97,80.6,0.0262172284644194,0.07677902621722846,-0.0804184650667265,-0.07692307692307693,0.07687869781807936,0.0,0.0172610324051458
E02000574,Islington 021,2023,333,333,8034465.0,16250.0,34235.18,56.88,18,0.054054054054054,305,8362815.0,16250.0,30924.83,60.405,0.0262295081967213,0.09180327868852459,-0.039263095022429646,0.0,0.10704505085395775,-0.058356096349639903,0.0278245458573327
E02000574,Islington 021,2024,297,297,7960425.0,17250.0,32086.31,60.405,17,0.0572390572390572,305,8362815.0,16250.0,30924.83,60.405,0.0262295081967213,-0.02622950819672131,-0.04811657318737769,0.06153846153846154,0.03755816927692083,0.0,0.0310095490423359
E02000574,Islington 021,2025,303,303,8317175.0,17250.0,33426.85,61.1,21,0.0693069306930693,305,8362815.0,16250.0,30924.83,60.405,0.0262295081967213,-0.006557377049180328,-0.005457492483093312,0.06153846153846154,0.080906507812654,0.011505670060425466,0.043077422496347995
E02000577,Kensington and Chelsea 001,2023,198,198,6301855.0,21500.0,31540.25,68.35,19,0.0959595959595959,178,3755130.0,20375.0,13197.14,68.6,0.0786516853932584,0.11235955056179775,0.6781988905843472,0.05521472392638037,1.3899306971055851,-0.003644314868804665,0.0173079105663375
E02000577,Kensington and Chelsea 001,2024,176,176,5943040.0,21875.0,22118.31,68.6,15,0.0852272727272727,178,3755130.0,20375.0,13197.14,68.6,0.0786516853932584,-0.011235955056179775,0.58264560747564,0.0736196319018405,0.6759926772012725,0.0,0.006575587334014296
E02000577,Kensington and Chelsea 001,2025,183,183,5963360.0,21500.0,31143.21,69.19999999999999,21,0.1147540983606557,178,3755130.0,20375.0,13197.14,68.6,0.0786516853932584,0.028089887640449437,0.5880568715330761,0.05521472392638037,1.359845390743752,0.008746355685131112,0.0361024129673973
E02000578,Kensington and Chelsea 002,2023,57,57,401010.0,1650.0,2973.93,11.9,9,0.1578947368421052,52,332360.0,1462.5,2608.98,11.075,0.0769230769230769,0.09615384615384616,0.2065531351546516,0.1282051282051282,0.13988225283444097,0.0744920993227992,0.0809716599190283
E02000578,Kensington and Chelsea 002,2024,53,53,298615.0,1500.0,2817.1,12.1,8,0.1509433962264151,52,332360.0,1462.5,2608.98,11.075,0.0769230769230769,0.019230769230769232,-0.101531471897942,0.02564102564102564,0.07977063833375492,0.09255079006772013,0.07402031930333819
E02000578,Kensington and Chelsea 002,2025,55,55,303935.0,1500.0,2883.1,12.1,9,0.1636363636363636,52,332360.0,1462.5,2608.98,11.075,0.0769230769230769,0.057692307692307696,-0.08552473221807678,0.02564102564102564,0.10506788093431145,0.09255079006772013,0.08671328671328671
E02000579,Kensington and Chelsea 003,2023,35,35,593525.0,12250.0,2783.59,57.4,2,0.0571428571428571,35,624075.0,11250.0,2825.06,57.4,0.0,0.0,-0.04895244962544566,0.08888888888888889,-0.01467933424422837,0.0,0.0571428571428571
E02000579,Kensington and Chelsea 003,2024,33,33,633525.0,12500.0,2761.54,57.4,2,0.0606060606060606,35,624075.0,11250.0,2825.06,57.4,0.0,-0.05714285714285714,0.015142410767936546,0.1111111111111111,-0.022484478205772616,0.0,0.0606060606060606
E02000579,Kensington and Chelsea 003,2025,35,35,557525.0,12500.0,2761.54,57.4,2,0.0571428571428571,35,624075.0,11250.0,2825.06,57.4,0.0,0.0,-0.10663782397948965,0.1111111111111111,-0.022484478205772616,0.0,0.0571428571428571
E02000580,Kensington and Chelsea 004,2023,758,758,19209425.0,16625.0,39840.45,15.0,61,0.0804749340369393,391,18883550.0,28750.0,35401.72,64.15,0.0358056265984654,0.9386189258312021,0.017257083546261164,-0.4217391304347826,0.12538176111217184,-0.7661730319563523,0.044669307438473894
E02000580,Kensington and Chelsea 004,2024,569,569,17521850.0,13375.0,34182.41,30.51,62,0.1089630931458699,391,18883550.0,28750.0,35401.72,64.15,0.0358056265984654,0.45524296675191817,-0.07211038178732283,-0.5347826086956522,-0.034442111852192425,-0.5243959469992205,0.07315746654740449
E02000580,Kensington and Chelsea 004,2025,576,576,17253900.0,17500.0,34717.28,31.3,58,0.1006944444444444,391,18883550.0,28750.0,35401.72,64.15,0.0358056265984654,0.4731457800511509,-0.0862999806710073,-0.391304347826087,-0.019333523907877986,-0.5120810600155885,0.064888817845979
E02000581,Kensington and Chelsea 005,2023,34,34,1035400.0,15500.0,4247.14,68.05,3,0.088235294117647,34,1099550.0,15500.0,4312.79,70.44999999999999,0.0294117647058823,0.0,-0.05834204902005366,0.0,-0.01522216477036898,-0.03406671398154708,0.05882352941176469
E02000581,Kensington and Chelsea 005,2024,33,33,1036425.0,14750.0,4031.28,67.3,4,0.1212121212121212,34,1099550.0,15500.0,4312.79,70.44999999999999,0.0294117647058823,-0.029411764705882353,-0.05740984948387977,-0.04838709677419355,-0.06527329176704634,-0.04471256210078058,0.0918003565062389
E02000581,Kensington and Chelsea 005,2025,35,35,1039125.0,14750.0,4073.14,66.35,5,0.1428571428571428,34,1099550.0,15500.0,4312.79,70.44999999999999,0.0294117647058823,0.029411764705882353,-0.05495429948615343,-0.04838709677419355,-0.05556727779465267,-0.05819730305180972,0.11344537815126049
E02000582,Kensington and Chelsea 006,2023,392,392,16908000.0,38250.0,30831.94,53.0,81,0.2066326530612245,275,17427450.0,52000.0,27883.75,72.25,0.0545454545454545,0.4254545454545455,-0.02980642606921839,-0.2644230769230769,0.10573147442506832,-0.2664359861591695,0.15208719851577
E02000582,Kensington and Chelsea 006,2024,317,317,16338675.0,43750.0,25613.58,55.795,56,0.1766561514195583,275,17427450.0,52000.0,27883.75,72.25,0.0545454545454545,0.15272727272727274,-0.062474716610863894,-0.15865384615384615,-0.08141551979199348,-0.2277508650519031,0.12211069687410378
E02000582,Kensington and Chelsea 006,2025,335,335,16337875.0,43750.0,26126.33,52.5,55,0.1641791044776119,275,17427450.0,52000.0,27883.75,72.25,0.0545454545454545,0.21818181818181817,-0.06252062120390534,-0.15865384615384615,-0.0630266732415833,-0.27335640138408307,0.10963364993215738
E02000583,Kensington and Chelsea 007,2023,188,188,9057290.0,45250.0,43602.32,81.97,14,0.0744680851063829,171,11841590.0,45250.0,25127.95,83.39,0.0584795321637426,0.09941520467836257,-0.23512889738624626,0.0,0.7352119850604605,-0.01702842067394174,0.01598855294264031
E02000583,Kensington and Chelsea 007,2024,170,170,7709490.0,36500.0,16286.43,80.805,12,0.0705882352941176,171,11841590.0,45250.0,25127.95,83.39,0.0584795321637426,-0.005847953216374269,-0.348948072007222,-0.19337016574585636,-0.351859980619191,-0.030998920733900873,0.012108703130375008
E02000583,Kensington and Chelsea 007,2025,173,173,7753640.0,36500.0,16885.55,80.94,13,0.0751445086705202,171,11841590.0,45250.0,25127.95,83.39,0.0584795321637426,0.011695906432748537,-0.3452196875588498,-0.19337016574585636,-0.32801720792981526,-0.029380021585322016,0.016664976506777597
E02000584,Kensington and Chelsea 008,2023,342,342,21519350.0,36000.0,47286.65,84.13,34,0.0994152046783625,332,22389950.0,35750.0,46077.8,83.3,0.0572289156626506,0.030120481927710843,-0.03888351693505345,0.006993006993006993,0.02623497649627366,0.009963985594237675,0.0421862890157119
E02000584,Kensington and Chelsea 008,2024,319,319,17536575.0,33250.0,43574.25,82.45,34,0.1065830721003134,332,22389950.0,35750.0,46077.8,83.3,0.0572289156626506,-0.0391566265060241,-0.21676578107588448,-0.06993006993006994,-0.05433310618128476,-0.010204081632652993,0.0493541564376628
E02000584,Kensington and Chelsea 008,2025,322,322,17402075.0,33500.0,43562.49,81.33000000000001,29,0.0900621118012422,332,22389950.0,35750.0,46077.8,83.3,0.0572289156626506,-0.030120481927710843,-0.2227729405380539,-0.06293706293706294,-0.05458832669962552,-0.023649459783913383,0.0328331961385916
E02000585,Kensington and Chelsea 009,2023,41,41,1354350.0,20500.0,5326.68,71.4,3,0.073170731707317,38,1406700.0,20500.0,4943.84,71.25,0.0,0.07894736842105263,-0.037214757944124544,0.0,0.0774377811579663,0.0021052631578948166,0.073170731707317
E02000585,Kensington and Chelsea 009,2024,35,35,1286100.0,21875.0,4159.14,71.25,1,0.0285714285714285,38,1406700.0,20500.0,4943.84,71.25,0.0,-0.07894736842105263,-0.08573256557901472,0.06707317073170732,-0.15872277419981226,0.0,0.0285714285714285
E02000585,Kensington and Chelsea 009,2025,35,35,1286100.0,21875.0,4159.14,71.25,2,0.0571428571428571,38,1406700.0,20500.0,4943.84,71.25,0.0,-0.07894736842105263,-0.08573256557901472,0.06707317073170732,-0.15872277419981226,0.0,0.0571428571428571
E02000586,Kensington and Chelsea 010,2023,199,199,17143425.0,35000.0,63852.43,89.65,26,0.1306532663316583,170,19347050.0,38250.0,58606.82,95.02,0.0470588235294117,0.17058823529411765,-0.11389979350857107,-0.08496732026143791,0.08950511220366504,-0.05651441801725943,0.0835944428022466
E02000586,Kensington and Chelsea 010,2024,168,168,16376740.0,32000.0,51543.84,84.9,13,0.0773809523809523,170,19347050.0,38250.0,58606.82,95.02,0.0470588235294117,-0.011764705882352941,-0.15352779881170514,-0.16339869281045752,-0.12051464317634028,-0.10650389391706999,0.0303221288515406
E02000586,Kensington and Chelsea 010,2025,174,174,16631490.0,32250.0,55954.42,84.9,13,0.0747126436781609,170,19347050.0,38250.0,58606.82,95.02,0.0470588235294117,0.023529411764705882,-0.14036041670435545,-0.1568627450980392,-0.04525753146135555,-0.10650389391706999,0.027653820148749196
E02000587,Kensington and Chelsea 011,2023,194,194,15122500.0,45000.0,41427.81,134.96,29,0.1494845360824742,185,18403800.0,47000.0,37544.46,125.4,0.0432432432432432,0.04864864864864865,-0.17829470000760714,-0.0425531914893617,0.1034333693972426,0.07623604465709731,0.106241292839231
E02000587,Kensington and Chelsea 011,2024,163,163,11466900.0,39250.0,29258.98,115.25,16,0.0981595092024539,185,18403800.0,47000.0,37544.46,125.4,0.0432432432432432,-0.11891891891891893,-0.37692759104098067,-0.16489361702127658,-0.2206844898022238,-0.08094098883572572,0.05491626595921071
E02000587,Kensington and Chelsea 011,2025,165,165,11541650.0,40125.0,29529.71,115.87,13,0.0787878787878787,185,18403800.0,47000.0,37544.46,125.4,0.0432432432432432,-0.10810810810810811,-0.37286592986231104,-0.14627659574468085,-0.21347357239923015,-0.07599681020733653,0.0355446355446355
E02000589,Kensington and Chelsea 013,2023,136,136,8704500.0,27500.0,44968.46,89.85,15,0.1102941176470588,123,9534850.0,31000.0,21021.76,92.2,0.008130081300813,0.10569105691056911,-0.08708579579122902,-0.11290322580645161,1.1391386829646997,-0.025488069414316795,0.10216403634624581
E02000589,Kensington and Chelsea 013,2024,127,127,7319225.0,24250.0,20398.64,88.4,16,0.1259842519685039,123,9534850.0,31000.0,21021.76,92.2,0.008130081300813,0.032520325203252036,-0.23237124863002565,-0.21774193548387097,-0.029641666539813937,-0.04121475054229932,0.11785417066769091
E02000589,Kensington and Chelsea 013,2025,130,130,7283475.0,23750.0,20529.0,87.69999999999999,15,0.1153846153846153,123,9534850.0,31000.0,21021.76,92.2,0.008130081300813,0.056910569105691054,-0.23612065213401365,-0.23387096774193547,-0.02344047310976809,-0.048806941431670435,0.1072545340838023
E02000590,Kensington and Chelsea 014,2023,337,337,32321850.0,66500.0,55228.79,103.94,48,0.142433234421365,310,33659850.0,64500.0,50756.42,103.94,0.064516129032258,0.08709677419354839,-0.0397506227746113,0.031007751937984496,0.0881143705564735,0.0,0.077917105389107
E02000590,Kensington and Chelsea 014,2024,297,297,24426150.0,54500.0,47670.14,101.545,34,0.1144781144781144,310,33659850.0,64500.0,50756.42,103.94,0.064516129032258,-0.041935483870967745,-0.2743238606232648,-0.15503875968992248,-0.06080570694308225,-0.02304213969597841,0.04996198544585641
E02000590,Kensington and Chelsea 014,2025,301,301,23577650.0,54500.0,48501.61,101.545,35,0.1162790697674418,310,33659850.0,64500.0,50756.42,103.94,0.064516129032258,-0.02903225806451613,-0.2995319349313797,-0.15503875968992248,-0.044424133932219764,-0.02304213969597841,0.05176294073518381
E02000591,Kensington and Chelsea 015,2023,64,64,2854800.0,36875.0,20971.31,86.12,6,0.09375,64,5681550.0,41250.0,20957.69,86.12,0.03125,0.0,-0.49753148348602055,-0.10606060606060606,0.0006498807836170218,0.0,0.0625
E02000591,Kensington and Chelsea 015,2024,62,62,2641450.0,31000.0,6927.6900000000005,86.12,7,0.1129032258064516,64,5681550.0,41250.0,20957.69,86.12,0.03125,-0.03125,-0.535082855910799,-0.24848484848484848,-0.6694440083806946,0.0,0.0816532258064516
E02000591,Kensington and Chelsea 015,2025,66,66,2672700.0,29750.0,7481.2,88.49000000000001,5,0.0757575757575757,64,5681550.0,41250.0,20957.69,86.12,0.03125,0.03125,-0.5295825962985453,-0.2787878787878788,-0.6430331777977438,0.02751973989781705,0.044507575757575704
E02000592,Kensington and Chelsea 016,2023,201,201,16402400.0,62000.0,43651.58,117.1,18,0.0895522388059701,191,17018450.0,65000.0,35473.35,117.1,0.0471204188481675,0.05235602094240838,-0.036198948787933095,-0.046153846153846156,0.23054574772329098,0.0,0.042431819957802604
E02000592,Kensington and Chelsea 016,2024,184,184,14320075.0,54500.0,34412.36,114.7,17,0.092391304347826,191,17018450.0,65000.0,35473.35,117.1,0.0471204188481675,-0.03664921465968586,-0.15855586143273917,-0.16153846153846155,-0.02990949543812462,-0.020495303159692498,0.0452708854996585
E02000592,Kensington and Chelsea 016,2025,184,184,14179325.0,54250.0,34414.55,114.7,20,0.108695652173913,191,17018450.0,65000.0,35473.35,117.1,0.0471204188481675,-0.03664921465968586,-0.16682629734200236,-0.16538461538461538,-0.02984775895143807,-0.020495303159692498,0.0615752333257455
E02000593,Kensington and Chelsea 017,2023,96,96,4209900.0,38750.0,10962.1,108.5,10,0.1041666666666666,92,4446150.0,39750.0,10616.93,108.5,0.0326086956521739,0.043478260869565216,-0.05313585911406498,-0.025157232704402517,0.03251128150981499,0.0,0.07155797101449271
E02000593,Kensington and Chelsea 017,2024,90,90,3435850.0,32250.0,10329.22,95.065,9,0.1,92,4446150.0,39750.0,10616.93,108.5,0.0326086956521739,-0.021739130434782608,-0.22723030037223216,-0.18867924528301888,-0.027099170852591187,-0.12382488479262675,0.06739130434782611
E02000593,Kensington and Chelsea 017,2025,93,93,3435850.0,32250.0,10606.49,102.525,12,0.1290322580645161,92,4446150.0,39750.0,10616.93,108.5,0.0326086956521739,0.010869565217391304,-0.22723030037223216,-0.18867924528301888,-0.0009833351072297274,-0.055069124423963084,0.0964235624123422
E02000595,Kensington and Chelsea 019,2023,248,248,18731250.0,62750.0,46687.23,107.52,28,0.1129032258064516,236,21164100.0,62000.0,45068.64,107.52,0.059322033898305,0.05084745762711865,-0.11495173430478972,0.012096774193548387,0.03591388601919215,0.0,0.05358119190814659
E02000595,Kensington and Chelsea 019,2024,221,221,17987950.0,53500.0,39346.71,108.965,18,0.0814479638009049,236,21164100.0,62000.0,45068.64,107.52,0.059322033898305,-0.0635593220338983,-0.1500725284798314,-0.13709677419354838,-0.12696034315657184,0.013439360119047688,0.022125929902599893
E02000595,Kensington and Chelsea 019,2025,226,226,18072450.0,53000.0,39455.22,107.5,16,0.0707964601769911,236,21164100.0,62000.0,45068.64,107.52,0.059322033898305,-0.0423728813559322,-0.14607991835230413,-0.14516129032258066,-0.12455268230858527,-0.00018601190476186775,0.011474426278686091
E02000596,Kensington and Chelsea 020,2023,149,149,8127150.0,43750.0,17338.15,93.55,18,0.1208053691275167,146,8243750.0,45000.0,17201.82,93.0,0.0273972602739726,0.02054794520547945,-0.014144048521607278,-0.027777777777777776,0.007925324180813527,0.005913978494623625,0.0934081088535441
E02000596,Kensington and Chelsea 020,2024,144,144,8127500.0,44500.0,17380.08,92.445,13,0.0902777777777777,146,8243750.0,45000.0,17201.82,93.0,0.0273972602739726,-0.0136986301369863,-0.014101592115238818,-0.011111111111111112,0.010362856953508526,-0.005967741935483944,0.0628805175038051
E02000596,Kensington and Chelsea 020,2025,148,148,8020500.0,43625.0,17695.67,92.445,22,0.1486486486486486,146,8243750.0,45000.0,17201.82,93.0,0.0273972602739726,0.0136986301369863,-0.027081122062168308,-0.030555555555555555,0.028709171471390734,-0.005967741935483944,0.121251388374676
E02000597,Kensington and Chelsea 021,2023,139,139,4296500.0,26250.0,19991.05,100.9,10,0.0719424460431654,109,3796700.0,26125.0,15943.4,85.64,0.036697247706422,0.27522935779816515,0.13164063528854006,0.004784688995215311,0.2538762121003048,0.1781877627276974,0.035245198336743395
E02000597,Kensington and Chelsea 021,2024,123,123,4212950.0,24750.0,17889.829999999998,93.78,10,0.08130081300813,109,3796700.0,26125.0,15943.4,85.64,0.036697247706422,0.12844036697247707,0.10963468275080991,-0.05263157894736842,0.12208374625236766,0.09504904250350305,0.044603565301708
E02000597,Kensington and Chelsea 021,2025,124,124,4212950.0,24750.0,18132.23,94.94,19,0.1532258064516129,109,3796700.0,26125.0,15943.4,85.64,0.036697247706422,0.13761467889908258,0.10963468275080991,-0.05263157894736842,0.13728752963608765,0.1085941148995796,0.11652855874519091
E02000598,Kingston upon Thames 001,2023,11,11,160300.0,10000.0,1230.5,56.395,0,0.0,10,107800.0,10000.0,515.38,54.39,0.0,0.1,0.487012987012987,0.0,1.3875586945554736,0.036863394006251195,0.0
E02000598,Kingston upon Thames 001,2024,10,10,120350.0,11250.0,515.38,54.39,0,0.0,10,107800.0,10000.0,515.38,54.39,0.0,0.0,0.11641929499072357,0.125,0.0,0.0,0.0
E02000598,Kingston upon Thames 001,2025,10,10,120350.0,11250.0,515.38,54.39,0,0.0,10,107800.0,10000.0,515.38,54.39,0.0,0.0,0.11641929499072357,0.125,0.0,0.0,0.0
E02000599,Kingston upon Thames 002,2023,14,14,293250.0,12250.0,3270.89,91.12,0,0.0,13,269500.0,12250.0,2620.89,88.28,0.0769230769230769,0.07692307692307693,0.08812615955473098,0.0,0.24800735627973705,0.032170367014046256,-0.0769230769230769
E02000599,Kingston upon Thames 002,2024,14,14,315300.0,13375.0,3270.89,91.12,0,0.0,13,269500.0,12250.0,2620.89,88.28,0.0769230769230769,0.07692307692307693,0.1699443413729128,0.09183673469387756,0.24800735627973705,0.032170367014046256,-0.0769230769230769
E02000599,Kingston upon Thames 002,2025,14,14,315300.0,13375.0,3270.89,91.12,0,0.0,13,269500.0,12250.0,2620.89,88.28,0.0769230769230769,0.07692307692307693,0.1699443413729128,0.09183673469387756,0.24800735627973705,0.032170367014046256,-0.0769230769230769
E02000600,Kingston upon Thames 003,2023,76,76,1204900.0,12500.0,5972.61,68.24,13,0.1710526315789473,76,1328750.0,10250.0,6016.81,71.1,0.1578947368421052,0.0,-0.09320790216368767,0.21951219512195122,-0.0073460853841156235,-0.04022503516174402,0.01315789473684209
E02000600,Kingston upon Thames 003,2024,64,64,1054750.0,11750.0,5216.57,68.24,5,0.078125,76,1328750.0,10250.0,6016.81,71.1,0.1578947368421052,-0.15789473684210525,-0.20620884289746003,0.14634146341463414,-0.1330007096783845,-0.04022503516174402,-0.0797697368421052
E02000600,Kingston upon Thames 003,2025,63,63,1051000.0,11750.0,5222.81,69.66999999999999,1,0.0158730158730158,76,1328750.0,10250.0,6016.81,71.1,0.1578947368421052,-0.17105263157894737,-0.2090310442144873,0.14634146341463414,-0.13196361527121514,-0.020112517580872107,-0.1420217209690894
E02000601,Kingston upon Thames 004,2023,120,120,3230675.0,11625.0,33348.99,80.85,13,0.1083333333333333,107,3226735.0,11500.0,15893.32,80.65,0.102803738317757,0.12149532710280374,0.0012210485211831775,0.010869565217391304,1.0983023056227394,0.0024798512089273233,0.0055295950155762885
E02000601,Kingston upon Thames 004,2024,102,102,3407450.0,13000.0,14458.37,74.8,7,0.0686274509803921,107,3226735.0,11500.0,15893.32,80.65,0.102803738317757,-0.04672897196261682,0.05600552880853246,0.13043478260869565,-0.09028635930063693,-0.07253564786112843,-0.03417628733736491
E02000601,Kingston upon Thames 004,2025,104,104,3407500.0,12375.0,14539.37,73.35,3,0.0288461538461538,107,3226735.0,11500.0,15893.32,80.65,0.102803738317757,-0.028037383177570093,0.056021024348141386,0.07608695652173914,-0.0851898785149987,-0.09051456912585258,-0.07395758447160321
E02000602,Kingston upon Thames 005,2023,123,123,3589950.0,14275.0,20080.61,61.6,11,0.089430894308943,117,4144575.0,14000.0,21417.39,66.14,0.1111111111111111,0.05128205128205128,-0.13381951104757425,0.019642857142857142,-0.06241563514508532,-0.0686422739643181,-0.021680216802168112
E02000602,Kingston upon Thames 005,2024,107,107,4006950.0,12625.0,21032.27,61.6,11,0.102803738317757,117,4144575.0,14000.0,21417.39,66.14,0.1111111111111111,-0.08547008547008547,-0.033206058522285156,-0.09821428571428571,-0.017981649491371217,-0.0686422739643181,-0.008307372793354098
E02000602,Kingston upon Thames 005,2025,108,108,3597200.0,12500.0,21102.41,62.55,3,0.0277777777777777,117,4144575.0,14000.0,21417.39,66.14,0.1111111111111111,-0.07692307692307693,-0.13207023639335758,-0.10714285714285714,-0.014706740643934652,-0.054278802540066576,-0.0833333333333334
E02000603,Kingston upon Thames 006,2023,73,73,1575900.0,10500.0,20997.1,78.1,9,0.1232876712328767,69,2549900.0,10375.0,18214.61,77.4,0.1159420289855072,0.057971014492753624,-0.3819757637554414,0.012048192771084338,0.15276143711009996,0.009043927648578663,0.007345642247369499
E02000603,Kingston upon Thames 006,2024,62,62,1838200.0,13750.0,12626.17,79.05,9,0.1451612903225806,69,2549900.0,10375.0,18214.61,77.4,0.1159420289855072,-0.10144927536231885,-0.2791089846660653,0.3253012048192771,-0.30681085128915747,0.02131782945736423,0.029219261337073393
E02000603,Kingston upon Thames 006,2025,62,62,1839950.0,13750.0,12578.61,77.75,0,0.0,69,2549900.0,10375.0,18214.61,77.4,0.1159420289855072,-0.10144927536231885,-0.2784226832424801,0.3253012048192771,-0.30942194205640416,0.004521963824289332,-0.1159420289855072
E02000604,Kingston upon Thames 007,2023,233,233,6045820.0,19625.0,41861.89,82.48,25,0.1072961373390558,213,6823350.0,18000.0,40053.6,82.9,0.1126760563380281,0.09389671361502347,-0.11395135820381484,0.09027777777777778,0.04514675335051034,-0.005066344993968657,-0.005379918998972305
E02000604,Kingston upon Thames 007,2024,188,188,5990455.0,19750.0,34816.54,84.83,11,0.0585106382978723,213,6823350.0,18000.0,40053.6,82.9,0.1126760563380281,-0.11737089201877934,-0.1220654077542556,0.09722222222222222,-0.13075129326702215,0.023281061519903407,-0.0541654180401558
E02000604,Kingston upon Thames 007,2025,187,187,6048105.0,19875.0,35547.59,85.11500000000001,4,0.0213903743315508,213,6823350.0,18000.0,40053.6,82.9,0.1126760563380281,-0.12206572769953052,-0.11361647870913848,0.10416666666666667,-0.11249950066910346,0.02671893848009654,-0.0912856820064773
E02000605,Kingston upon Thames 008,2023,109,109,1073875.0,3500.0,11654.5,44.75,9,0.0825688073394495,105,1336875.0,4150.0,11002.07,44.2,0.1619047619047619,0.0380952380952381,-0.19672744273024778,-0.1566265060240964,0.05930065887601154,0.012443438914027084,-0.07933595456531241
E02000605,Kingston upon Thames 008,2024,94,94,1551930.0,5025.0,8977.69,41.3,7,0.0744680851063829,105,1336875.0,4150.0,11002.07,44.2,0.1619047619047619,-0.10476190476190476,0.16086395511921459,0.21084337349397592,-0.18399992001505164,-0.06561085972850692,-0.087436676798379
E02000605,Kingston upon Thames 008,2025,95,95,1551930.0,5025.0,9021.89,41.3,5,0.0526315789473684,105,1336875.0,4150.0,11002.07,44.2,0.1619047619047619,-0.09523809523809523,0.16086395511921459,0.21084337349397592,-0.17998249420336357,-0.06561085972850692,-0.10927318295739352
E02000606,Kingston upon Thames 009,2023,646,646,61850327.0,46750.0,257170.8,115.215,77,0.1191950464396284,613,64698202.0,48000.0,252721.93,116.81,0.1076672104404567,0.053833605220228384,-0.044017838393716105,-0.026041666666666668,0.01760381459574955,-0.01365465285506377,0.011527835999171704
E02000606,Kingston upon Thames 009,2024,577,577,40585970.0,37000.0,237108.3,113.88,52,0.0901213171577123,613,64698202.0,48000.0,252721.93,116.81,0.1076672104404567,-0.05872756933115824,-0.37268782214380547,-0.22916666666666666,-0.06178185644593647,-0.025083468881089005,-0.017545893282744404
E02000606,Kingston upon Thames 009,2025,582,582,40874570.0,37000.0,239455.9,114.765,27,0.0463917525773195,613,64698202.0,48000.0,252721.93,116.81,0.1076672104404567,-0.05057096247960848,-0.3682271108554145,-0.22916666666666666,-0.05249259532008164,-0.01750706275147677,-0.0612754578631372
E02000607,Kingston upon Thames 010,2023,42,42,461250.0,6400.0,3358.34,48.8,2,0.0476190476190476,40,442050.0,6450.0,2513.94,48.7,0.05,0.05,0.043434000678656264,-0.007751937984496124,0.3358870935662745,0.002053388090348959,-0.0023809523809524002
E02000607,Kingston upon Thames 010,2024,39,39,557100.0,9400.0,2540.54,48.7,4,0.1025641025641025,40,442050.0,6450.0,2513.94,48.7,0.05,-0.025,0.26026467594163555,0.4573643410852713,0.010581000342092455,0.0,0.0525641025641025
E02000607,Kingston upon Thames 010,2025,39,39,557100.0,9400.0,2540.54,48.7,1,0.0256410256410256,40,442050.0,6450.0,2513.94,48.7,0.05,-0.025,0.26026467594163555,0.4573643410852713,0.010581000342092455,0.0,-0.024358974358974404
E02000608,Kingston upon Thames 011,2023,236,236,7513880.0,18250.0,37412.43,77.13,14,0.059322033898305,236,7645580.0,18250.0,37852.23,77.18,0.0635593220338983,0.0,-0.01722563886585452,0.0,-0.011618866312500026,-0.0006478362270019612,-0.004237288135593299
E02000608,Kingston upon Thames 011,2024,227,227,8011015.0,21000.0,36071.58,77.16,17,0.0748898678414096,236,7645580.0,18250.0,37852.23,77.18,0.0635593220338983,-0.038135593220338986,0.04779689703070271,0.1506849315068493,-0.047042142563331175,-0.00025913449080085813,0.011330545807511291
E02000608,Kingston upon Thames 011,2025,229,229,7958315.0,21000.0,36076.71,77.1,9,0.0393013100436681,236,7645580.0,18250.0,37852.23,77.18,0.0635593220338983,-0.029661016949152543,0.04090402559387254,0.1506849315068493,-0.04690661554154151,-0.0010365379632030643,-0.0242580119902302
E02000609,Kingston upon Thames 012,2023,25,25,523250.0,9000.0,2102.58,69.75,2,0.08,24,625950.0,9000.0,1744.53,64.12,0.1666666666666666,0.041666666666666664,-0.1640706126687435,0.0,0.20524152637099963,0.08780411728009974,-0.0866666666666666
E02000609,Kingston upon Thames 012,2024,21,21,469850.0,11250.0,2087.48,75.38,2,0.0952380952380952,24,625950.0,9000.0,1744.53,64.12,0.1666666666666666,-0.125,-0.24938094096972602,0.25,0.19658589992720105,0.17560823456019947,-0.0714285714285714
E02000609,Kingston upon Thames 012,2025,21,21,459600.0,11250.0,2087.48,75.38,0,0.0,24,625950.0,9000.0,1744.53,64.12,0.1666666666666666,-0.125,-0.26575605080277975,0.25,0.19658589992720105,0.17560823456019947,-0.1666666666666666
E02000610,Kingston upon Thames 013,2023,94,94,1145375.0,9850.0,9775.76,58.15,8,0.0851063829787234,88,1093925.0,9700.0,7368.860000000001,54.55,0.1136363636363636,0.06818181818181818,0.04703247480403135,0.015463917525773196,0.32663125639515467,0.06599450045829518,-0.028529980657640203
E02000610,Kingston upon Thames 013,2024,84,84,1228100.0,10750.0,7718.35,53.6,5,0.0595238095238095,88,1093925.0,9700.0,7368.860000000001,54.55,0.1136363636363636,-0.045454545454545456,0.12265466096853075,0.10824742268041238,0.047427960362932634,-0.017415215398716696,-0.054112554112554105
E02000610,Kingston upon Thames 013,2025,85,85,1224750.0,10750.0,7763.52,54.45,3,0.0352941176470588,88,1093925.0,9700.0,7368.860000000001,54.55,0.1136363636363636,-0.03409090909090909,0.11959229380441987,0.10824742268041238,0.05355780948477781,-0.0018331805682858721,-0.07834224598930481
E02000611,Kingston upon Thames 014,2023,25,25,318500.0,9050.0,2268.31,60.31,0,0.0,23,231550.0,8200.0,1824.29,59.22,0.0,0.08695652173913043,0.3755128481969337,0.10365853658536585,0.24339332014098636,0.01840594393785889,0.0
E02000611,Kingston upon Thames 014,2024,23,23,376550.0,13000.0,2176.69,62.53,0,0.0,23,231550.0,8200.0,1824.29,59.22,0.0,0.0,0.626214640466422,0.5853658536585366,0.19317104188478812,0.055893279297534654,0.0
E02000611,Kingston upon Thames 014,2025,24,24,376550.0,13000.0,2237.0,61.42,0,0.0,23,231550.0,8200.0,1824.29,59.22,0.0,0.043478260869565216,0.626214640466422,0.5853658536585366,0.2262304787067846,0.037149611617696775,0.0
E02000612,Kingston upon Thames 015,2023,27,27,304950.0,9250.0,2502.34,74.83,2,0.074074074074074,27,318950.0,9300.0,2502.34,74.83,0.1111111111111111,0.0,-0.043894027277002666,-0.005376344086021506,0.0,0.0,-0.037037037037037104
E02000612,Kingston upon Thames 015,2024,26,26,375250.0,11000.0,2417.28,71.745,0,0.0,27,318950.0,9300.0,2502.34,74.83,0.1111111111111111,-0.037037037037037035,0.17651669540680356,0.1827956989247312,-0.03399218331641581,-0.04122678070292655,-0.1111111111111111
E02000612,Kingston upon Thames 015,2025,26,26,375250.0,11000.0,2417.28,71.745,0,0.0,27,318950.0,9300.0,2502.34,74.83,0.1111111111111111,-0.037037037037037035,0.17651669540680356,0.1827956989247312,-0.03399218331641581,-0.04122678070292655,-0.1111111111111111
E02000613,Kingston upon Thames 016,2023,90,90,936490.0,8250.0,10421.12,59.93,5,0.0555555555555555,80,947140.0,8250.0,8423.460000000001,60.58,0.1,0.125,-0.011244377811094454,0.0,0.23715432850633822,-0.010729613733905557,-0.04444444444444451
E02000613,Kingston upon Thames 016,2024,82,82,1078500.0,11000.0,8403.22,57.05,6,0.073170731707317,80,947140.0,8250.0,8423.460000000001,60.58,0.1,0.025,0.13869121777139598,0.3333333333333333,-0.0024028130958064263,-0.0582700561241334,-0.026829268292683006
E02000613,Kingston upon Thames 016,2025,82,82,1068700.0,10875.0,8311.380000000001,55.67,2,0.024390243902439,80,947140.0,8250.0,8423.460000000001,60.58,0.1,0.025,0.12834427856494288,0.3181818181818182,-0.01330569623408907,-0.08104985143611748,-0.075609756097561
E02000614,Kingston upon Thames 017,2023,205,205,3710415.0,13375.0,55709.58,92.45,29,0.1414634146341463,176,3761125.0,12500.0,34700.54,88.52,0.1420454545454545,0.16477272727272727,-0.01348266808468211,0.07,0.6054384168084992,0.04439674649796664,-0.000582039911308202
E02000614,Kingston upon Thames 017,2024,169,169,3880520.0,15000.0,35480.1,87.97999999999999,15,0.0887573964497041,176,3761125.0,12500.0,34700.54,88.52,0.1420454545454545,-0.03977272727272727,0.03174449134235102,0.2,0.022465356446902486,-0.006100316312697767,-0.05328805809575041
E02000614,Kingston upon Thames 017,2025,171,171,3801720.0,15000.0,36988.63,87.845,5,0.0292397660818713,176,3761125.0,12500.0,34700.54,88.52,0.1420454545454545,-0.028409090909090908,0.010793313170926253,0.2,0.06593816695647954,-0.007625395390872087,-0.1128056884635832
E02000615,Kingston upon Thames 018,2023,111,111,1849475.0,14000.0,10995.66,71.5,2,0.018018018018018,96,1869875.0,14250.0,10245.03,76.49,0.0520833333333333,0.15625,-0.010909820175145397,-0.017543859649122806,0.07326772103156351,-0.06523728591972801,-0.0340653153153153
E02000615,Kingston upon Thames 018,2024,97,97,1809950.0,14125.0,10153.92,75.74000000000001,5,0.0515463917525773,96,1869875.0,14250.0,10245.03,76.49,0.0520833333333333,0.010416666666666666,-0.03204759676448961,-0.008771929824561403,-0.00889309255316974,-0.009805203294548122,-0.000536941580755998
E02000615,Kingston upon Thames 018,2025,97,97,1806000.0,14125.0,10122.71,75.265,2,0.0206185567010309,96,1869875.0,14250.0,10245.03,76.49,0.0520833333333333,0.010416666666666666,-0.034160037435657466,-0.008771929824561403,-0.011939447712695964,-0.016015165381095493,-0.031464776632302405
E02000616,Kingston upon Thames 019,2023,7,7,144550.0,10500.0,552.98,68.57,1,0.1428571428571428,6,135550.0,12125.0,436.94,53.9,0.1666666666666666,0.16666666666666666,0.06639616377720399,-0.13402061855670103,0.26557422071680326,0.27217068645640063,-0.023809523809523808
E02000616,Kingston upon Thames 019,2024,7,7,149900.0,13000.0,552.98,68.57,1,0.1428571428571428,6,135550.0,12125.0,436.94,53.9,0.1666666666666666,0.16666666666666666,0.10586499446698636,0.07216494845360824,0.26557422071680326,0.27217068645640063,-0.023809523809523808
E02000616,Kingston upon Thames 019,2025,7,7,149900.0,13000.0,552.98,68.57,0,0.0,6,135550.0,12125.0,436.94,53.9,0.1666666666666666,0.16666666666666666,0.10586499446698636,0.07216494845360824,0.26557422071680326,0.27217068645640063,-0.1666666666666666
E02000617,Kingston upon Thames 020,2023,32,32,1342750.0,9750.0,15788.910000000002,60.4,2,0.0625,27,1434800.0,9750.0,15570.53,65.535,0.037037037037037,0.18518518518518517,-0.06415528296626707,0.0,0.014025213014585952,-0.0783550774395361,0.025462962962963
E02000617,Kingston upon Thames 020,2024,26,26,1366450.0,9750.0,15397.87,62.87,1,0.0384615384615384,27,1434800.0,9750.0,15570.53,65.535,0.037037037037037,-0.037037037037037035,-0.04763730136604405,0.0,-0.011088896781291314,-0.04066529335469595,0.001424501424501401
E02000617,Kingston upon Thames 020,2025,26,26,1416450.0,9750.0,15641.83,62.87,1,0.0384615384615384,27,1434800.0,9750.0,15570.53,65.535,0.037037037037037,-0.037037037037037035,-0.012789238918316142,0.0,0.004579163329700355,-0.04066529335469595,0.001424501424501401
E02000619,Lambeth 002,2023,80,80,1335825.0,8550.0,8090.6,63.0,4,0.05,78,1326725.0,7900.0,7539.78,61.72,0.0384615384615384,0.02564102564102564,0.006858994893440615,0.08227848101265822,0.0730551819814372,0.02073882047958524,0.011538461538461602
E02000619,Lambeth 002,2024,83,83,1725450.0,10500.0,7726.64,62.07,3,0.036144578313253,78,1326725.0,7900.0,7539.78,61.72,0.0384615384615384,0.0641025641025641,0.3005332680095724,0.3291139240506329,0.02478321648642276,0.005670771224886607,-0.0023169601482854046
E02000619,Lambeth 002,2025,84,84,1781950.0,10500.0,7969.11,62.535,1,0.0119047619047619,78,1326725.0,7900.0,7539.78,61.72,0.0384615384615384,0.07692307692307693,0.34311933520511034,0.3291139240506329,0.056941979739461884,0.013204795852235867,-0.0265567765567765
E02000620,Lambeth 003,2023,171,171,4615100.0,16000.0,29090.57,90.88,6,0.0350877192982456,163,4460400.0,15250.0,23812.31,86.18,0.0368098159509202,0.049079754601226995,0.03468298807281858,0.04918032786885246,0.22166098123197617,0.054537015548851105,-0.0017220966526746012
E02000620,Lambeth 003,2024,172,172,5827100.0,18500.0,24974.36,89.895,4,0.0232558139534883,163,4460400.0,15250.0,23812.31,86.18,0.0368098159509202,0.05521472392638037,0.30640749708546317,0.21311475409836064,0.0488003893784349,0.04310744952425144,-0.0135540019974319
E02000620,Lambeth 003,2025,179,179,5963950.0,18500.0,26504.9,91.06,4,0.0223463687150838,163,4460400.0,15250.0,23812.31,86.18,0.0368098159509202,0.09815950920245399,0.3370886019191104,0.21311475409836064,0.11307554789938482,0.05662566720816889,-0.0144634472358364
E02000622,Lambeth 005,2023,129,129,1941425.0,13250.0,11286.33,70.0,4,0.0310077519379844,119,2032100.0,13250.0,10760.79,71.47,0.042016806722689,0.08403361344537816,-0.04462132769056641,0.0,0.04883842171439077,-0.020568070519098907,-0.011009054784704604
E02000622,Lambeth 005,2024,119,119,2152200.0,14750.0,10308.43,68.95,3,0.0252100840336134,119,2032100.0,13250.0,10760.79,71.47,0.042016806722689,0.0,0.059101422174105606,0.11320754716981132,-0.04203780577448315,-0.035259549461312385,-0.016806722689075602
E02000622,Lambeth 005,2025,122,122,2151200.0,14750.0,10510.18,67.9,1,0.0081967213114754,119,2032100.0,13250.0,10760.79,71.47,0.042016806722689,0.025210084033613446,0.05860932040746026,0.11320754716981132,-0.02328918229981261,-0.04995102840352586,-0.033820085411213605
E02000623,Lambeth 006,2023,35,35,568400.0,9900.0,9585.32,50.3,0,0.0,36,639400.0,9900.0,9678.17,52.5,0.0,-0.027777777777777776,-0.11104160150140757,0.0,-0.009593755844338378,-0.04190476190476196,0.0
E02000623,Lambeth 006,2024,35,35,652600.0,10500.0,9726.92,53.5,2,0.0571428571428571,36,639400.0,9900.0,9678.17,52.5,0.0,-0.027777777777777776,0.02064435408195183,0.06060606060606061,0.005037109288222877,0.01904761904761905,0.0571428571428571
E02000623,Lambeth 006,2025,35,35,552650.0,14000.0,9726.92,53.5,1,0.0285714285714285,36,639400.0,9900.0,9678.17,52.5,0.0,-0.027777777777777776,-0.1356740694401001,0.41414141414141414,0.005037109288222877,0.01904761904761905,0.0285714285714285
E02000624,Lambeth 007,2023,62,62,893650.0,11250.0,5833.13,69.28,1,0.0161290322580645,59,922100.0,11250.0,5573.31,69.16,0.0169491525423728,0.05084745762711865,-0.030853486606658712,0.0,0.04661861622626405,0.001735106998264959,-0.0008201202843083032
E02000624,Lambeth 007,2024,55,55,1114600.0,13750.0,5395.14,69.4,2,0.0363636363636363,59,922100.0,11250.0,5573.31,69.16,0.0169491525423728,-0.06779661016949153,0.20876260709250624,0.2222222222222222,-0.0319684352745496,0.003470213996529918,0.019414483821263498
E02000624,Lambeth 007,2025,55,55,1108600.0,13750.0,5395.14,69.4,1,0.0181818181818181,59,922100.0,11250.0,5573.31,69.16,0.0169491525423728,-0.06779661016949153,0.20225572063767489,0.2222222222222222,-0.0319684352745496,0.003470213996529918,0.0012326656394452996
E02000625,Lambeth 008,2023,131,131,2485450.0,11750.0,18669.94,68.91,8,0.0610687022900763,124,2477900.0,11750.0,17578.4,68.0,0.0725806451612903,0.056451612903225805,0.0030469349045562774,0.0,0.06209552632776573,0.01338235294117642,-0.011511942871214001
E02000625,Lambeth 008,2024,115,115,2779850.0,13500.0,16554.35,65.5,2,0.017391304347826,124,2477900.0,11750.0,17578.4,68.0,0.0725806451612903,-0.07258064516129033,0.12185721780539974,0.14893617021276595,-0.05825615528148198,-0.03676470588235294,-0.0551893408134643
E02000625,Lambeth 008,2025,115,115,2803850.0,13500.0,16554.35,65.5,1,0.008695652173913,124,2477900.0,11750.0,17578.4,68.0,0.0725806451612903,-0.07258064516129033,0.13154283869405545,0.14893617021276595,-0.05825615528148198,-0.03676470588235294,-0.06388499298737729
E02000626,Lambeth 009,2023,86,86,790700.0,9100.0,8439.18,95.45,1,0.0116279069767441,85,808700.0,9100.0,8444.51,98.665,0.0352941176470588,0.011764705882352941,-0.022257944849758873,0.0,-0.0006311793105816592,-0.03258500988192371,-0.023666210670314703
E02000626,Lambeth 009,2024,83,83,1101775.0,14500.0,8334.13,98.665,1,0.0120481927710843,85,808700.0,9100.0,8444.51,98.665,0.0352941176470588,-0.023529411764705882,0.36240262149128233,0.5934065934065934,-0.013071214315573197,0.0,-0.023245924875974502
E02000626,Lambeth 009,2025,85,85,1092725.0,14500.0,8547.21,101.635,1,0.0117647058823529,85,808700.0,9100.0,8444.51,98.665,0.0352941176470588,0.0,0.3512118214418202,0.5934065934065934,0.012161747691695422,0.030101859828713308,-0.023529411764705903
E02000627,Lambeth 010,2023,86,86,1561525.0,11250.0,6998.15,67.7,2,0.0232558139534883,82,1547225.0,11250.0,6596.78,67.6,0.024390243902439,0.04878048780487805,0.00924235324532631,0.0,0.06084332052910661,0.0014792899408285285,-0.001134429948950702
E02000627,Lambeth 010,2024,78,78,1477525.0,12250.0,6290.73,67.6,1,0.0128205128205128,82,1547225.0,11250.0,6596.78,67.6,0.024390243902439,-0.04878048780487805,-0.04504839309085621,0.08888888888888889,-0.04639384669490269,0.0,-0.011569731081926202
E02000627,Lambeth 010,2025,78,78,1481775.0,12250.0,6381.35,67.7,1,0.0128205128205128,82,1547225.0,11250.0,6596.78,67.6,0.024390243902439,-0.04878048780487805,-0.04230153985360888,0.08888888888888889,-0.032656841671239514,0.0014792899408285285,-0.011569731081926202
E02000628,Lambeth 011,2023,610,610,13181230.0,11500.0,51276.62,37.97,18,0.0295081967213114,492,12753590.0,12500.0,47217.4,48.75,0.0467479674796747,0.23983739837398374,0.033530950893042664,-0.08,0.08596873186579526,-0.22112820512820516,-0.017239770758363297
E02000628,Lambeth 011,2024,561,561,14872725.0,13250.0,46262.7,37.86,12,0.0213903743315508,492,12753590.0,12500.0,47217.4,48.75,0.0467479674796747,0.1402439024390244,0.16615988125696374,0.06,-0.020219241211926205,-0.2233846153846154,-0.025357593148123896
E02000628,Lambeth 011,2025,593,593,14882125.0,12250.0,46896.35,33.36,12,0.0202360876897133,492,12753590.0,12500.0,47217.4,48.75,0.0467479674796747,0.20528455284552846,0.16689692862950745,-0.02,-0.006799400221104993,-0.3156923076923077,-0.026511879789961397
E02000629,Lambeth 012,2023,141,141,4524050.0,23250.0,22677.12,78.39,3,0.0212765957446808,138,5259450.0,23000.0,29825.43,81.06,0.0579710144927536,0.021739130434782608,-0.13982450636473395,0.010869565217391304,-0.2396716493274364,-0.032938564026646945,-0.036694418748072805
E02000629,Lambeth 012,2024,133,133,4726200.0,26125.0,15875.32,80.955,2,0.0150375939849624,138,5259450.0,23000.0,29825.43,81.06,0.0579710144927536,-0.036231884057971016,-0.10138892850012834,0.1358695652173913,-0.46772536053964686,-0.001295336787564816,-0.042933420507791205
E02000629,Lambeth 012,2025,136,136,4786200.0,26125.0,16119.8,80.85,2,0.0147058823529411,138,5259450.0,23000.0,29825.43,81.06,0.0579710144927536,-0.014492753623188406,-0.08998089153808858,0.1358695652173913,-0.4595283286779101,-0.002590673575129632,-0.04326513213981251
E02000630,Lambeth 013,2023,115,115,3633950.0,23000.0,12071.78,74.145,6,0.0521739130434782,114,3679950.0,21125.0,12144.96,75.57,0.043859649122807,0.008771929824561403,-0.01250016983926412,0.08875739644970414,-0.006025544752720344,-0.01885668916236598,0.008314263920671201
E02000630,Lambeth 013,2024,112,112,3732250.0,21375.0,11683.77,66.30000000000001,7,0.0625,114,3679950.0,21125.0,12144.96,75.57,0.043859649122807,-0.017543859649122806,0.014212149621598119,0.011834319526627219,-0.0379737767765393,-0.12266772528781239,0.018640350877193
E02000630,Lambeth 013,2025,116,116,3783000.0,21000.0,11901.47,66.7,4,0.0344827586206896,114,3679950.0,21125.0,12144.96,75.57,0.043859649122807,0.017543859649122806,0.028003097868177555,-0.005917159763313609,-0.020048645693357556,-0.11737461955802556,-0.009376890502117402
E02000631,Lambeth 014,2023,76,76,1073700.0,11000.0,6870.24,73.86,6,0.0789473684210526,69,1073200.0,12000.0,6718.92,77.7,0.1159420289855072,0.10144927536231885,0.00046589638464405515,-0.08333333333333333,0.02252147666589269,-0.04942084942084946,-0.03699466056445461
E02000631,Lambeth 014,2024,71,71,1211850.0,12750.0,6578.3,72.07,3,0.0422535211267605,69,1073200.0,12000.0,6718.92,77.7,0.1159420289855072,0.028985507246376812,0.12919306746179648,0.0625,-0.020928958820762844,-0.07245817245817258,-0.0736885078587467
E02000631,Lambeth 014,2025,71,71,1211850.0,12750.0,6578.3,72.07,2,0.028169014084507,69,1073200.0,12000.0,6718.92,77.7,0.1159420289855072,0.028985507246376812,0.12919306746179648,0.0625,-0.020928958820762844,-0.07245817245817258,-0.0877730149010002
E02000632,Lambeth 015,2023,120,120,2485750.0,11375.0,13356.91,67.22,10,0.0833333333333333,113,3270250.0,11500.0,21286.54,67.24,0.079646017699115,0.061946902654867256,-0.23988991667303722,-0.010869565217391304,-0.3725185023023939,-0.0002974419988101729,0.0036873156342182994
E02000632,Lambeth 015,2024,110,110,2537050.0,12250.0,11797.92,61.87,6,0.0545454545454545,113,3270250.0,11500.0,21286.54,67.24,0.079646017699115,-0.02654867256637168,-0.22420304258084245,0.06521739130434782,-0.44575680218579444,-0.07986317668054727,-0.0251005631536605
E02000632,Lambeth 015,2025,110,110,2537050.0,12250.0,11797.92,61.87,6,0.0545454545454545,113,3270250.0,11500.0,21286.54,67.24,0.079646017699115,-0.02654867256637168,-0.22420304258084245,0.06521739130434782,-0.44575680218579444,-0.07986317668054727,-0.0251005631536605
E02000633,Lambeth 016,2023,151,151,7232065.0,14500.0,34017.41,63.45,9,0.0596026490066225,143,7273115.0,14000.0,33204.77,63.47,0.0419580419580419,0.055944055944055944,-0.005644074100299528,0.03571428571428571,0.024473592197747696,-0.00031510950055137893,0.017644607048580604
E02000633,Lambeth 016,2024,137,137,7308750.0,16750.0,31166.44,63.41,3,0.0218978102189781,143,7273115.0,14000.0,33204.77,63.47,0.0419580419580419,-0.04195804195804196,0.004899551292671709,0.19642857142857142,-0.06138666221750665,-0.0009453285016543607,-0.020060231739063798
E02000633,Lambeth 016,2025,137,137,7308750.0,16750.0,31166.44,63.41,3,0.0218978102189781,143,7273115.0,14000.0,33204.77,63.47,0.0419580419580419,-0.04195804195804196,0.004899551292671709,0.19642857142857142,-0.06138666221750665,-0.0009453285016543607,-0.020060231739063798
E02000634,Lambeth 017,2023,119,119,5310730.0,24250.0,16697.420000000002,70.52,3,0.0252100840336134,115,5527380.0,24500.0,16377.14,70.75999999999999,0.0347826086956521,0.034782608695652174,-0.03919578534495548,-0.01020408163265306,0.019556528185019025,-0.0033917467495759596,-0.009572524662038697
E02000634,Lambeth 017,2024,111,111,5174950.0,25000.0,16040.85,70.75999999999999,1,0.009009009009009,115,5527380.0,24500.0,16377.14,70.75999999999999,0.0347826086956521,-0.034782608695652174,-0.06376076911665202,0.02040816326530612,-0.020534110351379975,0.0,-0.025773599686643098
E02000634,Lambeth 017,2025,114,114,5112950.0,25000.0,16487.61,73.2,1,0.0087719298245614,115,5527380.0,24500.0,16377.14,70.75999999999999,0.0347826086956521,-0.008695652173913044,-0.07497765668363673,0.02040816326530612,0.006745378008614518,0.03448275862068983,-0.0260106788710907
E02000635,Lambeth 018,2023,160,160,2337550.0,8700.0,12762.12,67.1,5,0.03125,144,2147575.0,7900.0,10951.2,65.79,0.0347222222222222,0.1111111111111111,0.0884602400381826,0.10126582278481013,0.1653626999780846,0.019911840705274176,-0.003472222222222203
E02000635,Lambeth 018,2024,140,140,2452725.0,11000.0,11382.35,67.7,0,0.0,144,2147575.0,7900.0,10951.2,65.79,0.0347222222222222,-0.027777777777777776,0.1420904974215103,0.3924050632911392,0.03937011469062748,0.02903176774585798,-0.0347222222222222
E02000635,Lambeth 018,2025,141,141,2470275.0,11000.0,11438.99,67.1,0,0.0,144,2147575.0,7900.0,10951.2,65.79,0.0347222222222222,-0.020833333333333332,0.15026250538397962,0.3924050632911392,0.04454215063189413,0.019911840705274176,-0.0347222222222222
E02000636,Lambeth 019,2023,57,57,2870950.0,25250.0,8911.16,93.77,1,0.0175438596491228,56,2876000.0,25375.0,8604.44,94.185,0.0178571428571428,0.017857142857142856,-0.0017559109874826148,-0.0049261083743842365,0.03564671262743413,-0.004406221797526212,-0.00031328320802000154
E02000636,Lambeth 019,2024,57,57,3060500.0,28250.0,8911.16,93.77,2,0.0350877192982456,56,2876000.0,25375.0,8604.44,94.185,0.0178571428571428,0.017857142857142856,0.06415159944367177,0.11330049261083744,0.03564671262743413,-0.004406221797526212,0.017230576441102798
E02000636,Lambeth 019,2025,58,58,3075000.0,28125.0,9000.49,93.655,2,0.0344827586206896,56,2876000.0,25375.0,8604.44,94.185,0.0178571428571428,0.03571428571428571,0.0691933240611961,0.10837438423645321,0.04602856199822408,-0.005627223018527378,0.0166256157635468
E02000637,Lambeth 020,2023,82,82,1236350.0,6800.0,8197.79,70.4,0,0.0,81,1228950.0,6800.0,8133.44,70.35,0.0,0.012345679012345678,0.006021400382440294,0.0,0.007911781484833142,0.0007107320540157977,0.0
E02000637,Lambeth 020,2024,81,81,1543700.0,10500.0,8197.79,71.03999999999999,0,0.0,81,1228950.0,6800.0,8133.44,70.35,0.0,0.0,0.2561129419423085,0.5441176470588235,0.007911781484833142,0.009808102345415747,0.0
E02000637,Lambeth 020,2025,83,83,1550550.0,10500.0,8326.42,71.03999999999999,0,0.0,81,1228950.0,6800.0,8133.44,70.35,0.0,0.024691358024691357,0.26168680580983766,0.5441176470588235,0.02372673800999337,0.009808102345415747,0.0
E02000638,Lambeth 021,2023,94,94,1033950.0,9100.0,7709.71,60.74,3,0.0319148936170212,91,1043700.0,9150.0,7567.42,60.97,0.0439560439560439,0.03296703296703297,-0.00934176487496407,-0.00546448087431694,0.018802973800846254,-0.0037723470559290944,-0.0120411503390227
E02000638,Lambeth 021,2024,88,88,1307650.0,11250.0,7273.23,60.4,1,0.0113636363636363,91,1043700.0,9150.0,7567.42,60.97,0.0439560439560439,-0.03296703296703297,0.25289834243556575,0.22950819672131148,-0.03887586522222904,-0.009348860095128756,-0.0325924075924076
E02000638,Lambeth 021,2025,89,89,1298250.0,11375.0,7430.02,60.57,1,0.0112359550561797,91,1043700.0,9150.0,7567.42,60.97,0.0439560439560439,-0.02197802197802198,0.24389192296636963,0.24316939890710382,-0.018156782628689784,-0.006560603575528926,-0.0327200888998642
E02000639,Lambeth 022,2023,13,13,321800.0,11000.0,953.95,41.8,2,0.1538461538461538,19,417700.0,6650.0,1623.14,52.1,0.1578947368421052,-0.3157894736842105,-0.22959061527412017,0.6541353383458647,-0.41228113409810613,-0.19769673704414595,-0.0040485829959514
E02000639,Lambeth 022,2024,7,7,286650.0,41125.0,676.05,41.8,0,0.0,19,417700.0,6650.0,1623.14,52.1,0.1578947368421052,-0.631578947368421,-0.313741920038305,5.184210526315789,-0.5834924898653229,-0.19769673704414595,-0.1578947368421052
E02000639,Lambeth 022,2025,7,7,294150.0,44875.0,668.22,41.8,0,0.0,19,417700.0,6650.0,1623.14,52.1,0.1578947368421052,-0.631578947368421,-0.29578644960497963,5.7481203007518795,-0.5883164730091058,-0.19769673704414595,-0.1578947368421052
E02000640,Lambeth 023,2023,24,24,358200.0,10500.0,2455.74,63.400000000000006,0,0.0,22,354600.0,11000.0,2298.04,63.400000000000006,0.0,0.09090909090909091,0.01015228426395939,-0.045454545454545456,0.0686236967154618,0.0,0.0
E02000640,Lambeth 023,2024,24,24,438800.0,11500.0,2577.75,63.400000000000006,0,0.0,22,354600.0,11000.0,2298.04,63.400000000000006,0.0,0.09090909090909091,0.23745064861816131,0.045454545454545456,0.12171676733216134,0.0,0.0
E02000640,Lambeth 023,2025,24,24,438800.0,11500.0,2577.75,63.400000000000006,0,0.0,22,354600.0,11000.0,2298.04,63.400000000000006,0.0,0.09090909090909091,0.23745064861816131,0.045454545454545456,0.12171676733216134,0.0,0.0
E02000641,Lambeth 024,2023,7,7,44800.0,5200.0,573.66,41.9,0,0.0,7,52600.0,5200.0,573.66,41.9,0.0,0.0,-0.1482889733840304,0.0,0.0,0.0,0.0
E02000641,Lambeth 024,2024,8,8,147450.0,9950.0,797.5,65.08,0,0.0,7,52600.0,5200.0,573.66,41.9,0.0,0.14285714285714285,1.803231939163498,0.9134615384615384,0.39019628351288227,0.5532219570405728,0.0
E02000641,Lambeth 024,2025,8,8,147450.0,9950.0,797.5,65.08,0,0.0,7,52600.0,5200.0,573.66,41.9,0.0,0.14285714285714285,1.803231939163498,0.9134615384615384,0.39019628351288227,0.5532219570405728,0.0
E02000642,Lambeth 025,2023,112,112,1383100.0,8950.0,9112.56,68.74,3,0.0267857142857142,102,1261750.0,8800.0,8265.03,64.5,0.0294117647058823,0.09803921568627451,0.09617594610659798,0.017045454545454544,0.10254409239893851,0.06573643410852706,-0.0026260504201680995
E02000642,Lambeth 025,2024,101,101,1715100.0,11500.0,8291.39,65.67,2,0.0198019801980198,102,1261750.0,8800.0,8265.03,64.5,0.0294117647058823,-0.00980392156862745,0.35930255597384586,0.3068181818181818,0.003189341115519092,0.018139534883720956,-0.009609784507862502
E02000642,Lambeth 025,2025,101,101,1716950.0,11500.0,8351.37,65.67,1,0.0099009900990099,102,1261750.0,8800.0,8265.03,64.5,0.0294117647058823,-0.00980392156862745,0.360768773528829,0.3068181818181818,0.010446423061985273,0.018139534883720956,-0.0195107746068724
E02000643,Lambeth 026,2023,99,99,1582450.0,13000.0,11658.68,86.805,3,0.0303030303030303,95,1480850.0,13000.0,10801.95,86.65,0.0105263157894736,0.042105263157894736,0.06860924469054935,0.0,0.07931253153365823,0.0017888055395268452,0.019776714513556698
E02000643,Lambeth 026,2024,97,97,2026650.0,16750.0,11309.2,86.65,3,0.0309278350515463,95,1480850.0,13000.0,10801.95,86.65,0.0105263157894736,0.021052631578947368,0.36857210385927003,0.28846153846153844,0.04695911386370053,0.0,0.020401519262072697
E02000643,Lambeth 026,2025,97,97,2026650.0,16750.0,11309.2,86.65,3,0.0309278350515463,95,1480850.0,13000.0,10801.95,86.65,0.0105263157894736,0.021052631578947368,0.36857210385927003,0.28846153846153844,0.04695911386370053,0.0,0.020401519262072697
E02000644,Lambeth 027,2023,63,63,1329125.0,11750.0,10309.85,76.9,0,0.0,62,1333375.0,11625.0,10244.43,77.1,0.0,0.016129032258064516,-0.0031874003937376956,0.010752688172043012,0.006385909220913225,-0.0025940337224382446,0.0
E02000644,Lambeth 027,2024,62,62,1597325.0,14000.0,10833.9,77.1,0,0.0,62,1333375.0,11625.0,10244.43,77.1,0.0,0.0,0.19795631386519172,0.20430107526881722,0.05754053666236182,0.0,0.0
E02000644,Lambeth 027,2025,63,63,1613075.0,14125.0,11150.2,77.85,0,0.0,62,1333375.0,11625.0,10244.43,77.1,0.0,0.016129032258064516,0.20976844473610198,0.21505376344086022,0.0884158513455605,0.009727626459143969,0.0
E02000645,Lambeth 028,2023,211,211,2591450.0,9100.0,18596.46,58.5,6,0.0284360189573459,201,2562800.0,9150.0,17905.03,59.3,0.044776119402985,0.04975124378109453,0.011179179022943655,-0.00546448087431694,0.03861652284302234,-0.0134907251264755,-0.016340100445639102
E02000645,Lambeth 028,2024,201,201,2805300.0,10250.0,17754.01,58.5,7,0.0348258706467661,201,2562800.0,9150.0,17905.03,59.3,0.044776119402985,0.0,0.09462306851880756,0.12021857923497267,-0.008434501366375842,-0.0134907251264755,-0.009950248756218902
E02000645,Lambeth 028,2025,203,203,2792390.0,10375.0,17828.61,58.5,6,0.0295566502463054,201,2562800.0,9150.0,17905.03,59.3,0.044776119402985,0.009950248756218905,0.08958560948962073,0.13387978142076504,-0.004268074390269006,-0.0134907251264755,-0.015219469156679603
E02000646,Lambeth 029,2023,227,227,6106900.0,19500.0,35531.66,94.69,6,0.026431718061674,209,6136000.0,19500.0,34236.69,95.75,0.0430622009569378,0.0861244019138756,-0.004742503259452412,0.0,0.03782404198536719,-0.011070496083550938,-0.016630482895263803
E02000646,Lambeth 029,2024,210,210,6422200.0,21250.0,33636.36,95.45,6,0.0285714285714285,209,6136000.0,19500.0,34236.69,95.75,0.0430622009569378,0.004784688995215311,0.04664276401564537,0.08974358974358974,-0.01753469742548131,-0.003133159268929474,-0.0144907723855093
E02000646,Lambeth 029,2025,218,218,6435450.0,21250.0,35096.15,96.2,4,0.018348623853211,209,6136000.0,19500.0,34236.69,95.75,0.0430622009569378,0.0430622009569378,0.04880215123859192,0.08974358974358974,0.025103478169180463,0.004699738903394286,-0.024713577103726802
E02000647,Lambeth 030,2023,6,6,40200.0,8900.0,332.18,48.150000000000006,0,0.0,6,45100.0,7900.0,332.18,48.150000000000006,0.0,0.0,-0.10864745011086474,0.12658227848101267,0.0,0.0,0.0
E02000647,Lambeth 030,2024,5,5,41900.0,8800.0,233.1,37.6,0,0.0,6,45100.0,7900.0,332.18,48.150000000000006,0.0,-0.16666666666666666,-0.07095343680709534,0.11392405063291139,-0.29827202119332896,-0.2191069574247145,0.0
E02000647,Lambeth 030,2025,5,5,41900.0,8800.0,233.1,37.6,0,0.0,6,45100.0,7900.0,332.18,48.150000000000006,0.0,-0.16666666666666666,-0.07095343680709534,0.11392405063291139,-0.29827202119332896,-0.2191069574247145,0.0
E02000648,Lambeth 031,2023,25,25,269300.0,8900.0,1816.83,61.9,0,0.0,25,281250.0,8500.0,1871.03,67.17,0.0,0.0,-0.04248888888888889,0.047058823529411764,-0.02896800158201635,-0.07845764478189672,0.0
E02000648,Lambeth 031,2024,23,23,276450.0,9000.0,1739.36,67.17,0,0.0,25,281250.0,8500.0,1871.03,67.17,0.0,-0.08,-0.017066666666666667,0.058823529411764705,-0.07037300310524154,0.0,0.0
E02000648,Lambeth 031,2025,23,23,255950.0,9000.0,1739.36,67.17,0,0.0,25,281250.0,8500.0,1871.03,67.17,0.0,-0.08,-0.08995555555555555,0.058823529411764705,-0.07037300310524154,0.0,0.0
E02000649,Lambeth 032,2023,227,227,4549650.0,9950.0,56175.71,75.0,4,0.0176211453744493,214,4634100.0,9750.0,55227.5,77.14500000000001,0.0327102803738317,0.06074766355140187,-0.018223603288664465,0.020512820512820513,0.017169163912905693,-0.02780478320046678,-0.015089134999382404
E02000649,Lambeth 032,2024,204,204,5307250.0,11750.0,29334.77,74.345,4,0.0196078431372549,214,4634100.0,9750.0,55227.5,77.14500000000001,0.0327102803738317,-0.04672897196261682,0.14526013681189442,0.20512820512820512,-0.46883762618260827,-0.03629528809384939,-0.013102437236576801
E02000649,Lambeth 032,2025,205,205,5307250.0,11750.0,29381.97,73.69,3,0.0146341463414634,214,4634100.0,9750.0,55227.5,77.14500000000001,0.0327102803738317,-0.04205607476635514,0.14526013681189442,0.20512820512820512,-0.46798297949391154,-0.044785792987231995,-0.018076134032368303
E02000650,Lambeth 033,2023,89,89,1561700.0,12250.0,8222.56,70.9,2,0.0224719101123595,85,1522475.0,12625.0,8067.82,71.225,0.0117647058823529,0.047058823529411764,0.025763969851721705,-0.0297029702970297,0.01917990237759392,-0.004563004563004403,0.010707204230006602
E02000650,Lambeth 033,2024,88,88,1726750.0,14000.0,7894.02,69.985,2,0.0227272727272727,85,1522475.0,12625.0,8067.82,71.225,0.0117647058823529,0.03529411764705882,0.13417297492569666,0.10891089108910891,-0.021542374520006555,-0.01740961740961734,0.0109625668449198
E02000650,Lambeth 033,2025,90,90,1712000.0,13750.0,8024.92,69.985,1,0.0111111111111111,85,1522475.0,12625.0,8067.82,71.225,0.0117647058823529,0.058823529411764705,0.12448480270611997,0.0891089108910891,-0.005317421558735772,-0.01740961740961734,-0.0006535947712418
E02000651,Lambeth 034,2023,103,103,3018650.0,10000.0,23400.13,61.55,3,0.029126213592233,100,2974500.0,9800.0,15552.56,60.91,0.03,0.03,0.014842830727853421,0.02040816326530612,0.5045838112825156,0.01050730586110656,-0.0008737864077669986
E02000651,Lambeth 034,2024,93,93,3015650.0,10500.0,15333.9,61.55,2,0.021505376344086,100,2974500.0,9800.0,15552.56,60.91,0.03,-0.07,0.013834257858463607,0.07142857142857142,-0.01405942172864145,0.01050730586110656,-0.008494623655914
E02000651,Lambeth 034,2025,96,96,3030950.0,10500.0,22658.44,62.19,1,0.0104166666666666,100,2974500.0,9800.0,15552.56,60.91,0.03,-0.04,0.018977979492351655,0.07142857142857142,0.456894556265978,0.02101461172221312,-0.019583333333333397
E02000652,Lambeth 035,2023,35,35,878800.0,7600.0,4984.030000000001,58.7,0,0.0,35,903800.0,7600.0,5087.55,58.7,0.0,0.0,-0.027660986944014164,0.0,-0.020347711570402164,0.0,0.0
E02000652,Lambeth 035,2024,35,35,943350.0,10250.0,4984.030000000001,58.7,0,0.0,35,903800.0,7600.0,5087.55,58.7,0.0,0.0,0.04375968134543041,0.34868421052631576,-0.020347711570402164,0.0,0.0
E02000652,Lambeth 035,2025,35,35,943350.0,10250.0,4984.030000000001,58.7,0,0.0,35,903800.0,7600.0,5087.55,58.7,0.0,0.0,0.04375968134543041,0.34868421052631576,-0.020347711570402164,0.0,0.0
E02000653,Lewisham 001,2023,31,31,892550.0,10500.0,11614.14,133.375,3,0.0967741935483871,23,828250.0,8700.0,10446.26,133.375,0.1739130434782608,0.34782608695652173,0.07763356474494416,0.20689655172413793,0.11179886389961567,0.0,-0.07713884992987372
E02000653,Lewisham 001,2024,27,27,1195660.0,17500.0,5617.360000000001,120.11,1,0.037037037037037,23,828250.0,8700.0,10446.26,133.375,0.1739130434782608,0.17391304347826086,0.4435979474796257,1.0114942528735633,-0.4622611346070268,-0.099456419868791,-0.1368760064412238
E02000653,Lewisham 001,2025,27,27,1195660.0,17500.0,5617.360000000001,120.11,1,0.037037037037037,23,828250.0,8700.0,10446.26,133.375,0.1739130434782608,0.17391304347826086,0.4435979474796257,1.0114942528735633,-0.4622611346070268,-0.099456419868791,-0.1368760064412238
E02000654,Lewisham 002,2023,139,139,1487050.0,11375.0,12699.15,82.2,7,0.0503597122302158,132,1500400.0,10875.0,12555.07,89.1,0.0833333333333333,0.05303030303030303,-0.00889762729938683,0.04597701149425287,0.01147584203035108,-0.07744107744107735,-0.0329736211031175
E02000654,Lewisham 002,2024,123,123,1585885.0,11375.0,11657.75,87.0,1,0.008130081300813,132,1500400.0,10875.0,12555.07,89.1,0.0833333333333333,-0.06818181818181818,0.056974806718208475,0.04597701149425287,-0.0714707285582637,-0.023569023569023507,-0.0752032520325203
E02000654,Lewisham 002,2025,125,125,1605385.0,11500.0,11876.34,87.0,1,0.008,132,1500400.0,10875.0,12555.07,89.1,0.0833333333333333,-0.05303030303030303,0.0699713409757398,0.05747126436781609,-0.05406023224083972,-0.023569023569023507,-0.07533333333333331
E02000655,Lewisham 003,2023,85,85,3086600.0,12000.0,18244.62,80.18,4,0.0470588235294117,74,1637450.0,11750.0,11448.67,74.89,0.027027027027027,0.14864864864864866,0.8850041222632752,0.02127659574468085,0.593601702206457,0.07063693417011625,0.0200317965023847
E02000655,Lewisham 003,2024,77,77,3089400.0,12000.0,16853.59,83.75,2,0.0259740259740259,74,1637450.0,11750.0,11448.67,74.89,0.027027027027027,0.04054054054054054,0.8867140981404013,0.02127659574468085,0.47210025269310757,0.1183068500467352,-0.0010530010530011014
E02000655,Lewisham 003,2025,77,77,3083400.0,12000.0,16853.59,83.75,2,0.0259740259740259,74,1637450.0,11750.0,11448.67,74.89,0.027027027027027,0.04054054054054054,0.8830498641179884,0.02127659574468085,0.47210025269310757,0.1183068500467352,-0.0010530010530011014
E02000657,Lewisham 005,2023,169,169,2133375.0,9450.0,12173.49,58.57,12,0.0710059171597633,163,2355975.0,9900.0,11834.42,59.38,0.0736196319018405,0.03680981595092025,-0.09448317575526056,-0.045454545454545456,0.028651171751551803,-0.01364095655102732,-0.0026137147420771945
E02000657,Lewisham 005,2024,151,151,2034645.0,9600.0,10882.79,60.19,2,0.0132450331125827,163,2355975.0,9900.0,11834.42,59.38,0.0736196319018405,-0.0736196319018405,-0.1363893929264954,-0.030303030303030304,-0.08041205230167589,0.0136409565510272,-0.0603745987892578
E02000657,Lewisham 005,2025,156,156,2044645.0,9600.0,11232.06,63.6,3,0.0192307692307692,163,2355975.0,9900.0,11834.42,59.38,0.0736196319018405,-0.04294478527607362,-0.13214486571377032,-0.030303030303030304,-0.05089898786759305,0.07106769956214211,-0.05438886267107129
E02000658,Lewisham 006,2023,71,71,691685.0,10000.0,4624.14,58.97,3,0.0422535211267605,64,746235.0,10250.0,4288.1,61.985,0.03125,0.109375,-0.07310029682338673,-0.024390243902439025,0.07836570975490309,-0.048640800193595235,0.0110035211267605
E02000658,Lewisham 006,2024,63,63,660030.0,9400.0,4033.29,59.435,1,0.0158730158730158,64,746235.0,10250.0,4288.1,61.985,0.03125,-0.015625,-0.11551990994793865,-0.08292682926829269,-0.05942258809262853,-0.041138985238364074,-0.0153769841269842
E02000658,Lewisham 006,2025,63,63,676280.0,9400.0,4040.59,59.435,1,0.0158730158730158,64,746235.0,10250.0,4288.1,61.985,0.03125,-0.015625,-0.09374392785114609,-0.08292682926829269,-0.05772020242065255,-0.041138985238364074,-0.0153769841269842
E02000659,Lewisham 007,2023,33,33,1220100.0,13000.0,7823.84,76.675,3,0.0909090909090909,30,1100800.0,11750.0,7201.27,69.1,0.0666666666666666,0.1,0.10837572674418605,0.10638297872340426,0.08645280624112131,0.10962373371924752,0.0242424242424243
E02000659,Lewisham 007,2024,30,30,1188150.0,14875.0,5442.1900000000005,71.34,2,0.0666666666666666,30,1100800.0,11750.0,7201.27,69.1,0.0666666666666666,0.0,0.07935138081395349,0.26595744680851063,-0.24427357952138995,0.032416787264833706,0.0
E02000659,Lewisham 007,2025,30,30,1188150.0,14875.0,5442.1900000000005,71.34,2,0.0666666666666666,30,1100800.0,11750.0,7201.27,69.1,0.0666666666666666,0.0,0.07935138081395349,0.26595744680851063,-0.24427357952138995,0.032416787264833706,0.0
E02000660,Lewisham 008,2023,57,57,776275.0,12750.0,5430.87,68.1,2,0.0350877192982456,53,771500.0,11750.0,5059.64,67.27,0.0188679245283018,0.07547169811320754,0.006189241736876215,0.0851063829787234,0.07337083270746526,0.012338338040731357,0.0162197947699438
E02000660,Lewisham 008,2024,47,47,725875.0,12250.0,4244.35,68.65,1,0.0212765957446808,53,771500.0,11750.0,5059.64,67.27,0.0188679245283018,-0.11320754716981132,-0.05913804277381724,0.0425531914893617,-0.16113597014807376,0.020514345176155933,0.002408671216378999
E02000660,Lewisham 008,2025,47,47,725875.0,12250.0,4244.35,68.65,1,0.0212765957446808,53,771500.0,11750.0,5059.64,67.27,0.0188679245283018,-0.11320754716981132,-0.05913804277381724,0.0425531914893617,-0.16113597014807376,0.020514345176155933,0.002408671216378999
E02000661,Lewisham 009,2023,187,187,4700990.0,20625.0,16893.43,74.8,11,0.0588235294117647,174,4893500.0,21250.0,16038.62,76.1,0.0229885057471264,0.07471264367816093,-0.03933994073771329,-0.029411764705882353,0.05329697941593475,-0.01708278580814714,0.035835023664638296
E02000661,Lewisham 009,2024,178,178,4724170.0,21250.0,15848.83,74.3,5,0.0280898876404494,174,4893500.0,21250.0,16038.62,76.1,0.0229885057471264,0.022988505747126436,-0.034603044855420456,0.0,-0.011833312342333747,-0.023653088042049897,0.005101381893323001
E02000661,Lewisham 009,2025,181,181,4671670.0,21125.0,15769.62,72.69,5,0.0276243093922651,174,4893500.0,21250.0,16038.62,76.1,0.0229885057471264,0.040229885057471264,-0.04533156227648922,-0.0058823529411764705,-0.01677201654506435,-0.04480946123521678,0.0046358036451387
E02000662,Lewisham 010,2023,25,25,298450.0,8900.0,2612.33,65.5,1,0.04,24,319350.0,9300.0,2599.02,66.345,0.0833333333333333,0.041666666666666664,-0.06544543604196024,-0.043010752688172046,0.005121161053012268,-0.01273645338759513,-0.0433333333333333
E02000662,Lewisham 010,2024,23,23,329500.0,9300.0,2132.53,55.08,1,0.0434782608695652,24,319350.0,9300.0,2599.02,66.345,0.0833333333333333,-0.041666666666666664,0.031783309848129014,0.0,-0.17948688351763348,-0.16979425729143116,-0.0398550724637681
E02000662,Lewisham 010,2025,23,23,329500.0,9300.0,2132.53,55.08,1,0.0434782608695652,24,319350.0,9300.0,2599.02,66.345,0.0833333333333333,-0.041666666666666664,0.031783309848129014,0.0,-0.17948688351763348,-0.16979425729143116,-0.0398550724637681
E02000663,Lewisham 011,2023,65,65,1418450.0,6200.0,10006.31,54.385000000000005,5,0.0769230769230769,63,1804600.0,6200.0,9965.56,57.65,0.0317460317460317,0.031746031746031744,-0.21398093760390113,0.0,0.00408908280116722,-0.05663486556808315,0.0451770451770452
E02000663,Lewisham 011,2024,61,61,1291650.0,8550.0,7980.49,53.760000000000005,1,0.0163934426229508,63,1804600.0,6200.0,9965.56,57.65,0.0317460317460317,-0.031746031746031744,-0.28424581624736783,0.3790322580645161,-0.1991930207635095,-0.06747614917606233,-0.015352589123080903
E02000663,Lewisham 011,2025,63,63,1307100.0,8800.0,8328.38,53.760000000000005,1,0.0158730158730158,63,1804600.0,6200.0,9965.56,57.65,0.0317460317460317,0.0,-0.2756843621855259,0.41935483870967744,-0.16428379338441595,-0.06747614917606233,-0.015873015873015903
E02000665,Lewisham 013,2023,123,123,3240900.0,9800.0,34130.49,83.33500000000001,4,0.032520325203252,119,3301350.0,9600.0,19085.67,81.63499999999999,0.0336134453781512,0.03361344537815126,-0.01831069108092144,0.020833333333333332,0.7882783260949184,0.02082440129846288,-0.0010931201748991953
E02000665,Lewisham 013,2024,115,115,2696210.0,8100.0,18687.32,83.33500000000001,2,0.017391304347826,119,3301350.0,9600.0,19085.67,81.63499999999999,0.0336134453781512,-0.03361344537815126,-0.18330077089675437,-0.15625,-0.020871680166323663,0.02082440129846288,-0.016222141030325196
E02000665,Lewisham 013,2025,114,114,2690260.0,8050.0,18637.63,83.92,2,0.0175438596491228,119,3301350.0,9600.0,19085.67,81.63499999999999,0.0336134453781512,-0.04201680672268908,-0.1851030638981023,-0.16145833333333334,-0.02347520417150654,0.02799044527469849,-0.016069585729028397
E02000666,Lewisham 014,2023,66,66,857500.0,10750.0,5495.11,66.16,2,0.0303030303030303,65,848050.0,10500.0,5392.16,65.97999999999999,0.0615384615384615,0.015384615384615385,0.011143210895583986,0.023809523809523808,0.019092534346161802,0.0027280994240680033,-0.0312354312354312
E02000666,Lewisham 014,2024,63,63,925800.0,11750.0,5424.75,66.16,1,0.0158730158730158,65,848050.0,10500.0,5392.16,65.97999999999999,0.0615384615384615,-0.03076923076923077,0.09168091504038677,0.11904761904761904,0.006043960119877775,0.0027280994240680033,-0.0456654456654457
E02000666,Lewisham 014,2025,65,65,994800.0,11750.0,5662.76,67.515,1,0.0153846153846153,65,848050.0,10500.0,5392.16,65.97999999999999,0.0615384615384615,0.0,0.17304404221449207,0.11904761904761904,0.05018397080205342,0.023264625644134753,-0.0461538461538462
E02000667,Lewisham 015,2023,81,81,911250.0,9900.0,5201.94,56.0,2,0.0246913580246913,80,933800.0,10000.0,5226.84,55.93,0.025,0.0125,-0.02414863996573142,-0.01,-0.004763872626673199,0.0012515644555694668,-0.00030864197530870024
E02000667,Lewisham 015,2024,84,84,895775.0,9700.0,5422.62,55.76,0,0.0,80,933800.0,10000.0,5226.84,55.93,0.025,0.05,-0.04072071107303491,-0.03,0.03745666597791395,-0.0030395136778115805,-0.025
E02000667,Lewisham 015,2025,86,86,912225.0,9700.0,5551.0,55.76,0,0.0,80,933800.0,10000.0,5226.84,55.93,0.025,0.075,-0.023104519168986936,-0.03,0.06201835143222288,-0.0030395136778115805,-0.025
E02000668,Lewisham 016,2023,76,76,819925.0,8500.0,5645.42,56.2,2,0.0263157894736842,75,824625.0,8450.0,5461.04,55.94,0.0266666666666666,0.013333333333333334,-0.005699560406245263,0.005917159763313609,0.03376279975975274,0.004647836968180285,-0.00035087719298240033
E02000668,Lewisham 016,2024,70,70,855650.0,10250.0,5423.3,56.2,1,0.0142857142857142,75,824625.0,8450.0,5461.04,55.94,0.0266666666666666,-0.06666666666666667,0.03762316204335304,0.21301775147928995,-0.006910771574645083,0.004647836968180285,-0.012380952380952399
E02000668,Lewisham 016,2025,70,70,855650.0,10250.0,5423.3,56.2,1,0.0142857142857142,75,824625.0,8450.0,5461.04,55.94,0.0266666666666666,-0.06666666666666667,0.03762316204335304,0.21301775147928995,-0.006910771574645083,0.004647836968180285,-0.012380952380952399
E02000669,Lewisham 017,2023,138,138,1238150.0,7950.0,11652.08,64.435,8,0.0579710144927536,131,1272950.0,7800.0,10972.69,62.4,0.0763358778625954,0.05343511450381679,-0.02733807298008563,0.019230769230769232,0.06191644892911395,0.032612179487179545,-0.01836486336984179
E02000669,Lewisham 017,2024,121,121,1247570.0,8100.0,9759.97,61.785,2,0.0165289256198347,131,1272950.0,7800.0,10972.69,62.4,0.0763358778625954,-0.07633587786259542,-0.019937939432027967,0.038461538461538464,-0.1105216678863616,-0.009855769230769263,-0.0598069522427607
E02000669,Lewisham 017,2025,123,123,1252570.0,8100.0,9860.75,61.785,2,0.016260162601626,131,1272950.0,7800.0,10972.69,62.4,0.0763358778625954,-0.061068702290076333,-0.01601005538316509,0.038461538461538464,-0.10133704679527085,-0.009855769230769263,-0.060075715260969394
E02000670,Lewisham 018,2023,67,67,632775.0,7100.0,9278.4,60.2,0,0.0,66,1355675.0,7900.0,10292.12,63.45,0.0,0.015151515151515152,-0.5332398989433308,-0.10126582278481013,-0.09849477075665665,-0.0512214342001576,0.0
E02000670,Lewisham 018,2024,61,61,670250.0,7600.0,7473.13,57.93,0,0.0,66,1355675.0,7900.0,10292.12,63.45,0.0,-0.07575757575757576,-0.5055968429011378,-0.0379746835443038,-0.27389789470002296,-0.08699763593380619,0.0
E02000670,Lewisham 018,2025,61,61,640000.0,7850.0,7086.99,56.2,0,0.0,66,1355675.0,7900.0,10292.12,63.45,0.0,-0.07575757575757576,-0.5279104505135818,-0.006329113924050633,-0.31141591819761144,-0.11426319936958235,0.0
E02000671,Lewisham 019,2023,139,139,1427065.0,7850.0,11241.68,54.2,7,0.0503597122302158,136,1442265.0,7900.0,10582.6,53.915000000000006,0.0735294117647058,0.022058823529411766,-0.010538978620433832,-0.006329113924050633,0.0622795910267798,0.005286098488361246,-0.023169699534490003
E02000671,Lewisham 019,2024,129,129,1582795.0,9200.0,10009.67,53.61,1,0.0077519379844961,136,1442265.0,7900.0,10582.6,53.915000000000006,0.0735294117647058,-0.051470588235294115,0.09743701746905041,0.16455696202531644,-0.054138869464970825,-0.00565705276824644,-0.0657774737802097
E02000671,Lewisham 019,2025,130,130,1582795.0,9200.0,10163.57,53.63,0,0.0,136,1442265.0,7900.0,10582.6,53.915000000000006,0.0735294117647058,-0.04411764705882353,0.09743701746905041,0.16455696202531644,-0.039596129495587155,-0.005286098488361378,-0.0735294117647058
E02000672,Lewisham 020,2023,250,250,5916450.0,14375.0,44963.97,90.00999999999999,10,0.04,227,5454800.0,14625.0,40833.04,90.00999999999999,0.026431718061674,0.1013215859030837,0.08463188384542054,-0.017094017094017096,0.10116635939915324,0.0,0.013568281938326002
E02000672,Lewisham 020,2024,234,234,5621700.0,13750.0,44895.39,93.31,4,0.017094017094017,227,5454800.0,14625.0,40833.04,90.00999999999999,0.026431718061674,0.030837004405286344,0.030596905477744372,-0.05982905982905983,0.099486837129932,0.03666259304521733,-0.009337700967657
E02000672,Lewisham 020,2025,238,238,5613450.0,13750.0,45062.85,91.965,4,0.0168067226890756,227,5454800.0,14625.0,40833.04,90.00999999999999,0.026431718061674,0.048458149779735685,0.02908447605778397,-0.05982905982905983,0.10358792781531813,0.02171980891012124,-0.0096249953725984
E02000673,Lewisham 021,2023,111,111,2286000.0,11375.0,12938.1,63.33,10,0.09009009009009,108,2427250.0,11000.0,13242.58,63.0,0.074074074074074,0.027777777777777776,-0.058193428777423006,0.03409090909090909,-0.022992498440636156,0.005238095238095211,0.016016016016016002
E02000673,Lewisham 021,2024,104,104,2428225.0,11750.0,12514.36,63.9,3,0.0288461538461538,108,2427250.0,11000.0,13242.58,63.0,0.074074074074074,-0.037037037037037035,0.0004016891543928314,0.06818181818181818,-0.05499079484511321,0.014285714285714263,-0.0452279202279202
E02000673,Lewisham 021,2025,105,105,2383225.0,11750.0,12703.1,64.14,3,0.0285714285714285,108,2427250.0,11000.0,13242.58,63.0,0.074074074074074,-0.027777777777777776,-0.018137810279122462,0.06818181818181818,-0.04073828513779034,0.018095238095238105,-0.0455026455026455
E02000674,Lewisham 022,2023,39,39,323250.0,9300.0,3397.26,77.275,0,0.0,35,332300.0,8750.0,3182.89,77.465,0.0571428571428571,0.11428571428571428,-0.027234426722840807,0.06285714285714286,0.06735074099324839,-0.0024527205834892884,-0.0571428571428571
E02000674,Lewisham 022,2024,34,34,346750.0,9550.0,3432.58,77.6,0,0.0,35,332300.0,8750.0,3182.89,77.465,0.0571428571428571,-0.02857142857142857,0.043484802888955766,0.09142857142857143,0.07844757437423225,0.0017427225198475556,-0.0571428571428571
E02000674,Lewisham 022,2025,34,34,346750.0,9550.0,3432.58,77.6,0,0.0,35,332300.0,8750.0,3182.89,77.465,0.0571428571428571,-0.02857142857142857,0.043484802888955766,0.09142857142857143,0.07844757437423225,0.0017427225198475556,-0.0571428571428571
E02000675,Lewisham 023,2023,41,41,503300.0,8600.0,4229.68,74.8,2,0.048780487804878,41,518900.0,8500.0,4239.6,74.8,0.073170731707317,0.0,-0.030063596068606667,0.011764705882352941,-0.002339843381451097,0.0,-0.024390243902438997
E02000675,Lewisham 023,2024,38,38,554050.0,9700.0,3593.57,75.8,0,0.0,41,518900.0,8500.0,4239.6,74.8,0.073170731707317,-0.07317073170731707,0.06773944883407207,0.1411764705882353,-0.1523799415039155,0.013368983957219251,-0.073170731707317
E02000675,Lewisham 023,2025,38,38,554050.0,9700.0,3593.57,75.8,0,0.0,41,518900.0,8500.0,4239.6,74.8,0.073170731707317,-0.07317073170731707,0.06773944883407207,0.1411764705882353,-0.1523799415039155,0.013368983957219251,-0.073170731707317
E02000676,Lewisham 024,2023,42,42,298800.0,6600.0,3208.18,54.13,4,0.0952380952380952,43,429800.0,6700.0,3914.66,55.400000000000006,0.0465116279069767,-0.023255813953488372,-0.30479292694276405,-0.014925373134328358,-0.18047033458844447,-0.022924187725631824,0.0487264673311185
E02000676,Lewisham 024,2024,36,36,306700.0,7400.0,2683.1,51.1,0,0.0,43,429800.0,6700.0,3914.66,55.400000000000006,0.0465116279069767,-0.16279069767441862,-0.2864122847836203,0.1044776119402985,-0.3146020344040095,-0.07761732851985566,-0.0465116279069767
E02000676,Lewisham 024,2025,36,36,289200.0,7350.0,2683.1,51.1,0,0.0,43,429800.0,6700.0,3914.66,55.400000000000006,0.0465116279069767,-0.16279069767441862,-0.3271288971614705,0.09701492537313433,-0.3146020344040095,-0.07761732851985566,-0.0465116279069767
E02000677,Lewisham 025,2023,64,64,2216450.0,9300.0,19384.73,83.035,0,0.0,64,2509950.0,9300.0,20409.05,83.035,0.046875,0.0,-0.11693460029084245,0.0,-0.05018949926625687,0.0,-0.046875
E02000677,Lewisham 025,2024,54,54,1853200.0,9650.0,11255.1,74.21000000000001,0,0.0,64,2509950.0,9300.0,20409.05,83.035,0.046875,-0.15625,-0.2616585987768681,0.03763440860215054,-0.4485240616295222,-0.10628048413319671,-0.046875
E02000677,Lewisham 025,2025,54,54,1851200.0,9650.0,11244.27,74.21000000000001,0,0.0,64,2509950.0,9300.0,20409.05,83.035,0.046875,-0.15625,-0.26245542739895217,0.03763440860215054,-0.44905470857291246,-0.10628048413319671,-0.046875
E02000678,Lewisham 026,2023,17,17,183400.0,8400.0,1400.03,68.6,1,0.0588235294117647,16,184000.0,8550.0,1352.83,69.945,0.0,0.0625,-0.003260869565217391,-0.017543859649122806,0.034889823555066084,-0.019229394524269056,0.0588235294117647
E02000678,Lewisham 026,2024,17,17,191650.0,8900.0,1352.83,66.2,0,0.0,16,184000.0,8550.0,1352.83,69.945,0.0,0.0625,0.04157608695652174,0.04093567251461988,0.0,-0.05354206876831783,0.0
E02000678,Lewisham 026,2025,17,17,191650.0,8900.0,1352.83,66.2,0,0.0,16,184000.0,8550.0,1352.83,69.945,0.0,0.0625,0.04157608695652174,0.04093567251461988,0.0,-0.05354206876831783,0.0
E02000679,Lewisham 027,2023,57,57,454500.0,7100.0,4789.64,53.8,2,0.0350877192982456,56,589550.0,7100.0,5099.18,55.0,0.0714285714285714,0.017857142857142856,-0.2290730217962853,0.0,-0.06070387787840397,-0.02181818181818187,-0.0363408521303258
E02000679,Lewisham 027,2024,50,50,539825.0,9000.0,2928.84,52.2,0,0.0,56,589550.0,7100.0,5099.18,55.0,0.0714285714285714,-0.10714285714285714,-0.08434399117971333,0.2676056338028169,-0.4256252966163187,-0.050909090909090855,-0.0714285714285714
E02000679,Lewisham 027,2025,50,50,539825.0,9000.0,2928.84,52.2,0,0.0,56,589550.0,7100.0,5099.18,55.0,0.0714285714285714,-0.10714285714285714,-0.08434399117971333,0.2676056338028169,-0.4256252966163187,-0.050909090909090855,-0.0714285714285714
E02000680,Lewisham 028,2023,77,77,653200.0,6800.0,6341.92,71.3,3,0.0389610389610389,73,645050.0,6800.0,5896.29,69.6,0.0273972602739726,0.0547945205479452,0.012634679482210682,0.0,0.07557803296649251,0.024425287356321882,0.011563778687066296
E02000680,Lewisham 028,2024,76,76,702410.0,7200.0,6315.5,71.43,1,0.0131578947368421,73,645050.0,6800.0,5896.29,69.6,0.0273972602739726,0.0410958904109589,0.08892333927602511,0.058823529411764705,0.07109724928726369,0.026293103448276043,-0.014239365537130502
E02000680,Lewisham 028,2025,76,76,702410.0,7200.0,6315.5,71.43,1,0.0131578947368421,73,645050.0,6800.0,5896.29,69.6,0.0273972602739726,0.0410958904109589,0.08892333927602511,0.058823529411764705,0.07109724928726369,0.026293103448276043,-0.014239365537130502
E02000681,Lewisham 029,2023,100,100,8915100.0,11250.0,58382.78,74.2,13,0.13,90,9088300.0,10750.0,42203.57,71.95,0.1444444444444444,0.1111111111111111,-0.019057469493744705,0.046511627906976744,0.38336117063082575,0.03127171646977067,-0.014444444444444399
E02000681,Lewisham 029,2024,84,84,6728625.0,11500.0,66981.33,91.82,3,0.0357142857142857,90,9088300.0,10750.0,42203.57,71.95,0.1444444444444444,-0.06666666666666667,-0.2596387663259355,0.06976744186046512,0.5871010438216483,0.276164002779708,-0.1087301587301587
E02000681,Lewisham 029,2025,86,86,6725825.0,11500.0,79547.54000000001,95.38,3,0.0348837209302325,90,9088300.0,10750.0,42203.57,71.95,0.1444444444444444,-0.044444444444444446,-0.2599468547473125,0.06976744186046512,0.8848533429754878,0.32564280750521185,-0.1095607235142119
E02000682,Lewisham 030,2023,19,19,304650.0,10025.0,2753.96,87.91,0,0.0,18,304950.0,9800.0,2623.42,68.22999999999999,0.1111111111111111,0.05555555555555555,-0.000983767830791933,0.02295918367346939,0.04975947427403921,0.28843617177194797,-0.1111111111111111
E02000682,Lewisham 030,2024,18,18,316200.0,10375.0,2645.86,78.74,0,0.0,18,304950.0,9800.0,2623.42,68.22999999999999,0.1111111111111111,0.0,0.03689129365469749,0.058673469387755105,0.008553719953343366,0.15403781327861654,-0.1111111111111111
E02000682,Lewisham 030,2025,17,17,303950.0,10250.0,2557.95,69.57,0,0.0,18,304950.0,9800.0,2623.42,68.22999999999999,0.1111111111111111,-0.05555555555555555,-0.003279226102639777,0.04591836734693878,-0.02495597350024024,0.01963945478528512,-0.1111111111111111
E02000683,Lewisham 031,2023,26,26,187825.0,6750.0,1538.5,53.475,0,0.0,26,187825.0,6750.0,1538.5,53.475,0.0384615384615384,0.0,0.0,0.0,0.0,0.0,-0.0384615384615384
E02000683,Lewisham 031,2024,26,26,201400.0,7550.0,1538.5,53.475,0,0.0,26,187825.0,6750.0,1538.5,53.475,0.0384615384615384,0.0,0.0722747238120591,0.11851851851851852,0.0,0.0,-0.0384615384615384
E02000683,Lewisham 031,2025,26,26,201400.0,7550.0,1538.5,53.475,0,0.0,26,187825.0,6750.0,1538.5,53.475,0.0384615384615384,0.0,0.0722747238120591,0.11851851851851852,0.0,0.0,-0.0384615384615384
E02000685,Lewisham 033,2023,72,72,909825.0,12250.0,7645.37,97.8,2,0.0277777777777777,66,902975.0,12250.0,6585.32,90.13,0.0454545454545454,0.09090909090909091,0.007586035050804286,0.0,0.1609716763953764,0.08509930100965275,-0.0176767676767677
E02000685,Lewisham 033,2024,67,67,922825.0,13250.0,6877.61,95.62,1,0.0149253731343283,66,902975.0,12250.0,6585.32,90.13,0.0454545454545454,0.015151515151515152,0.021982889891746727,0.08163265306122448,0.04438508682949348,0.06091201597692233,-0.0305291723202171
E02000685,Lewisham 033,2025,68,68,922825.0,13250.0,6983.69,95.94,1,0.0147058823529411,66,902975.0,12250.0,6585.32,90.13,0.0454545454545454,0.030303030303030304,0.021982889891746727,0.08163265306122448,0.060493643437220954,0.06446244313769003,-0.0307486631016043
E02000686,Lewisham 034,2023,19,19,595650.0,7800.0,4517.5,72.08,0,0.0,21,1310850.0,7800.0,7634.52,80.36,0.0,-0.09523809523809523,-0.5456001830873097,0.0,-0.4082797608756019,-0.10303633648581385,0.0
E02000686,Lewisham 034,2024,21,21,352240.0,7850.0,4671.91,76.33,0,0.0,21,1310850.0,7800.0,7634.52,80.36,0.0,0.0,-0.7312888583743372,0.00641025641025641,-0.38805452078192215,-0.0501493280238925,0.0
E02000686,Lewisham 034,2025,22,22,762240.0,8000.0,6781.35,77.205,0,0.0,21,1310850.0,7800.0,7634.52,80.36,0.0,0.047619047619047616,-0.41851470419956516,0.02564102564102564,-0.11175162289181245,-0.03926082628173222,0.0
E02000687,Lewisham 035,2023,147,147,1907500.0,10250.0,14573.66,67.65,8,0.0544217687074829,143,2075950.0,10500.0,15729.19,68.50999999999999,0.0909090909090909,0.027972027972027972,-0.08114357282208146,-0.023809523809523808,-0.07346404996061466,-0.012552911983651808,-0.036487322201608
E02000687,Lewisham 035,2024,137,137,2049930.0,11250.0,14026.58,68.05,4,0.0291970802919708,143,2075950.0,10500.0,15729.19,68.50999999999999,0.0909090909090909,-0.04195804195804196,-0.012534020568896168,0.07142857142857142,-0.10824524339778466,-0.00671434827032541,-0.0617120106171201
E02000687,Lewisham 035,2025,140,140,2075680.0,11375.0,14274.63,68.16,3,0.0214285714285714,143,2075950.0,10500.0,15729.19,68.50999999999999,0.0909090909090909,-0.02097902097902098,-0.00013006093595703172,0.08333333333333333,-0.09247520056658996,-0.005108743249160624,-0.0694805194805195
E02000689,Merton 001,2023,90,90,4511010.0,13750.0,32533.73,77.715,0,0.0,86,4657300.0,13750.0,26053.59,77.715,0.0,0.046511627906976744,-0.031410903313078394,0.0,0.24872349645480715,0.0,0.0
E02000689,Merton 001,2024,81,81,4470675.0,15000.0,28999.9,77.53,0,0.0,86,4657300.0,13750.0,26053.59,77.715,0.0,-0.05813953488372093,-0.04007150065488588,0.09090909090909091,0.11308652665525178,-0.002380492826352728,0.0
E02000689,Merton 001,2025,85,85,4595455.0,15000.0,29400.21,77.53,0,0.0,86,4657300.0,13750.0,26053.59,77.715,0.0,-0.011627906976744186,-0.0132791531574088,0.09090909090909091,0.1284513957577439,-0.002380492826352728,0.0
E02000690,Merton 002,2023,31,31,2078520.0,56750.0,3357.88,93.84,0,0.0,31,2219520.0,57500.0,3354.32,93.84,0.0,0.0,-0.0635272491349481,-0.013043478260869565,0.0010613179422356677,0.0,0.0
E02000690,Merton 002,2024,30,30,2071440.0,55000.0,3013.31,91.36,0,0.0,31,2219520.0,57500.0,3354.32,93.84,0.0,-0.03225806451612903,-0.06671712802768166,-0.043478260869565216,-0.10166293019151429,-0.026427962489343607,0.0
E02000690,Merton 002,2025,32,32,2192940.0,55000.0,3814.72,94.265,0,0.0,31,2219520.0,57500.0,3354.32,93.84,0.0,0.03225806451612903,-0.011975562283737024,-0.043478260869565216,0.13725583724868218,0.004528985507246347,0.0
E02000691,Merton 003,2023,275,275,12435730.0,32750.0,57232.2,86.88,0,0.0,272,15322080.0,35750.0,56994.3,88.98,0.0,0.011029411764705883,-0.18837847080814094,-0.08391608391608392,0.004174101620688282,-0.02360080917060023,0.0
E02000691,Merton 003,2024,210,210,10768890.0,36125.0,40989.06,89.55,0,0.0,272,15322080.0,35750.0,56994.3,88.98,0.0,-0.22794117647058823,-0.2971652673788415,0.01048951048951049,-0.2808217663871651,0.006405933917734245,0.0
E02000691,Merton 003,2025,240,240,10584115.0,35125.0,47106.98,95.93,0,0.0,272,15322080.0,35750.0,56994.3,88.98,0.0,-0.11764705882352941,-0.30922466140367366,-0.017482517482517484,-0.1734791022961945,0.07810743987412905,0.0
E02000692,Merton 004,2023,192,192,10589955.0,46750.0,56042.66,95.09,0,0.0,179,10516030.0,44375.0,40423.31,92.85,0.0,0.07262569832402235,0.007029744114461446,0.05352112676056338,0.3863946322060219,0.02412493268712988,0.0
E02000692,Merton 004,2024,167,167,9726550.0,45500.0,38748.32,87.06,0,0.0,179,10516030.0,44375.0,40423.31,92.85,0.0,-0.0670391061452514,-0.07507395851856642,0.02535211267605634,-0.0414362406245307,-0.062358642972536266,0.0
E02000692,Merton 004,2025,169,169,9728300.0,45625.0,39217.16,87.465,0,0.0,179,10516030.0,44375.0,40423.31,92.85,0.0,-0.055865921787709494,-0.07490754590848447,0.028169014084507043,-0.029837982094984162,-0.05799676898222931,0.0
E02000693,Merton 005,2023,164,164,13655975.0,9700.0,94325.23,57.52,0,0.0,154,14277400.0,9700.0,80043.65,58.23,0.0,0.06493506493506493,-0.04352508159748974,0.0,0.17842239827893908,-0.012193027648978083,0.0
E02000693,Merton 005,2024,147,147,11965700.0,10750.0,65914.34,57.875,0,0.0,154,14277400.0,9700.0,80043.65,58.23,0.0,-0.045454545454545456,-0.1619132335018981,0.10824742268041238,-0.17652006124158504,-0.006096513824489042,0.0
E02000693,Merton 005,2025,148,148,11903100.0,10875.0,66267.89,59.89,0,0.0,154,14277400.0,9700.0,80043.65,58.23,0.0,-0.03896103896103896,-0.16629778531105102,0.1211340206185567,-0.17210309624810957,0.02850764210887865,0.0
E02000694,Merton 006,2023,175,175,1460750.0,7500.0,10844.05,49.0,0,0.0,163,1474200.0,6600.0,10381.64,49.05,0.0,0.0736196319018405,-0.00912359245692579,0.13636363636363635,0.04454113222958992,-0.0010193679918449982,0.0
E02000694,Merton 006,2024,143,143,1629850.0,8600.0,9208.59,49.515,0,0.0,163,1474200.0,6600.0,10381.64,49.05,0.0,-0.12269938650306748,0.10558268891602225,0.30303030303030304,-0.11299274488423788,0.00948012232415909,0.0
E02000694,Merton 006,2025,144,144,1588400.0,8400.0,9063.19,48.27,0,0.0,163,1474200.0,6600.0,10381.64,49.05,0.0,-0.1165644171779141,0.0774657441324108,0.2727272727272727,-0.12699823919920156,-0.015902140672782755,0.0
E02000695,Merton 007,2023,58,58,526900.0,7300.0,3913.68,52.74,0,0.0,58,526700.0,7300.0,3913.68,52.74,0.0,0.0,0.00037972280235428136,0.0,0.0,0.0,0.0
E02000695,Merton 007,2024,55,55,567300.0,8100.0,3791.3,54.05,0,0.0,58,526700.0,7300.0,3913.68,52.74,0.0,-0.05172413793103448,0.07708372887791912,0.1095890410958904,-0.03126980233437574,0.02483883200606741,0.0
E02000695,Merton 007,2025,55,55,567300.0,8100.0,3791.3,54.05,0,0.0,58,526700.0,7300.0,3913.68,52.74,0.0,-0.05172413793103448,0.07708372887791912,0.1095890410958904,-0.03126980233437574,0.02483883200606741,0.0
E02000696,Merton 008,2023,76,76,1183525.0,8850.0,8450.07,66.22,1,0.0131578947368421,73,1148275.0,8800.0,8208.960000000001,66.82499999999999,0.0,0.0410958904109589,0.030698221244910843,0.005681818181818182,0.029371564729271275,-0.00905349794238668,0.0131578947368421
E02000696,Merton 008,2024,72,72,1320050.0,10500.0,8290.13,66.35,0,0.0,73,1148275.0,8800.0,8208.960000000001,66.82499999999999,0.0,-0.0136986301369863,0.14959395615161875,0.19318181818181818,0.009887976065177348,-0.007108118219229247,0.0
E02000696,Merton 008,2025,72,72,1320050.0,10500.0,8290.13,66.35,0,0.0,73,1148275.0,8800.0,8208.960000000001,66.82499999999999,0.0,-0.0136986301369863,0.14959395615161875,0.19318181818181818,0.009887976065177348,-0.007108118219229247,0.0
E02000697,Merton 009,2023,180,180,6319180.0,9500.0,30035.55,66.19,0,0.0,172,6184030.0,9800.0,27054.34,61.41,0.0,0.046511627906976744,0.021854680523865504,-0.030612244897959183,0.11019341074297133,0.07783748575150629,0.0
E02000697,Merton 009,2024,156,156,6611205.0,11500.0,29543.31,67.53999999999999,0,0.0,172,6184030.0,9800.0,27054.34,61.41,0.0,-0.09302325581395349,0.06907712284707546,0.17346938775510204,0.0919989177337167,0.09982087607881446,0.0
E02000697,Merton 009,2025,156,156,6484455.0,11375.0,30841.46,67.53999999999999,0,0.0,172,6184030.0,9800.0,27054.34,61.41,0.0,-0.09302325581395349,0.04858077984744576,0.16071428571428573,0.1399819770136695,0.09982087607881446,0.0
E02000698,Merton 010,2023,18,18,360600.0,16500.0,2159.4,98.62,0,0.0,18,366350.0,16500.0,2171.54,98.62,0.0,0.0,-0.015695373276920978,0.0,-0.005590502592630057,0.0,0.0
E02000698,Merton 010,2024,18,18,377600.0,17375.0,2159.4,98.62,0,0.0,18,366350.0,16500.0,2171.54,98.62,0.0,0.0,0.030708339020062782,0.05303030303030303,-0.005590502592630057,0.0,0.0
E02000698,Merton 010,2025,20,20,377600.0,14500.0,2267.75,96.175,0,0.0,18,366350.0,16500.0,2171.54,98.62,0.0,0.1111111111111111,0.030708339020062782,-0.12121212121212122,0.04430496329793605,-0.02479213141350646,0.0
E02000699,Merton 011,2023,63,63,1118565.0,6800.0,8387.18,63.59,0,0.0,57,1189075.0,7000.0,8150.42,67.57,0.0,0.10526315789473684,-0.05929819397430776,-0.02857142857142857,0.02904880975458936,-0.05890187953233669,0.0
E02000699,Merton 011,2024,45,45,1154100.0,8700.0,7262.71,67.57,0,0.0,57,1189075.0,7000.0,8150.42,67.57,0.0,-0.21052631578947367,-0.029413619830540545,0.24285714285714285,-0.10891585955079616,0.0,0.0
E02000699,Merton 011,2025,44,44,1137700.0,9300.0,7163.0,65.58,0,0.0,57,1189075.0,7000.0,8150.42,67.57,0.0,-0.22807017543859648,-0.043205853289321534,0.32857142857142857,-0.12114958492936562,-0.029450939766168346,0.0
E02000700,Merton 012,2023,19,19,443370.0,6200.0,6756.99,82.505,0,0.0,19,948370.0,6400.0,6756.99,82.505,0.0,0.0,-0.5324925925535392,-0.03125,0.0,0.0,0.0
E02000700,Merton 012,2024,18,18,447725.0,6500.0,3228.09,82.27,0,0.0,19,948370.0,6400.0,6756.99,82.505,0.0,-0.05263157894736842,-0.5279005029682508,0.015625,-0.5222591716133959,-0.002848312223501599,0.0
E02000700,Merton 012,2025,19,19,1072725.0,6500.0,6583.86,82.505,0,0.0,19,948370.0,6400.0,6756.99,82.505,0.0,0.0,0.13112498286533736,0.015625,-0.025622355516287595,0.0,0.0
E02000701,Merton 013,2023,110,110,1961025.0,9900.0,14789.78,65.14500000000001,0,0.0,101,1624675.0,9900.0,12535.3,66.42,0.0,0.0891089108910891,0.20702602058873312,0.0,0.1798505021818386,-0.01919602529358614,0.0
E02000701,Merton 013,2024,104,104,2074025.0,10500.0,13850.3,65.14500000000001,0,0.0,101,1624675.0,9900.0,12535.3,66.42,0.0,0.0297029702970297,0.2765783926015972,0.06060606060606061,0.10490375180490295,-0.01919602529358614,0.0
E02000701,Merton 013,2025,104,104,2052350.0,10750.0,13866.41,65.14500000000001,0,0.0,101,1624675.0,9900.0,12535.3,66.42,0.0,0.0297029702970297,0.2632372628371828,0.08585858585858586,0.10618892248290832,-0.01919602529358614,0.0
E02000702,Merton 014,2023,25,25,292200.0,7450.0,1154.34,45.815,0,0.0,22,293850.0,7450.0,1077.91,48.165,0.0,0.13636363636363635,-0.005615109749872384,0.0,0.07090573424497391,-0.048790615592235055,0.0
E02000702,Merton 014,2024,22,22,278925.0,8400.0,1069.67,48.165,0,0.0,22,293850.0,7450.0,1077.91,48.165,0.0,0.0,-0.05079122001020929,0.12751677852348994,-0.007644423003775833,0.0,0.0
E02000702,Merton 014,2025,22,22,278925.0,8400.0,1069.67,48.165,0,0.0,22,293850.0,7450.0,1077.91,48.165,0.0,0.0,-0.05079122001020929,0.12751677852348994,-0.007644423003775833,0.0,0.0
E02000703,Merton 015,2023,48,48,717500.0,7550.0,5790.6,58.11,0,0.0,48,721600.0,7500.0,5790.6,58.11,0.0,0.0,-0.005681818181818182,0.006666666666666667,0.0,0.0,0.0
E02000703,Merton 015,2024,47,47,786650.0,8750.0,5735.25,57.015,0,0.0,48,721600.0,7500.0,5790.6,58.11,0.0,-0.020833333333333332,0.09014689578713969,0.16666666666666666,-0.009558594964252471,-0.018843572534847683,0.0
E02000703,Merton 015,2025,47,47,786650.0,8750.0,5735.25,57.015,0,0.0,48,721600.0,7500.0,5790.6,58.11,0.0,-0.020833333333333332,0.09014689578713969,0.16666666666666666,-0.009558594964252471,-0.018843572534847683,0.0
E02000704,Merton 016,2023,180,180,3513120.0,12250.0,18687.7,68.33,0,0.0,173,3918420.0,12500.0,18543.03,71.065,0.0,0.04046242774566474,-0.10343454759826665,-0.02,0.007801853310920702,-0.03848589319636951,0.0
E02000704,Merton 016,2024,164,164,3842600.0,14500.0,19214.76,68.32499999999999,0,0.0,173,3918420.0,12500.0,18543.03,71.065,0.0,-0.05202312138728324,-0.019349635822601966,0.16,0.036225471241754965,-0.03855625131921493,0.0
E02000704,Merton 016,2025,165,165,3777470.0,14375.0,19167.09,66.12,0,0.0,173,3918420.0,12500.0,18543.03,71.065,0.0,-0.046242774566473986,-0.03597113122125755,0.15,0.03365469397396226,-0.06958418349398429,0.0
E02000705,Merton 017,2023,53,53,707850.0,7400.0,5062.91,54.51,0,0.0,53,722500.0,7400.0,5062.91,54.51,0.0,0.0,-0.02027681660899654,0.0,0.0,0.0,0.0
E02000705,Merton 017,2024,49,49,747800.0,8400.0,4717.78,53.64,0,0.0,53,722500.0,7400.0,5062.91,54.51,0.0,-0.07547169811320754,0.03501730103806228,0.13513513513513514,-0.06816830636926197,-0.015960374243258073,0.0
E02000705,Merton 017,2025,49,49,747800.0,8400.0,4717.78,53.64,0,0.0,53,722500.0,7400.0,5062.91,54.51,0.0,-0.07547169811320754,0.03501730103806228,0.13513513513513514,-0.06816830636926197,-0.015960374243258073,0.0
E02000706,Merton 018,2023,98,98,2596550.0,9500.0,17834.29,64.375,0,0.0,98,2652400.0,9300.0,17855.14,64.375,0.0,0.0,-0.02105640174935907,0.021505376344086023,-0.0011677309727058172,0.0,0.0
E02000706,Merton 018,2024,97,97,2845500.0,11500.0,17494.8,62.57,0,0.0,98,2652400.0,9300.0,17855.14,64.375,0.0,-0.01020408163265306,0.07280199064997737,0.23655913978494625,-0.020181303535004493,-0.028038834951456305,0.0
E02000706,Merton 018,2025,100,100,2862500.0,11500.0,18543.3,64.375,0,0.0,98,2652400.0,9300.0,17855.14,64.375,0.0,0.02040816326530612,0.07921128034987182,0.23655913978494625,0.03854128279027775,0.0,0.0
E02000707,Merton 019,2023,16,16,222500.0,11500.0,1598.5,74.60499999999999,0,0.0,16,238250.0,11625.0,1596.42,74.60499999999999,0.0,0.0,-0.06610703043022036,-0.010752688172043012,0.0013029152729231198,0.0,0.0
E02000707,Merton 019,2024,15,15,260750.0,13500.0,1502.96,67.8,0,0.0,16,238250.0,11625.0,1596.42,74.60499999999999,0.0,-0.0625,0.0944386149003148,0.16129032258064516,-0.058543491061249564,-0.09121372562160704,0.0
E02000707,Merton 019,2025,15,15,260750.0,13500.0,1502.96,67.8,0,0.0,16,238250.0,11625.0,1596.42,74.60499999999999,0.0,-0.0625,0.0944386149003148,0.16129032258064516,-0.058543491061249564,-0.09121372562160704,0.0
E02000708,Merton 020,2023,72,72,7757950.0,10750.0,73061.47,92.8,0,0.0,70,8164100.0,10750.0,71397.91,91.57,0.0,0.02857142857142857,-0.049748288237527714,0.0,0.023299841690043833,0.013432346838484264,0.0
E02000708,Merton 020,2024,64,64,6882950.0,13250.0,40588.44,93.3,0,0.0,70,8164100.0,10750.0,71397.91,91.57,0.0,-0.08571428571428572,-0.15692482943619016,0.23255813953488372,-0.43151781333655287,0.018892650431364028,0.0
E02000708,Merton 020,2025,65,65,6876300.0,13375.0,40854.1,91.57,0,0.0,70,8164100.0,10750.0,71397.91,91.57,0.0,-0.07142857142857142,-0.15773937114929998,0.2441860465116279,-0.4277969761299736,0.0,0.0
E02000709,Merton 021,2023,15,15,115250.0,7400.0,1229.26,62.21,0,0.0,15,123400.0,7300.0,1229.26,62.21,0.0,0.0,-0.06604538087520259,0.0136986301369863,0.0,0.0,0.0
E02000709,Merton 021,2024,13,13,130250.0,8200.0,1115.06,62.21,0,0.0,15,123400.0,7300.0,1229.26,62.21,0.0,-0.13333333333333333,0.05551053484602917,0.1232876712328767,-0.09290142036672473,0.0,0.0
E02000709,Merton 021,2025,13,13,130250.0,8200.0,1115.06,62.21,0,0.0,15,123400.0,7300.0,1229.26,62.21,0.0,-0.13333333333333333,0.05551053484602917,0.1232876712328767,-0.09290142036672473,0.0,0.0
E02000710,Merton 022,2023,75,75,1092625.0,7400.0,11959.8,60.885,0,0.0,70,1078100.0,7400.0,11499.58,60.8,0.0,0.07142857142857142,0.013472776180317225,0.0,0.04002059205640548,0.0013980263157894878,0.0
E02000710,Merton 022,2024,71,71,1164200.0,8350.0,9229.04,61.135,1,0.0140845070422535,70,1078100.0,7400.0,11499.58,60.8,0.0,0.014285714285714285,0.07986272145441053,0.12837837837837837,-0.19744547192158315,0.005509868421052646,0.0140845070422535
E02000710,Merton 022,2025,71,71,1141400.0,8300.0,9229.04,61.135,1,0.0140845070422535,70,1078100.0,7400.0,11499.58,60.8,0.0,0.014285714285714285,0.05871440497170949,0.12162162162162163,-0.19744547192158315,0.005509868421052646,0.0140845070422535
E02000711,Merton 023,2023,228,228,3799345.0,9900.0,32271.87,72.32,0,0.0,208,3832695.0,9900.0,30589.28,72.8,0.0,0.09615384615384616,-0.008701448980417173,0.0,0.05500587133793277,-0.006593406593406648,0.0
E02000711,Merton 023,2024,195,195,3996850.0,11750.0,27510.9,72.69999999999999,0,0.0,208,3832695.0,9900.0,30589.28,72.8,0.0,-0.0625,0.04283017563359464,0.18686868686868688,-0.10063590905049082,-0.0013736263736264908,0.0
E02000711,Merton 023,2025,195,195,3954500.0,11750.0,27655.45,72.96000000000001,0,0.0,208,3832695.0,9900.0,30589.28,72.8,0.0,-0.0625,0.031780509537022904,0.18686868686868688,-0.09591039736796676,0.002197802197802346,0.0
E02000712,Merton 024,2023,33,33,392600.0,5450.0,2163.0,54.4,0,0.0,31,398900.0,5600.0,2134.15,56.05,0.0,0.06451612903225806,-0.01579343193782903,-0.026785714285714284,0.013518262540121317,-0.029438001784121298,0.0
E02000712,Merton 024,2024,30,30,343350.0,6250.0,1956.29,54.0,0,0.0,31,398900.0,5600.0,2134.15,56.05,0.0,-0.03225806451612903,-0.13925795938831786,0.11607142857142858,-0.08333997141719192,-0.03657448706512038,0.0
E02000712,Merton 024,2025,30,30,336750.0,5900.0,1956.29,54.0,0,0.0,31,398900.0,5600.0,2134.15,56.05,0.0,-0.03225806451612903,-0.15580345951366256,0.05357142857142857,-0.08333997141719192,-0.03657448706512038,0.0
E02000713,Merton 025,2023,42,42,558795.0,8200.0,10728.36,68.1,0,0.0,38,660095.0,8250.0,10075.72,68.59,0.0,0.10526315789473684,-0.1534627591483044,-0.006060606060606061,0.0647735347945359,-0.007143898527482272,0.0
E02000713,Merton 025,2024,35,35,606585.0,9000.0,9179.94,68.345,0,0.0,38,660095.0,8250.0,10075.72,68.59,0.0,-0.07894736842105263,-0.08106408925987926,0.09090909090909091,-0.08890481275779784,-0.003571949263741136,0.0
E02000713,Merton 025,2025,35,35,606585.0,9000.0,9179.94,68.345,0,0.0,38,660095.0,8250.0,10075.72,68.59,0.0,-0.07894736842105263,-0.08106408925987926,0.09090909090909091,-0.08890481275779784,-0.003571949263741136,0.0
E02000714,Newham 001,2023,99,99,1211825.0,9800.0,8172.73,67.11,0,0.0,97,1207875.0,9800.0,7980.16,67.11,0.0,0.020618556701030927,0.003270205940184208,0.0,0.024131095115887364,0.0,0.0
E02000714,Newham 001,2024,96,96,1270450.0,10750.0,7398.43,61.36,0,0.0,97,1207875.0,9800.0,7980.16,67.11,0.0,-0.010309278350515464,0.051805857394184,0.09693877551020408,-0.07289703464592183,-0.08568022649381613,0.0
E02000714,Newham 001,2025,99,99,1286550.0,10750.0,7751.769999999999,61.28,0,0.0,97,1207875.0,9800.0,7980.16,67.11,0.0,0.020618556701030927,0.06513505122632723,0.09693877551020408,-0.02861972692276862,-0.0868722992102518,0.0
E02000715,Newham 002,2023,77,77,1094200.0,11500.0,8673.37,64.0,0,0.0,75,1124150.0,11500.0,8286.25,63.8,0.0,0.02666666666666667,-0.02664235199928835,0.0,0.046718358726806554,0.0031347962382445587,0.0
E02000715,Newham 002,2024,70,70,1168500.0,12250.0,8052.769999999999,60.870000000000005,1,0.0142857142857142,75,1124150.0,11500.0,8286.25,63.8,0.0,-0.06666666666666667,0.039452030422986256,0.06521739130434782,-0.028176798913863495,-0.045924764890282015,0.0142857142857142
E02000715,Newham 002,2025,70,70,1168500.0,12250.0,8052.769999999999,60.870000000000005,0,0.0,75,1124150.0,11500.0,8286.25,63.8,0.0,-0.06666666666666667,0.039452030422986256,0.06521739130434782,-0.028176798913863495,-0.045924764890282015,0.0
E02000716,Newham 003,2023,116,116,1440375.0,12000.0,13309.46,72.07,0,0.0,77,1394750.0,13000.0,10666.21,86.1,0.0,0.5064935064935064,0.032711955547589176,-0.07692307692307693,0.2478152970924068,-0.16295005807200932,0.0
E02000716,Newham 003,2024,101,101,1617925.0,13125.0,9686.17,69.33,0,0.0,77,1394750.0,13000.0,10666.21,86.1,0.0,0.3116883116883117,0.1600107546155225,0.009615384615384616,-0.091882683727397,-0.19477351916376304,0.0
E02000716,Newham 003,2025,101,101,1617925.0,13125.0,9686.17,69.33,0,0.0,77,1394750.0,13000.0,10666.21,86.1,0.0,0.3116883116883117,0.1600107546155225,0.009615384615384616,-0.091882683727397,-0.19477351916376304,0.0
E02000717,Newham 004,2023,227,227,3065500.0,12000.0,21081.24,69.4,0,0.0,219,3110100.0,12000.0,20852.35,70.3,0.0,0.0365296803652968,-0.014340374907559243,0.0,0.010976700467813127,-0.012802275960170577,0.0
E02000717,Newham 004,2024,215,215,3351500.0,13000.0,19202.79,67.8,0,0.0,219,3110100.0,12000.0,20852.35,70.3,0.0,-0.0182648401826484,0.0776180830198386,0.08333333333333333,-0.0791066714303183,-0.03556187766714083,0.0
E02000717,Newham 004,2025,216,216,3337000.0,13000.0,19240.66,67.66,0,0.0,219,3110100.0,12000.0,20852.35,70.3,0.0,-0.0136986301369863,0.07295585350953346,0.08333333333333333,-0.07729056916846297,-0.03755334281650072,0.0
E02000718,Newham 005,2023,35,35,272725.0,7400.0,3143.32,102.99,0,0.0,35,274650.0,7400.0,3143.32,102.99,0.0,0.0,-0.007008920444201711,0.0,0.0,0.0,0.0
E02000718,Newham 005,2024,34,34,320375.0,7500.0,3126.82,109.27,0,0.0,35,274650.0,7400.0,3143.32,102.99,0.0,-0.02857142857142857,0.1664846167849991,0.013513513513513514,-0.005249226932033646,0.060976793863481905,0.0
E02000718,Newham 005,2025,34,34,320375.0,7500.0,3126.82,109.27,0,0.0,35,274650.0,7400.0,3143.32,102.99,0.0,-0.02857142857142857,0.1664846167849991,0.013513513513513514,-0.005249226932033646,0.060976793863481905,0.0
E02000719,Newham 006,2023,59,59,925100.0,13000.0,4885.86,62.06,1,0.0169491525423728,54,897750.0,14000.0,4672.56,63.435,0.0185185185185185,0.09259259259259259,0.030465051517683098,-0.07142857142857142,0.045649494067491754,-0.021675731063293135,-0.0015693659761456986
E02000719,Newham 006,2024,58,58,1009150.0,14500.0,4783.36,61.555,1,0.0172413793103448,54,897750.0,14000.0,4672.56,63.435,0.0185185185185185,0.07407407407407407,0.1240879977722083,0.03571428571428571,0.023712911123666525,-0.029636635926539017,-0.0012771392081737006
E02000719,Newham 006,2025,58,58,1009150.0,14500.0,4783.36,61.555,0,0.0,54,897750.0,14000.0,4672.56,63.435,0.0185185185185185,0.07407407407407407,0.1240879977722083,0.03571428571428571,0.023712911123666525,-0.029636635926539017,-0.0185185185185185
E02000720,Newham 007,2023,138,138,1797575.0,9600.0,10866.45,69.12,2,0.0144927536231884,131,1808750.0,9700.0,10233.38,67.185,0.0,0.05343511450381679,-0.006178299930891499,-0.010309278350515464,0.06186323580283363,0.02880107166778302,0.0144927536231884
E02000720,Newham 007,2024,132,132,2018100.0,12000.0,10420.38,68.2,2,0.0151515151515151,131,1808750.0,9700.0,10233.38,67.185,0.0,0.007633587786259542,0.11574291637871459,0.23711340206185566,0.01827353230311002,0.015107538885167828,0.0151515151515151
E02000720,Newham 007,2025,132,132,2008600.0,12000.0,10216.63,68.2,0,0.0,131,1808750.0,9700.0,10233.38,67.185,0.0,0.007633587786259542,0.11049067035245336,0.23711340206185566,-0.0016368003533534375,0.015107538885167828,0.0
E02000721,Newham 008,2023,270,270,3867920.0,12250.0,29050.45,86.5,0,0.0,256,4205270.0,13000.0,27139.66,86.58,0.0,0.0546875,-0.0802207706045034,-0.057692307692307696,0.0704058193801986,-0.0009240009240009043,0.0
E02000721,Newham 008,2024,243,243,4328035.0,14750.0,25647.91,85.535,0,0.0,256,4205270.0,13000.0,27139.66,86.58,0.0,-0.05078125,0.029193131475505736,0.1346153846153846,-0.05496568490541149,-0.01206976206976209,0.0
E02000721,Newham 008,2025,248,248,4706350.0,14875.0,27310.92,85.59,0,0.0,256,4205270.0,13000.0,27139.66,86.58,0.0,-0.03125,0.11915525043576275,0.14423076923076922,0.006310322236903425,-0.011434511434511376,0.0
E02000722,Newham 009,2023,24,24,403400.0,4700.0,2097.03,24.11,0,0.0,22,413275.0,4600.0,1995.23,24.11,0.0,0.09090909090909091,-0.023894501240094367,0.021739130434782608,0.05102168672283405,0.0,0.0
E02000722,Newham 009,2024,17,17,346635.0,5200.0,1548.22,22.635,0,0.0,22,413275.0,4600.0,1995.23,24.11,0.0,-0.22727272727272727,-0.16124856330530518,0.13043478260869565,-0.22403933381113955,-0.061177934467026046,0.0
E02000722,Newham 009,2025,17,17,346635.0,5200.0,1548.22,22.635,0,0.0,22,413275.0,4600.0,1995.23,24.11,0.0,-0.22727272727272727,-0.16124856330530518,0.13043478260869565,-0.22403933381113955,-0.061177934467026046,0.0
E02000723,Newham 010,2023,157,157,3044875.0,17750.0,17767.14,99.25,0,0.0,154,3082375.0,17750.0,17484.48,99.4,0.0,0.01948051948051948,-0.012165943468916014,0.0,0.016166337231647718,-0.0015090543259557916,0.0
E02000723,Newham 010,2024,151,151,3675200.0,22250.0,17230.94,99.52,0,0.0,154,3082375.0,17750.0,17484.48,99.4,0.0,-0.01948051948051948,0.19232734498560364,0.2535211267605634,-0.0145008601914384,0.0012072434607644901,0.0
E02000723,Newham 010,2025,152,152,3639200.0,22250.0,17461.28,99.64,0,0.0,154,3082375.0,17750.0,17484.48,99.4,0.0,-0.012987012987012988,0.18064803925544426,0.2535211267605634,-0.001326891048518499,0.0024144869215291234,0.0
E02000724,Newham 011,2023,48,48,642050.0,13250.0,4027.55,65.55,0,0.0,46,627925.0,11500.0,3841.44,65.55,0.0,0.043478260869565216,0.022494724688458017,0.15217391304347827,0.04844797784164275,0.0,0.0
E02000724,Newham 011,2024,39,39,766750.0,16000.0,3893.15,88.32,0,0.0,46,627925.0,11500.0,3841.44,65.55,0.0,-0.15217391304347827,0.2210853206991281,0.391304347826087,0.013461097921612738,0.34736842105263155,0.0
E02000724,Newham 011,2025,39,39,766750.0,16000.0,3893.15,88.32,0,0.0,46,627925.0,11500.0,3841.44,65.55,0.0,-0.15217391304347827,0.2210853206991281,0.391304347826087,0.013461097921612738,0.34736842105263155,0.0
E02000725,Newham 012,2023,452,452,14806150.0,11750.0,65964.83,55.415,0,0.0,387,15503720.0,14000.0,63494.98,68.3,0.0,0.16795865633074936,-0.04499371763679943,-0.16071428571428573,0.03889835070426038,-0.18865300146412883,0.0
E02000725,Newham 012,2024,415,415,15615925.0,14375.0,59270.94,53.35,1,0.0024096385542168,387,15503720.0,14000.0,63494.98,68.3,0.0,0.07235142118863049,0.0072372953071907905,0.026785714285714284,-0.06652557414775154,-0.2188872620790629,0.0024096385542168
E02000725,Newham 012,2025,416,416,15583125.0,14250.0,59284.47,53.0,0,0.0,387,15503720.0,14000.0,63494.98,68.3,0.0,0.07493540051679587,0.0051216740240406814,0.017857142857142856,-0.0663124864359356,-0.22401171303074668,0.0
E02000727,Newham 014,2023,382,382,5287625.0,9800.0,29994.46,59.75,0,0.0,295,4997075.0,9900.0,26797.08,69.66499999999999,0.0,0.29491525423728815,0.05814401424833528,-0.010101010101010102,0.11931822422443032,-0.14232397904256072,0.0
E02000727,Newham 014,2024,350,350,6727525.0,13375.0,23812.59,56.400000000000006,1,0.0028571428571428,295,4997075.0,9900.0,26797.08,69.66499999999999,0.0,0.1864406779661017,0.3462925811599786,0.351010101010101,-0.11137370191080526,-0.19041125385774763,0.0028571428571428
E02000727,Newham 014,2025,359,359,7026815.0,13250.0,26696.68,56.78,0,0.0,295,4997075.0,9900.0,26797.08,69.66499999999999,0.0,0.21694915254237288,0.4061856185868733,0.3383838383838384,-0.0037466768767343847,-0.1849565779085623,0.0
E02000728,Newham 015,2023,17,17,106775.0,5400.0,1186.39,48.0,0,0.0,17,106775.0,5400.0,1186.39,48.0,0.0,0.0,0.0,0.0,0.0,0.0,0.0
E02000728,Newham 015,2024,17,17,136750.0,7000.0,1186.39,48.0,0,0.0,17,106775.0,5400.0,1186.39,48.0,0.0,0.0,0.28073050807773353,0.2962962962962963,0.0,0.0,0.0
E02000728,Newham 015,2025,17,17,136750.0,7000.0,1186.39,48.0,0,0.0,17,106775.0,5400.0,1186.39,48.0,0.0,0.0,0.28073050807773353,0.2962962962962963,0.0,0.0,0.0
E02000729,Newham 016,2023,61,61,446810.0,7300.0,3380.61,54.94,0,0.0,58,460010.0,7500.0,3326.22,54.94,0.0,0.05172413793103448,-0.0286950283689485,-0.02666666666666667,0.01635189494381019,0.0,0.0
E02000729,Newham 016,2024,54,54,479490.0,8100.0,3093.26,55.16,0,0.0,58,460010.0,7500.0,3326.22,54.94,0.0,-0.06896551724137931,0.042346905502054305,0.08,-0.0700374599395108,0.004004368401892953,0.0
E02000729,Newham 016,2025,54,54,479490.0,8100.0,3093.26,55.16,0,0.0,58,460010.0,7500.0,3326.22,54.94,0.0,-0.06896551724137931,0.042346905502054305,0.08,-0.0700374599395108,0.004004368401892953,0.0
E02000730,Newham 017,2023,262,262,6322675.0,21750.0,30440.05,77.75,0,0.0,251,6517275.0,21250.0,28915.74,77.25,0.0,0.043824701195219126,-0.029859105224192627,0.023529411764705882,0.052715579819157234,0.006472491909385114,0.0
E02000730,Newham 017,2024,240,240,7251475.0,23250.0,26208.55,77.5,0,0.0,251,6517275.0,21250.0,28915.74,77.25,0.0,-0.043824701195219126,0.11265444530114196,0.09411764705882353,-0.09362340372406178,0.003236245954692557,0.0
E02000730,Newham 017,2025,240,240,7187575.0,23250.0,26202.55,77.5,0,0.0,251,6517275.0,21250.0,28915.74,77.25,0.0,-0.043824701195219126,0.10284973397624007,0.09411764705882353,-0.09383090316900076,0.003236245954692557,0.0
E02000731,Newham 018,2023,358,358,11984950.0,23625.0,64234.76,100.37,1,0.0027932960893854,325,11942350.0,24250.0,60895.14,102.4,0.003076923076923,0.10153846153846154,0.0035671371212533548,-0.02577319587628866,0.054842143396008326,-0.01982421875000001,-0.00028362698753760024
E02000731,Newham 018,2024,338,338,12064550.0,26500.0,61428.86,99.67,1,0.0029585798816568,325,11942350.0,24250.0,60895.14,102.4,0.003076923076923,0.04,0.01023249192998028,0.09278350515463918,0.00876457464421629,-0.02666015625000004,-0.00011834319526620026
E02000731,Newham 018,2025,356,356,12991850.0,27125.0,64879.15,99.485,0,0.0,325,11942350.0,24250.0,60895.14,102.4,0.003076923076923,0.09538461538461539,0.08788052602712197,0.11855670103092783,0.0654241044523422,-0.02846679687500006,-0.003076923076923
E02000732,Newham 019,2023,92,92,1061125.0,9050.0,6799.39,61.555,0,0.0,90,1139925.0,9050.0,6696.44,61.555,0.0,0.022222222222222223,-0.06912735486983793,0.0,0.015373840428645778,0.0,0.0
E02000732,Newham 019,2024,86,86,1405625.0,11000.0,6445.33,60.355,0,0.0,90,1139925.0,9050.0,6696.44,61.555,0.0,-0.044444444444444446,0.23308551001162356,0.2154696132596685,-0.037499029334989886,-0.019494760783039605,0.0
E02000732,Newham 019,2025,87,87,1405625.0,11000.0,6609.61,61.61,0,0.0,90,1139925.0,9050.0,6696.44,61.555,0.0,-0.03333333333333333,0.23308551001162356,0.2154696132596685,-0.012966591203684336,0.0008935098692226418,0.0
E02000733,Newham 020,2023,44,44,399250.0,8500.0,4171.32,66.185,0,0.0,43,529900.0,8500.0,4129.21,67.6,0.0,0.023255813953488372,-0.24655595395357616,0.0,0.010198076629670002,-0.020931952662721777,0.0
E02000733,Newham 020,2024,41,41,495060.0,10500.0,3062.02,63.8,0,0.0,43,529900.0,8500.0,4129.21,67.6,0.0,-0.046511627906976744,-0.0657482543876203,0.23529411764705882,-0.25844895270523904,-0.05621301775147925,0.0
E02000733,Newham 020,2025,41,41,495060.0,10500.0,3062.02,63.8,0,0.0,43,529900.0,8500.0,4129.21,67.6,0.0,-0.046511627906976744,-0.0657482543876203,0.23529411764705882,-0.25844895270523904,-0.05621301775147925,0.0
E02000734,Newham 021,2023,79,79,884850.0,11625.0,10865.18,64.9,0,0.0,76,1280450.0,11750.0,10601.35,64.95,0.0,0.039473684210526314,-0.30895388340036706,-0.010638297872340425,0.024886453140401922,-0.0007698229407235898,0.0
E02000734,Newham 021,2024,72,72,1034110.0,13500.0,5339.11,64.75,1,0.0138888888888888,76,1280450.0,11750.0,10601.35,64.95,0.0,-0.05263157894736842,-0.19238548947635598,0.14893617021276595,-0.49637451833964547,-0.003079291762894578,0.0138888888888888
E02000734,Newham 021,2025,72,72,1034110.0,13500.0,5339.11,64.75,0,0.0,76,1280450.0,11750.0,10601.35,64.95,0.0,-0.05263157894736842,-0.19238548947635598,0.14893617021276595,-0.49637451833964547,-0.003079291762894578,0.0
E02000735,Newham 022,2023,142,142,1745975.0,10000.0,12897.33,71.55000000000001,0,0.0,137,1748875.0,9900.0,12472.75,71.3,0.0,0.0364963503649635,-0.0016582088485454936,0.010101010101010102,0.034040608526587954,0.0035063113604490073,0.0
E02000735,Newham 022,2024,133,133,1951660.0,12500.0,12223.5,71.7,0,0.0,137,1748875.0,9900.0,12472.75,71.3,0.0,-0.029197080291970802,0.11595168322493031,0.26262626262626265,-0.01998356416989036,0.005610098176718172,0.0
E02000735,Newham 022,2025,135,135,1951860.0,12250.0,12257.2,71.55000000000001,0,0.0,137,1748875.0,9900.0,12472.75,71.3,0.0,-0.014598540145985401,0.11606604245586448,0.23737373737373738,-0.017281674049427695,0.0035063113604490073,0.0
E02000736,Newham 023,2023,43,43,460000.0,8900.0,3605.73,65.5,0,0.0,43,459100.0,8800.0,3626.54,65.5,0.0,0.0,0.001960357220649096,0.011363636363636364,-0.005738251887473996,0.0,0.0
E02000736,Newham 023,2024,43,43,564100.0,11500.0,3582.63,65.5,0,0.0,43,459100.0,8800.0,3626.54,65.5,0.0,0.0,0.2287083424090612,0.3068181818181818,-0.012107959653002546,0.0,0.0
E02000736,Newham 023,2025,43,43,556900.0,11500.0,3582.63,65.5,0,0.0,43,459100.0,8800.0,3626.54,65.5,0.0,0.0,0.21302548464386845,0.3068181818181818,-0.012107959653002546,0.0,0.0
E02000737,Newham 024,2023,57,57,748050.0,8800.0,5698.07,62.265,0,0.0,55,728600.0,8700.0,5623.36,66.88,0.0,0.03636363636363636,0.026695031567389515,0.011494252873563218,0.013285651283218581,-0.06900418660287075,0.0
E02000737,Newham 024,2024,55,55,912400.0,10500.0,5650.31,66.88,0,0.0,55,728600.0,8700.0,5623.36,66.88,0.0,0.0,0.25226461707384024,0.20689655172413793,0.004792508393558429,0.0,0.0
E02000737,Newham 024,2025,57,57,921650.0,10500.0,6081.11,67.775,0,0.0,55,728600.0,8700.0,5623.36,66.88,0.0,0.03636363636363636,0.2649601976393083,0.20689655172413793,0.08140151084049395,0.013382177033492976,0.0
E02000738,Newham 025,2023,82,82,952375.0,10500.0,8235.9,88.14,0,0.0,81,975975.0,10500.0,8186.5,88.47,0.0,0.012345679012345678,-0.024180947257870334,0.0,0.006034324803029333,-0.0037300779925398247,0.0
E02000738,Newham 025,2024,77,77,1237425.0,13875.0,7826.82,88.47,0,0.0,81,975975.0,10500.0,8186.5,88.47,0.0,-0.04938271604938271,0.2678859601936525,0.32142857142857145,-0.043935747877603404,0.0,0.0
E02000738,Newham 025,2025,77,77,1237425.0,14000.0,7826.82,88.47,0,0.0,81,975975.0,10500.0,8186.5,88.47,0.0,-0.04938271604938271,0.2678859601936525,0.3333333333333333,-0.043935747877603404,0.0,0.0
E02000739,Newham 026,2023,74,74,822550.0,8900.0,7477.73,65.2,0,0.0,72,789250.0,8550.0,6177.28,64.0,0.0,0.027777777777777776,0.04219195438707634,0.04093567251461988,0.21052145928305013,0.018750000000000044,0.0
E02000739,Newham 026,2024,70,70,992650.0,10625.0,6738.42,60.62,0,0.0,72,789250.0,8550.0,6177.28,64.0,0.0,-0.027777777777777776,0.25771301868862845,0.24269005847953215,0.09083933381682559,-0.05281250000000004,0.0
E02000739,Newham 026,2025,72,72,1019150.0,10750.0,7408.86,64.0,0,0.0,72,789250.0,8550.0,6177.28,64.0,0.0,0.0,0.2912891986062718,0.2573099415204678,0.19937253937007873,0.0,0.0
E02000740,Newham 027,2023,61,61,290570.0,3550.0,2848.51,27.8,0,0.0,59,271620.0,3500.0,2772.92,27.8,0.0,0.03389830508474576,0.06976658567115823,0.014285714285714285,0.02726007241463877,0.0,0.0
E02000740,Newham 027,2024,59,59,333350.0,7650.0,2687.27,26.71,0,0.0,59,271620.0,3500.0,2772.92,27.8,0.0,0.0,0.2272660334290553,1.1857142857142857,-0.030888016964066792,-0.03920863309352517,0.0
E02000740,Newham 027,2025,60,60,424350.0,8400.0,2991.27,27.255000000000003,0,0.0,59,271620.0,3500.0,2772.92,27.8,0.0,0.01694915254237288,0.5622929092113983,1.4,0.07874370699479245,-0.019604316546762524,0.0
E02000741,Newham 028,2023,69,69,663125.0,8650.0,4732.9,59.0,0,0.0,69,665075.0,8650.0,4772.87,61.23,0.0,0.0,-0.002932000150358982,0.0,-0.00837441623174322,-0.036420055528335736,0.0
E02000741,Newham 028,2024,68,68,833000.0,11000.0,4333.6900000000005,58.25,0,0.0,69,665075.0,8650.0,4772.87,61.23,0.0,-0.014492753623188406,0.2524903206405293,0.27167630057803466,-0.09201591495263843,-0.0486689531275518,0.0
E02000741,Newham 028,2025,68,68,821950.0,11000.0,4333.6900000000005,58.25,0,0.0,69,665075.0,8650.0,4772.87,61.23,0.0,-0.014492753623188406,0.23587565312182837,0.27167630057803466,-0.09201591495263843,-0.0486689531275518,0.0
E02000742,Newham 029,2023,25,25,215125.0,8550.0,1960.69,89.9,0,0.0,24,215525.0,8550.0,1870.79,82.6,0.0,0.041666666666666664,-0.0018559331864052894,0.0,0.0480545651836925,0.08837772397094446,0.0
E02000742,Newham 029,2024,24,24,271250.0,10875.0,1870.79,82.6,0,0.0,24,215525.0,8550.0,1870.79,82.6,0.0,0.0,0.2585546920310869,0.2719298245614035,0.0,0.0,0.0
E02000742,Newham 029,2025,24,24,271250.0,10875.0,1870.79,82.6,0,0.0,24,215525.0,8550.0,1870.79,82.6,0.0,0.0,0.2585546920310869,0.2719298245614035,0.0,0.0,0.0
E02000743,Newham 030,2023,249,249,2639425.0,9200.0,23058.63,61.86,0,0.0,234,2586800.0,8950.0,21440.2,60.77,0.0,0.0641025641025641,0.020343667852172568,0.027932960893854747,0.07548576972229738,0.017936481816685803,0.0
E02000743,Newham 030,2024,226,226,3162790.0,11000.0,20675.56,60.86,0,0.0,234,2586800.0,8950.0,21440.2,60.77,0.0,-0.03418803418803419,0.22266506881088605,0.22905027932960895,-0.03566384641934307,0.0014809939114694142,0.0
E02000743,Newham 030,2025,227,227,3157540.0,11000.0,20677.28,60.635000000000005,0,0.0,234,2586800.0,8950.0,21440.2,60.77,0.0,-0.029914529914529916,0.2206355342508118,0.22905027932960895,-0.03558362328709629,-0.0022214908672041796,0.0
E02000744,Newham 031,2023,113,113,1105900.0,8100.0,8874.2,54.0,1,0.0088495575221238,109,1053200.0,8150.0,8151.7,52.72,0.0,0.03669724770642202,0.05003797949107482,-0.006134969325153374,0.0886318191297522,0.024279210925644938,0.0088495575221238
E02000744,Newham 031,2024,104,104,1274600.0,9900.0,7879.29,53.55,0,0.0,109,1053200.0,8150.0,8151.7,52.72,0.0,-0.045871559633027525,0.21021648309912647,0.2147239263803681,-0.03341756934136436,0.015743550834597844,0.0
E02000744,Newham 031,2025,103,103,1257200.0,9900.0,7801.79,53.3,0,0.0,109,1053200.0,8150.0,8151.7,52.72,0.0,-0.05504587155963303,0.19369540448157996,0.2147239263803681,-0.04292478869438275,0.011001517450682822,0.0
E02000745,Newham 032,2023,11,11,85150.0,5300.0,945.02,75.45,0,0.0,11,83750.0,4400.0,899.76,41.6,0.0,0.0,0.01671641791044776,0.20454545454545456,0.050302302836311895,0.8137019230769231,0.0
E02000745,Newham 032,2024,11,11,100150.0,6400.0,945.02,75.45,0,0.0,11,83750.0,4400.0,899.76,41.6,0.0,0.0,0.19582089552238807,0.45454545454545453,0.050302302836311895,0.8137019230769231,0.0
E02000745,Newham 032,2025,11,11,100150.0,6400.0,945.02,75.45,0,0.0,11,83750.0,4400.0,899.76,41.6,0.0,0.0,0.19582089552238807,0.45454545454545453,0.050302302836311895,0.8137019230769231,0.0
E02000746,Newham 033,2023,114,114,22843600.0,100500.0,158898.08,405.48,0,0.0,102,23177850.0,125000.0,149772.24,413.315,0.0,0.11764705882352941,-0.01442109600329625,-0.196,0.060931451649517944,-0.018956485973168114,0.0
E02000746,Newham 033,2024,110,110,17368650.0,106500.0,113792.72,365.5,0,0.0,102,23177850.0,125000.0,149772.24,413.315,0.0,0.0784313725490196,-0.25063584413567264,-0.148,-0.24022822920989892,-0.11568658287262741,0.0
E02000746,Newham 033,2025,117,117,17224575.0,86250.0,116237.6,327.9,0,0.0,102,23177850.0,125000.0,149772.24,413.315,0.0,0.14705882352941177,-0.25685190817957665,-0.31,-0.22390424286903893,-0.20665835984660616,0.0
E02000747,Newham 034,2023,88,88,3290675.0,14750.0,23890.94,92.39,0,0.0,71,2087100.0,15000.0,16095.68,94.75,0.0,0.23943661971830985,0.5766733745388338,-0.016666666666666666,0.4843075906081631,-0.024907651715039572,0.0
E02000747,Newham 034,2024,78,78,3526860.0,17875.0,18158.28,92.56,1,0.0128205128205128,71,2087100.0,15000.0,16095.68,94.75,0.0,0.09859154929577464,0.6898375736668104,0.19166666666666668,0.12814618580886292,-0.023113456464379924,0.0128205128205128
E02000747,Newham 034,2025,100,100,4541610.0,18375.0,22222.17,85.23,0,0.0,71,2087100.0,15000.0,16095.68,94.75,0.0,0.4084507042253521,1.1760385223515883,0.225,0.38062946082427074,-0.10047493403693927,0.0
E02000748,Newham 035,2023,15,15,229745.0,6700.0,1209.94,30.68,0,0.0,14,229745.0,6700.0,1195.54,30.68,0.0,0.07142857142857142,0.0,0.0,0.012044766381718797,0.0,0.0
E02000748,Newham 035,2024,11,11,277400.0,10250.0,1139.16,37.8,0,0.0,14,229745.0,6700.0,1195.54,30.68,0.0,-0.21428571428571427,0.20742562406145945,0.5298507462686567,-0.047158606152868064,0.2320730117340286,0.0
E02000748,Newham 035,2025,11,11,277400.0,10250.0,1139.16,37.8,0,0.0,14,229745.0,6700.0,1195.54,30.68,0.0,-0.21428571428571427,0.20742562406145945,0.5298507462686567,-0.047158606152868064,0.2320730117340286,0.0
E02000749,Newham 036,2023,37,37,683725.0,5600.0,2860.08,54.4,1,0.027027027027027,33,623250.0,5600.0,2583.46,60.45,0.0,0.12121212121212122,0.09703168872843963,0.0,0.10707345962391517,-0.10008271298593886,0.027027027027027
E02000749,Newham 036,2024,37,37,750000.0,6700.0,2860.08,54.4,0,0.0,33,623250.0,5600.0,2583.46,60.45,0.0,0.12121212121212122,0.20336943441636582,0.19642857142857142,0.10707345962391517,-0.10008271298593886,0.0
E02000749,Newham 036,2025,37,37,750000.0,6700.0,2860.08,54.4,0,0.0,33,623250.0,5600.0,2583.46,60.45,0.0,0.12121212121212122,0.20336943441636582,0.19642857142857142,0.10707345962391517,-0.10008271298593886,0.0
E02000751,Redbridge 001,2023,113,113,3128800.0,17500.0,21496.93,75.76,5,0.0442477876106194,108,3320500.0,17375.0,17648.13,71.1,0.0648148148148148,0.046296296296296294,-0.05773226923656076,0.007194244604316547,0.21808542888113353,0.06554149085794671,-0.0205670272041954
E02000751,Redbridge 001,2024,97,97,3351875.0,19000.0,16059.48,70.1,0,0.0,108,3320500.0,17375.0,17648.13,71.1,0.0648148148148148,-0.10185185185185185,0.009448878180996838,0.09352517985611511,-0.09001803590522063,-0.014064697609001408,-0.0648148148148148
E02000751,Redbridge 001,2025,98,98,3412125.0,19250.0,16241.08,70.705,0,0.0,108,3320500.0,17375.0,17648.13,71.1,0.0648148148148148,-0.09259259259259259,0.027593735883150127,0.1079136690647482,-0.07972799384410706,-0.0055555555555555,-0.0648148148148148
E02000752,Redbridge 002,2023,60,60,837100.0,14250.0,8453.96,84.21000000000001,1,0.0166666666666666,59,910030.0,14250.0,8444.0,85.5,0.0,0.01694915254237288,-0.08014021515774206,0.0,0.0011795357650401619,-0.015087719298245521,0.0166666666666666
E02000752,Redbridge 002,2024,54,54,810225.0,13375.0,6839.94,82.92,0,0.0,59,910030.0,14250.0,8444.0,85.5,0.0,-0.0847457627118644,-0.10967220860850742,-0.06140350877192982,-0.18996447181430606,-0.03017543859649121,0.0
E02000752,Redbridge 002,2025,54,54,810225.0,13375.0,6839.94,82.92,0,0.0,59,910030.0,14250.0,8444.0,85.5,0.0,-0.0847457627118644,-0.10967220860850742,-0.06140350877192982,-0.18996447181430606,-0.03017543859649121,0.0
E02000753,Redbridge 003,2023,5,5,59700.0,13750.0,234.98,51.67,0,0.0,5,59700.0,13750.0,234.98,51.67,0.2,0.0,0.0,0.0,0.0,0.0,-0.2
E02000753,Redbridge 003,2024,5,5,56900.0,12750.0,234.98,51.67,0,0.0,5,59700.0,13750.0,234.98,51.67,0.2,0.0,-0.04690117252931323,-0.07272727272727272,0.0,0.0,-0.2
E02000753,Redbridge 003,2025,5,5,56900.0,12750.0,234.98,51.67,0,0.0,5,59700.0,13750.0,234.98,51.67,0.2,0.0,-0.04690117252931323,-0.07272727272727272,0.0,0.0,-0.2
E02000754,Redbridge 004,2023,72,72,821625.0,11000.0,6169.35,56.9,6,0.0833333333333333,69,869325.0,11000.0,5963.400000000001,58.55,0.0579710144927536,0.043478260869565216,-0.054870157881114656,0.0,0.03453566757219033,-0.028181041844577263,0.025362318840579698
E02000754,Redbridge 004,2024,65,65,985175.0,14450.0,5320.64,60.6,0,0.0,69,869325.0,11000.0,5963.400000000001,58.55,0.0579710144927536,-0.057971014492753624,0.1332643142668162,0.31363636363636366,-0.10778414998155417,0.03501280956447488,-0.0579710144927536
E02000754,Redbridge 004,2025,65,65,921175.0,14500.0,5341.87,60.6,0,0.0,69,869325.0,11000.0,5963.400000000001,58.55,0.0579710144927536,-0.057971014492753624,0.05964397664854916,0.3181818181818182,-0.10422410034544062,0.03501280956447488,-0.0579710144927536
E02000755,Redbridge 005,2023,65,65,1028150.0,10500.0,7843.01,67.13499999999999,1,0.0153846153846153,64,1017650.0,10500.0,7285.07,65.55,0.03125,0.015625,0.010317889254655334,0.0,0.07658677267342669,0.024180015255530034,-0.015865384615384698
E02000755,Redbridge 005,2024,62,62,1200800.0,13750.0,7194.22,65.32499999999999,0,0.0,64,1017650.0,10500.0,7285.07,65.55,0.03125,-0.03125,0.17997346828477373,0.30952380952380953,-0.012470710645196196,-0.0034324942791763317,-0.03125
E02000755,Redbridge 005,2025,62,62,1200800.0,13750.0,7194.22,65.32499999999999,0,0.0,64,1017650.0,10500.0,7285.07,65.55,0.03125,-0.03125,0.17997346828477373,0.30952380952380953,-0.012470710645196196,-0.0034324942791763317,-0.03125
E02000756,Redbridge 006,2023,152,152,3616225.0,17500.0,21843.88,75.41,1,0.006578947368421,138,3614350.0,18750.0,21120.13,77.01,0.0,0.10144927536231885,0.0005187654765033823,-0.06666666666666667,0.0342682549775972,-0.02077652252954173,0.006578947368421
E02000756,Redbridge 006,2024,143,143,3918475.0,18375.0,20977.45,72.81,1,0.0069930069930069,138,3614350.0,18750.0,21120.13,77.01,0.0,0.036231884057971016,0.08414376028884862,-0.02,-0.006755640235169021,-0.05453837164004678,0.0069930069930069
E02000756,Redbridge 006,2025,142,142,3897525.0,18775.0,20976.45,73.0,0,0.0,138,3614350.0,18750.0,21120.13,77.01,0.0,0.028985507246376812,0.07834742069805083,0.0013333333333333333,-0.006802988428575027,-0.05207115958966374,0.0
E02000757,Redbridge 007,2023,254,254,6773670.0,14750.0,39968.2,65.83500000000001,9,0.0354330708661417,244,6944035.0,15625.0,39683.58,68.08000000000001,0.0368852459016393,0.040983606557377046,-0.024534006525024715,-0.056,0.007172235972661623,-0.03297591069330206,-0.0014521750354976048
E02000757,Redbridge 007,2024,233,233,8029845.0,17500.0,32161.46,61.98,0,0.0,244,6944035.0,15625.0,39683.58,68.08000000000001,0.0368852459016393,-0.045081967213114756,0.15636585933106617,0.12,-0.18955245469284784,-0.08960047003525286,-0.0368852459016393
E02000757,Redbridge 007,2025,236,236,7986545.0,17250.0,32695.62,62.2,0,0.0,244,6944035.0,15625.0,39683.58,68.08000000000001,0.0368852459016393,-0.03278688524590164,0.15013029168199757,0.104,-0.17609197557276846,-0.08636897767332563,-0.0368852459016393
E02000758,Redbridge 008,2023,20,20,190350.0,6100.0,1210.29,56.99,0,0.0,20,192450.0,6100.0,1210.29,56.99,0.0,0.0,-0.010911925175370226,0.0,0.0,0.0,0.0
E02000758,Redbridge 008,2024,20,20,204900.0,7250.0,1210.29,56.99,0,0.0,20,192450.0,6100.0,1210.29,56.99,0.0,0.0,0.0646921278254092,0.1885245901639344,0.0,0.0,0.0
E02000758,Redbridge 008,2025,20,20,204900.0,7250.0,1210.29,56.99,0,0.0,20,192450.0,6100.0,1210.29,56.99,0.0,0.0,0.0646921278254092,0.1885245901639344,0.0,0.0,0.0
E02000759,Redbridge 009,2023,104,104,1274975.0,10750.0,10293.33,60.86,4,0.0384615384615384,94,1321140.0,10250.0,9454.52,60.86,0.0212765957446808,0.10638297872340426,-0.03494330653829269,0.04878048780487805,0.08872052732449659,0.0,0.017184942716857603
E02000759,Redbridge 009,2024,92,92,1408850.0,12500.0,7812.64,58.49,3,0.0326086956521739,94,1321140.0,10250.0,9454.52,60.86,0.0212765957446808,-0.02127659574468085,0.06638963319557352,0.21951219512195122,-0.17366085216383276,-0.038941833716726874,0.0113320999074931
E02000759,Redbridge 009,2025,91,91,1408650.0,12500.0,7811.64,60.86,1,0.0109890109890109,94,1321140.0,10250.0,9454.52,60.86,0.0212765957446808,-0.031914893617021274,0.0662382487851401,0.21951219512195122,-0.17376662167936607,0.0,-0.010287584755669899
E02000760,Redbridge 010,2023,82,82,2143700.0,23875.0,12717.35,97.455,2,0.024390243902439,80,2200450.0,24500.0,12772.62,100.755,0.05,0.025,-0.0257901792815106,-0.025510204081632654,-0.004327224954629546,-0.03275271698675001,-0.025609756097561002
E02000760,Redbridge 010,2024,79,79,2603550.0,28250.0,12560.78,98.81,0,0.0,80,2200450.0,24500.0,12772.62,100.755,0.05,-0.0125,0.18318980208593696,0.15306122448979592,-0.016585477372692534,-0.019304252890675333,-0.05
E02000760,Redbridge 010,2025,78,78,2603350.0,28250.0,12559.78,100.755,0,0.0,80,2200450.0,24500.0,12772.62,100.755,0.05,-0.025,0.18309891158626646,0.15306122448979592,-0.016663769845184476,0.0,-0.05
E02000762,Redbridge 012,2023,92,92,1097300.0,11250.0,8403.55,64.93,2,0.0217391304347826,88,1196850.0,12250.0,7824.14,65.0,0.0113636363636363,0.045454545454545456,-0.0831766720975895,-0.08163265306122448,0.0740541452479121,-0.001076923076922972,0.010375494071146301
E02000762,Redbridge 012,2024,82,82,1349700.0,14125.0,6727.12,60.99,1,0.0121951219512195,88,1196850.0,12250.0,7824.14,65.0,0.0113636363636363,-0.06818181818181818,0.12771023937836823,0.15306122448979592,-0.14020965882512332,-0.061692307692307664,0.0008314855875832007
E02000762,Redbridge 012,2025,84,84,1378950.0,14375.0,6849.69,60.52,0,0.0,88,1196850.0,12250.0,7824.14,65.0,0.0113636363636363,-0.045454545454545456,0.15214939215440532,0.17346938775510204,-0.12454403934489934,-0.06892307692307688,-0.0113636363636363
E02000763,Redbridge 013,2023,33,33,2192050.0,9500.0,28576.52,46.025000000000006,0,0.0,31,2199550.0,9250.0,21203.73,43.08,0.0,0.06451612903225806,-0.003409788365802096,0.02702702702702703,0.3477119355886913,0.06836118848653686,0.0
E02000763,Redbridge 013,2024,31,31,2059650.0,11000.0,13668.92,43.08,0,0.0,31,2199550.0,9250.0,21203.73,43.08,0.0,0.0,-0.06360391898342843,0.1891891891891892,-0.3553530440163122,0.0,0.0
E02000763,Redbridge 013,2025,31,31,2059650.0,11000.0,13668.92,43.08,0,0.0,31,2199550.0,9250.0,21203.73,43.08,0.0,0.0,-0.06360391898342843,0.1891891891891892,-0.3553530440163122,0.0,0.0
E02000764,Redbridge 014,2023,167,167,3618060.0,18250.0,16843.21,78.45,6,0.0359281437125748,156,3687660.0,18250.0,16152.25,80.815,0.0192307692307692,0.07051282051282051,-0.01887375734205431,0.0,0.042777941153709184,-0.0292643692383839,0.0166973744818056
E02000764,Redbridge 014,2024,147,147,3891490.0,20250.0,15433.34,80.33,1,0.0068027210884353,156,3687660.0,18250.0,16152.25,80.815,0.0192307692307692,-0.057692307692307696,0.05527353389412256,0.1095890410958904,-0.04450835022984413,-0.006001361133452942,-0.0124280481423339
E02000764,Redbridge 014,2025,147,147,3895540.0,20250.0,15531.47,80.33,0,0.0,156,3687660.0,18250.0,16152.25,80.815,0.0192307692307692,-0.057692307692307696,0.056371791325664514,0.1095890410958904,-0.03843303564518879,-0.006001361133452942,-0.0192307692307692
E02000765,Redbridge 015,2023,145,145,1953120.0,12000.0,12226.27,61.7,8,0.0551724137931034,136,1890820.0,12000.0,10955.27,60.45,0.0220588235294117,0.0661764705882353,0.03294866777377011,0.0,0.11601722276128291,0.020678246484698095,0.0331135902636917
E02000765,Redbridge 015,2024,133,133,2375525.0,14250.0,10718.65,59.08,0,0.0,136,1890820.0,12000.0,10955.27,60.45,0.0220588235294117,-0.022058823529411766,0.25634645286172136,0.1875,-0.021598737411309882,-0.02266335814722919,-0.0220588235294117
E02000765,Redbridge 015,2025,132,132,2406325.0,14250.0,11000.19,59.2,0,0.0,136,1890820.0,12000.0,10955.27,60.45,0.0220588235294117,-0.029411764705882353,0.27263568187347287,0.1875,0.004100309713955025,-0.020678246484698095,-0.0220588235294117
E02000767,Redbridge 017,2023,45,45,3727500.0,12875.0,26494.55,147.01,1,0.0222222222222222,42,3730800.0,12875.0,21783.58,137.88,0.0238095238095238,0.07142857142857142,-0.0008845287873914442,0.0,0.21626243252945554,0.06621700029010731,-0.0015873015873016025
E02000767,Redbridge 017,2024,42,42,3939850.0,15375.0,25270.54,127.655,0,0.0,42,3730800.0,12875.0,21783.58,137.88,0.0238095238095238,0.0,0.056033558486115576,0.1941747572815534,0.1600728622200758,-0.07415868871482445,-0.0238095238095238
E02000767,Redbridge 017,2025,43,43,4320850.0,15750.0,27178.39,147.01,0,0.0,42,3730800.0,12875.0,21783.58,137.88,0.0238095238095238,0.023809523809523808,0.15815642757585505,0.22330097087378642,0.2476548850097182,0.06621700029010731,-0.0238095238095238
E02000770,Redbridge 020,2023,66,66,719325.0,10250.0,6039.76,68.4,3,0.0454545454545454,59,647900.0,10000.0,4667.07,66.9,0.0338983050847457,0.11864406779661017,0.11024077789782374,0.025,0.29412243656084025,0.02242152466367713,0.0115562403697997
E02000770,Redbridge 020,2024,58,58,822550.0,12500.0,5670.13,69.275,1,0.0172413793103448,59,647900.0,10000.0,4667.07,66.9,0.0338983050847457,-0.01694915254237288,0.26956320419817875,0.25,0.2149228530962682,0.03550074738415545,-0.0166569257744009
E02000770,Redbridge 020,2025,58,58,821800.0,12500.0,5656.06,69.275,0,0.0,59,647900.0,10000.0,4667.07,66.9,0.0338983050847457,-0.01694915254237288,0.2684056181509492,0.25,0.21190811365589132,0.03550074738415545,-0.0338983050847457
E02000772,Redbridge 022,2023,120,120,4672070.0,8300.0,46359.16,66.9,0,0.0,112,4734270.0,8500.0,36051.72,68.59,0.0267857142857142,0.07142857142857142,-0.013138245178242898,-0.023529411764705882,0.2859070246856461,-0.024639160227438367,-0.0267857142857142
E02000772,Redbridge 022,2024,106,106,4612420.0,11750.0,26032.37,64.0,0,0.0,112,4734270.0,8500.0,36051.72,68.59,0.0267857142857142,-0.05357142857142857,-0.02573786454933918,0.38235294117647056,-0.2779160051170929,-0.06691937600233275,-0.0267857142857142
E02000772,Redbridge 022,2025,106,106,4354670.0,11750.0,24858.56,64.0,0,0.0,112,4734270.0,8500.0,36051.72,68.59,0.0267857142857142,-0.05357142857142857,-0.08018131623249201,0.38235294117647056,-0.3104750619387924,-0.06691937600233275,-0.0267857142857142
E02000773,Redbridge 023,2023,88,88,1142200.0,9975.0,11480.98,68.36500000000001,2,0.0227272727272727,78,1136600.0,10375.0,9336.8,70.455,0.0512820512820512,0.1282051282051282,0.004926975189160654,-0.03855421686746988,0.22964827349841493,-0.02966432474629181,-0.028554778554778497
E02000773,Redbridge 023,2024,81,81,1333100.0,11750.0,9710.14,69.33,1,0.0123456790123456,78,1136600.0,10375.0,9336.8,70.455,0.0512820512820512,0.038461538461538464,0.1728840401196551,0.13253012048192772,0.03998586239396797,-0.01596763891845859,-0.038936372269705595
E02000773,Redbridge 023,2025,81,81,1321450.0,11625.0,9753.14,70.2,0,0.0,78,1136600.0,10375.0,9336.8,70.455,0.0512820512820512,0.038461538461538464,0.16263417209220482,0.12048192771084337,0.04459129466198271,-0.0036193314881838826,-0.0512820512820512
E02000774,Redbridge 024,2023,141,141,1881135.0,10500.0,19897.69,77.44999999999999,1,0.0070921985815602,128,2437635.0,10500.0,18478.96,77.09,0.0390625,0.1015625,-0.22829504827424943,0.0,0.07677542459099428,0.004669866389933651,-0.0319703014184398
E02000774,Redbridge 024,2024,130,130,2375890.0,13250.0,14297.6,77.09,0,0.0,128,2437635.0,10500.0,18478.96,77.09,0.0390625,0.015625,-0.025329879165666723,0.2619047619047619,-0.22627680345647153,0.0,-0.0390625
E02000774,Redbridge 024,2025,131,131,2373640.0,13250.0,14429.32,77.095,0,0.0,128,2437635.0,10500.0,18478.96,77.09,0.0390625,0.0234375,-0.02625290496731463,0.2619047619047619,-0.21914869667989972,6.485925541568884e-05,-0.0390625
E02000776,Redbridge 026,2023,99,99,1315700.0,8100.0,23879.81,64.45,4,0.0404040404040404,88,1316675.0,8250.0,13307.17,64.2,0.0227272727272727,0.125,-0.0007405016423946683,-0.01818181818181818,0.7945070214027476,0.003894080996884735,0.0176767676767677
E02000776,Redbridge 026,2024,77,77,1365325.0,9800.0,12053.429999999998,61.85,0,0.0,88,1316675.0,8250.0,13307.17,64.2,0.0227272727272727,-0.125,0.036949133233333965,0.18787878787878787,-0.09421537411786289,-0.03660436137071653,-0.0227272727272727
E02000776,Redbridge 026,2025,80,80,1471575.0,10200.0,12605.8,64.2,0,0.0,88,1316675.0,8250.0,13307.17,64.2,0.0227272727272727,-0.09090909090909091,0.11764482503275296,0.23636363636363636,-0.05270617268735582,0.0,-0.0227272727272727
E02000777,Redbridge 027,2023,13,13,68325.0,6100.0,745.04,53.86,1,0.0769230769230769,12,66875.0,5950.0,669.17,51.96,0.0833333333333333,0.08333333333333333,0.021682242990654205,0.025210084033613446,0.11337926087541284,0.03656658968437257,-0.006410256410256401
E02000777,Redbridge 027,2024,11,11,71875.0,6500.0,672.48,60.85,1,0.0909090909090909,12,66875.0,5950.0,669.17,51.96,0.0833333333333333,-0.08333333333333333,0.07476635514018691,0.09243697478991597,0.004946426169732743,0.17109314857582758,0.007575757575757597
E02000777,Redbridge 027,2025,11,11,71875.0,6500.0,672.48,60.85,0,0.0,12,66875.0,5950.0,669.17,51.96,0.0833333333333333,-0.08333333333333333,0.07476635514018691,0.09243697478991597,0.004946426169732743,0.17109314857582758,-0.0833333333333333
E02000779,Redbridge 029,2023,181,181,2946425.0,12000.0,23492.27,92.96,12,0.0662983425414364,167,3010075.0,12500.0,22045.05,93.285,0.0538922155688622,0.08383233532934131,-0.02114565251696386,-0.04,0.065648297463603,-0.003483947044004962,0.012406126972574205
E02000779,Redbridge 029,2024,147,147,3441950.0,14625.0,21467.05,92.81,1,0.0068027210884353,167,3010075.0,12500.0,22045.05,93.285,0.0538922155688622,-0.11976047904191617,0.1434764914495486,0.17,-0.02621903783389015,-0.005091922602776377,-0.0470894944804269
E02000779,Redbridge 029,2025,152,152,3400650.0,14375.0,21616.55,89.04,0,0.0,167,3010075.0,12500.0,22045.05,93.285,0.0538922155688622,-0.08982035928143713,0.12975590309211565,0.15,-0.019437470089657315,-0.045505708313233535,-0.0538922155688622
E02000781,Redbridge 031,2023,75,75,722125.0,9150.0,5931.8,63.5,2,0.0266666666666666,65,677025.0,10250.0,5264.9,63.57,0.0153846153846153,0.15384615384615385,0.06661496990509952,-0.1073170731707317,0.12666907253699036,-0.0011011483404121485,0.011282051282051299
E02000781,Redbridge 031,2024,64,64,787975.0,10750.0,4544.56,63.535,2,0.03125,65,677025.0,10250.0,5264.9,63.57,0.0153846153846153,-0.015384615384615385,0.16387873416786677,0.04878048780487805,-0.1368193128074606,-0.0005505741702061302,0.015865384615384698
E02000781,Redbridge 031,2025,68,68,803145.0,10750.0,4662.16,62.63,1,0.0147058823529411,65,677025.0,10250.0,5264.9,63.57,0.0153846153846153,0.046153846153846156,0.18628558768140024,0.04878048780487805,-0.11448270622423974,-0.014786849142677328,-0.0006787330316742005
E02000782,Redbridge 032,2023,234,234,5229850.0,18000.0,31515.4,68.515,9,0.0384615384615384,197,5069290.0,18750.0,29335.92,70.12,0.0558375634517766,0.18781725888324874,0.03167307453312002,-0.04,0.07429390317399295,-0.022889332572732513,-0.0173760249902382
E02000782,Redbridge 032,2024,202,202,6478720.0,22375.0,23895.83,69.8,0,0.0,197,5069290.0,18750.0,29335.92,70.12,0.0558375634517766,0.025380710659898477,0.2780330184305889,0.19333333333333333,-0.1854412610887948,-0.004563605248146141,-0.0558375634517766
E02000782,Redbridge 032,2025,203,203,6527720.0,22500.0,24120.11,69.96000000000001,0,0.0,197,5069290.0,18750.0,29335.92,70.12,0.0558375634517766,0.030456852791878174,0.2876990663386786,0.2,-0.17779602616860143,-0.002281802624072969,-0.0558375634517766
E02000783,Redbridge 033,2023,66,66,529575.0,8500.0,3930.28,28.74,1,0.0151515151515151,53,526875.0,9300.0,3555.83,40.4,0.0377358490566037,0.24528301886792453,0.005124555160142348,-0.08602150537634409,0.10530593419820415,-0.28861386138613865,-0.022584333905088603
E02000783,Redbridge 033,2024,51,51,609750.0,9700.0,3470.84,33.99,0,0.0,53,526875.0,9300.0,3555.83,40.4,0.0377358490566037,-0.03773584905660377,0.15729537366548044,0.043010752688172046,-0.02390159259582145,-0.15866336633663358,-0.0377358490566037
E02000783,Redbridge 033,2025,52,52,601550.0,8900.0,3523.74,34.375,0,0.0,53,526875.0,9300.0,3555.83,40.4,0.0377358490566037,-0.018867924528301886,0.14173190984578884,-0.043010752688172046,-0.009024615912459299,-0.1491336633663366,-0.0377358490566037
E02000784,Richmond upon Thames 001,2023,120,120,3202430.0,22750.0,9551.62,71.75,8,0.0666666666666666,119,3275705.0,22750.0,9565.23,71.75,0.1008403361344537,0.008403361344537815,-0.022369230440470067,0.0,-0.0014228617607730044,0.0,-0.034173669467787104
E02000784,Richmond upon Thames 001,2024,117,117,3115705.0,23125.0,9236.63,71.75,3,0.0256410256410256,119,3275705.0,22750.0,9565.23,71.75,0.1008403361344537,-0.01680672268907563,-0.048844447225864354,0.016483516483516484,-0.03435359107935725,0.0,-0.0751993104934281
E02000784,Richmond upon Thames 001,2025,117,117,3113705.0,23125.0,9180.88,71.6,2,0.017094017094017,119,3275705.0,22750.0,9565.23,71.75,0.1008403361344537,-0.01680672268907563,-0.04945500281618766,0.016483516483516484,-0.04018199248737358,-0.002090592334494853,-0.0837463190404367
E02000785,Richmond upon Thames 002,2023,156,156,3712985.0,14750.0,14667.89,75.11500000000001,6,0.0384615384615384,155,3874685.0,14750.0,14868.12,76.815,0.0516129032258064,0.0064516129032258064,-0.04173242470033048,0.0,-0.013467069138532737,-0.022131094187333056,-0.013151364764268002
E02000785,Richmond upon Thames 002,2024,151,151,3712550.0,17500.0,14278.16,75.315,1,0.0066225165562913,155,3874685.0,14750.0,14868.12,76.815,0.0516129032258064,-0.025806451612903226,-0.04184469189108276,0.1864406779661017,-0.039679529086394306,-0.019527436047646944,-0.0449903866695151
E02000785,Richmond upon Thames 002,2025,152,152,3718050.0,17500.0,14639.6,75.83,1,0.006578947368421,155,3874685.0,14750.0,14868.12,76.815,0.0516129032258064,-0.01935483870967742,-0.04042522166318036,0.1864406779661017,-0.015369797930067852,-0.01282301633795482,-0.0450339558573854
E02000786,Richmond upon Thames 003,2023,115,115,2548700.0,14250.0,9371.6,65.69,7,0.0608695652173913,109,2449300.0,13750.0,9006.31,65.69,0.055045871559633,0.05504587155963303,0.04058302372106316,0.03636363636363636,0.04055934117302212,0.0,0.005823693657758297
E02000786,Richmond upon Thames 003,2024,109,109,2477325.0,14625.0,8682.11,64.5,1,0.0091743119266055,109,2449300.0,13750.0,9006.31,65.69,0.055045871559633,0.0,0.011442044665822888,0.06363636363636363,-0.035996984336537266,-0.018115390470391197,-0.045871559633027505
E02000786,Richmond upon Thames 003,2025,109,109,2444775.0,14500.0,8526.98,62.4,0,0.0,109,2449300.0,13750.0,9006.31,65.69,0.055045871559633,0.0,-0.0018474666231168089,0.05454545454545454,-0.05322157465154985,-0.05008372659461104,-0.055045871559633
E02000787,Richmond upon Thames 004,2023,63,63,7947125.0,13875.0,48231.47,81.32499999999999,5,0.0793650793650793,56,7933825.0,13875.0,31876.96,85.7,0.0714285714285714,0.125,0.0016763666957615021,0.0,0.5130511190527579,-0.051050175029171696,0.007936507936507908
E02000787,Richmond upon Thames 004,2024,58,58,8099100.0,14500.0,31786.54,81.3,1,0.0172413793103448,56,7933825.0,13875.0,31876.96,85.7,0.0714285714285714,0.03571428571428571,0.0208316921535325,0.04504504504504504,-0.002836531463477015,-0.051341890315052575,-0.0541871921182266
E02000787,Richmond upon Thames 004,2025,60,60,6613600.0,13750.0,39776.69,81.3,1,0.0166666666666666,56,7933825.0,13875.0,31876.96,85.7,0.0714285714285714,0.07142857142857142,-0.16640460307606986,-0.009009009009009009,0.24781942820143463,-0.051341890315052575,-0.054761904761904796
E02000788,Richmond upon Thames 005,2023,303,303,7088365.0,17000.0,33467.44,68.2,10,0.033003300330033,292,7150890.0,16875.0,32422.98,68.1,0.0753424657534246,0.03767123287671233,-0.008743666872235484,0.007407407407407408,0.03221357197888666,0.0014684287812042369,-0.0423391654233916
E02000788,Richmond upon Thames 005,2024,288,288,7042105.0,18000.0,31491.27,68.37,3,0.0104166666666666,292,7150890.0,16875.0,32422.98,68.1,0.0753424657534246,-0.0136986301369863,-0.015212791694460409,0.06666666666666667,-0.028736100136384723,0.003964757709251252,-0.064925799086758
E02000788,Richmond upon Thames 005,2025,290,290,7046355.0,18000.0,31647.41,68.37,2,0.0068965517241379,292,7150890.0,16875.0,32422.98,68.1,0.0753424657534246,-0.00684931506849315,-0.014618460079794263,0.06666666666666667,-0.023920379928063357,0.003964757709251252,-0.0684459140292867
E02000789,Richmond upon Thames 006,2023,68,68,2156350.0,18000.0,8134.75,60.15,3,0.0441176470588235,66,2151400.0,18000.0,7929.38,62.22,0.0606060606060606,0.030303030303030304,0.002300827368225342,0.0,0.0258998812013045,-0.03326904532304726,-0.016488413547237103
E02000789,Richmond upon Thames 006,2024,66,66,2143875.0,17500.0,7924.16,58.35,0,0.0,66,2151400.0,18000.0,7929.38,62.22,0.0606060606060606,0.0,-0.0034977224133122616,-0.027777777777777776,-0.00065831124249314,-0.06219864995178395,-0.0606060606060606
E02000789,Richmond upon Thames 006,2025,66,66,2143875.0,17500.0,7924.16,58.35,0,0.0,66,2151400.0,18000.0,7929.38,62.22,0.0606060606060606,0.0,-0.0034977224133122616,-0.027777777777777776,-0.00065831124249314,-0.06219864995178395,-0.0606060606060606
E02000790,Richmond upon Thames 007,2023,91,91,1478750.0,13125.0,7954.48,60.4,2,0.0219780219780219,90,1526400.0,12625.0,8068.05,62.785,0.0666666666666666,0.011111111111111112,-0.03121724318658281,0.039603960396039604,-0.014076511672585149,-0.03798678028191444,-0.044688644688644696
E02000790,Richmond upon Thames 007,2024,82,82,1595900.0,16000.0,6533.29,60.4,0,0.0,90,1526400.0,12625.0,8068.05,62.785,0.0666666666666666,-0.08888888888888889,0.04553197064989518,0.26732673267326734,-0.19022688258005344,-0.03798678028191444,-0.0666666666666666
E02000790,Richmond upon Thames 007,2025,82,82,1615900.0,16000.0,6707.53,60.4,0,0.0,90,1526400.0,12625.0,8068.05,62.785,0.0666666666666666,-0.08888888888888889,0.05863469601677149,0.26732673267326734,-0.16863058607718104,-0.03798678028191444,-0.0666666666666666
E02000791,Richmond upon Thames 008,2023,399,399,25426700.0,35700.0,70070.87,88.64,20,0.050125313283208,380,27364600.0,37000.0,66830.79,87.48,0.0421052631578947,0.05,-0.07081777186584128,-0.03513513513513514,0.04848184496996073,0.013260173754000876,0.008020050125313302
E02000791,Richmond upon Thames 008,2024,378,378,20127225.0,31750.0,57829.17,85.55000000000001,3,0.0079365079365079,380,27364600.0,37000.0,66830.79,87.48,0.0421052631578947,-0.005263157894736842,-0.2644794734803359,-0.14189189189189189,-0.13469270675986317,-0.02206218564243247,-0.0341687552213868
E02000791,Richmond upon Thames 008,2025,383,383,20347725.0,31875.0,59274.93,86.8,2,0.0052219321148825,380,27364600.0,37000.0,66830.79,87.48,0.0421052631578947,0.007894736842105263,-0.25642161771047267,-0.13851351351351351,-0.1130595643115994,-0.0077732053040695795,-0.0368833310430122
E02000792,Richmond upon Thames 009,2023,93,93,2156880.0,20000.0,8488.44,73.88,4,0.043010752688172,92,1777380.0,20000.0,6709.62,73.52,0.0108695652173913,0.010869565217391304,0.21351652432231713,0.0,0.26511486492528646,0.004896626768226326,0.032141187470780694
E02000792,Richmond upon Thames 009,2024,86,86,2118725.0,19125.0,7830.09,74.66999999999999,0,0.0,92,1777380.0,20000.0,6709.62,73.52,0.0108695652173913,-0.06521739130434782,0.19204953358313923,-0.04375,0.16699455408801098,0.01564200217627845,-0.0108695652173913
E02000792,Richmond upon Thames 009,2025,86,86,2092225.0,19125.0,7830.09,74.66999999999999,0,0.0,92,1777380.0,20000.0,6709.62,73.52,0.0108695652173913,-0.06521739130434782,0.17713994756326729,-0.04375,0.16699455408801098,0.01564200217627845,-0.0108695652173913
E02000793,Richmond upon Thames 010,2023,153,153,2688220.0,15500.0,13893.3,67.85,3,0.0196078431372549,151,2701470.0,15000.0,13699.87,67.85,0.0463576158940397,0.013245033112582781,-0.004904737050568765,0.03333333333333333,0.014119112079165603,0.0,-0.0267497727567848
E02000793,Richmond upon Thames 010,2024,145,145,2573235.0,16625.0,13139.16,67.8,0,0.0,151,2701470.0,15000.0,13699.87,67.85,0.0463576158940397,-0.039735099337748346,-0.04746860042865551,0.10833333333333334,-0.04092812559535243,-0.0007369196757553008,-0.0463576158940397
E02000793,Richmond upon Thames 010,2025,145,145,2573235.0,16625.0,13139.16,67.8,0,0.0,151,2701470.0,15000.0,13699.87,67.85,0.0463576158940397,-0.039735099337748346,-0.04746860042865551,0.10833333333333334,-0.04092812559535243,-0.0007369196757553008,-0.0463576158940397
E02000794,Richmond upon Thames 011,2023,27,27,667300.0,13500.0,4252.83,88.55,5,0.1851851851851851,22,538800.0,12750.0,3154.54,61.48,0.3636363636363636,0.22727272727272727,0.23849294729027468,0.058823529411764705,0.34816169710956274,0.44030579050097596,-0.1784511784511785
E02000794,Richmond upon Thames 011,2024,21,21,791030.0,14500.0,3863.0,88.55,2,0.0952380952380952,22,538800.0,12750.0,3154.54,61.48,0.3636363636363636,-0.045454545454545456,0.4681328878990349,0.13725490196078433,0.22458425000158502,0.44030579050097596,-0.2683982683982684
E02000794,Richmond upon Thames 011,2025,22,22,799330.0,14250.0,3880.68,84.125,2,0.0909090909090909,22,538800.0,12750.0,3154.54,61.48,0.3636363636363636,0.0,0.48353749072011876,0.11764705882352941,0.23018887064358032,0.3683311646063761,-0.2727272727272727
E02000795,Richmond upon Thames 012,2023,62,62,1206500.0,14250.0,5679.849999999999,58.66,6,0.0967741935483871,62,1256100.0,14250.0,5682.7,58.66,0.0806451612903225,0.0,-0.039487301966403945,0.0,-0.0005015221637602484,0.0,0.0161290322580646
E02000795,Richmond upon Thames 012,2024,59,59,1097450.0,15250.0,5635.48,61.2,1,0.0169491525423728,62,1256100.0,14250.0,5682.7,58.66,0.0806451612903225,-0.04838709677419355,-0.12630363824536264,0.07017543859649122,-0.008309430376405627,0.04330037504261859,-0.0636960087479497
E02000795,Richmond upon Thames 012,2025,59,59,1089200.0,15250.0,5668.78,61.2,1,0.0169491525423728,62,1256100.0,14250.0,5682.7,58.66,0.0806451612903225,-0.04838709677419355,-0.1328715866571133,0.07017543859649122,-0.0024495398314181766,0.04330037504261859,-0.0636960087479497
E02000796,Richmond upon Thames 013,2023,57,57,748875.0,10500.0,10189.41,61.86,3,0.0526315789473684,50,711550.0,10500.0,6820.78,58.150000000000006,0.08,0.14,0.05245590612044129,0.0,0.4938775330680656,0.0638005159071366,-0.027368421052631604
E02000796,Richmond upon Thames 013,2024,53,53,756650.0,11500.0,7016.62,57.6,1,0.0188679245283018,50,711550.0,10500.0,6820.78,58.150000000000006,0.08,0.06,0.06338275595530883,0.09523809523809523,0.02871225871527892,-0.009458297506448912,-0.0611320754716982
E02000796,Richmond upon Thames 013,2025,54,54,828150.0,11500.0,7401.33,58.150000000000006,1,0.0185185185185185,50,711550.0,10500.0,6820.78,58.150000000000006,0.08,0.08,0.16386761295762772,0.09523809523809523,0.08511489888253253,0.0,-0.0614814814814815
E02000797,Richmond upon Thames 014,2023,336,336,8951625.0,17000.0,39713.4,74.9,17,0.050595238095238,328,9201625.0,17500.0,39533.81,78.19,0.073170731707317,0.024390243902439025,-0.027169114151033104,-0.02857142857142857,0.004542693962459064,-0.04207699194270357,-0.022575493612079
E02000797,Richmond upon Thames 014,2024,315,315,8713960.0,17500.0,36860.35,74.9,5,0.0158730158730158,328,9201625.0,17500.0,39533.81,78.19,0.073170731707317,-0.039634146341463415,-0.05299770420985424,0.0,-0.0676246483705972,-0.04207699194270357,-0.0572977158343012
E02000797,Richmond upon Thames 014,2025,333,333,8800710.0,17375.0,39238.35,74.9,5,0.015015015015015,328,9201625.0,17500.0,39533.81,78.19,0.073170731707317,0.01524390243902439,-0.04357002159944575,-0.007142857142857143,-0.007473602974264285,-0.04207699194270357,-0.058155716692302004
E02000798,Richmond upon Thames 015,2023,62,62,2463325.0,9100.0,18468.9,51.4,1,0.0161290322580645,61,2445825.0,8900.0,18169.14,51.5,0.0,0.01639344262295082,0.007155049932027026,0.02247191011235955,0.016498304267565888,-0.0019417475728155617,0.0161290322580645
E02000798,Richmond upon Thames 015,2024,62,62,2564500.0,9850.0,18468.9,51.4,0,0.0,61,2445825.0,8900.0,18169.14,51.5,0.0,0.01639344262295082,0.04852146003904613,0.10674157303370786,0.016498304267565888,-0.0019417475728155617,0.0
E02000798,Richmond upon Thames 015,2025,62,62,2555100.0,9900.0,18468.9,51.4,0,0.0,61,2445825.0,8900.0,18169.14,51.5,0.0,0.01639344262295082,0.044678176075557324,0.11235955056179775,0.016498304267565888,-0.0019417475728155617,0.0
E02000799,Richmond upon Thames 016,2023,63,63,877350.0,8100.0,4876.76,45.655,1,0.0158730158730158,59,850850.0,7900.0,4600.29,45.45,0.0338983050847457,0.06779661016949153,0.031145325262972322,0.02531645569620253,0.06009838510180886,0.004510451045104473,-0.0180252892117299
E02000799,Richmond upon Thames 016,2024,56,56,864800.0,10000.0,4125.09,44.5,1,0.0178571428571428,59,850850.0,7900.0,4600.29,45.45,0.0338983050847457,-0.05084745762711865,0.01639536933654581,0.26582278481012656,-0.10329783557123569,-0.020902090209020962,-0.0160411622276029
E02000799,Richmond upon Thames 016,2025,57,57,864800.0,10000.0,4158.29,44.05,1,0.0175438596491228,59,850850.0,7900.0,4600.29,45.45,0.0338983050847457,-0.03389830508474576,0.01639536933654581,0.26582278481012656,-0.09608089924765613,-0.030803080308030927,-0.0163544454356229
E02000800,Richmond upon Thames 017,2023,14,14,164500.0,12375.0,1254.81,84.15,0,0.0,14,177550.0,12250.0,1254.81,84.15,0.0,0.0,-0.07350042241622079,0.01020408163265306,0.0,0.0,0.0
E02000800,Richmond upon Thames 017,2024,12,12,182900.0,14125.0,1254.81,84.15,0,0.0,14,177550.0,12250.0,1254.81,84.15,0.0,-0.14285714285714285,0.030132357082511968,0.15306122448979592,0.0,0.0,0.0
E02000800,Richmond upon Thames 017,2025,12,12,182900.0,14125.0,1254.81,84.15,0,0.0,14,177550.0,12250.0,1254.81,84.15,0.0,-0.14285714285714285,0.030132357082511968,0.15306122448979592,0.0,0.0,0.0
E02000801,Richmond upon Thames 018,2023,76,76,1866600.0,11000.0,10946.44,49.4,2,0.0263157894736842,72,2075700.0,11000.0,8758.21,51.4,0.0277777777777777,0.05555555555555555,-0.10073710073710074,0.0,0.2498489988251026,-0.038910505836575876,-0.0014619883040935013
E02000801,Richmond upon Thames 018,2024,71,71,2022800.0,12500.0,7624.76,50.3,0,0.0,72,2075700.0,11000.0,8758.21,51.4,0.0277777777777777,-0.013888888888888888,-0.0254853784265549,0.13636363636363635,-0.1294157139415473,-0.02140077821011676,-0.0277777777777777
E02000801,Richmond upon Thames 018,2025,72,72,2079300.0,12500.0,8014.76,51.2,0,0.0,72,2075700.0,11000.0,8758.21,51.4,0.0277777777777777,0.0,0.001734354675531146,0.13636363636363635,-0.08488606690179831,-0.0038910505836575048,-0.0277777777777777
E02000802,Richmond upon Thames 019,2023,118,118,1759800.0,13250.0,11332.49,72.7,9,0.0762711864406779,113,1908150.0,12625.0,10342.2,69.61,0.0884955752212389,0.04424778761061947,-0.07774546026255798,0.04950495049504951,0.0957523544313588,0.04439017382559982,-0.012224388780560994
E02000802,Richmond upon Thames 019,2024,106,106,1797875.0,13625.0,9539.85,71.17500000000001,1,0.0094339622641509,113,1908150.0,12625.0,10342.2,69.61,0.0884955752212389,-0.061946902654867256,-0.05779157823022299,0.07920792079207921,-0.07758020537216456,0.02248240195374245,-0.079061612957088
E02000802,Richmond upon Thames 019,2025,106,106,1797875.0,13625.0,9539.85,71.17500000000001,0,0.0,113,1908150.0,12625.0,10342.2,69.61,0.0884955752212389,-0.061946902654867256,-0.05779157823022299,0.07920792079207921,-0.07758020537216456,0.02248240195374245,-0.0884955752212389
E02000803,Richmond upon Thames 020,2023,18,18,3104050.0,17300.0,30613.68,82.525,1,0.0555555555555555,12,3089150.0,8500.0,11844.36,63.625,0.1666666666666666,0.5,0.00482333327938106,1.035294117647059,1.5846630801495394,0.29705304518664055,-0.1111111111111111
E02000803,Richmond upon Thames 020,2024,16,16,2588950.0,21000.0,20896.02,82.525,1,0.0625,12,3089150.0,8500.0,11844.36,63.625,0.1666666666666666,0.3333333333333333,-0.16192156418432255,1.4705882352941178,0.764216893103553,0.29705304518664055,-0.1041666666666666
E02000803,Richmond upon Thames 020,2025,16,16,2588950.0,21000.0,20896.02,82.525,1,0.0625,12,3089150.0,8500.0,11844.36,63.625,0.1666666666666666,0.3333333333333333,-0.16192156418432255,1.4705882352941178,0.764216893103553,0.29705304518664055,-0.1041666666666666
E02000804,Richmond upon Thames 021,2023,197,197,6193700.0,21250.0,23147.38,81.805,5,0.0253807106598984,194,6245450.0,21250.0,22600.0,81.84,0.0721649484536082,0.015463917525773196,-0.008286032231464506,0.0,0.02422035398230093,-0.00042766373411530533,-0.0467842377937098
E02000804,Richmond upon Thames 021,2024,196,196,6125240.0,20250.0,22735.31,81.84,1,0.0051020408163265,194,6245450.0,21250.0,22600.0,81.84,0.0721649484536082,0.010309278350515464,-0.019247612261726537,-0.047058823529411764,0.005987168141592978,0.0,-0.0670629076372817
E02000804,Richmond upon Thames 021,2025,196,196,6111740.0,20250.0,22646.13,81.84,1,0.0051020408163265,194,6245450.0,21250.0,22600.0,81.84,0.0721649484536082,0.010309278350515464,-0.021409185887325974,-0.047058823529411764,0.0020411504424779213,0.0,-0.0670629076372817
E02000805,Richmond upon Thames 022,2023,70,70,1088025.0,11875.0,5592.7300000000005,66.08,5,0.0714285714285714,63,969650.0,11750.0,4616.6,64.22,0.1111111111111111,0.1111111111111111,0.12208013200639406,0.010638297872340425,0.2114391543560196,0.028962939894113974,-0.03968253968253971
E02000805,Richmond upon Thames 022,2024,66,66,1071150.0,13000.0,5357.45,66.13,2,0.0303030303030303,63,969650.0,11750.0,4616.6,64.22,0.1111111111111111,0.047619047619047616,0.10467694528953746,0.10638297872340426,0.160475241519733,0.02974151354718151,-0.0808080808080808
E02000805,Richmond upon Thames 022,2025,66,66,1071150.0,13000.0,5357.45,66.13,2,0.0303030303030303,63,969650.0,11750.0,4616.6,64.22,0.1111111111111111,0.047619047619047616,0.10467694528953746,0.10638297872340426,0.160475241519733,0.02974151354718151,-0.0808080808080808
E02000806,Richmond upon Thames 023,2023,104,104,1544910.0,9800.0,8606.07,55.16,6,0.0576923076923076,97,1550910.0,9500.0,8310.35,55.85,0.0824742268041237,0.07216494845360824,-0.003868696442733621,0.031578947368421054,0.035584542167297326,-0.012354521038496057,-0.024781919111816098
E02000806,Richmond upon Thames 023,2024,96,96,1510850.0,10750.0,7637.019999999999,54.94,1,0.0104166666666666,97,1550910.0,9500.0,8310.35,55.85,0.0824742268041237,-0.010309278350515464,-0.025829996582651477,0.13157894736842105,-0.08102306160390377,-0.016293643688451275,-0.0720575601374571
E02000806,Richmond upon Thames 023,2025,97,97,1443600.0,10750.0,8203.1,55.85,1,0.0103092783505154,97,1550910.0,9500.0,8310.35,55.85,0.0824742268041237,0.0,-0.06919163587829082,0.13157894736842105,-0.012905593627223882,0.0,-0.0721649484536083
E02000807,Southwark 001,2023,6,6,307750.0,23750.0,532.55,67.6,0,0.0,5,234750.0,15500.0,179.61,62.8,0.0,0.2,0.3109691160809372,0.532258064516129,1.9650353543789316,0.07643312101910824,0.0
E02000807,Southwark 001,2024,6,6,235250.0,23750.0,532.55,67.6,0,0.0,5,234750.0,15500.0,179.61,62.8,0.0,0.2,0.002129925452609159,0.532258064516129,1.9650353543789316,0.07643312101910824,0.0
E02000807,Southwark 001,2025,6,6,235250.0,23750.0,532.55,67.6,0,0.0,5,234750.0,15500.0,179.61,62.8,0.0,0.2,0.002129925452609159,0.532258064516129,1.9650353543789316,0.07643312101910824,0.0
E02000810,Southwark 004,2023,105,105,1662775.0,10500.0,13219.78,98.0,1,0.0095238095238095,100,1607525.0,10750.0,12458.52,97.265,0.02,0.05,0.03436960544937093,-0.023255813953488372,0.06110356607365885,0.007556675062972286,-0.0104761904761905
E02000810,Southwark 004,2024,95,95,2269950.0,16250.0,11774.67,96.3,1,0.0105263157894736,100,1607525.0,10750.0,12458.52,97.265,0.02,-0.05,0.41207757266605494,0.5116279069767442,-0.054890147465349044,-0.009921348892201752,-0.0094736842105264
E02000810,Southwark 004,2025,95,95,2269950.0,16250.0,11774.67,96.3,1,0.0105263157894736,100,1607525.0,10750.0,12458.52,97.265,0.02,-0.05,0.41207757266605494,0.5116279069767442,-0.054890147465349044,-0.009921348892201752,-0.0094736842105264
E02000812,Southwark 006,2023,262,262,11246610.0,16250.0,28391.55,64.0,9,0.0343511450381679,202,7595785.0,14000.0,21683.02,62.485,0.0495049504950495,0.297029702970297,0.48063827504332995,0.16071428571428573,0.30939094277457657,0.024245818996559185,-0.015153805456881601
E02000812,Southwark 006,2024,237,237,11030120.0,19000.0,21797.16,62.035,5,0.0210970464135021,202,7595785.0,14000.0,21683.02,62.485,0.0495049504950495,0.17326732673267325,0.4521369417380824,0.35714285714285715,0.005264026874485169,-0.007201728414819602,-0.028407904081547402
E02000812,Southwark 006,2025,248,248,11444620.0,20000.0,23689.12,63.45,5,0.0201612903225806,202,7595785.0,14000.0,21683.02,62.485,0.0495049504950495,0.22772277227722773,0.50670668008639,0.42857142857142855,0.09251939997288194,0.015443706489557549,-0.0293436601724689
E02000813,Southwark 007,2023,184,184,7966995.0,18500.0,51226.03,74.425,6,0.0326086956521739,167,8888620.0,19625.0,51009.84,79.97,0.0179640718562874,0.10179640718562874,-0.10368594899995724,-0.05732484076433121,0.004238201884185528,-0.06933850193822685,0.014644623795886498
E02000813,Southwark 007,2024,163,163,6973165.0,19000.0,37916.83,69.14,4,0.0245398773006134,167,8888620.0,19625.0,51009.84,79.97,0.0179640718562874,-0.023952095808383235,-0.21549520622998847,-0.03184713375796178,-0.2566761628736729,-0.13542578466925095,0.006575805444326
E02000813,Southwark 007,2025,163,163,6967865.0,19000.0,37858.26,69.14,4,0.0245398773006134,167,8888620.0,19625.0,51009.84,79.97,0.0179640718562874,-0.023952095808383235,-0.21609147426709657,-0.03184713375796178,-0.2578243727092654,-0.13542578466925095,0.006575805444326
E02000814,Southwark 008,2023,54,54,1764750.0,13000.0,15770.88,62.0,2,0.037037037037037,50,934400.0,12250.0,3591.99,58.96,0.04,0.08,0.8886451198630136,0.061224489795918366,3.390569016060735,0.05156037991858886,-0.0029629629629630005
E02000814,Southwark 008,2024,49,49,1580100.0,15750.0,15780.66,63.57,0,0.0,50,934400.0,12250.0,3591.99,58.96,0.04,-0.02,0.6910316780821918,0.2857142857142857,3.3932917407899246,0.07818860244233378,-0.04
E02000814,Southwark 008,2025,51,51,1359350.0,15250.0,15923.66,65.14,0,0.0,50,934400.0,12250.0,3591.99,58.96,0.04,0.02,0.4547838184931507,0.24489795918367346,3.433102542044939,0.10481682496607869,-0.04
E02000815,Southwark 009,2023,213,213,4497675.0,9300.0,23368.51,56.8,14,0.0657276995305164,158,4159575.0,11750.0,20639.8,64.35,0.0759493670886076,0.34810126582278483,0.08128234254701502,-0.20851063829787234,0.13220622292851672,-0.1173271173271173,-0.010221667558091202
E02000815,Southwark 009,2024,128,128,4674335.0,10750.0,18519.15,54.37,2,0.015625,158,4159575.0,11750.0,20639.8,64.35,0.0759493670886076,-0.189873417721519,0.12375302765306552,-0.0851063829787234,-0.10274566614017568,-0.15508935508935506,-0.0603243670886076
E02000815,Southwark 009,2025,126,126,4693325.0,10750.0,25748.3,54.7,2,0.0158730158730158,158,4159575.0,11750.0,20639.8,64.35,0.0759493670886076,-0.20253164556962025,0.12831839791324834,-0.0851063829787234,0.24750724328724116,-0.14996114996114984,-0.060076351215591794
E02000816,Southwark 010,2023,152,152,1780990.0,10125.0,15936.4,78.01,3,0.0197368421052631,143,1845445.0,10250.0,15715.07,85.75999999999999,0.0419580419580419,0.06293706293706294,-0.034926535334296065,-0.012195121951219513,0.014083933447321579,-0.09036847014925357,-0.022221199852778796
E02000816,Southwark 010,2024,141,141,2032465.0,11750.0,14501.98,79.89,2,0.0141843971631205,143,1845445.0,10250.0,15715.07,85.75999999999999,0.0419580419580419,-0.013986013986013986,0.10134141087921883,0.14634146341463414,-0.07719278374197507,-0.06844682835820885,-0.0277736447949214
E02000816,Southwark 010,2025,143,143,2094715.0,11750.0,14697.16,82.61500000000001,2,0.0139860139860139,143,1845445.0,10250.0,15715.07,85.75999999999999,0.0419580419580419,0.0,0.13507311244713335,0.14634146341463414,-0.06477285815462482,-0.036672108208955015,-0.027972027972027996
E02000817,Southwark 011,2023,117,117,1723850.0,11250.0,22220.75,97.67,4,0.0341880341880341,109,1743400.0,11125.0,20566.71,93.115,0.1926605504587156,0.07339449541284404,-0.011213720316622692,0.011235955056179775,0.08042316928667739,0.048918004617945626,-0.1584725162706815
E02000817,Southwark 011,2024,108,108,2071660.0,11000.0,19963.56,98.54,4,0.037037037037037,109,1743400.0,11125.0,20566.71,93.115,0.1926605504587156,-0.009174311926605505,0.1882872547894918,-0.011235955056179775,-0.02932651843683301,0.058261289802931986,-0.1556235134216786
E02000817,Southwark 011,2025,108,108,2006910.0,10750.0,19963.56,98.54,4,0.037037037037037,109,1743400.0,11125.0,20566.71,93.115,0.1926605504587156,-0.009174311926605505,0.15114718366410462,-0.033707865168539325,-0.02932651843683301,0.058261289802931986,-0.1556235134216786
E02000818,Southwark 012,2023,195,195,5219810.0,22625.0,29310.98,93.18,1,0.0051282051282051,172,4895810.0,21750.0,27446.9,93.695,0.0697674418604651,0.13372093023255813,0.06617903881073817,0.040229885057471264,0.06791586663703361,-0.005496557980681855,-0.06463923673226
E02000818,Southwark 012,2024,175,175,5296560.0,23500.0,24787.49,93.18,1,0.0057142857142857,172,4895810.0,21750.0,27446.9,93.695,0.0697674418604651,0.01744186046511628,0.08185570926976332,0.08045977011494253,-0.09689290958177425,-0.005496557980681855,-0.0640531561461794
E02000818,Southwark 012,2025,178,178,5364810.0,23750.0,25051.64,93.355,1,0.0056179775280898,172,4895810.0,21750.0,27446.9,93.695,0.0697674418604651,0.03488372093023256,0.09579620124146974,0.09195402298850575,-0.0872688718944581,-0.003628795560061788,-0.0641494643323753
E02000819,Southwark 013,2023,73,73,3147065.0,12500.0,20758.370000000003,72.99,2,0.0273972602739726,71,3165565.0,12375.0,19388.06,72.5,0.028169014084507,0.028169014084507043,-0.005844138408151467,0.010101010101010102,0.07067803586330974,0.006758620689655102,-0.0007717538105344
E02000819,Southwark 013,2024,67,67,3105450.0,13500.0,13887.47,70.1,2,0.0298507462686567,71,3165565.0,12375.0,19388.06,72.5,0.028169014084507,-0.056338028169014086,-0.018990290832758133,0.09090909090909091,-0.28371018038937373,-0.033103448275862146,0.0016817321841496972
E02000819,Southwark 013,2025,67,67,3105450.0,13500.0,13887.47,70.1,2,0.0298507462686567,71,3165565.0,12375.0,19388.06,72.5,0.028169014084507,-0.056338028169014086,-0.018990290832758133,0.09090909090909091,-0.28371018038937373,-0.033103448275862146,0.0016817321841496972
E02000820,Southwark 014,2023,97,97,1409825.0,10000.0,9364.58,78.4,5,0.0515463917525773,81,1207925.0,9900.0,7834.09,82.1,0.1111111111111111,0.19753086419753085,0.1671461390400894,0.010101010101010102,0.1953628309095249,-0.04506699147381229,-0.0595647193585338
E02000820,Southwark 014,2024,75,75,1511980.0,13750.0,8052.38,85.8,4,0.0533333333333333,81,1207925.0,9900.0,7834.09,82.1,0.1111111111111111,-0.07407407407407407,0.25171678705217626,0.3888888888888889,0.027864116955511102,0.04506699147381246,-0.0577777777777778
E02000820,Southwark 014,2025,75,75,1511980.0,13750.0,8052.38,85.8,4,0.0533333333333333,81,1207925.0,9900.0,7834.09,82.1,0.1111111111111111,-0.07407407407407407,0.25171678705217626,0.3888888888888889,0.027864116955511102,0.04506699147381246,-0.0577777777777778
E02000821,Southwark 015,2023,110,110,3108795.0,12250.0,15594.05,66.33500000000001,2,0.0181818181818181,99,2983945.0,12250.0,14337.75,65.9,0.0404040404040404,0.1111111111111111,0.04184058352281962,0.0,0.0876218374570626,0.006600910470409746,-0.0222222222222223
E02000821,Southwark 015,2024,104,104,2807655.0,13500.0,14917.9,65.4,2,0.0192307692307692,99,2983945.0,12250.0,14337.75,65.9,0.0404040404040404,0.050505050505050504,-0.05907950716249797,0.10204081632653061,0.040463113110495,-0.007587253414264036,-0.0211732711732712
E02000821,Southwark 015,2025,109,109,2968105.0,13500.0,15429.67,65.65,2,0.018348623853211,99,2983945.0,12250.0,14337.75,65.9,0.0404040404040404,0.10101010101010101,-0.0053084088346132385,0.10204081632653061,0.07615699813429583,-0.003793626707132018,-0.0220554165508294
E02000822,Southwark 016,2023,196,196,2989675.0,10250.0,16104.28,49.13,3,0.0153061224489795,187,3153825.0,10250.0,14887.79,47.33,0.0213903743315508,0.0481283422459893,-0.05204791007744564,0.0,0.08171058296765334,0.03803084724276366,-0.006084251882571301
E02000822,Southwark 016,2024,182,182,3048230.0,11875.0,13172.83,41.515,1,0.0054945054945054,187,3153825.0,10250.0,14887.79,47.33,0.0213903743315508,-0.026737967914438502,-0.033481566034894134,0.15853658536585366,-0.1151923824825579,-0.1228607648425945,-0.0158958688370454
E02000822,Southwark 016,2025,192,192,3027280.0,10250.0,13314.77,36.965,1,0.0052083333333333,187,3153825.0,10250.0,14887.79,47.33,0.0213903743315508,0.026737967914438502,-0.040124293516602856,0.0,-0.10565839523529015,-0.21899429537291348,-0.0161820409982175
E02000823,Southwark 017,2023,164,164,2371800.0,12000.0,17462.18,74.45,5,0.0304878048780487,155,2354650.0,11250.0,17026.45,74.45,0.0129032258064516,0.05806451612903226,0.007283460386894018,0.06666666666666667,0.02559135932622476,0.0,0.0175845790715971
E02000823,Southwark 017,2024,151,151,2667125.0,14000.0,17071.86,80.2,4,0.0264900662251655,155,2354650.0,11250.0,17026.45,74.45,0.0129032258064516,-0.025806451612903226,0.13270549763234452,0.24444444444444444,0.0026670268905144554,0.07723304231027535,0.0135868404187139
E02000823,Southwark 017,2025,151,151,2666375.0,14000.0,16958.15,80.2,4,0.0264900662251655,155,2354650.0,11250.0,17026.45,74.45,0.0129032258064516,-0.025806451612903226,0.1323869789565328,0.24444444444444444,-0.004011405783354679,0.07723304231027535,0.0135868404187139
E02000824,Southwark 018,2023,118,118,2288900.0,8100.0,15980.66,74.7,2,0.0169491525423728,108,2707600.0,8200.0,16081.45,76.05,0.0648148148148148,0.09259259259259259,-0.1546387945043581,-0.012195121951219513,-0.006267469662250659,-0.017751479289940756,-0.047865662272441996
E02000824,Southwark 018,2024,113,113,2529700.0,10750.0,14676.03,60.92,2,0.0176991150442477,108,2707600.0,8200.0,16081.45,76.05,0.0648148148148148,0.046296296296296294,-0.06570394445265179,0.31097560975609756,-0.08739386062823937,-0.19894806048652197,-0.04711569977056709
E02000824,Southwark 018,2025,112,112,2493200.0,10750.0,14640.82,62.96,2,0.0178571428571428,108,2707600.0,8200.0,16081.45,76.05,0.0648148148148148,0.037037037037037035,-0.07918451765401094,0.31097560975609756,-0.08958333981077583,-0.17212360289283363,-0.046957671957672
E02000825,Southwark 019,2023,8,8,53100.0,4000.0,626.5899999999999,45.14,2,0.25,6,59000.0,5100.0,534.39,44.975,0.6666666666666666,0.3333333333333333,-0.1,-0.21568627450980393,0.17253316865959306,0.003668704836019992,-0.41666666666666663
E02000825,Southwark 019,2024,4,4,62500.0,31250.0,406.59,44.975,0,0.0,6,59000.0,5100.0,534.39,44.975,0.6666666666666666,-0.3333333333333333,0.059322033898305086,5.127450980392157,-0.23915118172121488,0.0,-0.6666666666666666
E02000825,Southwark 019,2025,5,5,62500.0,31250.0,454.59,46.08,0,0.0,6,59000.0,5100.0,534.39,44.975,0.6666666666666666,-0.16666666666666666,0.059322033898305086,5.127450980392157,-0.1493291416381295,0.024569205113952126,-0.6666666666666666
E02000826,Southwark 020,2023,39,39,332950.0,7600.0,2897.99,57.33,1,0.0256410256410256,37,335450.0,7500.0,2734.66,55.33,0.027027027027027,0.05405405405405406,-0.0074526755105082726,0.013333333333333334,0.059725889141611734,0.036146755828664376,-0.0013860013860014023
E02000826,Southwark 020,2024,34,34,415850.0,8800.0,2707.62,58.765,0,0.0,37,335450.0,7500.0,2734.66,55.33,0.027027027027027,-0.08108108108108109,0.23967804441794605,0.17333333333333334,-0.009887883685723258,0.06208205313573111,-0.027027027027027
E02000826,Southwark 020,2025,34,34,415850.0,8800.0,2707.62,58.765,0,0.0,37,335450.0,7500.0,2734.66,55.33,0.027027027027027,-0.08108108108108109,0.23967804441794605,0.17333333333333334,-0.009887883685723258,0.06208205313573111,-0.027027027027027
E02000827,Southwark 021,2023,257,257,4993525.0,11125.0,30736.99,81.2,9,0.0350194552529182,242,4679925.0,11250.0,27063.48,81.84,0.0454545454545454,0.06198347107438017,0.06700962088067651,-0.011111111111111112,0.13573679364220723,-0.007820136852394924,-0.010435090201627202
E02000827,Southwark 021,2024,243,243,6078325.0,14250.0,28256.46,78.3,6,0.0246913580246913,242,4679925.0,11250.0,27063.48,81.84,0.0454545454545454,0.004132231404958678,0.29880820739648606,0.26666666666666666,0.04408080557267578,-0.04325513196480946,-0.0207631874298541
E02000827,Southwark 021,2025,248,248,6238325.0,14500.0,28967.86,79.30000000000001,6,0.0241935483870967,242,4679925.0,11250.0,27063.48,81.84,0.0454545454545454,0.024793388429752067,0.33299678947846384,0.28888888888888886,0.0703671516006072,-0.03103616813294223,-0.0212609970674487
E02000828,Southwark 022,2023,335,335,8401015.0,11750.0,43457.7,62.205,8,0.0238805970149253,281,8757750.0,12500.0,40298.95,66.7,0.0391459074733096,0.19217081850533807,-0.04073363592246867,-0.06,0.07838293553554125,-0.06739130434782616,-0.0152653104583843
E02000828,Southwark 022,2024,311,311,8466395.0,15000.0,39077.2,62.21,2,0.0064308681672025,281,8757750.0,12500.0,40298.95,66.7,0.0391459074733096,0.10676156583629894,-0.033268248123090975,0.2,-0.030317167072591224,-0.06731634182908548,-0.0327150393061071
E02000828,Southwark 022,2025,322,322,8429745.0,15000.0,39877.45,61.040000000000006,2,0.0062111801242236,281,8757750.0,12500.0,40298.95,66.7,0.0391459074733096,0.14590747330960854,-0.03745311295709514,0.2,-0.010459329585510293,-0.08485757121439275,-0.032934727349086
E02000829,Southwark 023,2023,92,92,1465520.0,9300.0,13454.21,84.9,4,0.0434782608695652,89,1771270.0,9250.0,14897.68,91.52,0.0337078651685393,0.033707865168539325,-0.17261625839087208,0.005405405405405406,-0.09689226778934715,-0.07233391608391598,0.009770395701025905
E02000829,Southwark 023,2024,73,73,1712050.0,13250.0,9603.61,91.52,2,0.0273972602739726,89,1771270.0,9250.0,14897.68,91.52,0.0337078651685393,-0.1797752808988764,-0.033433638011144545,0.43243243243243246,-0.3553620429489692,0.0,-0.006310604894566696
E02000829,Southwark 023,2025,74,74,1714550.0,13250.0,9643.54,85.15,2,0.027027027027027,89,1771270.0,9250.0,14897.68,91.52,0.0337078651685393,-0.16853932584269662,-0.03202222134400741,0.43243243243243246,-0.3526817598444858,-0.06960227272727262,-0.006680838141512296
E02000830,Southwark 024,2023,136,136,2140925.0,15625.0,9797.2,70.1,1,0.0073529411764705,123,1994075.0,15125.0,8777.45,70.34,0.065040650406504,0.10569105691056911,0.07364316788485889,0.03305785123966942,0.11617838893984014,-0.003411998862667175,-0.0576877092300335
E02000830,Southwark 024,2024,124,124,2407425.0,18375.0,8788.32,70.0,1,0.0080645161290322,123,1994075.0,15125.0,8777.45,70.34,0.065040650406504,0.008130081300813009,0.2072890939407996,0.21487603305785125,0.001238400674455449,-0.00483366505544503,-0.0569761342774718
E02000830,Southwark 024,2025,127,127,2465925.0,18750.0,9103.38,70.1,1,0.0078740157480314,123,1994075.0,15125.0,8777.45,70.34,0.065040650406504,0.032520325203252036,0.23662600453844515,0.2396694214876033,0.03713265242183077,-0.003411998862667175,-0.057166634658472604
E02000831,Southwark 025,2023,392,392,6734345.0,10500.0,48581.71,63.61,8,0.0204081632653061,365,8439745.0,10000.0,44984.13,61.04,0.0493150684931506,0.07397260273972603,-0.20206771650091324,0.05,0.07997442653664752,0.042103538663171694,-0.0289069052278445
E02000831,Southwark 025,2024,383,383,8008280.0,14000.0,35362.52,58.7,4,0.010443864229765,365,8439745.0,10000.0,44984.13,61.04,0.0493150684931506,0.049315068493150684,-0.05112299009034041,0.4,-0.21388898707166284,-0.0383355176933158,-0.0388712042633856
E02000831,Southwark 025,2025,399,399,8145280.0,13500.0,36552.71,56.8,6,0.0150375939849624,365,8439745.0,10000.0,44984.13,61.04,0.0493150684931506,0.09315068493150686,-0.034890272158696736,0.35,-0.1874309895512039,-0.06946264744429885,-0.0342774745081882
E02000832,Southwark 026,2023,94,94,1033750.0,7800.0,7763.8,56.885000000000005,1,0.0106382978723404,91,953700.0,7650.0,7017.4,56.1,0.0219780219780219,0.03296703296703297,0.08393624829610989,0.0196078431372549,0.10636418046569963,0.013992869875222882,-0.0113397241056815
E02000832,Southwark 026,2024,85,85,1314825.0,11250.0,7028.63,56.3,1,0.0117647058823529,91,953700.0,7650.0,7017.4,56.1,0.0219780219780219,-0.06593406593406594,0.37865681031771,0.47058823529411764,0.0016003078063100968,0.0035650623885917243,-0.010213316095669
E02000832,Southwark 026,2025,86,86,1336075.0,11375.0,7145.78,56.5,1,0.0116279069767441,91,953700.0,7650.0,7017.4,56.1,0.0219780219780219,-0.054945054945054944,0.40093845024640873,0.4869281045751634,0.01829452503776329,0.007130124777183575,-0.0103501150012778
E02000833,Southwark 027,2023,18,18,2519650.0,12875.0,26711.59,95.3,0,0.0,13,2601400.0,11750.0,9748.05,93.2,0.0769230769230769,0.38461538461538464,-0.031425386330437455,0.09574468085106383,1.7401982960694706,0.022532188841201655,-0.0769230769230769
E02000833,Southwark 027,2024,16,16,2167900.0,15125.0,9748.05,93.4,0,0.0,13,2601400.0,11750.0,9748.05,93.2,0.0769230769230769,0.23076923076923078,-0.16664103944030137,0.2872340425531915,0.0,0.0021459227467811462,-0.0769230769230769
E02000833,Southwark 027,2025,17,17,2168400.0,15500.0,17982.82,94.35,0,0.0,13,2601400.0,11750.0,9748.05,93.2,0.0769230769230769,0.3076923076923077,-0.1664488352425617,0.3191489361702128,0.8447607470211992,0.012339055793991324,-0.0769230769230769
E02000834,Southwark 028,2023,109,109,2236750.0,14750.0,9585.47,62.1,6,0.055045871559633,101,2212400.0,15000.0,8913.119999999999,62.02,0.0495049504950495,0.07920792079207921,0.011006147170493582,-0.016666666666666666,0.07543374261762441,0.0012899064817800433,0.0055409210645835025
E02000834,Southwark 028,2024,101,101,2513500.0,17250.0,9334.02,63.88,4,0.0396039603960396,101,2212400.0,15000.0,8913.119999999999,62.02,0.0495049504950495,0.0,0.13609654673657567,0.15,0.04722252140664565,0.029990325701386638,-0.009900990099009903
E02000834,Southwark 028,2025,102,102,2513500.0,17250.0,9449.9,64.0,4,0.0392156862745098,101,2212400.0,15000.0,8913.119999999999,62.02,0.0495049504950495,0.009900990099009901,0.13609654673657567,0.15,0.06022358051950391,0.0319251854240567,-0.010289264220539697
E02000835,Southwark 029,2023,17,17,161900.0,8000.0,703.05,42.82,0,0.0,17,169400.0,7950.0,703.05,42.82,0.0588235294117647,0.0,-0.04427390791027155,0.006289308176100629,0.0,0.0,-0.0588235294117647
E02000835,Southwark 029,2024,13,13,165600.0,8700.0,509.68,42.82,0,0.0,17,169400.0,7950.0,703.05,42.82,0.0588235294117647,-0.23529411764705882,-0.02243211334120425,0.09433962264150944,-0.2750444491856909,0.0,-0.0588235294117647
E02000835,Southwark 029,2025,14,14,143800.0,8700.0,571.58,43.71,0,0.0,17,169400.0,7950.0,703.05,42.82,0.0588235294117647,-0.17647058823529413,-0.1511216056670602,0.09433962264150944,-0.18699950216912015,0.02078468005604859,-0.0588235294117647
E02000836,Southwark 030,2023,159,159,4185850.0,22250.0,15255.7,75.21,4,0.0251572327044025,156,4166950.0,22000.0,14921.54,75.0,0.0192307692307692,0.019230769230769232,0.004535691572973038,0.011363636363636364,0.022394471348131616,0.0027999999999999167,0.005926463473633299
E02000836,Southwark 030,2024,155,155,4601050.0,22750.0,15083.05,75.22,2,0.0129032258064516,156,4166950.0,22000.0,14921.54,75.0,0.0192307692307692,-0.00641025641025641,0.10417691596971405,0.03409090909090909,0.010823949806789272,0.002933333333333318,-0.0063275434243176
E02000836,Southwark 030,2025,158,158,4611050.0,22375.0,15322.24,75.21,2,0.0126582278481012,156,4166950.0,22000.0,14921.54,75.0,0.0192307692307692,0.01282051282051282,0.1065767527808109,0.017045454545454544,0.026853796592040693,0.0027999999999999167,-0.006572541382668001
E02000837,Southwark 031,2023,123,123,3055150.0,18000.0,12132.95,68.61500000000001,0,0.0,116,3011800.0,18750.0,11053.97,69.23,0.0086206896551724,0.0603448275862069,0.014393386015007637,-0.04,0.09761017987202801,-0.008883432038133682,-0.0086206896551724
E02000837,Southwark 031,2024,117,117,2955450.0,17750.0,11301.0,69.6,0,0.0,116,3011800.0,18750.0,11053.97,69.23,0.0086206896551724,0.008620689655172414,-0.018709741682714654,-0.05333333333333334,0.022347627142103758,0.00534450382782017,-0.0086206896551724
E02000837,Southwark 031,2025,117,117,2921950.0,17875.0,11450.59,69.6,0,0.0,116,3011800.0,18750.0,11053.97,69.23,0.0086206896551724,0.008620689655172414,-0.02983265821103659,-0.04666666666666667,0.035880321730563845,0.00534450382782017,-0.0086206896551724
E02000838,Southwark 032,2023,80,80,1262250.0,9700.0,6305.67,63.1,1,0.0125,78,1254200.0,9600.0,5958.7,62.6,0.0256410256410256,0.02564102564102564,0.006418434061553182,0.010416666666666666,0.0582291439407925,0.007987220447284345,-0.013141025641025598
E02000838,Southwark 032,2024,74,74,1434050.0,12500.0,5793.66,61.795,1,0.0135135135135135,78,1254200.0,9600.0,5958.7,62.6,0.0256410256410256,-0.05128205128205128,0.14339818210811672,0.3020833333333333,-0.02769731652877305,-0.012859424920127791,-0.012127512127512098
E02000838,Southwark 032,2025,75,75,1451050.0,12500.0,5845.96,60.99,1,0.0133333333333333,78,1254200.0,9600.0,5958.7,62.6,0.0256410256410256,-0.038461538461538464,0.15695263913251475,0.3020833333333333,-0.018920234279289072,-0.025718849840255582,-0.012307692307692299
E02000839,Southwark 033,2023,31,31,455400.0,9500.0,2765.18,70.5,1,0.032258064516129,29,487450.0,9800.0,2576.16,70.5,0.0344827586206896,0.06896551724137931,-0.06575033336752488,-0.030612244897959183,0.07337277187752313,0.0,-0.0022246941045606025
E02000839,Southwark 033,2024,28,28,483250.0,10625.0,2624.74,70.06,1,0.0357142857142857,29,487450.0,9800.0,2576.16,70.5,0.0344827586206896,-0.034482758620689655,-0.008616268335213869,0.08418367346938775,0.01885752437736784,-0.006241134751773018,0.0012315270935960992
E02000839,Southwark 033,2025,27,27,469750.0,10250.0,2488.44,69.62,1,0.037037037037037,29,487450.0,9800.0,2576.16,70.5,0.0344827586206896,-0.06896551724137931,-0.03631141655554416,0.04591836734693878,-0.03405068008198241,-0.012482269503546035,0.002554278416347401
E02000841,Sutton 002,2023,5,5,28700.0,6700.0,241.28,57.2,0,0.0,5,28700.0,6700.0,241.28,57.2,0.0,0.0,0.0,0.0,0.0,0.0,0.0
E02000841,Sutton 002,2024,5,5,32500.0,7600.0,241.28,57.2,0,0.0,5,28700.0,6700.0,241.28,57.2,0.0,0.0,0.13240418118466898,0.13432835820895522,0.0,0.0,0.0
E02000841,Sutton 002,2025,5,5,32500.0,7600.0,241.28,57.2,0,0.0,5,28700.0,6700.0,241.28,57.2,0.0,0.0,0.13240418118466898,0.13432835820895522,0.0,0.0,0.0
E02000864,Tower Hamlets 001,2023,157,157,3470430.0,14500.0,20769.04,75.59,35,0.2229299363057325,129,2497580.0,13875.0,15655.27,72.3,0.0852713178294573,0.21705426356589147,0.3895170525068266,0.04504504504504504,0.3266484704511644,0.045504840940525676,0.1376586184762752
E02000864,Tower Hamlets 001,2024,145,145,3688525.0,15000.0,19388.21,75.05,20,0.1379310344827586,129,2497580.0,13875.0,15655.27,72.3,0.0852713178294573,0.12403100775193798,0.4768395807141313,0.08108108108108109,0.2384462229012977,0.0380359612724758,0.0526597166533013
E02000864,Tower Hamlets 001,2025,151,151,3727925.0,14875.0,19814.99,74.235,19,0.1258278145695364,129,2497580.0,13875.0,15655.27,72.3,0.0852713178294573,0.17054263565891473,0.4926148511759383,0.07207207207207207,0.2657073305027637,0.026763485477178457,0.04055649674007911
E02000865,Tower Hamlets 002,2023,153,153,1955540.0,10500.0,13183.15,63.5,19,0.1241830065359477,135,1809490.0,10750.0,11608.55,63.5,0.0814814814814814,0.13333333333333333,0.08071335017049003,-0.023255813953488372,0.13564140224231283,0.0,0.0427015250544663
E02000865,Tower Hamlets 002,2024,130,130,2365055.0,12000.0,11851.59,65.52,8,0.0615384615384615,135,1809490.0,10750.0,11608.55,63.5,0.0814814814814814,-0.037037037037037035,0.3070284997430215,0.11627906976744186,0.020936292646368485,0.03181102362204718,-0.019943019943019905
E02000865,Tower Hamlets 002,2025,133,133,2217555.0,12000.0,11741.42,63.5,9,0.0676691729323308,135,1809490.0,10750.0,11608.55,63.5,0.0814814814814814,-0.014814814814814815,0.22551381881082516,0.11627906976744186,0.011445873946358572,0.0,-0.01381230854915061
E02000866,Tower Hamlets 003,2023,205,205,3209975.0,12750.0,14824.3,59.400000000000006,31,0.1512195121951219,188,3178975.0,12750.0,14108.93,56.05,0.0638297872340425,0.09042553191489362,0.009751570867968448,0.0,0.05070334887195549,0.05976806422836768,0.08738972496107938
E02000866,Tower Hamlets 003,2024,180,180,3148750.0,12750.0,13520.91,62.31,20,0.1111111111111111,188,3178975.0,12750.0,14108.93,56.05,0.0638297872340425,-0.0425531914893617,-0.009507781596269237,0.0,-0.0416771505705961,0.11168599464763614,0.0472813238770686
E02000866,Tower Hamlets 003,2025,185,185,3200400.0,12875.0,13901.04,60.65,20,0.1081081081081081,188,3178975.0,12750.0,14108.93,56.05,0.0638297872340425,-0.015957446808510637,0.006739593736974968,0.00980392156862745,-0.014734639692733567,0.08206958073148977,0.044278320874065594
E02000867,Tower Hamlets 004,2023,66,66,865200.0,12250.0,7833.55,72.0,12,0.1818181818181818,55,1053450.0,12250.0,5537.15,72.0,0.109090909090909,0.2,-0.1786985618681475,0.0,0.41472598719557907,0.0,0.0727272727272728
E02000867,Tower Hamlets 004,2024,50,50,986275.0,12750.0,4850.02,71.755,9,0.18,55,1053450.0,12250.0,5537.15,72.0,0.109090909090909,-0.09090909090909091,-0.06376667141297641,0.04081632653061224,-0.1240945251618611,-0.003402777777777841,0.07090909090909099
E02000867,Tower Hamlets 004,2025,52,52,1007175.0,12500.0,5057.75,71.755,7,0.1346153846153846,55,1053450.0,12250.0,5537.15,72.0,0.109090909090909,-0.05454545454545454,-0.04392709668232949,0.02040816326530612,-0.08657883568261644,-0.003402777777777841,0.025524475524475607
E02000868,Tower Hamlets 005,2023,113,113,2253710.0,15250.0,10176.75,67.85,21,0.1858407079646017,104,2117450.0,15250.0,9493.11,71.8,0.0865384615384615,0.08653846153846154,0.06435098821695907,0.0,0.07201433460688851,-0.055013927576601715,0.0993022464261402
E02000868,Tower Hamlets 005,2024,105,105,2469405.0,17750.0,9752.93,74.62,8,0.0761904761904762,104,2117450.0,15250.0,9493.11,71.8,0.0865384615384615,0.009615384615384616,0.1662164395853503,0.16393442622950818,0.027369323646307658,0.0392757660167132,-0.010347985347985297
E02000868,Tower Hamlets 005,2025,123,123,2552600.0,15750.0,10748.09,71.8,11,0.089430894308943,104,2117450.0,15250.0,9493.11,71.8,0.0865384615384615,0.18269230769230768,0.2055066235330232,0.03278688524590164,0.13219903698577173,0.0,0.0028924327704814984
E02000869,Tower Hamlets 006,2023,181,181,2774195.0,13750.0,12146.43,50.355,22,0.1215469613259668,165,2681545.0,13750.0,11174.84,50.05,0.0484848484848484,0.09696969696969697,0.03455097714190886,0.0,0.08694442157561094,0.006093906093906088,0.07306211284111841
E02000869,Tower Hamlets 006,2024,176,176,3263145.0,15500.0,11726.18,49.785,5,0.0284090909090909,165,2681545.0,13750.0,11174.84,50.05,0.0484848484848484,0.06666666666666667,0.2168898899701478,0.12727272727272726,0.04933761915159413,-0.005294705294705306,-0.0200757575757575
E02000869,Tower Hamlets 006,2025,178,178,3391445.0,15750.0,12290.28,50.355,6,0.0337078651685393,165,2681545.0,13750.0,11174.84,50.05,0.0484848484848484,0.07878787878787878,0.264735441694993,0.14545454545454545,0.09981708910373666,0.006093906093906088,-0.014776983316309104
E02000870,Tower Hamlets 007,2023,144,144,1653125.0,11000.0,9645.05,52.535,19,0.1319444444444444,138,1658825.0,10750.0,9345.29,52.535,0.072463768115942,0.043478260869565216,-0.0034361671665184695,0.023255813953488372,0.032076051144480096,0.0,0.05948067632850239
E02000870,Tower Hamlets 007,2024,129,129,1947395.0,13500.0,8635.46,51.735,11,0.0852713178294573,138,1658825.0,10750.0,9345.29,52.535,0.072463768115942,-0.06521739130434782,0.17396048407758505,0.2558139534883721,-0.07595590934042729,-0.015227943275911244,0.01280754971351529
E02000870,Tower Hamlets 007,2025,130,130,1947145.0,13500.0,8899.19,52.4,11,0.0846153846153846,138,1658825.0,10750.0,9345.29,52.535,0.072463768115942,-0.057971014492753624,0.17380977499133424,0.2558139534883721,-0.04773527627286048,-0.002569715427809994,0.012151616499442602
E02000871,Tower Hamlets 008,2023,43,43,559700.0,11750.0,3832.69,74.7,7,0.1627906976744186,46,618100.0,9200.0,3629.15,56.2,0.217391304347826,-0.06521739130434782,-0.09448309335059052,0.27717391304347827,0.05608475813895815,0.3291814946619217,-0.05460060667340741
E02000871,Tower Hamlets 008,2024,39,39,633575.0,12750.0,3623.61,73.6,2,0.0512820512820512,46,618100.0,9200.0,3629.15,56.2,0.217391304347826,-0.15217391304347827,0.02503640187671898,0.3858695652173913,-0.0015265282504167543,0.30960854092526674,-0.1661092530657748
E02000871,Tower Hamlets 008,2025,39,39,664325.0,12750.0,3715.04,73.6,3,0.0769230769230769,46,618100.0,9200.0,3629.15,56.2,0.217391304347826,-0.15217391304347827,0.07478563339265491,0.3858695652173913,0.023666698813771783,0.30960854092526674,-0.1404682274247491
E02000872,Tower Hamlets 009,2023,357,357,10126850.0,23750.0,35631.35,73.22,62,0.1736694677871148,317,10770050.0,26000.0,31532.13,74.34,0.085173501577287,0.12618296529968454,-0.05972117121090431,-0.08653846153846154,0.1300013668597712,-0.015065913370998177,0.08849596620982782
E02000872,Tower Hamlets 009,2024,307,307,11177875.0,25000.0,29643.95,71.7,26,0.0846905537459283,317,10770050.0,26000.0,31532.13,74.34,0.085173501577287,-0.031545741324921134,0.037866583720595544,-0.038461538461538464,-0.059881143455897214,-0.03551251008878128,-0.00048294783135870156
E02000872,Tower Hamlets 009,2025,312,312,11118975.0,25250.0,30199.27,71.75,28,0.0897435897435897,317,10770050.0,26000.0,31532.13,74.34,0.085173501577287,-0.015772870662460567,0.03239771403103978,-0.028846153846153848,-0.042269900574429975,-0.03483992467043319,0.004570088166302708
E02000873,Tower Hamlets 010,2023,90,90,1080585.0,9000.0,6983.06,50.2,23,0.2555555555555555,89,1247585.0,8900.0,6834.28,49.9,0.0449438202247191,0.011235955056179775,-0.13385861484387837,0.011235955056179775,0.02176966703149427,0.006012024048096278,0.21061173533083638
E02000873,Tower Hamlets 010,2024,83,83,1465510.0,9700.0,6498.71,48.5,7,0.0843373493975903,89,1247585.0,8900.0,6834.28,49.9,0.0449438202247191,-0.06741573033707865,0.1746774768853425,0.0898876404494382,-0.04910100259281149,-0.02805611222444887,0.0393935291728712
E02000873,Tower Hamlets 010,2025,83,83,1465510.0,9700.0,6498.71,48.5,5,0.0602409638554216,89,1247585.0,8900.0,6834.28,49.9,0.0449438202247191,-0.06741573033707865,0.1746774768853425,0.0898876404494382,-0.04910100259281149,-0.02805611222444887,0.015297143630702503
E02000875,Tower Hamlets 012,2023,71,71,1001900.0,12500.0,7122.39,85.21,15,0.2112676056338028,64,1056800.0,12500.0,6451.37,86.495,0.125,0.109375,-0.05194928084784255,0.0,0.10401201605240444,-0.014856350078039317,0.08626760563380281
E02000875,Tower Hamlets 012,2024,68,68,1083925.0,10750.0,6338.58,84.785,12,0.1764705882352941,64,1056800.0,12500.0,6451.37,86.495,0.125,0.0625,0.025667108251324754,-0.14,-0.017483108239025193,-0.01976992889762423,0.0514705882352941
E02000875,Tower Hamlets 012,2025,68,68,1083925.0,10750.0,6338.58,84.785,11,0.1617647058823529,64,1056800.0,12500.0,6451.37,86.495,0.125,0.0625,0.025667108251324754,-0.14,-0.017483108239025193,-0.01976992889762423,0.036764705882352894
E02000876,Tower Hamlets 013,2023,290,290,7302980.0,18000.0,39811.25,77.48,51,0.1758620689655172,249,7503100.0,18000.0,34628.7,77.85,0.0843373493975903,0.1646586345381526,-0.026671642387813038,0.0,0.149660541689408,-0.004752729608220814,0.0915247195679269
E02000876,Tower Hamlets 013,2024,247,247,7239060.0,19500.0,31823.36,77.49000000000001,26,0.1052631578947368,249,7503100.0,18000.0,34628.7,77.85,0.0843373493975903,-0.008032128514056224,-0.035190787807706146,0.08333333333333333,-0.08101199294227034,-0.004624277456647209,0.020925808497146495
E02000876,Tower Hamlets 013,2025,248,248,7098860.0,19750.0,32086.57,77.85,31,0.125,249,7503100.0,18000.0,34628.7,77.85,0.0843373493975903,-0.004016064257028112,-0.05387639775559436,0.09722222222222222,-0.07341107231862581,0.0,0.0406626506024097
E02000877,Tower Hamlets 014,2023,129,129,1702200.0,11750.0,10301.21,66.17500000000001,23,0.1782945736434108,121,1844700.0,12500.0,9864.19,67.24000000000001,0.0661157024793388,0.06611570247933884,-0.07724833306228655,-0.06,0.04430368839205232,-0.015838786436644818,0.112178871164072
E02000877,Tower Hamlets 014,2024,118,118,1888700.0,13250.0,9178.41,67.2,14,0.1186440677966101,121,1844700.0,12500.0,9864.19,67.24000000000001,0.0661157024793388,-0.024793388429752067,0.02385211687537269,0.06,-0.0695221807365836,-0.000594883997620557,0.0525283653172713
E02000877,Tower Hamlets 014,2025,120,120,1912700.0,13375.0,9425.5,67.28,13,0.1083333333333333,121,1844700.0,12500.0,9864.19,67.24000000000001,0.0661157024793388,-0.008264462809917356,0.03686236244375779,0.07,-0.04447298764520964,0.0005948839976203455,0.04221763085399449
E02000878,Tower Hamlets 015,2023,907,907,32671240.0,25250.0,106922.92,73.405,189,0.2083792723263506,797,31363650.0,25750.0,95476.72,75.39,0.1116687578419071,0.13801756587202008,0.04169125723568526,-0.019417475728155338,0.11988472163685553,-0.026329751956492897,0.0967105144844435
E02000878,Tower Hamlets 015,2024,771,771,36680995.0,27250.0,83770.88,71.65,86,0.1115434500648508,797,31363650.0,25750.0,95476.72,75.39,0.1116687578419071,-0.03262233375156838,0.16953846251950905,0.05825242718446602,-0.12260412800104566,-0.04960870141928631,-0.00012530777705629936
E02000878,Tower Hamlets 015,2025,785,785,36799670.0,27250.0,85807.57,71.73,94,0.1197452229299363,797,31363650.0,25750.0,95476.72,75.39,0.1116687578419071,-0.015056461731493099,0.17332230145407182,0.05825242718446602,-0.1012723310980938,-0.04854755272582566,0.008076465088029214
E02000879,Tower Hamlets 016,2023,94,94,1142250.0,11500.0,8608.57,77.9,17,0.1808510638297872,82,1165600.0,13000.0,7534.61,77.13,0.0609756097560975,0.14634146341463414,-0.020032601235415236,-0.11538461538461539,0.14253690635613522,0.009983145339038121,0.11987545407368969
E02000879,Tower Hamlets 016,2024,81,81,1364950.0,12500.0,6818.8,66.85,4,0.0493827160493827,82,1165600.0,13000.0,7534.61,77.13,0.0609756097560975,-0.012195121951219513,0.17102779684282773,-0.038461538461538464,-0.09500292649520009,-0.13328147283806563,-0.011592893706714798
E02000879,Tower Hamlets 016,2025,81,81,1364950.0,12500.0,6818.8,66.85,4,0.0493827160493827,82,1165600.0,13000.0,7534.61,77.13,0.0609756097560975,-0.012195121951219513,0.17102779684282773,-0.038461538461538464,-0.09500292649520009,-0.13328147283806563,-0.011592893706714798
E02000880,Tower Hamlets 017,2023,136,136,2193600.0,13000.0,13487.52,58.79,27,0.1985294117647058,124,2499850.0,14125.0,12779.06,62.13,0.0806451612903225,0.0967741935483871,-0.12250735044102647,-0.07964601769911504,0.05543913245575191,-0.05375824883309196,0.11788425047438329
E02000880,Tower Hamlets 017,2024,112,112,2091475.0,12500.0,10897.85,55.0,9,0.0803571428571428,124,2499850.0,14125.0,12779.06,62.13,0.0806451612903225,-0.0967741935483871,-0.1633598015880953,-0.11504424778761062,-0.14721035819536016,-0.11475937550297767,-0.00028801843317970144
E02000880,Tower Hamlets 017,2025,113,113,2122225.0,12625.0,11069.25,55.5,9,0.079646017699115,124,2499850.0,14125.0,12779.06,62.13,0.0806451612903225,-0.08870967741935484,-0.15105906354381263,-0.10619469026548672,-0.13379779107383483,-0.10671173346209564,-0.0009991435912074936
E02000881,Tower Hamlets 018,2023,43,43,412870.0,7800.0,3750.25,66.3,6,0.1395348837209302,39,418520.0,6600.0,3459.35,62.6,0.1025641025641025,0.10256410256410256,-0.01349995221255854,0.18181818181818182,0.08409094193995985,0.05910543130990408,0.0369707811568277
E02000881,Tower Hamlets 018,2024,40,40,419400.0,10200.0,3585.35,62.6,5,0.125,39,418520.0,6600.0,3459.35,62.6,0.1025641025641025,0.02564102564102564,0.0021026474242569052,0.5454545454545454,0.036423027447352825,0.0,0.022435897435897495
E02000881,Tower Hamlets 018,2025,44,44,532250.0,10200.0,4089.18,60.5,4,0.0909090909090909,39,418520.0,6600.0,3459.35,62.6,0.1025641025641025,0.1282051282051282,0.2717432858644748,0.5454545454545454,0.18206599505687482,-0.03354632587859427,-0.011655011655011607
E02000882,Tower Hamlets 019,2023,88,88,1139850.0,8650.0,8162.540000000001,60.965,15,0.1704545454545454,84,1129300.0,8800.0,7946.34,59.74,0.1904761904761904,0.047619047619047616,0.009342070309040999,-0.017045454545454544,0.027207494267801367,0.020505523937060618,-0.020021645021645024
E02000882,Tower Hamlets 019,2024,73,73,887525.0,9000.0,5526.38,59.74,13,0.1780821917808219,84,1129300.0,8800.0,7946.34,59.74,0.1904761904761904,-0.13095238095238096,-0.21409280085008411,0.022727272727272728,-0.3045376865324162,0.0,-0.012393998695368502
E02000882,Tower Hamlets 019,2025,73,73,868925.0,8900.0,5526.38,59.74,11,0.1506849315068493,84,1129300.0,8800.0,7946.34,59.74,0.1904761904761904,-0.13095238095238096,-0.23056318073142654,0.011363636363636364,-0.3045376865324162,0.0,-0.0397912589693411
E02000883,Tower Hamlets 020,2023,164,164,2195450.0,12000.0,15607.59,72.4,20,0.1219512195121951,140,2552650.0,12625.0,16541.39,74.495,0.05,0.17142857142857143,-0.13993301079270562,-0.04950495049504951,-0.05645232958052493,-0.028122692798174358,0.0719512195121951
E02000883,Tower Hamlets 020,2024,153,153,2298750.0,11375.0,14270.18,71.6,30,0.196078431372549,140,2552650.0,12625.0,16541.39,74.495,0.05,0.09285714285714286,-0.09946526159089573,-0.09900990099009901,-0.13730466423922047,-0.03886166856836043,0.146078431372549
E02000883,Tower Hamlets 020,2025,156,156,2412200.0,11500.0,14718.99,71.63499999999999,32,0.2051282051282051,140,2552650.0,12625.0,16541.39,74.495,0.05,0.11428571428571428,-0.05502125242395158,-0.0891089108910891,-0.11017211975535307,-0.03839183837841484,0.15512820512820508
E02000885,Tower Hamlets 022,2023,161,161,2503995.0,13000.0,17660.01,72.23,22,0.1366459627329192,145,2428945.0,13000.0,15074.54,69.87,0.0827586206896551,0.1103448275862069,0.030898188308092607,0.0,0.17151236455639757,0.03377701445541719,0.053887342043264105
E02000885,Tower Hamlets 022,2024,147,147,2130960.0,11000.0,14423.66,66.24000000000001,29,0.1972789115646258,145,2428945.0,13000.0,15074.54,69.87,0.0827586206896551,0.013793103448275862,-0.12268083468337077,-0.15384615384615385,-0.04317743692344848,-0.05195362816659504,0.11452029087497069
E02000885,Tower Hamlets 022,2025,147,147,2130960.0,11000.0,14423.66,66.24000000000001,28,0.1904761904761904,145,2428945.0,13000.0,15074.54,69.87,0.0827586206896551,0.013793103448275862,-0.12268083468337077,-0.15384615384615385,-0.04317743692344848,-0.05195362816659504,0.10771756978653531
E02000886,Tower Hamlets 023,2023,93,93,966400.0,9500.0,6142.87,54.5,10,0.1075268817204301,90,944110.0,9300.0,5950.14,54.75,0.0555555555555555,0.03333333333333333,0.023609537024287423,0.021505376344086023,0.032390834501373,-0.0045662100456621,0.0519713261648746
E02000886,Tower Hamlets 023,2024,79,79,867515.0,9200.0,5510.25,57.7,8,0.1012658227848101,90,944110.0,9300.0,5950.14,54.75,0.0555555555555555,-0.12222222222222222,-0.08112931755833537,-0.010752688172043012,-0.07392935292278842,0.05388127853881284,0.0457102672292546
E02000886,Tower Hamlets 023,2025,79,79,858515.0,9400.0,5510.25,57.7,8,0.1012658227848101,90,944110.0,9300.0,5950.14,54.75,0.0555555555555555,-0.12222222222222222,-0.09066210505131818,0.010752688172043012,-0.07392935292278842,0.05388127853881284,0.0457102672292546
E02000887,Tower Hamlets 024,2023,55,55,1620000.0,11250.0,8760.41,70.7,5,0.0909090909090909,47,1575400.0,11500.0,8012.35,70.7,0.0425531914893617,0.1702127659574468,0.02831027040751555,-0.021739130434782608,0.09336337029710377,0.0,0.0483558994197292
E02000887,Tower Hamlets 024,2024,50,50,1687150.0,11500.0,7974.03,68.3,7,0.14,47,1575400.0,11500.0,8012.35,70.7,0.0425531914893617,0.06382978723404255,0.07093436587533325,0.0,-0.004782616835260644,-0.03394625176803402,0.0974468085106383
E02000887,Tower Hamlets 024,2025,50,50,1687150.0,11500.0,7974.03,68.3,4,0.08,47,1575400.0,11500.0,8012.35,70.7,0.0425531914893617,0.06382978723404255,0.07093436587533325,0.0,-0.004782616835260644,-0.03394625176803402,0.0374468085106383
E02000888,Tower Hamlets 025,2023,140,140,2144250.0,16500.0,15322.03,76.8,23,0.1642857142857142,128,2261050.0,16500.0,14191.1,84.0,0.15625,0.09375,-0.05165741580239269,0.0,0.07969290611721433,-0.08571428571428574,0.008035714285714202
E02000888,Tower Hamlets 025,2024,107,107,2150025.0,15625.0,11174.38,79.555,12,0.1121495327102803,128,2261050.0,16500.0,14191.1,84.0,0.15625,-0.1640625,-0.049103292717985005,-0.05303030303030303,-0.21257830612144238,-0.052916666666666584,-0.0441004672897197
E02000888,Tower Hamlets 025,2025,113,113,2141650.0,15500.0,11585.58,75.15,6,0.0530973451327433,128,2261050.0,16500.0,14191.1,84.0,0.15625,-0.1171875,-0.052807324030870614,-0.06060606060606061,-0.18360239868650072,-0.10535714285714279,-0.1031526548672567
E02000889,Tower Hamlets 026,2023,110,110,1763050.0,16500.0,19777.21,75.775,17,0.1545454545454545,82,1799100.0,15150.0,11905.08,81.215,0.2804878048780488,0.34146341463414637,-0.020037796676115837,0.0891089108910891,0.6612412516337562,-0.0669827002401034,-0.1259423503325943
E02000889,Tower Hamlets 026,2024,62,62,1844050.0,18750.0,8739.98,92.47,13,0.2096774193548387,82,1799100.0,15150.0,11905.08,81.215,0.2804878048780488,-0.24390243902439024,0.024984714579511978,0.2376237623762376,-0.26586129618616594,0.13858277411808156,-0.07081038552321012
E02000889,Tower Hamlets 026,2025,65,65,1789800.0,17500.0,10099.38,97.2,17,0.2615384615384615,82,1799100.0,15150.0,11905.08,81.215,0.2804878048780488,-0.2073170731707317,-0.005169251292312823,0.1551155115511551,-0.15167474725075353,0.19682324693714215,-0.01894934333958731
E02000890,Tower Hamlets 027,2023,126,126,5905525.0,27500.0,19856.39,72.96,21,0.1666666666666666,121,6232400.0,27375.0,18049.41,68.9,0.1652892561983471,0.04132231404958678,-0.052447692702650664,0.0045662100456621,0.10011296768149205,0.05892597968069648,0.0013774104683194899
E02000890,Tower Hamlets 027,2024,103,103,5430075.0,29000.0,16630.1,72.96,21,0.203883495145631,121,6232400.0,27375.0,18049.41,68.9,0.1652892561983471,-0.1487603305785124,-0.12873451639817726,0.0593607305936073,-0.07863470329501082,0.05892597968069648,0.03859423894728389
E02000890,Tower Hamlets 027,2025,103,103,5430075.0,29000.0,16630.1,72.96,20,0.1941747572815534,121,6232400.0,27375.0,18049.41,68.9,0.1652892561983471,-0.1487603305785124,-0.12873451639817726,0.0593607305936073,-0.07863470329501082,0.05892597968069648,0.028885501083206283
E02000893,Tower Hamlets 030,2023,36,36,454900.0,11250.0,2293.58,61.1,7,0.1944444444444444,31,442000.0,11000.0,1884.38,60.9,0.032258064516129,0.16129032258064516,0.02918552036199095,0.022727272727272728,0.21715365266029135,0.0032840722495895377,0.1621863799283154
E02000893,Tower Hamlets 030,2024,34,34,490650.0,11750.0,2124.28,61.1,6,0.1764705882352941,31,442000.0,11000.0,1884.38,60.9,0.032258064516129,0.0967741935483871,0.11006787330316742,0.06818181818181818,0.12730977828251205,0.0032840722495895377,0.1442125237191651
E02000893,Tower Hamlets 030,2025,34,34,490650.0,11750.0,2124.28,61.1,5,0.1470588235294117,31,442000.0,11000.0,1884.38,60.9,0.032258064516129,0.0967741935483871,0.11006787330316742,0.06818181818181818,0.12730977828251205,0.0032840722495895377,0.11480075901328268
E02000894,Tower Hamlets 031,2023,20,20,399650.0,14000.0,2579.28,60.39,5,0.25,19,527450.0,16250.0,2549.69,60.7,0.0,0.05263157894736842,-0.24229784813726418,-0.13846153846153847,0.011605332412960063,-0.005107084019769395,0.25
E02000894,Tower Hamlets 031,2024,20,20,442650.0,13250.0,2172.0,60.39,1,0.05,19,527450.0,16250.0,2549.69,60.7,0.0,0.05263157894736842,-0.16077353303630676,-0.18461538461538463,-0.1481317336617393,-0.005107084019769395,0.05
E02000894,Tower Hamlets 031,2025,21,21,452650.0,17250.0,2301.86,60.7,2,0.0952380952380952,19,527450.0,16250.0,2549.69,60.7,0.0,0.10526315789473684,-0.14181438998957246,0.06153846153846154,-0.09720005177099958,0.0,0.0952380952380952
E02000895,Waltham Forest 001,2023,40,40,653700.0,10875.0,2706.28,54.0,2,0.05,39,1081350.0,11750.0,5302.23,55.7,0.0,0.02564102564102564,-0.39547787487862396,-0.07446808510638298,-0.4895958870135772,-0.030520646319569168,0.05
E02000895,Waltham Forest 001,2024,29,29,601100.0,10000.0,2225.93,61.895,2,0.0689655172413793,39,1081350.0,11750.0,5302.23,55.7,0.0,-0.2564102564102564,-0.4441207749572294,-0.14893617021276595,-0.5801898446502698,0.11122082585278277,0.0689655172413793
E02000895,Waltham Forest 001,2025,29,29,601100.0,10000.0,2225.93,61.895,0,0.0,39,1081350.0,11750.0,5302.23,55.7,0.0,-0.2564102564102564,-0.4441207749572294,-0.14893617021276595,-0.5801898446502698,0.11122082585278277,0.0
E02000896,Waltham Forest 002,2023,178,178,3383900.0,16750.0,18168.0,72.72,10,0.0561797752808988,168,3465900.0,17000.0,17495.34,73.7,0.0297619047619047,0.05952380952380952,-0.023659078450041837,-0.014705882352941176,0.03844795242618891,-0.0132971506105835,0.026417870518994097
E02000896,Waltham Forest 002,2024,165,165,3652700.0,19500.0,16785.32,72.71000000000001,10,0.0606060606060606,168,3465900.0,17000.0,17495.34,73.7,0.0297619047619047,-0.017857142857142856,0.05389653481058311,0.14705882352941177,-0.04058337820242421,-0.013432835820895453,0.0308441558441559
E02000896,Waltham Forest 002,2025,165,165,3628200.0,19375.0,16784.02,72.71000000000001,11,0.0666666666666666,168,3465900.0,17000.0,17495.34,73.7,0.0297619047619047,-0.017857142857142856,0.046827663810265735,0.13970588235294118,-0.04065768370320324,-0.013432835820895453,0.0369047619047619
E02000897,Waltham Forest 003,2023,34,34,373900.0,8800.0,3338.09,80.0,1,0.0294117647058823,34,388150.0,8800.0,3338.09,80.0,0.0,0.0,-0.03671261110395466,0.0,0.0,0.0,0.0294117647058823
E02000897,Waltham Forest 003,2024,33,33,500750.0,14250.0,3229.99,79.9,1,0.0303030303030303,34,388150.0,8800.0,3338.09,80.0,0.0,-0.029411764705882353,0.2900940358108978,0.6193181818181818,-0.032383788334047425,-0.001249999999999929,0.0303030303030303
E02000897,Waltham Forest 003,2025,33,33,500750.0,14250.0,3229.99,79.9,1,0.0303030303030303,34,388150.0,8800.0,3338.09,80.0,0.0,-0.029411764705882353,0.2900940358108978,0.6193181818181818,-0.032383788334047425,-0.001249999999999929,0.0303030303030303
E02000898,Waltham Forest 004,2023,9,9,246700.0,41500.0,2211.67,265.3,1,0.1111111111111111,6,264200.0,34000.0,1622.6,219.775,0.0,0.5,-0.06623769871309614,0.22058823529411764,0.36304079871810685,0.2071436696621545,0.1111111111111111
E02000898,Waltham Forest 004,2024,5,5,210650.0,38300.0,573.39,174.25,0,0.0,6,264200.0,34000.0,1622.6,219.775,0.0,-0.16666666666666666,-0.2026873580620742,0.1264705882352941,-0.646622704301738,-0.2071436696621545,0.0
E02000898,Waltham Forest 004,2025,5,5,210650.0,38300.0,573.39,174.25,0,0.0,6,264200.0,34000.0,1622.6,219.775,0.0,-0.16666666666666666,-0.2026873580620742,0.1264705882352941,-0.646622704301738,-0.2071436696621545,0.0
E02000899,Waltham Forest 005,2023,230,230,3835250.0,13750.0,28540.24,77.57,24,0.1043478260869565,220,3972850.0,13750.0,28033.27,78.56,0.0727272727272727,0.045454545454545456,-0.034635085643807344,0.0,0.01808458306861815,-0.012601832993890135,0.031620553359683806
E02000899,Waltham Forest 005,2024,210,210,4246300.0,16000.0,25691.44,75.32,14,0.0666666666666666,220,3972850.0,13750.0,28033.27,78.56,0.0727272727272727,-0.045454545454545456,0.06882968146292963,0.16363636363636364,-0.08353752523341022,-0.04124236252545836,-0.0060606060606061
E02000899,Waltham Forest 005,2025,209,209,4258650.0,16000.0,25744.3,75.52,18,0.0861244019138756,220,3972850.0,13750.0,28033.27,78.56,0.0727272727272727,-0.05,0.07193828108284984,0.16363636363636364,-0.08165190860716574,-0.03869653767820782,0.013397129186602907
E02000900,Waltham Forest 006,2023,70,70,7244900.0,11250.0,107648.62,114.33,2,0.0285714285714285,64,7461950.0,11000.0,86883.83,117.21,0.015625,0.09375,-0.029087570943252098,0.022727272727272728,0.23899487395986105,-0.024571282313795715,0.012946428571428501
E02000900,Waltham Forest 006,2024,61,61,6914250.0,15750.0,56769.14,114.33,1,0.0163934426229508,64,7461950.0,11000.0,86883.83,117.21,0.015625,-0.046875,-0.07339904448569073,0.4318181818181818,-0.3466086842626528,-0.024571282313795715,0.0007684426229507997
E02000900,Waltham Forest 006,2025,63,63,7635750.0,15750.0,64617.75,118.5,1,0.0158730158730158,64,7461950.0,11000.0,86883.83,117.21,0.015625,-0.015625,0.02329149887093856,0.4318181818181818,-0.25627415366012296,0.011005886869721067,0.0002480158730157993
E02000901,Waltham Forest 007,2023,155,155,3039450.0,9700.0,20607.68,55.055,4,0.0258064516129032,146,2916800.0,9450.0,18764.12,55.01,0.0205479452054794,0.06164383561643835,0.04204950630828305,0.026455026455026454,0.09824921179357206,0.0008180330848936867,0.005258506407423803
E02000901,Waltham Forest 007,2024,138,138,3173650.0,10250.0,18773.02,56.94,6,0.0434782608695652,146,2916800.0,9450.0,18764.12,55.01,0.0205479452054794,-0.0547945205479452,0.08805883159626988,0.08465608465608465,0.00047430948000766655,0.035084530085439006,0.022930315664085803
E02000901,Waltham Forest 007,2025,138,138,3160150.0,10250.0,18463.52,56.94,5,0.036231884057971,146,2916800.0,9450.0,18764.12,55.01,0.0205479452054794,-0.0547945205479452,0.08343047174986286,0.08465608465608465,-0.016019935920256242,0.035084530085439006,0.015683938852491603
E02000902,Waltham Forest 008,2023,51,51,703800.0,9500.0,5874.84,57.615,3,0.0588235294117647,49,724700.0,9350.0,5672.71,57.265,0.0408163265306122,0.04081632653061224,-0.02883951980129709,0.016042780748663103,0.03563199952051138,0.006111935737361415,0.018007202881152498
E02000902,Waltham Forest 008,2024,43,43,818200.0,11625.0,5132.84,57.615,1,0.0232558139534883,49,724700.0,9350.0,5672.71,57.265,0.0408163265306122,-0.12244897959183673,0.1290189043742238,0.24331550802139038,-0.09516968080511781,0.006111935737361415,-0.0175605125771239
E02000902,Waltham Forest 008,2025,43,43,818200.0,11625.0,5132.84,57.615,1,0.0232558139534883,49,724700.0,9350.0,5672.71,57.265,0.0408163265306122,-0.12244897959183673,0.1290189043742238,0.24331550802139038,-0.09516968080511781,0.006111935737361415,-0.0175605125771239
E02000903,Waltham Forest 009,2023,51,51,515445.0,8100.0,4412.9,51.325,2,0.0392156862745098,50,519345.0,8150.0,3880.77,48.95,0.02,0.02,-0.007509459030124484,-0.006134969325153374,0.13711969531819707,0.04851889683350357,0.019215686274509803
E02000903,Waltham Forest 009,2024,45,45,629860.0,10500.0,3709.44,51.325,1,0.0222222222222222,50,519345.0,8150.0,3880.77,48.95,0.02,-0.1,0.21279688838825828,0.2883435582822086,-0.04414845507463723,0.04851889683350357,0.0022222222222221984
E02000903,Waltham Forest 009,2025,46,46,629860.0,10500.0,3720.44,48.95,3,0.0652173913043478,50,519345.0,8150.0,3880.77,48.95,0.02,-0.08,0.21279688838825828,0.2883435582822086,-0.04131396604282138,0.0,0.04521739130434779
E02000904,Waltham Forest 010,2023,37,37,299250.0,7500.0,10056.21,63.18,5,0.1351351351351351,36,1279250.0,8100.0,9888.4,62.76,0.0277777777777777,0.027777777777777776,-0.7660738714090287,-0.07407407407407407,0.016970389547348357,0.006692160611854712,0.10735735735735738
E02000904,Waltham Forest 010,2024,34,34,329100.0,8750.0,2520.23,62.76,3,0.088235294117647,36,1279250.0,8100.0,9888.4,62.76,0.0277777777777777,-0.05555555555555555,-0.7427398866523354,0.08024691358024691,-0.7451326807167995,0.0,0.060457516339869295
E02000904,Waltham Forest 010,2025,35,35,334300.0,8600.0,2540.08,58.88,2,0.0571428571428571,36,1279250.0,8100.0,9888.4,62.76,0.0277777777777777,-0.027777777777777776,-0.7386750048856752,0.06172839506172839,-0.7431252781036366,-0.061822817080943206,0.0293650793650794
E02000905,Waltham Forest 011,2023,178,178,1650775.0,8250.0,12183.46,52.28,10,0.0561797752808988,168,1710775.0,8000.0,11833.41,50.33,0.0535714285714285,0.05952380952380952,-0.035071824173254815,0.03125,0.029581498486066084,0.038744287701172324,0.0026083467094702995
E02000905,Waltham Forest 011,2024,160,160,1885850.0,9700.0,10890.96,50.4,5,0.03125,168,1710775.0,8000.0,11833.41,50.33,0.0535714285714285,-0.047619047619047616,0.1023366602855431,0.2125,-0.07964314597398389,0.0013908205841446511,-0.0223214285714285
E02000905,Waltham Forest 011,2025,161,161,1904350.0,9800.0,10933.07,51.28,5,0.031055900621118,168,1710775.0,8000.0,11833.41,50.33,0.0535714285714285,-0.041666666666666664,0.11315047273896334,0.225,-0.07608457748020225,0.01887542221339167,-0.022515527950310497
E02000906,Waltham Forest 012,2023,91,91,809525.0,7450.0,6886.400000000001,61.25,3,0.0329670329670329,91,823325.0,7500.0,6891.56,61.25,0.0329670329670329,0.0,-0.016761303252057207,-0.006666666666666667,-0.000748741939415728,0.0,0.0
E02000906,Waltham Forest 012,2024,88,88,977850.0,9600.0,6640.09,57.44,1,0.0113636363636363,91,823325.0,7500.0,6891.56,61.25,0.0329670329670329,-0.03296703296703297,0.1876840858713145,0.28,-0.03648956114435632,-0.0622040816326531,-0.0216033966033966
E02000906,Waltham Forest 012,2025,88,88,977550.0,9500.0,6625.49,57.44,4,0.0454545454545454,91,823325.0,7500.0,6891.56,61.25,0.0329670329670329,-0.03296703296703297,0.18731970971366108,0.26666666666666666,-0.03860809453882729,-0.0622040816326531,0.012487512487512502
E02000907,Waltham Forest 013,2023,213,213,1761710.0,8000.0,13470.6,47.67,21,0.0985915492957746,192,1816960.0,7800.0,12367.44,50.2,0.0572916666666666,0.109375,-0.030407934131736526,0.02564102564102564,0.089198734742194,-0.05039840637450201,0.041299882629108
E02000907,Waltham Forest 013,2024,180,180,2004900.0,9250.0,11762.21,49.67,23,0.1277777777777777,192,1816960.0,7800.0,12367.44,50.2,0.0572916666666666,-0.0625,0.10343650933427263,0.1858974358974359,-0.04893737103232369,-0.010557768924302812,0.07048611111111111
E02000907,Waltham Forest 013,2025,183,183,2031975.0,9500.0,11917.73,49.305,25,0.1366120218579235,192,1816960.0,7800.0,12367.44,50.2,0.0572916666666666,-0.046875,0.11833777298344487,0.21794871794871795,-0.03636241615079604,-0.017828685258964205,0.07932035519125691
E02000908,Waltham Forest 014,2023,78,78,876575.0,8000.0,6169.1,67.8,2,0.0256410256410256,71,817475.0,7700.0,5846.82,63.15,0.028169014084507,0.09859154929577464,0.07229578886204471,0.03896103896103896,0.055120561262361534,0.07363420427553442,-0.0025279884434814028
E02000908,Waltham Forest 014,2024,72,72,1011600.0,9350.0,6018.07,69.84,1,0.0138888888888888,71,817475.0,7700.0,5846.82,63.15,0.028169014084507,0.014084507042253521,0.23746903575032877,0.21428571428571427,0.0292894257049131,0.10593824228028512,-0.014280125195618202
E02000908,Waltham Forest 014,2025,76,76,1173650.0,9550.0,6932.62,72.9,2,0.0263157894736842,71,817475.0,7700.0,5846.82,63.15,0.028169014084507,0.07042253521126761,0.43570139759625676,0.24025974025974026,0.18570778645485927,0.15439429928741105,-0.0018532246108228026
E02000909,Waltham Forest 015,2023,92,92,1219525.0,10250.0,10296.67,59.225,7,0.0760869565217391,86,1221300.0,9450.0,9403.4,59.225,0.0581395348837209,0.06976744186046512,-0.0014533693605174815,0.08465608465608465,0.09499436374077466,0.0,0.017947421638018192
E02000909,Waltham Forest 015,2024,78,78,1272200.0,10875.0,7994.87,58.95,3,0.0384615384615384,86,1221300.0,9450.0,9403.4,59.225,0.0581395348837209,-0.09302325581395349,0.04167690166216327,0.15079365079365079,-0.14978943786290064,-0.004643309413254514,-0.0196779964221825
E02000909,Waltham Forest 015,2025,81,81,1269900.0,11125.0,8346.0,59.555,3,0.037037037037037,86,1221300.0,9450.0,9403.4,59.225,0.0581395348837209,-0.05813953488372093,0.0397936624907885,0.17724867724867724,-0.11244868877214621,0.005571971295905417,-0.0211024978466839
E02000910,Waltham Forest 016,2023,232,232,2740975.0,11000.0,19199.25,59.7,11,0.0474137931034482,186,2717125.0,11500.0,16476.74,64.9,0.0268817204301075,0.24731182795698925,0.00877766021070065,-0.043478260869565216,0.16523353527457482,-0.08012326656394457,0.020532072673340698
E02000910,Waltham Forest 016,2024,195,195,3461225.0,13750.0,15972.55,61.34,9,0.0461538461538461,186,2717125.0,11500.0,16476.74,64.9,0.0268817204301075,0.04838709677419355,0.27385563785250955,0.1956521739130435,-0.030600106574480285,-0.0548536209553159,0.0192721257237386
E02000910,Waltham Forest 016,2025,195,195,3453425.0,13750.0,16036.88,63.5,13,0.0666666666666666,186,2717125.0,11500.0,16476.74,64.9,0.0268817204301075,0.04838709677419355,0.2709849565257395,0.1956521739130435,-0.026695814827447806,-0.021571648690292843,0.03978494623655909
E02000911,Waltham Forest 017,2023,598,598,15287050.0,17200.0,95284.59,75.5,37,0.0618729096989966,486,15425300.0,18750.0,81308.08,80.97,0.0390946502057613,0.23045267489711935,-0.008962548540384953,-0.08266666666666667,0.17189570827401157,-0.06755588489564035,0.022778259493235302
E02000911,Waltham Forest 017,2024,522,522,15306000.0,19000.0,78697.42,73.125,27,0.0517241379310344,486,15425300.0,18750.0,81308.08,80.97,0.0390946502057613,0.07407407407407407,-0.007734047311883724,0.013333333333333334,-0.03210824803635756,-0.09688773619859206,0.0126294877252731
E02000911,Waltham Forest 017,2025,531,531,15398300.0,19125.0,84516.65,74.12,26,0.0489642184557438,486,15425300.0,18750.0,81308.08,80.97,0.0390946502057613,0.09259259259259259,-0.0017503711435109851,0.02,0.03946188373898378,-0.08459923428430276,0.009869568249982502
E02000912,Waltham Forest 018,2023,29,29,267850.0,8800.0,1747.14,49.195,1,0.0344827586206896,29,268850.0,8800.0,1752.33,49.195,0.0344827586206896,0.0,-0.003719546215361726,0.0,-0.002961770899316811,0.0,0.0
E02000912,Waltham Forest 018,2024,25,25,305100.0,10250.0,1550.49,55.21,0,0.0,29,268850.0,8800.0,1752.33,49.195,0.0344827586206896,-0.13793103448275862,0.13483355030686256,0.16477272727272727,-0.11518378387632462,0.12226852322390488,-0.0344827586206896
E02000912,Waltham Forest 018,2025,25,25,305100.0,10250.0,1550.49,55.21,0,0.0,29,268850.0,8800.0,1752.33,49.195,0.0344827586206896,-0.13793103448275862,0.13483355030686256,0.16477272727272727,-0.11518378387632462,0.12226852322390488,-0.0344827586206896
E02000913,Waltham Forest 019,2023,62,62,675300.0,9400.0,4984.09,74.465,1,0.0161290322580645,64,733050.0,9350.0,5024.92,72.935,0.015625,-0.03125,-0.07878043789646,0.0053475935828877,-0.008125502495562103,0.020977582779186963,0.0005040322580644983
E02000913,Waltham Forest 019,2024,59,59,780675.0,11500.0,4666.87,74.94,0,0.0,64,733050.0,9350.0,5024.92,72.935,0.015625,-0.078125,0.0649682832003274,0.22994652406417113,-0.07125486574910649,0.027490231027627276,-0.015625
E02000913,Waltham Forest 019,2025,59,59,771075.0,11500.0,4665.32,74.94,0,0.0,64,733050.0,9350.0,5024.92,72.935,0.015625,-0.078125,0.05187231430325353,0.22994652406417113,-0.07156332837139703,0.027490231027627276,-0.015625
E02000914,Waltham Forest 020,2023,318,318,5623235.0,13375.0,34863.6,74.69999999999999,28,0.0880503144654088,290,5665025.0,13500.0,31150.39,73.7,0.0344827586206896,0.09655172413793103,-0.007376842997162413,-0.009259259259259259,0.11920268092951643,0.013568521031207405,0.0535675558447192
E02000914,Waltham Forest 020,2024,285,285,6392835.0,15750.0,30839.37,68.0,27,0.0947368421052631,290,5665025.0,13500.0,31150.39,73.7,0.0344827586206896,-0.017241379310344827,0.12847427857776444,0.16666666666666666,-0.00998446568405726,-0.07734056987788335,0.060254083484573506
E02000914,Waltham Forest 020,2025,288,288,6289885.0,15625.0,31069.04,67.92,28,0.0972222222222222,290,5665025.0,13500.0,31150.39,73.7,0.0344827586206896,-0.006896551724137931,0.11030136671947609,0.1574074074074074,-0.002611524285891719,-0.07842605156037993,0.0627394636015326
E02000915,Waltham Forest 021,2023,40,40,550425.0,9500.0,3816.4,71.89,5,0.125,36,504825.0,9100.0,3174.8,60.2,0.0555555555555555,0.1111111111111111,0.09032833160005943,0.04395604395604396,0.20209147032883956,0.19418604651162785,0.0694444444444445
E02000915,Waltham Forest 021,2024,38,38,610050.0,11000.0,3621.06,71.89,4,0.1052631578947368,36,504825.0,9100.0,3174.8,60.2,0.0555555555555555,0.05555555555555555,0.20843856782053186,0.2087912087912088,0.1405631850825248,0.19418604651162785,0.0497076023391813
E02000915,Waltham Forest 021,2025,38,38,611800.0,11000.0,3739.86,71.89,4,0.1052631578947368,36,504825.0,9100.0,3174.8,60.2,0.0555555555555555,0.05555555555555555,0.21190511563413064,0.2087912087912088,0.1779828650623661,0.19418604651162785,0.0497076023391813
E02000916,Waltham Forest 022,2023,219,219,2758275.0,9600.0,21960.98,59.43,11,0.0502283105022831,201,2645525.0,9700.0,20731.63,60.75,0.0398009950248756,0.08955223880597014,0.04261913986826811,-0.010309278350515464,0.05929827997123229,-0.0217283950617284,0.010427315477407502
E02000916,Waltham Forest 022,2024,202,202,2954575.0,10750.0,19409.53,60.385000000000005,9,0.0445544554455445,201,2645525.0,9700.0,20731.63,60.75,0.0398009950248756,0.004975124378109453,0.11681991287173624,0.10824742268041238,-0.06377212018543656,-0.006008230452674813,0.004753460420668897
E02000916,Waltham Forest 022,2025,202,202,2952075.0,10750.0,19338.09,60.385000000000005,10,0.0495049504950495,201,2645525.0,9700.0,20731.63,60.75,0.0398009950248756,0.004975124378109453,0.11587492085691876,0.10824742268041238,-0.06721806244853881,-0.006008230452674813,0.0097039554701739
E02000917,Waltham Forest 023,2023,115,115,1055775.0,8600.0,7334.84,52.9,8,0.0695652173913043,101,1021150.0,8600.0,6379.99,48.8,0.0495049504950495,0.13861386138613863,0.03390784899378152,0.0,0.1496632439862759,0.08401639344262299,0.020060266896254793
E02000917,Waltham Forest 023,2024,106,106,1202900.0,10750.0,6222.75,48.5,8,0.0754716981132075,101,1021150.0,8600.0,6379.99,48.8,0.0495049504950495,0.04950495049504951,0.17798560446555353,0.25,-0.02464580665486933,-0.006147540983606499,0.025966747618158002
E02000917,Waltham Forest 023,2025,107,107,1191175.0,10750.0,6268.1,47.25,6,0.0560747663551401,101,1021150.0,8600.0,6379.99,48.8,0.0495049504950495,0.0594059405940594,0.16650345199040298,0.25,-0.017537645043330698,-0.03176229508196716,0.006569815860090603
E02000918,Waltham Forest 024,2023,243,243,6776330.0,14500.0,46852.0,75.94,22,0.0905349794238683,217,6820775.0,15500.0,38941.88,77.82,0.0460829493087557,0.11981566820276497,-0.006516121701712782,-0.06451612903225806,0.20312630001427776,-0.0241583140580827,0.044452030115112603
E02000918,Waltham Forest 024,2024,219,219,6542990.0,16000.0,34427.19,75.92,14,0.0639269406392694,217,6820775.0,15500.0,38941.88,77.82,0.0460829493087557,0.009216589861751152,-0.04072631042660108,0.03225806451612903,-0.1159340535177037,-0.024415317399126082,0.017843991330513703
E02000918,Waltham Forest 024,2025,225,225,6782340.0,16000.0,38556.56,74.845,13,0.0577777777777777,217,6820775.0,15500.0,38941.88,77.82,0.0460829493087557,0.03686635944700461,-0.005634990158742958,0.03225806451612903,-0.009894745708219525,-0.03822924698021067,0.011694828469022
E02000919,Waltham Forest 025,2023,136,136,1953550.0,12625.0,12821.51,73.78999999999999,6,0.0441176470588235,129,1960550.0,12500.0,12096.51,73.76,0.0232558139534883,0.05426356589147287,-0.0035704266659865856,0.01,0.05993464230592129,0.0004067245119304084,0.0208618331053352
E02000919,Waltham Forest 025,2024,130,130,2071525.0,12875.0,11838.54,70.13,4,0.0307692307692307,129,1960550.0,12500.0,12096.51,73.76,0.0232558139534883,0.007751937984496124,0.056604014179694476,0.03,-0.021325985759528935,-0.04921366594360099,0.007513416815742403
E02000919,Waltham Forest 025,2025,133,133,2076075.0,12750.0,12005.53,69.45,4,0.0300751879699248,129,1960550.0,12500.0,12096.51,73.76,0.0232558139534883,0.031007751937984496,0.058924791512585756,0.02,-0.0075211775958519906,-0.05843275488069417,0.006819374016436501
E02000920,Waltham Forest 026,2023,264,264,8032020.0,9500.0,70975.85,83.68,5,0.0189393939393939,255,8067120.0,9550.0,60413.47,84.94999999999999,0.0039215686274509,0.03529411764705882,-0.004350995150685747,-0.005235602094240838,0.17483485057223172,-0.01494997057092386,0.015017825311942998
E02000920,Waltham Forest 026,2024,254,254,8856400.0,12500.0,52213.83,83.68,4,0.0157480314960629,255,8067120.0,9550.0,60413.47,84.94999999999999,0.0039215686274509,-0.00392156862745098,0.09783912970180188,0.3089005235602094,-0.13572536058597526,-0.01494997057092386,0.011826462868612001
E02000920,Waltham Forest 026,2025,256,256,8832250.0,12500.0,52719.83,84.3,4,0.015625,255,8067120.0,9550.0,60413.47,84.94999999999999,0.0039215686274509,0.00392156862745098,0.09484549628615913,0.3089005235602094,-0.1273497450154742,-0.0076515597410240326,0.0117034313725491
E02000921,Waltham Forest 027,2023,125,125,1567225.0,11000.0,10225.63,61.965,7,0.056,121,1567675.0,11000.0,10019.21,61.995000000000005,0.0330578512396694,0.03305785123966942,-0.00028704929274243706,0.0,0.020602422745905125,-0.0004839099927413684,0.0229421487603306
E02000921,Waltham Forest 027,2024,121,121,1693025.0,12250.0,9939.09,61.995000000000005,5,0.0413223140495867,121,1567675.0,11000.0,10019.21,61.995000000000005,0.0330578512396694,0.0,0.07995917521169886,0.11363636363636363,-0.007996638457522997,0.0,0.0082644628099173
E02000921,Waltham Forest 027,2025,121,121,1680525.0,12250.0,9951.87,62.36,5,0.0413223140495867,121,1567675.0,11000.0,10019.21,61.995000000000005,0.0330578512396694,0.0,0.07198558374663115,0.11363636363636363,-0.006721088788437245,0.00588757157835301,0.0082644628099173
E02000922,Waltham Forest 028,2023,112,112,1078275.0,9900.0,7520.05,59.5,7,0.0625,101,959775.0,9800.0,6834.47,61.54,0.0396039603960396,0.10891089108910891,0.12346643744627647,0.01020408163265306,0.10031209442721965,-0.03314917127071822,0.022896039603960402
E02000922,Waltham Forest 028,2024,101,101,1261550.0,11250.0,6975.22,58.395,5,0.0495049504950495,101,959775.0,9800.0,6834.47,61.54,0.0396039603960396,0.0,0.3144226511421948,0.14795918367346939,0.020594135317003368,-0.05110497237569055,0.009900990099009903
E02000922,Waltham Forest 028,2025,106,106,1254050.0,11000.0,7130.79,56.52,7,0.0660377358490566,101,959775.0,9800.0,6834.47,61.54,0.0396039603960396,0.04950495049504951,0.30660831965825325,0.12244897959183673,0.043356690423690454,-0.08157296067598303,0.026433775453017005
E02000923,Wandsworth 001,2023,85,85,2466100.0,16000.0,9141.0,86.85,8,0.0941176470588235,78,2344000.0,15625.0,7757.29,81.26,0.0897435897435897,0.08974358974358974,0.05209044368600683,0.024,0.17837543781397885,0.06879153334974143,0.004374057315233798
E02000923,Wandsworth 001,2024,77,77,2289625.0,16625.0,8193.29,86.85,7,0.0909090909090909,78,2344000.0,15625.0,7757.29,81.26,0.0897435897435897,-0.01282051282051282,-0.023197525597269626,0.064,0.056205195371063985,0.06879153334974143,0.0011655011655011954
E02000923,Wandsworth 001,2025,77,77,2289625.0,16625.0,8193.29,86.85,7,0.0909090909090909,78,2344000.0,15625.0,7757.29,81.26,0.0897435897435897,-0.01282051282051282,-0.023197525597269626,0.064,0.056205195371063985,0.06879153334974143,0.0011655011655011954
E02000925,Wandsworth 003,2023,86,86,1379350.0,11875.0,6396.58,62.78,6,0.0697674418604651,84,1382400.0,12000.0,6407.31,67.87,0.0714285714285714,0.023809523809523808,-0.00220630787037037,-0.010416666666666666,-0.001674649736004731,-0.07499631648740243,-0.0016611295681062954
E02000925,Wandsworth 003,2024,82,82,1322635.0,11750.0,5523.08,61.7,5,0.0609756097560975,84,1382400.0,12000.0,6407.31,67.87,0.0714285714285714,-0.023809523809523808,-0.04323278356481482,-0.020833333333333332,-0.13800331184225523,-0.09090909090909093,-0.0104529616724739
E02000925,Wandsworth 003,2025,83,83,1355485.0,12250.0,5841.12,62.22,4,0.0481927710843373,84,1382400.0,12000.0,6407.31,67.87,0.0714285714285714,-0.011904761904761904,-0.01946976273148148,0.020833333333333332,-0.08836625666621413,-0.08324738470605578,-0.023235800344234094
E02000926,Wandsworth 004,2023,156,156,4758840.0,12375.0,29019.24,65.8,12,0.0769230769230769,147,3864590.0,12250.0,22246.9,64.5,0.0680272108843537,0.061224489795918366,0.23139582724169963,0.01020408163265306,0.30441724464981634,0.020155038759689877,0.008895866038723194
E02000926,Wandsworth 004,2024,148,148,5160340.0,14250.0,23703.6,63.69,13,0.0878378378378378,147,3864590.0,12250.0,22246.9,64.5,0.0680272108843537,0.006802721088435374,0.33528783130940154,0.16326530612244897,0.06547878580835968,-0.012558139534883756,0.019810626953484095
E02000926,Wandsworth 004,2025,152,152,4568090.0,13875.0,24094.84,63.69,11,0.0723684210526315,147,3864590.0,12250.0,22246.9,64.5,0.0680272108843537,0.034013605442176874,0.18203742182223728,0.1326530612244898,0.08306505625502873,-0.012558139534883756,0.004341210168277793
E02000927,Wandsworth 005,2023,148,148,1919790.0,12000.0,10801.59,65.25,13,0.0878378378378378,141,1901840.0,12000.0,10175.46,65.925,0.1063829787234042,0.04964539007092199,0.009438228242123417,0.0,0.061533336085051786,-0.01023890784982931,-0.0185451408855664
E02000927,Wandsworth 005,2024,131,131,1985175.0,12625.0,10228.87,65.25,6,0.0458015267175572,141,1901840.0,12000.0,10175.46,65.925,0.1063829787234042,-0.07092198581560284,0.043818091953055985,0.052083333333333336,0.005248902752308169,-0.01023890784982931,-0.060581452005847
E02000927,Wandsworth 005,2025,131,131,1985175.0,12625.0,10228.87,65.25,5,0.0381679389312977,141,1901840.0,12000.0,10175.46,65.925,0.1063829787234042,-0.07092198581560284,0.043818091953055985,0.052083333333333336,0.005248902752308169,-0.01023890784982931,-0.0682150397921065
E02000928,Wandsworth 006,2023,129,129,2679280.0,14500.0,10318.89,66.475,6,0.0465116279069767,127,2730930.0,14500.0,10148.58,64.91,0.0708661417322834,0.015748031496062992,-0.018912971039169807,0.0,0.016781658123599507,0.024110306578339204,-0.024354513825306692
E02000928,Wandsworth 006,2024,122,122,2544180.0,15000.0,9671.53,64.5,6,0.0491803278688524,127,2730930.0,14500.0,10148.58,64.91,0.0708661417322834,-0.03937007874015748,-0.0683832979973855,0.034482758620689655,-0.047006576289490676,-0.0063164381451239655,-0.02168581386343099
E02000928,Wandsworth 006,2025,125,125,2559930.0,15000.0,9823.35,63.870000000000005,6,0.048,127,2730930.0,14500.0,10148.58,64.91,0.0708661417322834,-0.015748031496062992,-0.06261603190122046,0.034482758620689655,-0.03204684793340542,-0.01602218456324129,-0.022866141732283393
E02000929,Wandsworth 007,2023,54,54,691775.0,10125.0,5413.78,63.56,6,0.1111111111111111,54,783025.0,11000.0,4847.19,63.56,0.0925925925925925,0.0,-0.11653523195300278,-0.07954545454545454,0.11689040454366348,0.0,0.0185185185185186
E02000929,Wandsworth 007,2024,50,50,751075.0,10625.0,4785.93,62.265,7,0.14,54,783025.0,11000.0,4847.19,63.56,0.0925925925925925,-0.07407407407407407,-0.04080329491395549,-0.03409090909090909,-0.012638250202694615,-0.020374449339207075,0.04740740740740751
E02000929,Wandsworth 007,2025,50,50,751075.0,10625.0,4785.93,62.265,7,0.14,54,783025.0,11000.0,4847.19,63.56,0.0925925925925925,-0.07407407407407407,-0.04080329491395549,-0.03409090909090909,-0.012638250202694615,-0.020374449339207075,0.04740740740740751
E02000930,Wandsworth 008,2023,299,299,16084090.0,33750.0,47130.29,89.9,22,0.0735785953177257,288,16267590.0,34375.0,46013.06,90.47,0.0381944444444444,0.03819444444444445,-0.011280097420699686,-0.01818181818181818,0.024280715083934937,-0.006300431082126597,0.035384150873281305
E02000930,Wandsworth 008,2024,293,293,14921575.0,32125.0,46005.1,88.02,19,0.0648464163822525,288,16267590.0,34375.0,46013.06,90.47,0.0381944444444444,0.017361111111111112,-0.08274212713745552,-0.06545454545454546,-0.00017299436290477371,-0.02708080026528134,0.0266519719378081
E02000930,Wandsworth 008,2025,293,293,14865575.0,32125.0,46005.1,88.02,15,0.0511945392491467,288,16267590.0,34375.0,46013.06,90.47,0.0381944444444444,0.017361111111111112,-0.08618455468818675,-0.06545454545454546,-0.00017299436290477371,-0.02708080026528134,0.013000094804702302
E02000931,Wandsworth 009,2023,59,59,937150.0,14250.0,3490.78,53.02,2,0.0338983050847457,59,965150.0,14500.0,3490.78,53.02,0.0338983050847457,0.0,-0.02901103455421437,-0.017241379310344827,0.0,0.0,0.0
E02000931,Wandsworth 009,2024,57,57,986225.0,14000.0,3281.04,50.365,1,0.0175438596491228,59,965150.0,14500.0,3490.78,53.02,0.0338983050847457,-0.03389830508474576,0.021835984043930994,-0.034482758620689655,-0.060083992689313054,-0.050075443228970215,-0.0163544454356229
E02000931,Wandsworth 009,2025,57,57,986225.0,14000.0,3281.04,50.365,0,0.0,59,965150.0,14500.0,3490.78,53.02,0.0338983050847457,-0.03389830508474576,0.021835984043930994,-0.034482758620689655,-0.060083992689313054,-0.050075443228970215,-0.0338983050847457
E02000932,Wandsworth 010,2023,549,549,19240425.0,25500.0,120565.85,108.86,65,0.1183970856102003,425,22106325.0,27000.0,97305.21,108.47,0.0847058823529411,0.2917647058823529,-0.12964162971457263,-0.05555555555555555,0.2390482482900967,0.0035954641836452527,0.0336912032572592
E02000932,Wandsworth 010,2024,430,430,19118760.0,25625.0,81630.69,101.34,28,0.0651162790697674,425,22106325.0,27000.0,97305.21,108.47,0.0847058823529411,0.011764705882352941,-0.13514525820099,-0.05092592592592592,-0.16108613300356686,-0.06573246058818102,-0.019589603283173704
E02000932,Wandsworth 010,2025,442,442,19699760.0,25750.0,84588.43000000001,103.15,20,0.0452488687782805,425,22106325.0,27000.0,97305.21,108.47,0.0847058823529411,0.04,-0.10886318734570309,-0.046296296296296294,-0.13068961055631037,-0.049045819120494084,-0.0394570135746606
E02000933,Wandsworth 011,2023,78,78,2033350.0,17750.0,8468.76,79.22,1,0.0128205128205128,71,1715475.0,16875.0,6901.78,74.33500000000001,0.0422535211267605,0.09859154929577464,0.1852985324764278,0.05185185185185185,0.22703998099041126,0.06571601533597889,-0.0294330083062477
E02000933,Wandsworth 011,2024,72,72,2085150.0,16250.0,8661.46,80.6,1,0.0138888888888888,71,1715475.0,16875.0,6901.78,74.33500000000001,0.0422535211267605,0.014084507042253521,0.21549425086346347,-0.037037037037037035,0.25496031458551266,0.08428062151072827,-0.028364632237871702
E02000933,Wandsworth 011,2025,71,71,1950650.0,16125.0,8313.69,80.335,1,0.0140845070422535,71,1715475.0,16875.0,6901.78,74.33500000000001,0.0422535211267605,0.0,0.13709031026392107,-0.044444444444444446,0.20457186406984876,0.08071567902064956,-0.028169014084506998
E02000934,Wandsworth 012,2023,213,213,10225600.0,22875.0,41659.86,71.655,14,0.0657276995305164,209,11065825.0,23000.0,40875.79,74.905,0.0382775119617224,0.019138755980861243,-0.07592972055856657,-0.005434782608695652,0.019181769942550338,-0.04338829183632601,0.027450187568793992
E02000934,Wandsworth 012,2024,195,195,8901600.0,24500.0,40119.92,75.96,7,0.0358974358974358,209,11065825.0,23000.0,40875.79,74.905,0.0382775119617224,-0.06698564593301436,-0.19557737448405338,0.06521739130434782,-0.01849187501941865,0.014084507042253423,-0.0023800760642866056
E02000934,Wandsworth 012,2025,199,199,9065600.0,24500.0,40894.1,76.34,7,0.0351758793969849,209,11065825.0,23000.0,40875.79,74.905,0.0382775119617224,-0.04784688995215311,-0.1807569702213798,0.06521739130434782,0.0004479424128560615,0.01915759962619321,-0.0031016325647375
E02000935,Wandsworth 013,2023,11,11,64325.0,4200.0,864.95,62.26,2,0.1818181818181818,11,64325.0,4200.0,864.95,62.26,0.1818181818181818,0.0,0.0,0.0,0.0,0.0,0.0
E02000935,Wandsworth 013,2024,11,11,79200.0,4400.0,864.95,62.26,2,0.1818181818181818,11,64325.0,4200.0,864.95,62.26,0.1818181818181818,0.0,0.2312475709288768,0.047619047619047616,0.0,0.0,0.0
E02000935,Wandsworth 013,2025,11,11,79200.0,4400.0,864.95,62.26,2,0.1818181818181818,11,64325.0,4200.0,864.95,62.26,0.1818181818181818,0.0,0.2312475709288768,0.047619047619047616,0.0,0.0,0.0
E02000936,Wandsworth 014,2023,18,18,830300.0,17875.0,3133.76,44.78,1,0.0555555555555555,19,998800.0,19250.0,4453.85,47.01,0.0526315789473684,-0.05263157894736842,-0.16870244293151782,-0.07142857142857142,-0.2963930082961932,-0.04743671559242708,0.0029239766081870996
E02000936,Wandsworth 014,2024,18,18,845150.0,17125.0,3133.76,44.78,1,0.0555555555555555,19,998800.0,19250.0,4453.85,47.01,0.0526315789473684,-0.05263157894736842,-0.15383460152182618,-0.11038961038961038,-0.2963930082961932,-0.04743671559242708,0.0029239766081870996
E02000936,Wandsworth 014,2025,18,18,845150.0,17125.0,3133.76,44.78,1,0.0555555555555555,19,998800.0,19250.0,4453.85,47.01,0.0526315789473684,-0.05263157894736842,-0.15383460152182618,-0.11038961038961038,-0.2963930082961932,-0.04743671559242708,0.0029239766081870996
E02000937,Wandsworth 015,2023,92,92,3053850.0,27750.0,8093.28,67.46000000000001,2,0.0217391304347826,88,3108850.0,28125.0,7632.73,67.93,0.0568181818181818,0.045454545454545456,-0.017691429306656802,-0.013333333333333334,0.060338830274357956,-0.006918887089651094,-0.0350790513833992
E02000937,Wandsworth 015,2024,87,87,3072700.0,29000.0,7307.16,67.2,4,0.0459770114942528,88,3108850.0,28125.0,7632.73,67.93,0.0568181818181818,-0.011363636363636364,-0.01162809398973897,0.03111111111111111,-0.04265446308201649,-0.01074635654350072,-0.010841170323929006
E02000937,Wandsworth 015,2025,88,88,3081700.0,29000.0,7524.74,67.67,4,0.0454545454545454,88,3108850.0,28125.0,7632.73,67.93,0.0568181818181818,0.0,-0.008733132830467857,0.03111111111111111,-0.014148279842205841,-0.003827469453849626,-0.011363636363636402
E02000938,Wandsworth 016,2023,23,23,254275.0,3800.0,1463.17,72.12,1,0.0434782608695652,23,254275.0,3800.0,1463.17,72.12,0.0869565217391304,0.0,0.0,0.0,0.0,0.0,-0.0434782608695652
E02000938,Wandsworth 016,2024,23,23,235475.0,5100.0,1463.17,72.12,0,0.0,23,254275.0,3800.0,1463.17,72.12,0.0869565217391304,0.0,-0.07393569953790188,0.34210526315789475,0.0,0.0,-0.0869565217391304
E02000938,Wandsworth 016,2025,23,23,235475.0,5100.0,1463.17,72.12,0,0.0,23,254275.0,3800.0,1463.17,72.12,0.0869565217391304,0.0,-0.07393569953790188,0.34210526315789475,0.0,0.0,-0.0869565217391304
E02000939,Wandsworth 017,2023,20,20,433500.0,21500.0,1357.99,64.8,1,0.05,19,472650.0,22250.0,1337.19,70.0,0.0,0.05263157894736842,-0.0828308473500476,-0.033707865168539325,0.015555007141842186,-0.07428571428571433,0.05
E02000939,Wandsworth 017,2024,19,19,404200.0,21750.0,1258.47,64.775,1,0.0526315789473684,19,472650.0,22250.0,1337.19,70.0,0.0,0.0,-0.14482174970908707,-0.02247191011235955,-0.05886971933681827,-0.07464285714285707,0.0526315789473684
E02000939,Wandsworth 017,2025,19,19,404200.0,21750.0,1258.47,64.775,1,0.0526315789473684,19,472650.0,22250.0,1337.19,70.0,0.0,0.0,-0.14482174970908707,-0.02247191011235955,-0.05886971933681827,-0.07464285714285707,0.0526315789473684
E02000940,Wandsworth 018,2023,224,224,15216225.0,23250.0,86967.04,93.98,19,0.0848214285714285,211,15399525.0,27625.0,86866.55,97.29,0.0616113744075829,0.061611374407582936,-0.011902964539490666,-0.1583710407239819,0.0011568319450926817,-0.034021996094151526,0.023210054163845605
E02000940,Wandsworth 018,2024,212,212,11279505.0,21375.0,67941.69,94.34,13,0.0613207547169811,211,15399525.0,27625.0,86866.55,97.29,0.0616113744075829,0.004739336492890996,-0.26754201834147484,-0.22624434389140272,-0.2178613056464197,-0.030321718573337472,-0.0002906196906018038
E02000940,Wandsworth 018,2025,214,214,11240255.0,21250.0,68139.23,94.34,11,0.0514018691588785,211,15399525.0,27625.0,86866.55,97.29,0.0616113744075829,0.014218009478672985,-0.270090798255141,-0.23076923076923078,-0.2155872427303721,-0.030321718573337472,-0.010209505248704398
E02000941,Wandsworth 019,2023,50,50,632775.0,10125.0,6947.8,66.69,2,0.04,48,626925.0,10000.0,6767.84,66.69,0.0625,0.041666666666666664,0.00933125972006221,0.0125,0.026590463131516116,0.0,-0.0225
E02000941,Wandsworth 019,2024,46,46,661525.0,10000.0,6670.85,72.43,1,0.0217391304347826,48,626925.0,10000.0,6767.84,66.69,0.0625,-0.041666666666666664,0.05519001475455597,0.0,-0.01433101255348823,0.0860698755435599,-0.0407608695652174
E02000941,Wandsworth 019,2025,46,46,642875.0,10000.0,6670.85,72.43,1,0.0217391304347826,48,626925.0,10000.0,6767.84,66.69,0.0625,-0.041666666666666664,0.02544163974957132,0.0,-0.01433101255348823,0.0860698755435599,-0.0407608695652174
E02000942,Wandsworth 020,2023,117,117,2133135.0,15625.0,10090.85,59.83,13,0.1111111111111111,112,2264685.0,15750.0,9539.68,60.76,0.0803571428571428,0.044642857142857144,-0.0580875485994741,-0.007936507936507936,0.0577765711218825,-0.015306122448979588,0.03075396825396831
E02000942,Wandsworth 020,2024,104,104,2449115.0,17250.0,8577.02,59.5,7,0.0673076923076923,112,2264685.0,15750.0,9539.68,60.76,0.0803571428571428,-0.07142857142857142,0.08143737429267205,0.09523809523809523,-0.10091114167351524,-0.02073732718894006,-0.01304945054945049
E02000942,Wandsworth 020,2025,108,108,2592815.0,17500.0,9284.96,59.5,7,0.0648148148148148,112,2264685.0,15750.0,9539.68,60.76,0.0803571428571428,-0.03571428571428571,0.14488990742641913,0.1111111111111111,-0.026701105278164588,-0.02073732718894006,-0.015542328042327996
E02000943,Wandsworth 021,2023,223,223,8537575.0,23750.0,42442.32,88.6,10,0.0448430493273542,211,8459275.0,23625.0,40377.95,88.6,0.0616113744075829,0.05687203791469194,0.009256112373696328,0.005291005291005291,0.051126171586224727,0.0,-0.0167683250802287
E02000943,Wandsworth 021,2024,205,205,9238200.0,23500.0,38483.57,87.8,7,0.0341463414634146,211,8459275.0,23625.0,40377.95,88.6,0.0616113744075829,-0.02843601895734597,0.09207940396783412,-0.005291005291005291,-0.04691620055005263,-0.009029345372460465,-0.0274650329441683
E02000943,Wandsworth 021,2025,209,209,9326950.0,23500.0,38996.68,88.69,6,0.0287081339712918,211,8459275.0,23625.0,40377.95,88.6,0.0616113744075829,-0.009478672985781991,0.10257084679242606,-0.005291005291005291,-0.03420852222562059,0.0010158013544018444,-0.0329032404362911
E02000944,Wandsworth 022,2023,12,12,145500.0,19000.0,2024.61,78.61,0,0.0,4,59500.0,12250.0,486.69,124.46,0.0,2.0,1.4453781512605042,0.5510204081632653,3.1599580842014423,-0.36839145106861637,0.0
E02000944,Wandsworth 022,2024,5,5,152350.0,17750.0,1035.29,202.34,0,0.0,4,59500.0,12250.0,486.69,124.46,0.0,0.25,1.5605042016806723,0.4489795918367347,1.1272062298382952,0.625743210670095,0.0
E02000944,Wandsworth 022,2025,5,5,152350.0,17750.0,1035.29,202.34,0,0.0,4,59500.0,12250.0,486.69,124.46,0.0,0.25,1.5605042016806723,0.4489795918367347,1.1272062298382952,0.625743210670095,0.0
E02000945,Wandsworth 023,2023,60,60,3191650.0,9950.0,14466.46,74.245,6,0.1,58,3116550.0,9950.0,14120.760000000002,74.245,0.0344827586206896,0.034482758620689655,0.024097158717171233,0.0,0.024481685121763776,0.0,0.0655172413793104
E02000945,Wandsworth 023,2024,60,60,2553950.0,9900.0,14436.31,74.245,5,0.0833333333333333,58,3116550.0,9950.0,14120.760000000002,74.245,0.0344827586206896,0.034482758620689655,-0.18052012642184467,-0.005025125628140704,0.02234653092326457,0.0,0.0488505747126437
E02000945,Wandsworth 023,2025,60,60,2548200.0,9900.0,14365.06,72.11500000000001,5,0.0833333333333333,58,3116550.0,9950.0,14120.760000000002,74.245,0.0344827586206896,0.034482758620689655,-0.18236511527169466,-0.005025125628140704,0.017300768513875842,-0.028688800592632437,0.0488505747126437
E02000946,Wandsworth 024,2023,131,131,2567200.0,14250.0,11174.66,76.93,10,0.0763358778625954,126,2512100.0,14500.0,10596.05,77.08500000000001,0.0396825396825396,0.03968253968253968,0.021933840213367303,-0.017241379310344827,0.05460619759249915,-0.002010767334760344,0.0366533381800558
E02000946,Wandsworth 024,2024,123,123,2561175.0,15250.0,10692.26,77.24,8,0.065040650406504,126,2512100.0,14500.0,10596.05,77.08500000000001,0.0396825396825396,-0.023809523809523808,0.019535448429600734,0.05172413793103448,0.009079798604196937,0.00201076733476016,0.025358110723964405
E02000946,Wandsworth 024,2025,123,123,2559675.0,15250.0,10683.14,76.93,6,0.048780487804878,126,2512100.0,14500.0,10596.05,77.08500000000001,0.0396825396825396,-0.023809523809523808,0.018938338441941007,0.05172413793103448,0.00821910051387075,-0.002010767334760344,0.009097948122338405
E02000947,Wandsworth 025,2023,57,57,962400.0,9900.0,5134.83,50.99,2,0.0350877192982456,56,989850.0,9400.0,5127.47,52.33,0.0178571428571428,0.017857142857142856,-0.027731474465828156,0.05319148936170213,0.0014354057654164085,-0.025606726543091846,0.017230576441102798
E02000947,Wandsworth 025,2024,52,52,948600.0,9550.0,4899.33,52.2,0,0.0,56,989850.0,9400.0,5127.47,52.33,0.0178571428571428,-0.07142857142857142,-0.0416729807546598,0.015957446808510637,-0.04449367816876555,-0.0024842346646282336,-0.0178571428571428
E02000947,Wandsworth 025,2025,52,52,933100.0,9300.0,4899.33,52.2,0,0.0,56,989850.0,9400.0,5127.47,52.33,0.0178571428571428,-0.07142857142857142,-0.057331918977622874,-0.010638297872340425,-0.04449367816876555,-0.0024842346646282336,-0.0178571428571428
E02000948,Wandsworth 026,2023,38,38,708750.0,8300.0,3147.99,73.38499999999999,4,0.1052631578947368,37,718250.0,8300.0,2869.59,70.175,0.054054054054054,0.02702702702702703,-0.013226592412112773,0.0,0.09701734394112038,0.04574278589241174,0.05120910384068279
E02000948,Wandsworth 026,2024,33,33,715150.0,10750.0,2835.78,75.06,1,0.0303030303030303,37,718250.0,8300.0,2869.59,70.175,0.054054054054054,-0.10810810810810811,-0.004316045945005221,0.29518072289156627,-0.011782170972159766,0.06961168507303178,-0.0237510237510237
E02000948,Wandsworth 026,2025,33,33,705050.0,10750.0,2835.78,75.06,1,0.0303030303030303,37,718250.0,8300.0,2869.59,70.175,0.054054054054054,-0.10810810810810811,-0.01837800208840933,0.29518072289156627,-0.011782170972159766,0.06961168507303178,-0.0237510237510237
E02000949,Wandsworth 027,2023,117,117,3190525.0,21625.0,13216.94,70.245,9,0.0769230769230769,109,3075575.0,21750.0,11610.44,70.345,0.036697247706422,0.07339449541284404,0.03737512497663038,-0.005747126436781609,0.13836684914611333,-0.0014215651432226075,0.0402258292166549
E02000949,Wandsworth 027,2024,104,104,3186175.0,21625.0,10805.41,70.345,6,0.0576923076923076,109,3075575.0,21750.0,11610.44,70.345,0.036697247706422,-0.045871559633027525,0.035960755305918406,-0.005747126436781609,-0.06933673486965185,0.0,0.0209950599858856
E02000949,Wandsworth 027,2025,106,106,3219025.0,21750.0,11006.99,71.68,5,0.0471698113207547,109,3075575.0,21750.0,11610.44,70.345,0.036697247706422,-0.027522935779816515,0.04664168488819164,0.0,-0.05197477442715355,0.018977894662023,0.0104725636143327
E02000950,Wandsworth 028,2023,7,7,116300.0,11000.0,679.58,63.93,1,0.1428571428571428,7,116300.0,11000.0,679.58,63.93,0.0,0.0,0.0,0.0,0.0,0.0,0.1428571428571428
E02000950,Wandsworth 028,2024,7,7,115050.0,10500.0,681.58,63.93,0,0.0,7,116300.0,11000.0,679.58,63.93,0.0,0.0,-0.010748065348237317,-0.045454545454545456,0.0029429942023014213,0.0,0.0
E02000950,Wandsworth 028,2025,7,7,115050.0,10500.0,681.58,63.93,0,0.0,7,116300.0,11000.0,679.58,63.93,0.0,0.0,-0.010748065348237317,-0.045454545454545456,0.0029429942023014213,0.0,0.0
E02000951,Wandsworth 029,2023,154,154,2705300.0,13625.0,14032.84,65.56,11,0.0714285714285714,150,2737300.0,13125.0,13679.74,64.72999999999999,0.0333333333333333,0.02666666666666667,-0.011690351806524677,0.0380952380952381,0.025811894085706333,0.012822493434265605,0.0380952380952381
E02000951,Wandsworth 029,2024,144,144,2703855.0,14375.0,13460.98,66.41499999999999,7,0.0486111111111111,150,2737300.0,13125.0,13679.74,64.72999999999999,0.0333333333333333,-0.04,-0.012218244255288058,0.09523809523809523,-0.015991532002801238,0.026031206550285842,0.0152777777777778
E02000951,Wandsworth 029,2025,145,145,2703355.0,14375.0,13497.31,66.13,7,0.0482758620689655,150,2737300.0,13125.0,13679.74,64.72999999999999,0.0333333333333333,-0.03333333333333333,-0.012400906002265006,0.09523809523809523,-0.01333577977359221,0.021628302178279095,0.014942528735632205
E02000952,Wandsworth 030,2023,59,59,1124600.0,16375.0,6429.07,92.15,6,0.1016949152542373,59,1136600.0,16375.0,6558.52,94.56,0.1016949152542373,0.0,-0.010557803976772832,0.0,-0.019737684721553142,-0.02548646362098135,0.0
E02000952,Wandsworth 030,2024,58,58,1174075.0,16750.0,6305.48,94.56,4,0.0689655172413793,59,1136600.0,16375.0,6558.52,94.56,0.1016949152542373,-0.01694915254237288,0.03297114200246349,0.022900763358778626,-0.03858187517915641,0.0,-0.032729398012858
E02000952,Wandsworth 030,2025,58,58,1174075.0,16750.0,6305.48,94.56,4,0.0689655172413793,59,1136600.0,16375.0,6558.52,94.56,0.1016949152542373,-0.01694915254237288,0.03297114200246349,0.022900763358778626,-0.03858187517915641,0.0,-0.032729398012858
E02000953,Wandsworth 031,2023,79,79,1003350.0,9300.0,7960.57,67.8,6,0.0759493670886076,76,1033300.0,9400.0,7731.42,70.83,0.0526315789473684,0.039473684210526314,-0.02898480596148263,-0.010638297872340425,0.029638798564817284,-0.04277848369335029,0.0233177881412392
E02000953,Wandsworth 031,2024,67,67,1124550.0,11000.0,6262.7,64.975,5,0.0746268656716417,76,1033300.0,9400.0,7731.42,70.83,0.0526315789473684,-0.11842105263157894,0.08830930030000968,0.1702127659574468,-0.1899676902819922,-0.08266271353946074,0.021995286724273304
E02000953,Wandsworth 031,2025,68,68,1223300.0,11000.0,6541.82,62.99,4,0.0588235294117647,76,1033300.0,9400.0,7731.42,70.83,0.0526315789473684,-0.10526315789473684,0.18387689925481468,0.1702127659574468,-0.15386565469215233,-0.11068756176761255,0.006191950464396301
E02000954,Wandsworth 032,2023,125,125,1795550.0,13250.0,9860.18,59.125,17,0.136,106,1796200.0,13250.0,8242.13,58.7,0.0660377358490566,0.1792452830188679,-0.00036187506959135953,0.0,0.1963145449052613,0.007240204429301484,0.0699622641509434
E02000954,Wandsworth 032,2024,105,105,1883700.0,13000.0,8272.19,55.36,4,0.0380952380952381,106,1796200.0,13250.0,8242.13,58.7,0.0660377358490566,-0.009433962264150943,0.04871395167575994,-0.018867924528301886,0.003647115490777422,-0.05689948892674622,-0.027942497753818504
E02000954,Wandsworth 032,2025,111,111,2378950.0,13250.0,11990.65,57.3,3,0.027027027027027,106,1796200.0,13250.0,8242.13,58.7,0.0660377358490566,0.04716981132075472,0.3244349181605612,0.0,0.45479991215862897,-0.023850085178875734,-0.0390107088220296
E02000955,Wandsworth 033,2023,114,114,3209050.0,25375.0,11568.96,73.32,4,0.0350877192982456,108,2976550.0,24750.0,11219.2,73.32,0.0462962962962962,0.05555555555555555,0.07811056424383934,0.025252525252525252,0.03117512835139746,0.0,-0.011208576998050598
E02000955,Wandsworth 033,2024,106,106,3182275.0,25500.0,10887.62,73.91,2,0.0188679245283018,108,2976550.0,24750.0,11219.2,73.32,0.0462962962962962,-0.018518518518518517,0.06911525087769398,0.030303030303030304,-0.029554691956645743,0.008046917621385754,-0.027428371767994397
E02000955,Wandsworth 033,2025,106,106,3142200.0,25500.0,10887.62,73.91,2,0.0188679245283018,108,2976550.0,24750.0,11219.2,73.32,0.0462962962962962,-0.018518518518518517,0.05565167727738489,0.030303030303030304,-0.029554691956645743,0.008046917621385754,-0.027428371767994397
E02000956,Wandsworth 034,2023,127,127,3305950.0,11250.0,14434.03,62.98,5,0.0393700787401574,117,3009000.0,10750.0,12937.62,59.38,0.0512820512820512,0.08547008547008547,0.098687271518777,0.046511627906976744,0.11566346824222691,0.06062647356012116,-0.011911972541893794
E02000956,Wandsworth 034,2024,121,121,3542270.0,12250.0,14165.64,62.84,2,0.0165289256198347,117,3009000.0,10750.0,12937.62,59.38,0.0512820512820512,0.03418803418803419,0.1772249916915919,0.13953488372093023,0.09491853988600674,0.05826877736611655,-0.0347531256622165
E02000956,Wandsworth 034,2025,124,124,3532620.0,12750.0,14299.67,61.61,2,0.0161290322580645,117,3009000.0,10750.0,12937.62,59.38,0.0512820512820512,0.05982905982905983,0.17401794616151545,0.18604651162790697,0.1052782505592218,0.03755473223307505,-0.035153019023986695
E02000957,Wandsworth 035,2023,241,241,8241055.0,21000.0,43624.9,86.66499999999999,8,0.0331950207468879,233,8208555.0,20875.0,42098.03,87.515,0.0472103004291845,0.034334763948497854,0.003959283942179836,0.005988023952095809,0.0362693931283721,-0.009712620693595481,-0.0140152796822966
E02000957,Wandsworth 035,2024,231,231,8257025.0,21500.0,41866.61,85.17,4,0.0173160173160173,233,8208555.0,20875.0,42098.03,87.515,0.0472103004291845,-0.008583690987124463,0.005904815159306358,0.029940119760479042,-0.005497169344978809,-0.026795406501742544,-0.0298942831131672
E02000957,Wandsworth 035,2025,236,236,8190925.0,21500.0,41847.35,83.45,4,0.0169491525423728,233,8208555.0,20875.0,42098.03,87.515,0.0472103004291845,0.012875536480686695,-0.0021477592584809384,0.029940119760479042,-0.005954672938377408,-0.04644918014054731,-0.030261147886811696
E02000958,Wandsworth 036,2023,24,24,184550.0,6100.0,1968.21,55.145,1,0.0416666666666666,24,184550.0,5900.0,1968.21,55.145,0.0416666666666666,0.0,0.0,0.03389830508474576,0.0,0.0,0.0
E02000958,Wandsworth 036,2024,23,23,208600.0,6800.0,1836.43,54.29,0,0.0,24,184550.0,5900.0,1968.21,55.145,0.0416666666666666,-0.041666666666666664,0.1303169872663235,0.15254237288135594,-0.06695423760675942,-0.015504578837610009,-0.0416666666666666
E02000958,Wandsworth 036,2025,25,25,212950.0,6800.0,1982.73,56.0,0,0.0,24,184550.0,5900.0,1968.21,55.145,0.0416666666666666,0.041666666666666664,0.15388783527499322,0.15254237288135594,0.007377261572698026,0.01550457883760988,-0.0416666666666666
E02000959,Wandsworth 037,2023,101,101,783600.0,7100.0,8357.4,53.335,5,0.0495049504950495,96,806550.0,7100.0,7475.59,53.335,0.03125,0.052083333333333336,-0.0284545285475172,0.0,0.11795858253328492,0.0,0.0182549504950495
E02000959,Wandsworth 037,2024,92,92,865100.0,7950.0,6449.16,53.3,3,0.0326086956521739,96,806550.0,7100.0,7475.59,53.335,0.03125,-0.041666666666666664,0.07259314363647636,0.11971830985915492,-0.13730421277785437,-0.0006562294928284184,0.0013586956521738983
E02000959,Wandsworth 037,2025,92,92,865100.0,7950.0,6449.16,53.3,2,0.0217391304347826,96,806550.0,7100.0,7475.59,53.335,0.03125,-0.041666666666666664,0.07259314363647636,0.11971830985915492,-0.13730421277785437,-0.0006562294928284184,-0.009510869565217399
E02000960,Westminster 001,2023,137,137,8483250.0,74750.0,15399.78,91.5,0,0.0,130,9140050.0,77500.0,15206.75,91.8,0.0,0.05384615384615385,-0.07185956313149272,-0.035483870967741936,0.012693705098065047,-0.0032679738562091196,0.0
E02000960,Westminster 001,2024,120,120,7855000.0,65500.0,13766.92,91.99,0,0.0,130,9140050.0,77500.0,15206.75,91.8,0.0,-0.07692307692307693,-0.14059551096547612,-0.15483870967741936,-0.0946836108964769,0.0020697167755991037,0.0
E02000960,Westminster 001,2025,121,121,7822250.0,65500.0,13847.96,91.52,0,0.0,130,9140050.0,77500.0,15206.75,91.8,0.0,-0.06923076923076923,-0.14417864234878364,-0.15483870967741936,-0.08935439854012205,-0.003050108932461886,0.0
E02000961,Westminster 002,2023,97,97,2304650.0,20500.0,7844.17,64.75,0,0.0,94,2315900.0,20750.0,7747.93,64.75,0.0,0.031914893617021274,-0.004857722699598428,-0.012048192771084338,0.012421382227252928,0.0,0.0
E02000961,Westminster 002,2024,92,92,2248650.0,20375.0,7249.81,63.99,0,0.0,94,2315900.0,20750.0,7747.93,64.75,0.0,-0.02127659574468085,-0.02903838680426616,-0.018072289156626505,-0.06429072023108105,-0.011737451737451707,0.0
E02000961,Westminster 002,2025,94,94,2251650.0,20125.0,7421.27,63.49,0,0.0,94,2315900.0,20750.0,7747.93,64.75,0.0,0.0,-0.027742994084373244,-0.030120481927710843,-0.04216093847001713,-0.019459459459459427,0.0
E02000962,Westminster 003,2023,33,33,845725.0,15500.0,2558.76,52.35,0,0.0,32,804675.0,13625.0,2513.45,50.5,0.0,0.03125,0.05101438468947091,0.13761467889908258,0.018027014661123317,0.03663366336633666,0.0
E02000962,Westminster 003,2024,31,31,843375.0,12500.0,2556.72,54.6,0,0.0,32,804675.0,13625.0,2513.45,50.5,0.0,-0.03125,0.048093950973995714,-0.08256880733944955,0.017215381248881015,0.08118811881188122,0.0
E02000962,Westminster 003,2025,31,31,843375.0,12500.0,2556.72,54.6,0,0.0,32,804675.0,13625.0,2513.45,50.5,0.0,-0.03125,0.048093950973995714,-0.08256880733944955,0.017215381248881015,0.08118811881188122,0.0
E02000963,Westminster 004,2023,65,65,860150.0,13000.0,5207.53,68.63,0,0.0,63,878600.0,13000.0,5100.42,68.63,0.0,0.031746031746031744,-0.020999317095379014,0.0,0.021000231353496313,0.0,0.0
E02000963,Westminster 004,2024,63,63,1251475.0,16000.0,6445.1900000000005,68.36,0,0.0,63,878600.0,13000.0,5100.42,68.63,0.0,0.0,0.424396767584794,0.23076923076923078,0.2636586790891731,-0.003934139589100919,0.0
E02000963,Westminster 004,2025,63,63,1251475.0,16000.0,6445.1900000000005,68.36,0,0.0,63,878600.0,13000.0,5100.42,68.63,0.0,0.0,0.424396767584794,0.23076923076923078,0.2636586790891731,-0.003934139589100919,0.0
E02000964,Westminster 005,2023,177,177,3020575.0,15000.0,16821.05,74.0,0,0.0,171,3008200.0,15000.0,16214.35,74.24,0.0,0.03508771929824561,0.004113755734326175,0.0,0.03741747279416066,-0.0032327586206895866,0.0
E02000964,Westminster 005,2024,161,161,3619750.0,18000.0,15690.08,74.16999999999999,0,0.0,171,3008200.0,15000.0,16214.35,74.24,0.0,-0.05847953216374269,0.20329432883451898,0.2,-0.03233370440381517,-0.0009428879310345823,0.0
E02000964,Westminster 005,2025,164,164,3593650.0,18000.0,16804.63,74.24,0,0.0,171,3008200.0,15000.0,16214.35,74.24,0.0,-0.04093567251461988,0.19461804401303104,0.2,0.036404789584534726,0.0,0.0
E02000965,Westminster 006,2023,84,84,1427400.0,18625.0,7063.2,61.0,0,0.0,76,1500525.0,18750.0,6027.43,61.0,0.0,0.10526315789473684,-0.04873294346978557,-0.006666666666666667,0.17184272567246728,0.0,0.0
E02000965,Westminster 006,2024,75,75,1587200.0,20125.0,6119.05,61.915,0,0.0,76,1500525.0,18750.0,6027.43,61.0,0.0,-0.013157894736842105,0.057763116242648405,0.07333333333333333,0.015200508342693302,0.014999999999999986,0.0
E02000965,Westminster 006,2025,76,76,1549450.0,20250.0,6212.61,62.3,0,0.0,76,1500525.0,18750.0,6027.43,61.0,0.0,0.0,0.03260525482747705,0.08,0.030722878573454918,0.02131147540983602,0.0
E02000967,Westminster 008,2023,262,262,14610850.0,41500.0,33181.8,94.0,0,0.0,250,15901450.0,41500.0,31676.93,93.5,0.0,0.048,-0.08116240971735282,0.0,0.047506813318083624,0.0053475935828877,0.0
E02000967,Westminster 008,2024,237,237,13404925.0,40500.0,30954.07,97.05,0,0.0,250,15901450.0,41500.0,31676.93,93.5,0.0,-0.052,-0.1569998333485311,-0.024096385542168676,-0.022819761889804363,0.03796791443850264,0.0
E02000967,Westminster 008,2025,239,239,13445425.0,40500.0,31319.7,98.18,0,0.0,250,15901450.0,41500.0,31676.93,93.5,0.0,-0.044,-0.15445289580509952,-0.024096385542168676,-0.011277292338619922,0.05005347593582895,0.0
E02000968,Westminster 009,2023,353,353,8682135.0,19500.0,38688.54,64.245,0,0.0,293,8500585.0,20500.0,35272.1,78.0,0.0,0.20477815699658702,0.0213573536409553,-0.04878048780487805,0.0968595575539875,-0.1763461538461538,0.0
E02000968,Westminster 009,2024,307,307,7496215.0,17000.0,29980.52,70.0,0,0.0,293,8500585.0,20500.0,35272.1,78.0,0.0,0.04778156996587031,-0.11815304476103704,-0.17073170731707318,-0.15002168853002792,-0.10256410256410256,0.0
E02000968,Westminster 009,2025,312,312,7674515.0,17250.0,31047.76,71.5,0,0.0,293,8500585.0,20500.0,35272.1,78.0,0.0,0.06484641638225255,-0.09717801774819027,-0.15853658536585366,-0.11976434632471558,-0.08333333333333333,0.0
E02000969,Westminster 010,2023,68,68,1155600.0,14750.0,5352.05,82.03999999999999,0,0.0,66,1196250.0,14750.0,5265.7,82.30000000000001,0.0,0.030303030303030304,-0.03398119122257053,0.0,0.01639857948610828,-0.003159173754556735,0.0
E02000969,Westminster 010,2024,63,63,1494400.0,16500.0,4931.63,81.84,0,0.0,66,1196250.0,14750.0,5265.7,82.30000000000001,0.0,-0.045454545454545456,0.24923719958202717,0.11864406779661017,-0.063442657196574,-0.005589307411907751,0.0
E02000969,Westminster 010,2025,63,63,1465650.0,16375.0,4931.63,81.84,0,0.0,66,1196250.0,14750.0,5265.7,82.30000000000001,0.0,-0.045454545454545456,0.2252037617554859,0.11016949152542373,-0.063442657196574,-0.005589307411907751,0.0
E02000973,Westminster 014,2023,176,176,7160700.0,33250.0,21199.43,86.65,0,0.0,166,7450800.0,33250.0,19782.67,88.65,0.0,0.060240963855421686,-0.038935416331132226,0.0,0.07161621762886416,-0.022560631697687534,0.0
E02000973,Westminster 014,2024,160,160,7129250.0,35500.0,18262.72,86.65,0,0.0,166,7450800.0,33250.0,19782.67,88.65,0.0,-0.03614457831325301,-0.04315643957695818,0.06766917293233082,-0.0768323992666307,-0.022560631697687534,0.0
E02000973,Westminster 014,2025,161,161,7123250.0,35500.0,18518.03,86.8,0,0.0,166,7450800.0,33250.0,19782.67,88.65,0.0,-0.030120481927710843,-0.04396172223116981,0.06766917293233082,-0.06392665904046317,-0.020868584320361067,0.0
E02000974,Westminster 015,2023,414,414,20755840.0,37750.0,44445.6,80.9,0,0.0,379,20829790.0,39125.0,42381.44,82.0,0.0,0.09234828496042216,-0.0035502038186654788,-0.03514376996805112,0.04870433850289174,-0.013414634146341394,0.0
E02000974,Westminster 015,2024,364,364,21958015.0,40750.0,39394.93,81.6,0,0.0,379,20829790.0,39125.0,42381.44,82.0,0.0,-0.0395778364116095,0.05416401221519756,0.04153354632587859,-0.07046740271213063,-0.004878048780487874,0.0
E02000974,Westminster 015,2025,369,369,21782365.0,40750.0,39554.62,81.6,0,0.0,379,20829790.0,39125.0,42381.44,82.0,0.0,-0.026385224274406333,0.04573137799276901,0.04153354632587859,-0.06669947977227766,-0.004878048780487874,0.0
E02000975,Westminster 016,2023,180,180,6461375.0,28000.0,20985.73,90.595,0,0.0,167,6585225.0,28250.0,20241.34,90.88,0.0,0.07784431137724551,-0.018807254118120488,-0.008849557522123894,0.036775727298686715,-0.003136003521126723,0.0
E02000975,Westminster 016,2024,167,167,6478950.0,28625.0,19017.19,85.03,0,0.0,167,6585225.0,28250.0,20241.34,90.88,0.0,0.0,-0.016138400738015785,0.01327433628318584,-0.06047771540816969,-0.06437059859154924,0.0
E02000975,Westminster 016,2025,168,168,6470950.0,28625.0,19107.39,85.3,0,0.0,167,6585225.0,28250.0,20241.34,90.88,0.0,0.005988023952095809,-0.017353241536925464,0.01327433628318584,-0.056021488695906535,-0.06139964788732393,0.0
E02000976,Westminster 017,2023,340,340,21962025.0,49875.0,58185.42,106.4,0,0.0,322,22375875.0,50750.0,53693.72,102.225,0.0,0.055900621118012424,-0.018495366103001558,-0.017241379310344827,0.08365410331040571,0.04084128148691623,0.0
E02000976,Westminster 017,2024,310,310,17907025.0,39250.0,51987.71,106.5,0,0.0,322,22375875.0,50750.0,53693.72,102.225,0.0,-0.037267080745341616,-0.19971732948990822,-0.22660098522167488,-0.03177298946692466,0.04181951577402794,0.0
E02000976,Westminster 017,2025,312,312,17252275.0,39250.0,52449.64,107.5,0,0.0,322,22375875.0,50750.0,53693.72,102.225,0.0,-0.031055900621118012,-0.22897875502075338,-0.22660098522167488,-0.023169934957011765,0.05160185864514557,0.0
E02000980,Westminster 021,2023,91,91,2322425.0,19250.0,9497.46,87.69,0,0.0,89,2357200.0,13000.0,8818.26,77.70500000000001,0.0,0.02247191011235955,-0.01475267266248091,0.4807692307692308,0.07702199753692893,0.1284988096004116,0.0
E02000980,Westminster 021,2024,87,87,2955275.0,19500.0,9474.4,89.08500000000001,0,0.0,89,2357200.0,13000.0,8818.26,77.70500000000001,0.0,-0.02247191011235955,0.25372263702698117,0.5,0.07440696917532477,0.14645132230873165,0.0
E02000980,Westminster 021,2025,87,87,2948075.0,21250.0,9781.61,90.3,0,0.0,89,2357200.0,13000.0,8818.26,77.70500000000001,0.0,-0.02247191011235955,0.25066816562022737,0.6346153846153846,0.1092449077255604,0.162087381764365,0.0
E02000981,Westminster 022,2023,233,233,8536405.0,21375.0,27758.9,80.71000000000001,0,0.0,220,8470175.0,20000.0,26421.98,79.5,0.0,0.05909090909090909,0.007819200901988448,0.06875,0.050598781771843064,0.015220125786163621,0.0
E02000981,Westminster 022,2024,202,202,8925720.0,23000.0,24834.88,82.475,0,0.0,220,8470175.0,20000.0,26421.98,79.5,0.0,-0.08181818181818182,0.05378224180728261,0.15,-0.060067413570065474,0.03742138364779867,0.0
E02000981,Westminster 022,2025,203,203,8919720.0,23000.0,25023.38,82.7,0,0.0,220,8470175.0,20000.0,26421.98,79.5,0.0,-0.07727272727272727,0.05307387391641849,0.15,-0.05293320182666093,0.04025157232704406,0.0
E02006783,Lewisham 037,2023,50,50,727125.0,10875.0,4959.81,81.9,0,0.0,50,727125.0,10875.0,4959.81,81.9,0.04,0.0,0.0,0.0,0.0,0.0,-0.04
E02006783,Lewisham 037,2024,48,48,700175.0,10375.0,4771.63,81.9,0,0.0,50,727125.0,10875.0,4959.81,81.9,0.04,-0.04,-0.03706377858002407,-0.04597701149425287,-0.03794096951294511,0.0,-0.04
E02006783,Lewisham 037,2025,48,48,700175.0,10375.0,4771.63,81.9,0,0.0,50,727125.0,10875.0,4959.81,81.9,0.04,-0.04,-0.03706377858002407,-0.04597701149425287,-0.03794096951294511,0.0,-0.04
E02006784,Lewisham 038,2023,114,114,2349250.0,10875.0,16957.27,76.41,4,0.0350877192982456,108,1635275.0,10750.0,13259.28,76.41,0.0462962962962962,0.05555555555555555,0.43660852150249957,0.011627906976744186,0.2788982508854176,0.0,-0.011208576998050598
E02006784,Lewisham 038,2024,107,107,2312700.0,10625.0,15458.59,76.8,3,0.02803738317757,108,1635275.0,10750.0,13259.28,76.41,0.0462962962962962,-0.009259259259259259,0.4142575407806027,-0.011627906976744186,0.1658694891426985,0.005104043973301931,-0.018258913118726197
E02006784,Lewisham 038,2025,107,107,2312700.0,10625.0,15458.59,76.8,3,0.02803738317757,108,1635275.0,10750.0,13259.28,76.41,0.0462962962962962,-0.009259259259259259,0.4142575407806027,-0.011627906976744186,0.1658694891426985,0.005104043973301931,-0.018258913118726197
E02006786,Greenwich 033,2023,68,68,862250.0,6400.0,7388.48,59.61,0,0.0,65,860450.0,6400.0,7299.07,60.0,0.0,0.046153846153846156,0.0020919286419896566,0.0,0.012249505758952834,-0.006500000000000009,0.0
E02006786,Greenwich 033,2024,64,64,939800.0,8500.0,7024.12,57.35,0,0.0,65,860450.0,6400.0,7299.07,60.0,0.0,-0.015384615384615385,0.09221918763437736,0.328125,-0.03766918251229264,-0.044166666666666646,0.0
E02006786,Greenwich 033,2025,64,64,939800.0,8500.0,7024.12,57.35,2,0.03125,65,860450.0,6400.0,7299.07,60.0,0.0,-0.015384615384615385,0.09221918763437736,0.328125,-0.03766918251229264,-0.044166666666666646,0.03125
E02006788,Croydon 045,2023,17,17,134200.0,6200.0,1044.55,50.8,1,0.0588235294117647,17,134200.0,6200.0,1044.55,50.8,0.0588235294117647,0.0,0.0,0.0,0.0,0.0,0.0
E02006788,Croydon 045,2024,16,16,134250.0,6650.0,1015.95,52.795,1,0.0625,17,134200.0,6200.0,1044.55,50.8,0.0588235294117647,-0.058823529411764705,0.00037257824143070045,0.07258064516129033,-0.02738021157436208,0.03927165354330718,0.003676470588235302
E02006788,Croydon 045,2025,17,17,134250.0,6650.0,1044.55,50.8,1,0.0588235294117647,17,134200.0,6200.0,1044.55,50.8,0.0588235294117647,0.0,0.00037257824143070045,0.07258064516129033,0.0,0.0,0.0
E02006791,Ealing 040,2023,60,60,2044300.0,11000.0,14441.02,44.16,5,0.0833333333333333,56,1992800.0,10125.0,8091.16,43.0,0.0178571428571428,0.07142857142857142,0.025843034925732637,0.08641975308641975,0.7847898200010877,0.026976744186046432,0.0654761904761905
E02006791,Ealing 040,2024,56,56,2049300.0,13125.0,8980.93,40.6,5,0.0892857142857142,56,1992800.0,10125.0,8091.16,43.0,0.0178571428571428,0.0,0.02835206744279406,0.2962962962962963,0.10996816278506424,-0.05581395348837206,0.0714285714285714
E02006791,Ealing 040,2025,55,55,2039300.0,13500.0,8907.91,40.185,4,0.0727272727272727,56,1992800.0,10125.0,8091.16,43.0,0.0178571428571428,-0.017857142857142856,0.023334002408671218,0.3333333333333333,0.10094349883082278,-0.06546511627906972,0.054870129870129895
E02006792,Hounslow 029,2023,392,392,20651820.0,35250.0,79183.53,82.5,82,0.2091836734693877,328,19598990.0,34125.0,54316.86,83.05,0.0609756097560975,0.1951219512195122,0.053718584478077695,0.03296703296703297,0.4578075757692915,-0.006622516556291357,0.1482080637132902
E02006792,Hounslow 029,2024,324,324,18583995.0,32000.0,61843.19,82.0,39,0.1203703703703703,328,19598990.0,34125.0,54316.86,83.05,0.0609756097560975,-0.012195121951219513,-0.05178812785760899,-0.06227106227106227,0.13856342211239756,-0.012642986152919894,0.0593947606142728
E02006792,Hounslow 029,2025,328,328,18756795.0,31875.0,62414.71,81.95,44,0.1341463414634146,328,19598990.0,34125.0,54316.86,83.05,0.0609756097560975,0.0,-0.04297134699288076,-0.06593406593406594,0.14908538527448012,-0.013245033112582714,0.07317073170731708
E02006793,Enfield 037,2023,57,57,576565.0,8800.0,4775.17,58.47,0,0.0,56,597465.0,8800.0,4413.67,58.425,0.0,0.017857142857142856,-0.03498112860167541,0.0,0.0819046281212687,0.0007702182284981037,0.0
E02006793,Enfield 037,2024,52,52,587600.0,9900.0,3847.5,57.405,0,0.0,56,597465.0,8800.0,4413.67,58.425,0.0,-0.07142857142857142,-0.016511427447632916,0.125,-0.1282764683358747,-0.017458279845956288,0.0
E02006793,Enfield 037,2025,53,53,598100.0,9950.0,3925.28,57.71,0,0.0,56,597465.0,8800.0,4413.67,58.425,0.0,-0.05357142857142857,0.0010628237637351143,0.13068181818181818,-0.11065394558270099,-0.012237911852802676,0.0
E02006794,Haringey 037,2023,183,183,4728750.0,10000.0,63407.7,64.69999999999999,4,0.0218579234972677,178,5360700.0,10125.0,44540.74,64.6,0.0,0.028089887640449437,-0.11788572387934411,-0.012345679012345678,0.42358883125875324,0.0015479876160989833,0.0218579234972677
E02006794,Haringey 037,2024,173,173,4925850.0,12750.0,28930.17,61.275,4,0.0231213872832369,178,5360700.0,10125.0,44540.74,64.6,0.0,-0.028089887640449437,-0.08111813755666238,0.25925925925925924,-0.3504784608428149,-0.05147058823529405,0.0231213872832369
E02006794,Haringey 037,2025,175,175,4928100.0,12750.0,29218.93,61.275,3,0.0171428571428571,178,5360700.0,10125.0,44540.74,64.6,0.0,-0.016853932584269662,-0.08069841625160894,0.25925925925925924,-0.34399540735066364,-0.05147058823529405,0.0171428571428571
E02006795,Harrow 032,2023,89,89,1242725.0,14250.0,8001.45,74.3,0,0.0,79,1252600.0,15000.0,7981.76,80.8,0.0253164556962025,0.12658227848101267,-0.007883602107616159,-0.05,0.0024668744738002143,-0.08044554455445545,-0.0253164556962025
E02006795,Harrow 032,2024,83,83,1390700.0,16875.0,7611.35,73.94999999999999,0,0.0,79,1252600.0,15000.0,7981.76,80.8,0.0253164556962025,0.05063291139240506,0.11025067858853585,0.125,-0.04640705809245077,-0.08477722772277238,-0.0253164556962025
E02006795,Harrow 032,2025,83,83,1390700.0,16875.0,7611.35,73.94999999999999,0,0.0,79,1252600.0,15000.0,7981.76,80.8,0.0253164556962025,0.05063291139240506,0.11025067858853585,0.125,-0.04640705809245077,-0.08477722772277238,-0.0253164556962025
E02006796,Hillingdon 033,2023,112,112,9850900.0,13625.0,57692.03,91.15,6,0.0535714285714285,84,9192250.0,15625.0,42750.09,87.97,0.0357142857142857,0.3333333333333333,0.07165275095868802,-0.128,0.3495183284994255,0.03614868705240431,0.0178571428571428
E02006796,Hillingdon 033,2024,90,90,9377000.0,16375.0,52090.11,92.5,2,0.0222222222222222,84,9192250.0,15625.0,42750.09,87.97,0.0357142857142857,0.07142857142857142,0.02009845250074791,0.048,0.2184795400430737,0.05149482778219849,-0.0134920634920635
E02006796,Hillingdon 033,2025,91,91,8813350.0,16750.0,51631.74,95.425,2,0.0219780219780219,84,9192250.0,15625.0,42750.09,87.97,0.0357142857142857,0.08333333333333333,-0.041219505561750386,0.072,0.20775745735272141,0.08474479936341933,-0.013736263736263798
E02006798,Lewisham 039,2023,315,315,4852525.0,13250.0,60384.94,69.72,12,0.0380952380952381,295,6229925.0,13250.0,34938.05,68.0,0.0338983050847457,0.06779661016949153,-0.22109415442400993,0.0,0.7283431674063091,0.025294117647058807,0.0041969330104923985
E02006798,Lewisham 039,2024,293,293,4855098.0,13250.0,29516.44,70.41,6,0.0204778156996587,295,6229925.0,13250.0,34938.05,68.0,0.0338983050847457,-0.006779661016949152,-0.2206811478468842,0.0,-0.15517780757655347,0.035441176470588184,-0.013420489385087001
E02006798,Lewisham 039,2025,294,294,4872598.0,13250.0,29365.17,71.1,6,0.0204081632653061,295,6229925.0,13250.0,34938.05,68.0,0.0338983050847457,-0.003389830508474576,-0.21787212526635552,0.0,-0.15950747108095628,0.04558823529411756,-0.0134901418194396
E02006799,Barking and Dagenham 023,2023,192,192,1934550.0,9950.0,19018.19,66.095,30,0.15625,178,2012100.0,10000.0,17614.42,66.9,0.0617977528089887,0.07865168539325842,-0.03854182197703891,-0.005,0.07969436404945497,-0.012032884902840161,0.09445224719101131
E02006799,Barking and Dagenham 023,2024,197,197,2110100.0,11125.0,18334.11,66.8,33,0.1675126903553299,178,2012100.0,10000.0,17614.42,66.9,0.0617977528089887,0.10674157303370786,0.048705332736941505,0.1125,0.040858001569169036,-0.001494768310911936,0.1057149375463412
E02006799,Barking and Dagenham 023,2025,199,199,2096850.0,11250.0,18474.48,66.8,25,0.1256281407035175,178,2012100.0,10000.0,17614.42,66.9,0.0617977528089887,0.11797752808988764,0.04212017295363053,0.125,0.04882704057244016,-0.001494768310911936,0.0638303878945288
E02006800,Redbridge 034,2023,209,209,1830250.0,9100.0,18685.19,71.73,5,0.0239234449760765,192,1883875.0,9200.0,17242.37,71.9,0.0208333333333333,0.08854166666666667,-0.028465264415101853,-0.010869565217391304,0.08367875181892047,-0.002364394993045921,0.0030901116427431985
E02006800,Redbridge 034,2024,182,182,2104425.0,10000.0,16199.38,65.86,1,0.0054945054945054,192,1883875.0,9200.0,17242.37,71.9,0.0208333333333333,-0.052083333333333336,0.1170725233892907,0.08695652173913043,-0.06048994424780351,-0.08400556328233666,-0.0153388278388279
E02006800,Redbridge 034,2025,187,187,2144900.0,10250.0,16522.31,65.63,0,0.0,192,1883875.0,9200.0,17242.37,71.9,0.0208333333333333,-0.026041666666666668,0.13855749452591068,0.11413043478260869,-0.041761080408319606,-0.0872044506258694,-0.0208333333333333
E02006853,Tower Hamlets 032,2023,152,152,1839825.0,3200.0,8184.12,19.2,42,0.2763157894736842,136,1553175.0,3200.0,5881.89,6.835,0.0514705882352941,0.11764705882352941,0.18455743879472694,0.0,0.39140990395944153,1.8090709583028528,0.22484520123839008
E02006853,Tower Hamlets 032,2024,138,138,2251300.0,3000.0,7257.55,9.67,7,0.0507246376811594,136,1553175.0,3200.0,5881.89,6.835,0.0514705882352941,0.014705882352941176,0.4494825116294043,-0.0625,0.23388060640372393,0.41477688368690563,-0.0007459505541346986
E02006853,Tower Hamlets 032,2025,139,139,2357300.0,3000.0,7529.99,12.135,3,0.0215827338129496,136,1553175.0,3200.0,5881.89,6.835,0.0514705882352941,0.022058823529411766,0.5177298115151222,-0.0625,0.28019905166536596,0.77542062911485,-0.0298878544223445
E02006882,Harrow 033,2023,151,151,3083725.0,14000.0,19421.53,86.2,2,0.0132450331125827,140,3133400.0,14000.0,16956.77,82.1,0.0214285714285714,0.07857142857142857,-0.015853386098168123,0.0,0.14535551287184992,0.04993909866017063,-0.008183538315988701
E02006882,Harrow 033,2024,134,134,3086300.0,15500.0,16819.75,86.85,2,0.0149253731343283,140,3133400.0,14000.0,16956.77,82.1,0.0214285714285714,-0.04285714285714286,-0.015031595072445267,0.10714285714285714,-0.008080548359150973,0.05785627283800244,-0.0065031982942431
E02006882,Harrow 033,2025,133,133,3075850.0,15500.0,16898.21,87.5,2,0.0150375939849624,140,3133400.0,14000.0,16956.77,82.1,0.0214285714285714,-0.05,-0.018366630497223462,0.10714285714285714,-0.0034534878989336596,0.06577344701583442,-0.006390977443609001
E02006918,Hackney 028,2023,63,63,807800.0,10875.0,3702.33,48.8,0,0.0,62,972500.0,12000.0,7283.8,49.87,0.0,0.016129032258064516,-0.1693573264781491,-0.09375,-0.4917035064114885,-0.021455785041106883,0.0
E02006918,Hackney 028,2024,55,55,952850.0,12500.0,3335.29,49.685,0,0.0,62,972500.0,12000.0,7283.8,49.87,0.0,-0.11290322580645161,-0.02020565552699229,0.041666666666666664,-0.5420947856887889,-0.0037096450772006254,0.0
E02006918,Hackney 028,2025,55,55,926350.0,12500.0,3335.29,49.685,0,0.0,62,972500.0,12000.0,7283.8,49.87,0.0,-0.11290322580645161,-0.04745501285347044,0.041666666666666664,-0.5420947856887889,-0.0037096450772006254,0.0
E02006921,Hackney 029,2023,36,36,519650.0,13000.0,3214.76,77.7,0,0.0,35,521150.0,13000.0,3096.23,72.7,0.0,0.02857142857142857,-0.0028782500239854167,0.0,0.03828203977094731,0.0687757909215956,0.0
E02006921,Hackney 029,2024,35,35,658250.0,14750.0,3075.09,72.7,0,0.0,35,521150.0,13000.0,3096.23,72.7,0.0,0.0,0.2630720521922671,0.1346153846153846,-0.00682765815201063,0.0,0.0
E02006921,Hackney 029,2025,35,35,658250.0,14750.0,3075.09,72.7,0,0.0,35,521150.0,13000.0,3096.23,72.7,0.0,0.0,0.2630720521922671,0.1346153846153846,-0.00682765815201063,0.0,0.0
E02006924,Redbridge 035,2023,102,102,1730000.0,14250.0,13323.45,92.95,3,0.0294117647058823,96,1734480.0,14250.0,12097.63,92.705,0.03125,0.0625,-0.0025829066924957338,0.0,0.10132728476569391,0.0026427916509358133,-0.0018382352941176995
E02006924,Redbridge 035,2024,89,89,2034250.0,17000.0,11522.94,93.09,1,0.0112359550561797,96,1734480.0,14250.0,12097.63,92.705,0.03125,-0.07291666666666667,0.17282989714496563,0.19298245614035087,-0.04750434589254248,0.004152958308613399,-0.0200140449438203
E02006924,Redbridge 035,2025,89,89,2034250.0,17000.0,11522.94,93.09,0,0.0,96,1734480.0,14250.0,12097.63,92.705,0.03125,-0.07291666666666667,0.17282989714496563,0.19298245614035087,-0.04750434589254248,0.004152958308613399,-0.03125
E02006925,Redbridge 036,2023,75,75,1109550.0,11250.0,7761.3,69.0,0,0.0,72,1120100.0,11500.0,7286.27,67.33,0.0138888888888888,0.041666666666666664,-0.009418801892688154,-0.021739130434782608,0.06519522334472916,0.024803208079607928,-0.0138888888888888
E02006925,Redbridge 036,2024,66,66,1171450.0,15500.0,6933.360000000001,63.89,0,0.0,72,1120100.0,11500.0,7286.27,67.33,0.0138888888888888,-0.08333333333333333,0.04584412106061959,0.34782608695652173,-0.048434933100200764,-0.051091638199910853,-0.0138888888888888
E02006925,Redbridge 036,2025,68,68,1199150.0,15500.0,7096.43,63.89,0,0.0,72,1120100.0,11500.0,7286.27,67.33,0.0138888888888888,-0.05555555555555555,0.07057405588786715,0.34782608695652173,-0.02605448329529377,-0.051091638199910853,-0.0138888888888888
E02006927,Greenwich 034,2023,62,62,1686125.0,11000.0,16022.64,99.7,5,0.0806451612903225,44,1293400.0,8600.0,9092.16,80.7,0.0227272727272727,0.4090909090909091,0.3036376990876759,0.27906976744186046,0.7622479146869391,0.23543990086741015,0.057917888563049795
E02006927,Greenwich 034,2024,56,56,1708140.0,10000.0,10426.75,98.06,2,0.0357142857142857,44,1293400.0,8600.0,9092.16,80.7,0.0227272727272727,0.2727272727272727,0.3206587289314984,0.16279069767441862,0.14678470242494635,0.2151177199504337,0.012987012987012998
E02006927,Greenwich 034,2025,59,59,1715940.0,10000.0,11155.91,98.88,10,0.1694915254237288,44,1293400.0,8600.0,9092.16,80.7,0.0227272727272727,0.3409090909090909,0.32668934591000465,0.16279069767441862,0.22698126737760885,0.22527881040892184,0.1467642526964561
E02006928,Greenwich 035,2023,95,95,3787150.0,24500.0,18366.52,119.425,9,0.0947368421052631,82,3631950.0,22125.0,16761.34,110.89,0.1463414634146341,0.15853658536585366,0.04273186580211732,0.10734463276836158,0.09576680623386914,0.07696816665163672,-0.051604621309371004
E02006928,Greenwich 035,2024,89,89,3953750.0,26125.0,15706.04,124.45,6,0.0674157303370786,82,3631950.0,22125.0,16761.34,110.89,0.1463414634146341,0.08536585365853659,0.0886025413345448,0.1807909604519774,-0.06296035997121945,0.12228334385427002,-0.07892573307755552
E02006928,Greenwich 035,2025,90,90,3880250.0,25850.0,15692.74,124.21,6,0.0666666666666666,82,3631950.0,22125.0,16761.34,110.89,0.1463414634146341,0.0975609756097561,0.06836547859965032,0.16836158192090395,-0.06375385261560236,0.1201190368833979,-0.07967479674796751
E02006930,Greenwich 037,2023,277,277,6561525.0,10250.0,38318.21,63.7,21,0.075812274368231,203,6891900.0,11250.0,33838.78,77.46000000000001,0.0591133004926108,0.3645320197044335,-0.04793670830975493,-0.08888888888888889,0.1323756352918161,-0.17764007229537832,0.0166989738756202
E02006930,Greenwich 037,2024,224,224,6322900.0,11250.0,32853.43,67.69,9,0.0401785714285714,203,6891900.0,11250.0,33838.78,77.46000000000001,0.0591133004926108,0.10344827586206896,-0.08256068718350527,0.0,-0.02911895759835309,-0.12612961528530867,-0.018934729064039403
E02006930,Greenwich 037,2025,226,226,6887100.0,11250.0,36480.74,68.38,10,0.0442477876106194,203,6891900.0,11250.0,33838.78,77.46000000000001,0.0591133004926108,0.11330049261083744,-0.0006964697688590954,0.0,0.07807491877662254,-0.11722179189258987,-0.014865512881991401
E02006931,Greenwich 038,2023,287,287,7468350.0,16625.0,31459.17,69.15,16,0.0557491289198606,267,7765920.0,17000.0,26316.55,67.53,0.0337078651685393,0.0749063670411985,-0.038317417640150814,-0.022058823529411766,0.19541391253792761,0.02398933807196808,0.022041263751321302
E02006931,Greenwich 038,2024,262,262,7299330.0,17000.0,25614.59,67.85499999999999,7,0.0267175572519083,267,7765920.0,17000.0,26316.55,67.53,0.0337078651685393,-0.018726591760299626,-0.06008174176401508,0.0,-0.026673709129806118,0.004812675847771192,-0.006990307916630998
E02006931,Greenwich 038,2025,263,263,7349330.0,17000.0,25854.77,67.86,18,0.0684410646387832,267,7765920.0,17000.0,26316.55,67.53,0.0337078651685393,-0.0149812734082397,-0.053643354554257575,0.0,-0.017547132887859498,0.004886717014660126,0.034733199470243906
E02006941,Southwark 035,2023,240,240,12448200.0,27000.0,34950.36,100.1,8,0.0333333333333333,199,10386950.0,25250.0,28786.14,89.2,0.0402010050251256,0.20603015075376885,0.19844612711142348,0.06930693069306931,0.21413847080574197,0.12219730941704025,-0.006867671691792303
E02006941,Southwark 035,2024,217,217,13038070.0,29500.0,30043.34,85.97,7,0.032258064516129,199,10386950.0,25250.0,28786.14,89.2,0.0402010050251256,0.09045226130653267,0.25523565628023626,0.16831683168316833,0.04367379579200271,-0.036210762331838606,-0.007942940508996604
E02006941,Southwark 035,2025,222,222,13103070.0,29875.0,31568.44,86.34,7,0.0315315315315315,199,10386950.0,25250.0,28786.14,89.2,0.0402010050251256,0.11557788944723618,0.2614935086815668,0.18316831683168316,0.09665415370035717,-0.03206278026905829,-0.0086694734935941
E02006942,Southwark 036,2023,148,148,3963975.0,19750.0,16258.99,77.055,1,0.0067567567567567,135,3620925.0,17750.0,13837.26,70.225,0.0148148148148148,0.0962962962962963,0.0947409846931378,0.11267605633802817,0.17501514028066248,0.09725881096475633,-0.0080580580580581
E02006942,Southwark 036,2024,140,140,4645935.0,24500.0,14579.15,76.33000000000001,1,0.0071428571428571,135,3620925.0,17750.0,13837.26,70.225,0.0148148148148148,0.037037037037037035,0.28307959982601133,0.38028169014084506,0.05361538339237677,0.08693485226059122,-0.0076719576719577
E02006942,Southwark 036,2025,141,141,4668935.0,24500.0,14882.86,76.51,1,0.0070921985815602,135,3620925.0,17750.0,13837.26,70.225,0.0148148148148148,0.044444444444444446,0.2894315679004674,0.38028169014084506,0.0755640928912227,0.08949804200783212,-0.0077226162332545995
E02006953,Barnet 042,2023,27,27,724700.0,21250.0,3063.66,100.0,4,0.1481481481481481,24,643450.0,21250.0,2539.81,100.0,0.125,0.125,0.12627243764084234,0.0,0.2062555860477752,0.0,0.023148148148148112
E02006953,Barnet 042,2024,26,26,901450.0,26750.0,2965.51,100.0,22,0.8461538461538461,24,643450.0,21250.0,2539.81,100.0,0.125,0.08333333333333333,0.40096355583184395,0.25882352941176473,0.1676109630247933,0.0,0.7211538461538461
E02006953,Barnet 042,2025,26,26,892150.0,27500.0,2965.51,100.0,19,0.7307692307692307,24,643450.0,21250.0,2539.81,100.0,0.125,0.08333333333333333,0.3865102183541845,0.29411764705882354,0.1676109630247933,0.0,0.6057692307692307
E02006954,Barnet 043,2023,90,90,3362650.0,12750.0,21090.09,62.365,7,0.0777777777777777,83,3343750.0,12750.0,14341.27,61.12,0.0481927710843373,0.08433734939759036,0.005652336448598131,0.0,0.47058733292100347,0.020369764397905835,0.029585006693440392
E02006954,Barnet 043,2024,86,86,3664200.0,14500.0,14455.32,60.68,72,0.8372093023255814,83,3343750.0,12750.0,14341.27,61.12,0.0481927710843373,0.03614457831325301,0.09583551401869159,0.13725490196078433,0.007952573237934944,-0.007198952879581115,0.7890165312412442
E02006954,Barnet 043,2025,87,87,3564200.0,14500.0,20211.32,60.93,68,0.7816091954022989,83,3343750.0,12750.0,14341.27,61.12,0.0481927710843373,0.04819277108433735,0.06592897196261682,0.13725490196078433,0.409311727622449,-0.0031086387434554603,0.7334164243179616
E02006955,Brent 035,2023,257,257,10150400.0,29250.0,47719.63,112.23,22,0.0856031128404669,149,8816300.0,45250.0,32296.65,136.5,0.0738255033557047,0.7248322147651006,0.15132198314485668,-0.35359116022099446,0.47754116913054434,-0.17780219780219778,0.011777609484762197
E02006955,Brent 035,2024,202,202,10401300.0,29750.0,37951.1,115.31,12,0.0594059405940594,149,8816300.0,45250.0,32296.65,136.5,0.0738255033557047,0.35570469798657717,0.17978063359912888,-0.3425414364640884,0.17507852981655983,-0.15523809523809523,-0.0144195627616453
E02006955,Brent 035,2025,209,209,10588300.0,30875.0,40035.36,119.02,12,0.0574162679425837,149,8816300.0,45250.0,32296.65,136.5,0.0738255033557047,0.40268456375838924,0.20099134557580844,-0.31767955801104975,0.23961339643585322,-0.12805860805860808,-0.016409235413121004
E02006956,Brent 036,2023,63,63,874575.0,14000.0,8226.289999999999,109.71,9,0.1428571428571428,52,873175.0,12875.0,6657.97,109.48,0.0576923076923076,0.21153846153846154,0.0016033441177312681,0.08737864077669903,0.23555528186519295,0.0021008403361343604,0.0851648351648352
E02006956,Brent 036,2024,49,49,1019375.0,16000.0,5557.97,111.09,5,0.1020408163265306,52,873175.0,12875.0,6657.97,109.48,0.0576923076923076,-0.057692307692307696,0.16743493572307958,0.24271844660194175,-0.16521552365060221,0.014705882352941171,0.044348508634223
E02006956,Brent 036,2025,51,51,1056475.0,18250.0,6388.97,117.315,5,0.0980392156862745,52,873175.0,12875.0,6657.97,109.48,0.0576923076923076,-0.019230769230769232,0.20992355484295816,0.4174757281553398,-0.04040270532910181,0.07156558275484101,0.040346907993966896
E02006968,Ealing 041,2023,76,76,1675450.0,26250.0,6352.38,68.06,11,0.1447368421052631,74,2181400.0,28000.0,6114.04,66.74000000000001,0.1486486486486486,0.02702702702702703,-0.231938204822591,-0.0625,0.03898240770423487,0.019778243931675054,-0.003911806543385493
E02006968,Ealing 041,2024,57,57,1525300.0,27250.0,4834.79,69.61,1,0.0175438596491228,74,2181400.0,28000.0,6114.04,66.74000000000001,0.1486486486486486,-0.22972972972972974,-0.30077014761162557,-0.026785714285714284,-0.20923153921138887,0.04300269703326326,-0.1311047889995258
E02006968,Ealing 041,2025,63,63,1824550.0,28000.0,5811.15,77.8,3,0.0476190476190476,74,2181400.0,28000.0,6114.04,66.74000000000001,0.1486486486486486,-0.14864864864864866,-0.16358760429082242,0.0,-0.04954007497497569,0.16571771051842954,-0.101029601029601
E02006969,Ealing 042,2023,404,404,22227525.0,39000.0,98044.82,114.65,49,0.1212871287128712,345,21089025.0,39250.0,86851.45,119.26,0.1130434782608695,0.17101449275362318,0.05398542606877274,-0.006369426751592357,0.1288794833016606,-0.0386550394096931,0.008243650452001705
E02006969,Ealing 042,2024,357,357,20865775.0,39250.0,89714.29,121.61,28,0.0784313725490196,345,21089025.0,39250.0,86851.45,119.26,0.1130434782608695,0.034782608695652174,-0.010586074984500232,0.0,0.03296248940000422,0.019704846553748066,-0.03461210571184989
E02006969,Ealing 042,2025,356,356,20763350.0,40500.0,88888.6,125.29,32,0.0898876404494382,345,21089025.0,39250.0,86851.45,119.26,0.1130434782608695,0.03188405797101449,-0.015442866609527942,0.03184713375796178,0.023455566947932462,0.050561797752808994,-0.023155837811431296
E02006970,Ealing 043,2023,242,242,2258525.0,9200.0,15387.06,45.69,8,0.0330578512396694,212,2396100.0,9200.0,15816.99,48.555,0.0330188679245283,0.14150943396226415,-0.05741621802095071,0.0,-0.027181530746368324,-0.05900525177633616,3.8983315141100094e-05
E02006970,Ealing 043,2024,204,204,2558725.0,10875.0,12850.43,47.645,7,0.034313725490196,212,2396100.0,9200.0,15816.99,48.555,0.0330188679245283,-0.03773584905660377,0.06787070656483453,0.18206521739130435,-0.18755528074557798,-0.018741633199464456,0.0012948575656676967
E02006970,Ealing 043,2025,216,216,2597850.0,11250.0,13206.99,44.545,8,0.037037037037037,212,2396100.0,9200.0,15816.99,48.555,0.0330188679245283,0.018867924528301886,0.08419932390133968,0.22282608695652173,-0.16501243283330141,-0.08258675728555243,0.004018169112508699
E02006971,Ealing 044,2023,90,90,632905.0,6400.0,4920.82,44.25,0,0.0,65,543840.0,7900.0,3662.69,47.8,0.0,0.38461538461538464,0.16377059429243895,-0.189873417721519,0.34349890381113324,-0.07426778242677819,0.0
E02006971,Ealing 044,2024,89,89,713655.0,7300.0,4718.85,45.085,0,0.0,65,543840.0,7900.0,3662.69,47.8,0.0,0.36923076923076925,0.3122517652250662,-0.0759493670886076,0.2883563719561307,-0.05679916317991624,0.0
E02006971,Ealing 044,2025,89,89,690155.0,7100.0,4718.85,45.085,0,0.0,65,543840.0,7900.0,3662.69,47.8,0.0,0.36923076923076925,0.26904052662547806,-0.10126582278481013,0.2883563719561307,-0.05679916317991624,0.0
E02006972,Hounslow 030,2023,47,47,3011000.0,11750.0,22755.26,80.52,10,0.2127659574468085,46,2582700.0,10500.0,15893.85,80.52,0.1521739130434782,0.021739130434782608,0.1658342045146552,0.11904761904761904,0.4317021992783371,0.0,0.060592044403330325
E02006972,Hounslow 030,2024,38,38,3799000.0,13625.0,22172.24,77.3,8,0.2105263157894736,46,2582700.0,10500.0,15893.85,80.52,0.1521739130434782,-0.17391304347826086,0.4709412630193209,0.2976190476190476,0.39502008638561464,-0.0399900645802285,0.0583524027459954
E02006972,Hounslow 030,2025,38,38,3719000.0,13625.0,22172.24,77.3,7,0.1842105263157894,46,2582700.0,10500.0,15893.85,80.52,0.1521739130434782,-0.17391304347826086,0.4399659271305223,0.2976190476190476,0.39502008638561464,-0.0399900645802285,0.03203661327231122
E02006973,Hounslow 031,2023,83,83,3850150.0,7800.0,34364.16,75.5,26,0.3132530120481928,78,2925720.0,9600.0,19868.14,75.7,0.141025641025641,0.0641025641025641,0.3159666680338515,-0.1875,0.7296113274820897,-0.0026420079260238154,0.17222737102255178
E02006973,Hounslow 031,2024,52,52,4504800.0,10750.0,30675.2,71.75,7,0.1346153846153846,78,2925720.0,9600.0,19868.14,75.7,0.141025641025641,-0.3333333333333333,0.5397235552274312,0.11979166666666667,0.5439391910868356,-0.05217965653896965,-0.0064102564102563875
E02006973,Hounslow 031,2025,56,56,4562500.0,11500.0,31078.31,70.65,6,0.1071428571428571,78,2925720.0,9600.0,19868.14,75.7,0.141025641025641,-0.28205128205128205,0.5594451963961008,0.19791666666666666,0.5642284582250781,-0.06671070013210036,-0.0338827838827839
E02006987,Croydon 046,2023,461,461,11660205.0,21875.0,112881.35,87.425,90,0.1952277657266811,458,13566110.0,17250.0,112842.03,86.77,0.1899563318777292,0.006550218340611353,-0.14049016261846617,0.26811594202898553,0.0003484517249468747,0.007548691944220366,0.005271433848951901
E02006987,Croydon 046,2024,341,341,10858150.0,21500.0,49808.78,93.4,15,0.0439882697947214,458,13566110.0,17250.0,112842.03,86.77,0.1899563318777292,-0.2554585152838428,-0.19961212167673711,0.2463768115942029,-0.5585972708927693,0.07640889708424582,-0.1459680620830078
E02006987,Croydon 046,2025,342,342,10879950.0,21500.0,50014.63,94.7,8,0.023391812865497,458,13566110.0,17250.0,112842.03,86.77,0.1899563318777292,-0.25327510917030566,-0.19800517613376273,0.2463768115942029,-0.5567730392656,0.09139103376743123,-0.1665645190122322
E02006988,Croydon 047,2023,135,135,2533725.0,15250.0,14837.17,76.81,10,0.074074074074074,129,2614800.0,15250.0,14513.08,76.81,0.0930232558139534,0.046511627906976744,-0.031006195502524092,0.0,0.022330890479484722,0.0,-0.018949181739879403
E02006988,Croydon 047,2024,123,123,2483545.0,15125.0,13715.19,76.62,5,0.040650406504065,129,2614800.0,15250.0,14513.08,76.81,0.0930232558139534,-0.046511627906976744,-0.05019695579011779,-0.00819672131147541,-0.054977303232670076,-0.002473636245280533,-0.052372849309888406
E02006988,Croydon 047,2025,122,122,2428395.0,15125.0,13554.25,76.81,2,0.0163934426229508,129,2614800.0,15250.0,14513.08,76.81,0.0930232558139534,-0.05426356589147287,-0.07128843506195502,-0.00819672131147541,-0.06606661025778125,0.0,-0.07662981319100261
E02006991,Greenwich 039,2023,119,119,2485955.0,10000.0,14314.36,74.8,4,0.0336134453781512,96,2426425.0,10875.0,13335.26,89.345,0.03125,0.23958333333333334,0.024534036700083455,-0.08045977011494253,0.07342189053681746,-0.1627959035200627,0.0023634453781511966
E02006991,Greenwich 039,2024,114,114,2334815.0,13000.0,15124.1,79.61,1,0.0087719298245614,96,2426425.0,10875.0,13335.26,89.345,0.03125,0.1875,-0.03775513358129759,0.19540229885057472,0.13414361624745225,-0.1089596507918742,-0.0224780701754386
E02006991,Greenwich 039,2025,115,115,2315865.0,12500.0,15230.05,80.19,9,0.0782608695652174,96,2426425.0,10875.0,13335.26,89.345,0.03125,0.19791666666666666,-0.04556497728139135,0.14942528735632185,0.1420887181802229,-0.10246796127371427,0.0470108695652174
E02006992,Greenwich 040,2023,214,214,23685975.0,44750.0,113253.26,187.685,33,0.1542056074766355,114,14900275.0,61000.0,50018.81,235.62,0.043859649122807,0.8771929824561403,0.5896334128061395,-0.26639344262295084,1.2642134029178222,-0.20344198285374757,0.1103459583538285
E02006992,Greenwich 040,2024,195,195,18466650.0,37875.0,101244.64,181.53,19,0.0974358974358974,114,14900275.0,61000.0,50018.81,235.62,0.043859649122807,0.7105263157894737,0.23934960931929108,-0.3790983606557377,1.02413132179674,-0.22956455309396487,0.053576248313090394
E02006992,Greenwich 040,2025,202,202,18474650.0,38000.0,101543.77,172.4,13,0.0643564356435643,114,14900275.0,61000.0,50018.81,235.62,0.043859649122807,0.7719298245614035,0.2398865121616883,-0.3770491803278688,1.030111671988998,-0.2683133859604448,0.0204967865207573
E02006993,Greenwich 041,2023,74,74,9406000.0,43500.0,72600.51000000001,223.58,7,0.0945945945945946,54,8937150.0,47500.0,34077.17,211.66,0.074074074074074,0.37037037037037035,0.052460795667522646,-0.08421052631578947,1.1304735692547243,0.05631673438533505,0.0205205205205206
E02006993,Greenwich 041,2024,60,60,7830150.0,39875.0,34452.44,220.58,2,0.0333333333333333,54,8937150.0,47500.0,34077.17,211.66,0.074074074074074,0.1111111111111111,-0.12386499051711115,-0.16052631578947368,0.011012358127156806,0.04214305962392524,-0.0407407407407407
E02006993,Greenwich 041,2025,60,60,7783100.0,38875.0,34228.86,218.12,6,0.1,54,8937150.0,47500.0,34077.17,211.66,0.074074074074074,0.1111111111111111,-0.12912953234532262,-0.18157894736842106,0.0044513672937043286,0.030520646319569158,0.025925925925926005
E02006994,Greenwich 042,2023,293,293,10717435.0,17375.0,87066.05,123.14,25,0.0853242320819112,254,10982860.0,19500.0,82594.16,140.715,0.1299212598425196,0.15354330708661418,-0.024167202349843302,-0.10897435897435898,0.05414293213951203,-0.12489784315815658,-0.04459702776060839
E02006994,Greenwich 042,2024,265,265,10141900.0,17250.0,75495.99,120.08,5,0.0188679245283018,254,10982860.0,19500.0,82594.16,140.715,0.1299212598425196,0.04330708661417323,-0.07657021941461514,-0.11538461538461539,-0.0859403376703631,-0.14664392566535198,-0.1110533353142178
E02006994,Greenwich 042,2025,271,271,10118450.0,17375.0,82909.81,119.64,26,0.0959409594095941,254,10982860.0,19500.0,82594.16,140.715,0.1299212598425196,0.06692913385826772,-0.07870536454074804,-0.10897435897435898,0.0038216987738599697,-0.14977081334612516,-0.03398030043292549
E02006995,Newham 038,2023,48,48,2040000.0,28250.0,10124.93,151.335,0,0.0,31,1066950.0,25000.0,5610.36,133.16,0.0,0.5483870967741935,0.9119921270912413,0.13,0.8046845478721509,0.1364899369179935,0.0
E02006995,Newham 038,2024,45,45,2192900.0,25000.0,9697.4,151.0,1,0.0222222222222222,31,1066950.0,25000.0,5610.36,133.16,0.0,0.45161290322580644,1.0552978115188154,0.0,0.7284808817972466,0.13397416641634127,0.0222222222222222
E02006995,Newham 038,2025,47,47,2213350.0,24750.0,9902.16,144.8,0,0.0,31,1066950.0,25000.0,5610.36,133.16,0.0,0.5161290322580645,1.0744645953418623,-0.01,0.7649776484931449,0.08741363772904788,0.0
E02006996,Newham 039,2023,407,407,81509825.0,147000.0,172174.93,141.62,19,0.0466830466830466,378,79751350.0,146000.0,158527.55,140.36,0.0026455026455026,0.07671957671957672,0.022049470008971634,0.00684931506849315,0.08608838022160821,0.008976916500427406,0.044037544037544
E02006996,Newham 039,2024,375,375,73053955.0,150000.0,160671.3,140.01,9,0.024,378,79751350.0,146000.0,158527.55,140.36,0.0026455026455026,-0.007936507936507936,-0.08397845302932176,0.0273972602739726,0.013522886085100036,-0.002493587916785571,0.0213544973544974
E02006996,Newham 039,2025,389,389,70315205.0,149000.0,171331.3,142.28,1,0.0025706940874035,378,79751350.0,146000.0,158527.55,140.36,0.0026455026455026,0.0291005291005291,-0.11831956449640038,0.02054794520547945,0.08076671846628553,0.013679110857794153,-7.480855809909991e-05
E02006997,Newham 040,2023,41,41,2031675.0,8450.0,21001.25,67.4,1,0.024390243902439,29,1864425.0,6500.0,19093.79,61.0,0.0344827586206896,0.41379310344827586,0.08970594151011706,0.3,0.09989949611889515,0.10491803278688534,-0.010092514718250598
E02006997,Newham 040,2024,28,28,2026050.0,9300.0,13021.43,69.7,0,0.0,29,1864425.0,6500.0,19093.79,61.0,0.0344827586206896,-0.034482758620689655,0.08668892554004586,0.4307692307692308,-0.3180280080591648,0.1426229508196722,-0.0344827586206896
E02006997,Newham 040,2025,40,40,2826050.0,19375.0,15651.98,99.465,0,0.0,29,1864425.0,6500.0,19093.79,61.0,0.0344827586206896,0.3793103448275862,0.5157756412835056,1.9807692307692308,-0.18025808391105178,0.6305737704918033,-0.0344827586206896
E02006998,Newham 041,2023,55,55,419250.0,6500.0,8817.65,65.91,0,0.0,54,557150.0,6550.0,8456.15,65.7,0.0,0.018518518518518517,-0.24750964731221395,-0.007633587786259542,0.04274995121893533,0.003196347031963375,0.0
E02006998,Newham 041,2024,53,53,542750.0,7900.0,4676.1,67.2,1,0.0188679245283018,54,557150.0,6550.0,8456.15,65.7,0.0,-0.018518518518518517,-0.025845822489455262,0.20610687022900764,-0.4470178509132406,0.0228310502283105,0.0188679245283018
E02006998,Newham 041,2025,53,53,542750.0,7900.0,4676.1,67.2,0,0.0,54,557150.0,6550.0,8456.15,65.7,0.0,-0.018518518518518517,-0.025845822489455262,0.20610687022900764,-0.4470178509132406,0.0228310502283105,0.0
E02006999,Newham 042,2023,41,41,1113100.0,25250.0,7317.39,153.93,0,0.0,24,554350.0,19500.0,4461.75,126.625,0.0,0.7083333333333334,1.007937223775593,0.2948717948717949,0.6400268952765171,0.2156367226061205,0.0
E02006999,Newham 042,2024,40,40,1237450.0,28125.0,7137.86,127.42,0,0.0,24,554350.0,19500.0,4461.75,126.625,0.0,0.6666666666666666,1.232253991160819,0.4423076923076923,0.5997893203339496,0.006278381046396855,0.0
E02006999,Newham 042,2025,55,55,1804850.0,28500.0,9655.67,139.885,0,0.0,24,554350.0,19500.0,4461.75,126.625,0.0,1.2916666666666667,2.25579507531343,0.46153846153846156,1.1640992883958088,0.1047186574531095,0.0
E02007008,Lewisham 040,2023,67,67,3508450.0,22125.0,26570.43,105.08,3,0.044776119402985,54,3555400.0,19750.0,17409.07,102.52,0.1111111111111111,0.24074074074074073,-0.013205265230353829,0.12025316455696203,0.526240632038357,0.024970737417089373,-0.0663349917081261
E02007008,Lewisham 040,2024,50,50,3480750.0,23375.0,16670.05,108.24,0,0.0,54,3555400.0,19750.0,17409.07,102.52,0.1111111111111111,-0.07407407407407407,-0.020996231085109975,0.18354430379746836,-0.04245028597162286,0.055793991416309,-0.1111111111111111
E02007008,Lewisham 040,2025,52,52,3602500.0,24250.0,17053.0,111.7,0,0.0,54,3555400.0,19750.0,17409.07,102.52,0.1111111111111111,-0.037037037037037035,0.013247454576137706,0.22784810126582278,-0.020453131614727248,0.0895435037065939,-0.1111111111111111
E02007009,Lewisham 041,2023,344,344,13911185.0,18500.0,88730.21,91.145,25,0.0726744186046511,324,13875315.0,20000.0,83674.62,93.91,0.0802469135802469,0.06172839506172839,0.002585166534957945,-0.075,0.0604196350099948,-0.02944308380364179,-0.007572494975595798
E02007009,Lewisham 041,2024,313,313,10222390.0,16250.0,78561.92,91.145,6,0.0191693290734824,324,13875315.0,20000.0,83674.62,93.91,0.0802469135802469,-0.033950617283950615,-0.26326789698107755,-0.1875,-0.06110215977078829,-0.02944308380364179,-0.061077584506764496
E02007009,Lewisham 041,2025,316,316,10258640.0,16250.0,79039.21,91.145,6,0.0189873417721519,324,13875315.0,20000.0,83674.62,93.91,0.0802469135802469,-0.024691358024691357,-0.2606553436804858,-0.1875,-0.05539804064840676,-0.02944308380364179,-0.06125957180809499
E02007017,Redbridge 037,2023,6,6,81700.0,11250.0,2593.86,347.08500000000004,0,0.0,3,29450.0,9800.0,369.36,137.1,0.0,1.0,1.7741935483870968,0.14795918367346939,6.022579597141,1.531619256017506,0.0
E02007017,Redbridge 037,2024,5,5,97250.0,13250.0,1481.61,140.21,0,0.0,3,29450.0,9800.0,369.36,137.1,0.0,0.6666666666666666,2.302207130730051,0.3520408163265306,3.0112897985705,0.022684172137126285,0.0
E02007017,Redbridge 037,2025,7,7,136000.0,21500.0,3344.03,499.82,0,0.0,3,29450.0,9800.0,369.36,137.1,0.0,1.3333333333333333,3.6179966044142615,1.1938775510204083,8.05357916395928,2.6456601021152446,0.0
E02007018,Redbridge 038,2023,85,85,1732750.0,10625.0,12490.97,81.1,1,0.0117647058823529,81,1864150.0,10625.0,12701.8,82.7,0.0246913580246913,0.04938271604938271,-0.07048788992302121,0.0,-0.01659843486749909,-0.01934703748488523,-0.012926652142338402
E02007018,Redbridge 038,2024,76,76,2146150.0,14000.0,11185.94,78.85,0,0.0,81,1864150.0,10625.0,12701.8,82.7,0.0246913580246913,-0.06172839506172839,0.15127538020009118,0.3176470588235294,-0.11934214048402579,-0.04655380894800494,-0.0246913580246913
E02007018,Redbridge 038,2025,77,77,2111150.0,14000.0,11460.41,79.975,0,0.0,81,1864150.0,10625.0,12701.8,82.7,0.0246913580246913,-0.04938271604938271,0.1325000670546898,0.3176470588235294,-0.09773339211765257,-0.032950423216445084,-0.0246913580246913
E02007019,Redbridge 039,2023,516,516,15404640.0,18000.0,137508.85,87.135,28,0.0542635658914728,438,15432010.0,16750.0,130925.28,93.035,0.0502283105022831,0.1780821917808219,-0.001773586201667832,0.07462686567164178,0.05028494115116658,-0.06341699360455734,0.004035255389189696
E02007019,Redbridge 039,2024,439,439,15404975.0,20875.0,114731.28,88.045,7,0.0159453302961275,438,15432010.0,16750.0,130925.28,93.035,0.0502283105022831,0.00228310502283105,-0.0017518780768026978,0.2462686567164179,-0.12368887047635109,-0.053635728489278174,-0.0342829802061556
E02007019,Redbridge 039,2025,445,445,15373625.0,20875.0,120939.12,88.045,5,0.0112359550561797,438,15432010.0,16750.0,130925.28,93.035,0.0502283105022831,0.01598173515981735,-0.0037833697619428707,0.2462686567164179,-0.07627373414821037,-0.053635728489278174,-0.038992355446103404
E02007020,Redbridge 040,2023,52,52,666000.0,8150.0,4399.05,64.3,1,0.0192307692307692,51,660600.0,8400.0,4386.52,64.565,0.0196078431372549,0.0196078431372549,0.008174386920980926,-0.02976190476190476,0.0028564784840829963,-0.004104390923875174,-0.0003770739064857011
E02007020,Redbridge 040,2024,49,49,755650.0,10000.0,4067.45,62.05,0,0.0,51,660600.0,8400.0,4386.52,64.565,0.0196078431372549,-0.0392156862745098,0.14388434756282167,0.19047619047619047,-0.07273875418327069,-0.038952993107720914,-0.0196078431372549
E02007020,Redbridge 040,2025,49,49,751950.0,10000.0,4038.53,62.05,0,0.0,51,660600.0,8400.0,4386.52,64.565,0.0196078431372549,-0.0392156862745098,0.138283378746594,0.19047619047619047,-0.07933167978260676,-0.038952993107720914,-0.0196078431372549
E02007083,Wandsworth 038,2023,114,114,4206775.0,20000.0,23143.02,122.45,11,0.0964912280701754,97,3321625.0,14625.0,17311.41,105.37,0.0927835051546391,0.17525773195876287,0.26648101456365486,0.36752136752136755,0.3368651080414594,0.16209547309480873,0.00370772291553631
E02007083,Wandsworth 038,2024,192,192,14110650.0,58500.0,50697.99,189.1,5,0.0260416666666666,97,3321625.0,14625.0,17311.41,105.37,0.0927835051546391,0.979381443298969,3.248116509238701,3.0,1.9285881392676854,0.794628452121097,-0.0667418384879725
E02007083,Wandsworth 038,2025,226,226,16238850.0,59250.0,58995.09,185.03500000000005,5,0.0221238938053097,97,3321625.0,14625.0,17311.41,105.37,0.0927835051546391,1.3298969072164948,3.8888270048545515,3.051282051282051,2.407873188839037,0.7560501091392241,-0.0706596113493294
E02007084,Wandsworth 039,2023,129,129,2376185.0,9950.0,15006.66,65.52,13,0.1007751937984496,127,2493085.0,10000.0,15409.11,71.29,0.0551181102362204,0.015748031496062992,-0.04688969690162991,-0.005,-0.02611766675687309,-0.08093701781456038,0.045657083562229195
E02007084,Wandsworth 039,2024,127,127,2601015.0,12250.0,15161.94,65.52,11,0.0866141732283464,127,2493085.0,10000.0,15409.11,71.29,0.0551181102362204,0.0,0.043291744966577554,0.225,-0.016040511100251738,-0.08093701781456038,0.031496062992126
E02007084,Wandsworth 039,2025,133,133,2758115.0,12750.0,15843.15,70.745,9,0.0676691729323308,127,2493085.0,10000.0,15409.11,71.29,0.0551181102362204,0.047244094488188976,0.1063060425135926,0.275,0.0281677527125187,-0.00764483097208587,0.012551062696110393
E02007108,Hackney 030,2023,336,336,8217700.0,17750.0,44037.4,88.57,0,0.0,309,8059850.0,18375.0,39629.92,87.5,0.0,0.08737864077669903,0.019584731725776534,-0.034013605442176874,0.1112159701558823,0.01222857142857135,0.0
E02007108,Hackney 030,2024,309,309,9312750.0,21250.0,40132.89,88.5,0,0.0,309,8059850.0,18375.0,39629.92,87.5,0.0,0.0,0.15544954310564094,0.1564625850340136,0.012691673361944742,0.011428571428571429,0.0
E02007108,Hackney 030,2025,311,311,9177000.0,22000.0,40386.67,88.535,0,0.0,309,8059850.0,18375.0,39629.92,87.5,0.0,0.006472491909385114,0.13860679789326105,0.19727891156462585,0.019095420833552024,0.01182857142857139,0.0
E02007109,Hackney 031,2023,88,88,1175250.0,10875.0,4923.31,43.78,0,0.0,88,1182250.0,10750.0,4927.04,43.78,0.0,0.0,-0.00592091351237048,0.011627906976744186,-0.0007570468273039317,0.0,0.0
E02007109,Hackney 031,2024,86,86,1379425.0,13375.0,5018.55,42.75,0,0.0,88,1182250.0,10750.0,4927.04,43.78,0.0,-0.022727272727272728,0.1667794459716642,0.2441860465116279,0.01857301747093594,-0.02352672453174968,0.0
E02007109,Hackney 031,2025,86,86,1379425.0,13375.0,5018.55,42.75,0,0.0,88,1182250.0,10750.0,4927.04,43.78,0.0,-0.022727272727272728,0.1667794459716642,0.2441860465116279,0.01857301747093594,-0.02352672453174968,0.0
E02007110,Hackney 032,2023,104,104,2559525.0,13750.0,9822.43,66.82,0,0.0,96,2239775.0,13125.0,8365.26,63.94,0.0,0.08333333333333333,0.14275987543391636,0.047619047619047616,0.17419303165711528,0.045042227087894834,0.0
E02007110,Hackney 032,2024,94,94,2639400.0,15250.0,9162.92,68.45,0,0.0,96,2239775.0,13125.0,8365.26,63.94,0.0,-0.020833333333333332,0.17842193970376488,0.1619047619047619,0.09535388021412362,0.07053487644666884,0.0
E02007110,Hackney 032,2025,97,97,2667850.0,15750.0,9350.12,68.4,0,0.0,96,2239775.0,13125.0,8365.26,63.94,0.0,0.010416666666666666,0.19112410844839325,0.2,0.11773214460757951,0.06975289333750403,0.0
E02007111,Hackney 033,2023,615,615,21963050.0,23750.0,80682.56999999999,81.09,6,0.0097560975609756,535,20706875.0,23000.0,67950.56,78.76,0.0018691588785046,0.14953271028037382,0.060664634330385436,0.03260869565217391,0.18737167140344385,0.029583544946673413,0.007886938682471
E02007111,Hackney 033,2024,552,552,24870525.0,26250.0,69651.17,80.555,1,0.0018115942028985,535,20706875.0,23000.0,67950.56,78.76,0.0018691588785046,0.03177570093457944,0.20107572967915247,0.14130434782608695,0.02502716681069296,0.022790756729304234,-5.7564675606099893e-05
E02007111,Hackney 033,2025,560,560,24923475.0,26750.0,72478.42,81.22,0,0.0,535,20706875.0,23000.0,67950.56,78.76,0.0018691588785046,0.04672897196261682,0.20363285140804685,0.16304347826086957,0.06663462376174678,0.031234128999492048,-0.0018691588785046
E02007112,Tower Hamlets 034,2023,44,44,965600.0,23750.0,6114.67,107.14,12,0.2727272727272727,27,390850.0,9700.0,2801.14,52.8,0.1481481481481481,0.6296296296296297,1.470512984520916,1.4484536082474226,1.1829219532047668,1.0291666666666668,0.1245791245791246
E02007112,Tower Hamlets 034,2024,37,37,1257100.0,24750.0,5174.05,106.0,6,0.1621621621621621,27,390850.0,9700.0,2801.14,52.8,0.1481481481481481,0.37037037037037035,2.2163233977229115,1.5515463917525774,0.8471229570817597,1.0075757575757578,0.014014014014013976
E02007112,Tower Hamlets 034,2025,38,38,1284650.0,25250.0,5277.52,104.735,4,0.1052631578947368,27,390850.0,9700.0,2801.14,52.8,0.1481481481481481,0.4074074074074074,2.286810796980939,1.6030927835051547,0.8840614892508053,0.9836174242424244,-0.04288499025341132
E02007113,Tower Hamlets 035,2023,89,89,2611200.0,18250.0,11470.87,84.0,30,0.3370786516853932,55,1959975.0,12875.0,7091.23,71.6,0.0727272727272727,0.6181818181818182,0.3322618910955497,0.4174757281553398,0.6176135874876434,0.17318435754189954,0.2643513789581205
E02007113,Tower Hamlets 035,2024,80,80,2588975.0,17250.0,10944.66,97.82,11,0.1375,55,1959975.0,12875.0,7091.23,71.6,0.0727272727272727,0.45454545454545453,0.32092246074567277,0.33980582524271846,0.5434078432091471,0.36620111731843574,0.06477272727272732
E02007113,Tower Hamlets 035,2025,83,83,2856775.0,16500.0,12431.93,97.82,12,0.144578313253012,55,1959975.0,12875.0,7091.23,71.6,0.0727272727272727,0.509090909090909,0.45755685659255857,0.2815533980582524,0.7531415565423771,0.36620111731843574,0.07185104052573929
E02007114,Tower Hamlets 036,2023,81,81,4048200.0,15375.0,14896.52,49.6,21,0.2592592592592592,63,3701900.0,16750.0,13524.76,50.8,0.2063492063492063,0.2857142857142857,0.09354655717334341,-0.08208955223880597,0.10142582936776698,-0.023622047244094405,0.05291005291005288
E02007114,Tower Hamlets 036,2024,68,68,3581000.0,16000.0,14573.14,52.4,14,0.2058823529411764,63,3701900.0,16750.0,13524.76,50.8,0.2063492063492063,0.07936507936507936,-0.032658904886679815,-0.04477611940298507,0.07751560841005675,0.03149606299212601,-0.0004668534080299047
E02007114,Tower Hamlets 036,2025,68,68,3405600.0,16375.0,15718.740000000002,52.5,19,0.2794117647058823,63,3701900.0,16750.0,13524.76,50.8,0.2063492063492063,0.07936507936507936,-0.0800399794700019,-0.022388059701492536,0.16221951443130977,0.03346456692913392,0.073062558356676
E02007115,Camden 029,2023,305,305,13491420.0,22250.0,34144.7,72.7,52,0.1704918032786885,290,14076920.0,22000.0,40798.53,71.9,0.1310344827586207,0.05172413793103448,-0.041592905266208804,0.011363636363636364,-0.16308994466222196,0.011126564673157122,0.039457320520067785
E02007115,Camden 029,2024,279,279,12099075.0,21500.0,32534.55,73.0,47,0.1684587813620071,290,14076920.0,22000.0,40798.53,71.9,0.1310344827586207,-0.03793103448275862,-0.14050268098419255,-0.022727272727272728,-0.20255582737907468,0.01529902642559102,0.03742429860338639
E02007115,Camden 029,2025,281,281,12108325.0,21500.0,32678.23,73.5,50,0.1779359430604982,290,14076920.0,22000.0,40798.53,71.9,0.1310344827586207,-0.03103448275862069,-0.13984557701542666,-0.022727272727272728,-0.19903413186700597,0.022253129346314245,0.0469014603018775
