"MSOA21CD","MSOA21NM","year","retail_records","retail_units","total_rateable_value","median_rateable_value","total_floor_area","median_floor_area","vacant_records","vacancy_proxy"
"E02000002","Barking and Dagenham 001","2019","30","30","1002900.0","7150.0","7371.55","87.01","1","0.03333333333333333"
"E02000002","Barking and Dagenham 001","2023","32","32","1012050.0","6900.0","12040.98","90.95","7","0.21875"
"E02000002","Barking and Dagenham 001","2024","31","31","961950.0","8000.0","11345.11","90.4","8","0.25806451612903225"
"E02000002","Barking and Dagenham 001","2025","31","31","961950.0","8000.0","11345.11","90.4","4","0.12903225806451613"
"E02000003","Barking and Dagenham 002","2019","164","164","4554450.0","10750.0","34545.94","76.5","10","0.06097560975609756"
"E02000003","Barking and Dagenham 002","2023","178","178","4605000.0","10750.0","37349.299999999996","76.61500000000001","25","0.1404494382022472"
"E02000003","Barking and Dagenham 002","2024","166","166","4074925.0","13750.0","30648.21","77.1","27","0.16265060240963855"
"E02000003","Barking and Dagenham 002","2025","173","173","4072775.0","13750.0","31477.8","77.14","22","0.12716763005780346"
"E02000004","Barking and Dagenham 003","2019","21","21","227250.0","8700.0","2375.9700000000003","69.62","0","0.0"
"E02000004","Barking and Dagenham 003","2023","20","20","209100.0","8700.0","2084.98","66.04","2","0.1"
"E02000004","Barking and Dagenham 003","2024","17","17","232650.0","10000.0","1935.6799999999998","66.04","1","0.058823529411764705"
"E02000004","Barking and Dagenham 003","2025","17","17","232650.0","10000.0","1935.6799999999998","66.04","1","0.058823529411764705"
"E02000005","Barking and Dagenham 004","2019","82","82","1043350.0","10000.0","8280.4","64.7","7","0.08536585365853659"
"E02000005","Barking and Dagenham 004","2023","91","91","1332400.0","10000.0","10329.6","62.584999999999994","17","0.18681318681318682"
"E02000005","Barking and Dagenham 004","2024","83","83","2545400.0","10750.0","14180.64","63.894999999999996","16","0.1927710843373494"
"E02000005","Barking and Dagenham 004","2025","82","82","2530900.0","10750.0","13978.42","63.87","13","0.15853658536585366"
"E02000007","Barking and Dagenham 006","2019","46","46","1390850.0","9000.0","8895.800000000001","83.25","2","0.043478260869565216"
"E02000007","Barking and Dagenham 006","2023","59","59","1420650.0","8700.0","25910.7","82.41","9","0.15254237288135594"
"E02000007","Barking and Dagenham 006","2024","48","48","1597150.0","11250.0","8814.99","82.345","10","0.20833333333333334"
"E02000007","Barking and Dagenham 006","2025","51","51","1585150.0","11000.0","13015.6","82.28","10","0.19607843137254902"
"E02000008","Barking and Dagenham 007","2019","46","46","478325.0","9500.0","4031.64","67.0","2","0.043478260869565216"
"E02000008","Barking and Dagenham 007","2023","47","47","478325.0","9500.0","4032.64","66.75","4","0.0851063829787234"
"E02000008","Barking and Dagenham 007","2024","44","44","491525.0","9700.0","3307.03","60.79","7","0.1590909090909091"
"E02000008","Barking and Dagenham 007","2025","45","45","491525.0","9700.0","3403.4","63.245000000000005","4","0.08888888888888889"
"E02000009","Barking and Dagenham 008","2019","102","102","1179200.0","9300.0","8181.26","58.26","7","0.06862745098039216"
"E02000009","Barking and Dagenham 008","2023","107","107","1171500.0","9300.0","8338.23","58.0","11","0.102803738317757"
"E02000009","Barking and Dagenham 008","2024","103","103","1403050.0","11500.0","9716.23","59.9","10","0.0970873786407767"
"E02000009","Barking and Dagenham 008","2025","103","103","1403050.0","11500.0","9716.23","59.9","7","0.06796116504854369"
"E02000010","Barking and Dagenham 009","2019","16","16","191500.0","9450.0","2080.91","100.15","3","0.1875"
"E02000010","Barking and Dagenham 009","2023","21","21","168550.0","9450.0","2474.73","81.73","6","0.2857142857142857"
"E02000010","Barking and Dagenham 009","2024","17","17","204325.0","11500.0","1980.04","81.73","6","0.35294117647058826"
"E02000010","Barking and Dagenham 009","2025","17","17","204325.0","11500.0","1980.04","81.73","5","0.29411764705882354"
"E02000011","Barking and Dagenham 010","2019","71","71","808550.0","9100.0","5539.58","62.0","4","0.056338028169014086"
"E02000011","Barking and Dagenham 010","2023","77","77","1134225.0","9100.0","7928.74","63.65","16","0.2077922077922078"
"E02000011","Barking and Dagenham 010","2024","73","73","1255025.0","9500.0","7181.72","63.65","13","0.1780821917808219"
"E02000011","Barking and Dagenham 010","2025","74","74","1258225.0","9500.0","7242.97","62.82","11","0.14864864864864866"
"E02000012","Barking and Dagenham 011","2019","44","44","607300.0","12500.0","3226.75","69.54","1","0.022727272727272728"
"E02000012","Barking and Dagenham 011","2023","48","48","609500.0","12250.0","3453.63","69.54","3","0.0625"
"E02000012","Barking and Dagenham 011","2024","45","45","719750.0","15250.0","3233.78","69.48500000000001","5","0.1111111111111111"
"E02000012","Barking and Dagenham 011","2025","46","46","710500.0","15250.0","3233.78","69.48500000000001","5","0.10869565217391304"
"E02000013","Barking and Dagenham 012","2019","44","44","415200.0","8300.0","3924.32","69.155","2","0.045454545454545456"
"E02000013","Barking and Dagenham 012","2023","44","44","415200.0","8300.0","3924.32","69.155","5","0.11363636363636363"
"E02000013","Barking and Dagenham 012","2024","42","42","455700.0","8950.0","3762.98","68.05","5","0.11904761904761904"
"E02000013","Barking and Dagenham 012","2025","41","41","455500.0","9100.0","3761.98","69.1","5","0.12195121951219512"
"E02000014","Barking and Dagenham 013","2019","130","130","2258920.0","10875.0","15115.07","67.465","2","0.015384615384615385"
"E02000014","Barking and Dagenham 013","2023","132","132","2253170.0","11000.0","15209.21","67.84","16","0.12121212121212122"
"E02000014","Barking and Dagenham 013","2024","126","126","2250150.0","12500.0","14350.12","70.825","13","0.10317460317460317"
"E02000014","Barking and Dagenham 013","2025","127","127","2231150.0","12500.0","16241.57","69.2","12","0.09448818897637795"
"E02000015","Barking and Dagenham 014","2019","82","82","1542395.0","12000.0","14333.2","90.065","7","0.08536585365853659"
"E02000015","Barking and Dagenham 014","2023","87","87","1290495.0","11375.0","14618.3","87.24","14","0.16091954022988506"
"E02000015","Barking and Dagenham 014","2024","78","78","1467945.0","13175.0","13829.3","90.9","14","0.1794871794871795"
"E02000015","Barking and Dagenham 014","2025","79","79","1438695.0","12750.0","14239.46","90.98","9","0.11392405063291139"
"E02000016","Barking and Dagenham 015","2019","276","276","9651901.0","17875.0","61079.2","101.19","20","0.07246376811594203"
"E02000016","Barking and Dagenham 015","2023","355","355","9351451.0","17500.0","71179.04","97.055","60","0.16901408450704225"
"E02000016","Barking and Dagenham 015","2024","294","294","9573236.0","17250.0","74869.84","98.83000000000001","54","0.1836734693877551"
"E02000016","Barking and Dagenham 015","2025","302","302","9639836.0","17500.0","76494.75","99.225","41","0.1357615894039735"
"E02000017","Barking and Dagenham 016","2019","91","91","1310975.0","13125.0","8438.99","80.2","11","0.12087912087912088"
"E02000017","Barking and Dagenham 016","2023","102","102","1324875.0","12625.0","9516.88","79.975","20","0.19607843137254902"
"E02000017","Barking and Dagenham 016","2024","84","84","1492150.0","15125.0","8236.7","80.975","14","0.16666666666666666"
"E02000017","Barking and Dagenham 016","2025","87","87","1495150.0","15875.0","8758.39","81.32","15","0.1724137931034483"
"E02000018","Barking and Dagenham 017","2019","53","53","929800.0","8500.0","9664.98","70.33","3","0.05660377358490566"
"E02000018","Barking and Dagenham 017","2023","54","54","897900.0","8500.0","9655.17","70.33","6","0.1111111111111111"
"E02000018","Barking and Dagenham 017","2024","46","46","970000.0","9200.0","8252.34","69.68","3","0.06521739130434782"
"E02000018","Barking and Dagenham 017","2025","45","45","969800.0","9300.0","8251.34","70.005","2","0.044444444444444446"
"E02000019","Barking and Dagenham 018","2019","28","28","4710510.0","77750.0","24867.97","312.77","4","0.14285714285714285"
"E02000019","Barking and Dagenham 018","2023","30","30","4406975.0","59500.0","25437.55","312.77","12","0.4"
"E02000019","Barking and Dagenham 018","2024","26","26","4204825.0","54750.0","24109.239999999998","242.675","9","0.34615384615384615"
"E02000019","Barking and Dagenham 018","2025","31","31","4259075.0","20500.0","25328.59","195.74","10","0.3225806451612903"
"E02000020","Barking and Dagenham 019","2019","82","82","934550.0","9250.0","8215.3","66.47","8","0.0975609756097561"
"E02000020","Barking and Dagenham 019","2023","90","90","883375.0","9400.0","9698.47","70.44","9","0.1"
"E02000020","Barking and Dagenham 019","2024","80","80","1069425.0","10750.0","7872.22","67.6","10","0.125"
"E02000020","Barking and Dagenham 019","2025","85","85","1051525.0","10375.0","8272.82","69.02","7","0.08235294117647059"
"E02000021","Barking and Dagenham 020","2019","68","68","760425.0","7700.0","6770.24","80.19","3","0.04411764705882353"
"E02000021","Barking and Dagenham 020","2023","70","70","746775.0","7650.0","7117.62","80.19","8","0.11428571428571428"
"E02000021","Barking and Dagenham 020","2024","66","66","968725.0","10125.0","6526.32","78.54","10","0.15151515151515152"
"E02000021","Barking and Dagenham 020","2025","66","66","968725.0","10125.0","6526.32","78.54","7","0.10606060606060606"
"E02000022","Barking and Dagenham 021","2019","24","24","1341725.0","11700.0","10749.82","102.35","4","0.16666666666666666"
"E02000022","Barking and Dagenham 021","2023","32","32","1393725.0","14250.0","15987.93","94.735","10","0.3125"
"E02000022","Barking and Dagenham 021","2024","13","13","1485075.0","16000.0","5979.33","87.67","6","0.46153846153846156"
"E02000022","Barking and Dagenham 021","2025","14","14","1532325.0","16250.0","6216.25","90.42","4","0.2857142857142857"
"E02000023","Barking and Dagenham 022","2019","34","34","234630.0","5600.0","2933.35","67.81","1","0.029411764705882353"
"E02000023","Barking and Dagenham 022","2023","38","38","245830.0","5600.0","3083.72","67.6","4","0.10526315789473684"
"E02000023","Barking and Dagenham 022","2024","36","36","285195.0","6300.0","2936.95","67.6","3","0.08333333333333333"
"E02000023","Barking and Dagenham 022","2025","37","37","297945.0","6300.0","3058.04","67.7","3","0.08108108108108109"
"E02000024","Barnet 001","2019","273","273","8166400.0","19500.0","41301.23","87.035","27","0.0989010989010989"
"E02000024","Barnet 001","2023","301","301","8340325.0","19375.0","46286.36","85.81","37","0.12292358803986711"
"E02000024","Barnet 001","2024","264","264","7861825.0","19500.0","41208.47","83.61","238","0.9015151515151515"
"E02000024","Barnet 001","2025","266","266","7855275.0","19375.0","41228.87","83.42","214","0.8045112781954887"
"E02000025","Barnet 002","2019","58","58","523800.0","6300.0","3958.79","52.13","4","0.06896551724137931"
"E02000025","Barnet 002","2023","59","59","473900.0","5900.0","4149.77","51.965","4","0.06779661016949153"
"E02000025","Barnet 002","2024","57","57","509150.0","7300.0","3258.85","51.39","55","0.9649122807017544"
"E02000025","Barnet 002","2025","58","58","510150.0","7400.0","3266.55","51.8","47","0.8103448275862069"
"E02000026","Barnet 003","2019","12","12","233850.0","7300.0","615.63","59.1","2","0.16666666666666666"
"E02000026","Barnet 003","2023","12","12","210250.0","6600.0","615.63","59.1","2","0.16666666666666666"
"E02000026","Barnet 003","2024","10","10","161700.0","7950.0","615.63","59.1","10","1.0"
"E02000026","Barnet 003","2025","10","10","161700.0","7950.0","615.63","59.1","10","1.0"
"E02000027","Barnet 004","2019","21","21","114700.0","6200.0","1389.0","65.31","4","0.19047619047619047"
"E02000027","Barnet 004","2023","22","22","115100.0","6200.0","1457.8","66.4","5","0.22727272727272727"
"E02000027","Barnet 004","2024","17","17","137450.0","7000.0","916.47","60.85","17","1.0"
"E02000027","Barnet 004","2025","17","17","128850.0","6950.0","916.47","60.85","16","0.9411764705882353"
"E02000028","Barnet 005","2019","50","50","742000.0","11625.0","4119.71","71.525","2","0.04"
"E02000028","Barnet 005","2023","52","52","770150.0","11750.0","4264.6","71.525","4","0.07692307692307693"
"E02000028","Barnet 005","2024","51","51","882650.0","14500.0","4192.01","71.46","44","0.8627450980392157"
"E02000028","Barnet 005","2025","52","52","882650.0","14500.0","4264.6","71.525","42","0.8076923076923077"
"E02000029","Barnet 006","2019","175","175","3582860.0","11250.0","21860.89","59.69","11","0.06285714285714286"
"E02000029","Barnet 006","2023","185","185","3737510.0","11250.0","33112.23","61.675","16","0.08648648648648649"
"E02000029","Barnet 006","2024","171","171","4224325.0","12000.0","20220.71","59.69","154","0.9005847953216374"
"E02000029","Barnet 006","2025","171","171","4221325.0","12000.0","20206.71","59.69","139","0.8128654970760234"
"E02000030","Barnet 007","2019","15","15","776150.0","18250.0","2751.1800000000003","98.0","0","0.0"
"E02000030","Barnet 007","2023","14","14","769150.0","18250.0","2645.52","86.97","3","0.21428571428571427"
"E02000030","Barnet 007","2024","14","14","625700.0","18750.0","2645.52","86.97","14","1.0"
"E02000030","Barnet 007","2025","14","14","625700.0","18750.0","2645.52","86.97","13","0.9285714285714286"
"E02000031","Barnet 008","2019","136","136","4964400.0","20750.0","20220.31","63.14","11","0.08088235294117647"
"E02000031","Barnet 008","2023","140","140","4769250.0","21125.0","20781.28","62.9","18","0.12857142857142856"
"E02000031","Barnet 008","2024","126","126","4711275.0","20500.0","18441.1","62.08","116","0.9206349206349206"
"E02000031","Barnet 008","2025","127","127","4785025.0","20750.0","19236.23","62.25","102","0.8031496062992126"
"E02000032","Barnet 009","2019","41","41","466900.0","9500.0","3195.93","61.510000000000005","1","0.024390243902439025"
"E02000032","Barnet 009","2023","42","42","488800.0","9650.0","3261.0499999999997","61.52","1","0.023809523809523808"
"E02000032","Barnet 009","2024","42","42","595150.0","12500.0","3261.0499999999997","61.52","36","0.8571428571428571"
"E02000032","Barnet 009","2025","42","42","595150.0","12500.0","3261.0499999999997","61.52","28","0.6666666666666666"
"E02000033","Barnet 010","2019","43","43","528550.0","9350.0","3850.26","62.885000000000005","3","0.06976744186046512"
"E02000033","Barnet 010","2023","47","47","593275.0","9350.0","4350.15","62.885000000000005","4","0.0851063829787234"
"E02000033","Barnet 010","2024","46","46","594750.0","9150.0","4283.19","61.95","44","0.9565217391304348"
"E02000033","Barnet 010","2025","46","46","592950.0","9200.0","4283.19","61.95","37","0.8043478260869565"
"E02000034","Barnet 011","2019","58","58","2111050.0","11500.0","10088.779999999999","72.14500000000001","1","0.017241379310344827"
"E02000034","Barnet 011","2023","58","58","2055950.0","11500.0","10007.56","73.81","2","0.034482758620689655"
"E02000034","Barnet 011","2024","60","60","2055000.0","11000.0","10186.62","72.58000000000001","50","0.8333333333333334"
"E02000034","Barnet 011","2025","63","63","2053250.0","11000.0","15367.04","71.43","45","0.7142857142857143"
"E02000035","Barnet 012","2019","70","70","2218700.0","27500.0","11024.2","99.27000000000001","7","0.1"
"E02000035","Barnet 012","2023","71","71","2193750.0","27875.0","11490.66","99.27000000000001","9","0.1267605633802817"
"E02000035","Barnet 012","2024","64","64","2052600.0","27500.0","10852.53","103.49","57","0.890625"
"E02000035","Barnet 012","2025","64","64","1927100.0","27000.0","10852.53","103.49","52","0.8125"
"E02000036","Barnet 013","2019","53","53","887950.0","11250.0","3754.55","61.28","0","0.0"
"E02000036","Barnet 013","2023","58","58","855050.0","11000.0","4157.95","59.83","2","0.034482758620689655"
"E02000036","Barnet 013","2024","55","55","921650.0","12750.0","3756.55","58.38","53","0.9636363636363636"
"E02000036","Barnet 013","2025","55","55","921650.0","12750.0","3756.55","58.38","53","0.9636363636363636"
"E02000037","Barnet 014","2019","35","35","567650.0","13000.0","4131.21","67.7","2","0.05714285714285714"
"E02000037","Barnet 014","2023","36","36","566650.0","13000.0","4265.28","68.14500000000001","3","0.08333333333333333"
"E02000037","Barnet 014","2024","32","32","643100.0","14375.0","3477.27","67.745","27","0.84375"
"E02000037","Barnet 014","2025","32","32","643100.0","14375.0","3477.27","67.745","27","0.84375"
"E02000038","Barnet 015","2019","123","123","5317775.0","12250.0","27482.96","69.655","6","0.04878048780487805"
"E02000038","Barnet 015","2023","129","129","5280825.0","12250.0","30096.18","69.655","11","0.08527131782945736"
"E02000038","Barnet 015","2024","119","119","5620950.0","12500.0","27131.38","69.75","106","0.8907563025210085"
"E02000038","Barnet 015","2025","119","119","5584450.0","12500.0","27131.38","69.75","96","0.8067226890756303"
"E02000039","Barnet 016","2019","157","157","4993450.0","19250.0","22698.31","72.1","15","0.09554140127388536"
"E02000039","Barnet 016","2023","167","167","5038650.0","19250.0","27237.15","72.24","11","0.0658682634730539"
"E02000039","Barnet 016","2024","159","159","5277000.0","20250.0","23140.59","71.85","144","0.9056603773584906"
"E02000039","Barnet 016","2025","155","155","5065500.0","20250.0","22232.36","71.85","137","0.8838709677419355"
"E02000040","Barnet 017","2019","23","23","1220200.0","10500.0","10498.53","58.76","2","0.08695652173913043"
"E02000040","Barnet 017","2023","25","25","1296950.0","10750.0","11512.69","59.4","3","0.12"
"E02000040","Barnet 017","2024","22","22","1314700.0","12000.0","10956.54","59.4","21","0.9545454545454546"
"E02000040","Barnet 017","2025","22","22","1314700.0","12000.0","10956.54","59.4","20","0.9090909090909091"
"E02000041","Barnet 018","2019","260","260","10281495.0","23250.0","46421.17","89.72999999999999","14","0.05384615384615385"
"E02000041","Barnet 018","2023","273","273","10267795.0","23250.0","48781.77","88.97","17","0.06227106227106227"
"E02000041","Barnet 018","2024","252","252","8988240.0","21750.0","44505.159999999996","86.33","224","0.8888888888888888"
"E02000041","Barnet 018","2025","252","252","8959890.0","21750.0","44570.91","86.41","197","0.7817460317460317"
"E02000042","Barnet 019","2019","240","240","7254750.0","21000.0","36817.34","81.88499999999999","16","0.06666666666666667"
"E02000042","Barnet 019","2023","256","256","7209400.0","20750.0","38860.97","82.92","18","0.0703125"
"E02000042","Barnet 019","2024","227","227","6819500.0","19500.0","32668.79","83.3","198","0.8722466960352423"
"E02000042","Barnet 019","2025","226","226","5991500.0","19500.0","32668.7","83.11","172","0.7610619469026548"
"E02000043","Barnet 020","2019","20","20","206500.0","9700.0","998.1899999999999","53.239999999999995","0","0.0"
"E02000043","Barnet 020","2023","21","21","206900.0","9700.0","1051.57","53.3","0","0.0"
"E02000043","Barnet 020","2024","20","20","237000.0","12000.0","1000.1899999999999","53.3","20","1.0"
"E02000043","Barnet 020","2025","20","20","237000.0","12000.0","1000.1899999999999","53.3","16","0.8"
"E02000044","Barnet 021","2019","42","42","611000.0","11125.0","3459.31","49.03","2","0.047619047619047616"
"E02000044","Barnet 021","2023","46","46","622650.0","11000.0","3871.67","48.46","2","0.043478260869565216"
"E02000044","Barnet 021","2024","42","42","664350.0","12000.0","3566.59","48.46","39","0.9285714285714286"
"E02000044","Barnet 021","2025","42","42","664350.0","12000.0","3566.59","48.46","35","0.8333333333333334"
"E02000045","Barnet 022","2019","37","37","3770800.0","14250.0","17469.56","58.775","6","0.16216216216216217"
"E02000045","Barnet 022","2023","42","42","3746550.0","13625.0","27058.46","57.9","4","0.09523809523809523"
"E02000045","Barnet 022","2024","43","43","3297800.0","12500.0","17578.89","55.15","30","0.6976744186046512"
"E02000045","Barnet 022","2025","44","44","3294800.0","12500.0","20377.510000000002","55.5","28","0.6363636363636364"
"E02000046","Barnet 023","2019","192","192","6552955.0","22000.0","28896.28","80.355","13","0.06770833333333333"
"E02000046","Barnet 023","2023","200","200","6359755.0","21250.0","29841.54","80.56","15","0.075"
"E02000046","Barnet 023","2024","180","180","6378125.0","21500.0","26632.66","79.285","157","0.8722222222222222"
"E02000046","Barnet 023","2025","180","180","6318375.0","21375.0","26626.760000000002","79.285","138","0.7666666666666667"
"E02000047","Barnet 024","2019","153","153","3138100.0","16750.0","18438.06","77.9","7","0.0457516339869281"
"E02000047","Barnet 024","2023","162","162","2593200.0","16250.0","19499.09","78.0","11","0.06790123456790123"
"E02000047","Barnet 024","2024","143","143","2592875.0","17500.0","14091.14","73.6","130","0.9090909090909091"
"E02000047","Barnet 024","2025","143","143","2592875.0","17500.0","14091.14","73.6","113","0.7902097902097902"
"E02000048","Barnet 025","2019","53","53","1180250.0","12750.0","6613.15","58.89","7","0.1320754716981132"
"E02000048","Barnet 025","2023","54","54","1154750.0","12875.0","6724.92","59.28","7","0.12962962962962962"
"E02000048","Barnet 025","2024","52","52","1275200.0","14375.0","6422.42","57.025","40","0.7692307692307693"
"E02000048","Barnet 025","2025","53","53","1272200.0","14250.0","6478.719999999999","58.05","38","0.7169811320754716"
"E02000049","Barnet 026","2019","25","25","361750.0","7850.0","4008.15","120.86500000000001","1","0.04"
"E02000049","Barnet 026","2023","26","26","361750.0","7850.0","4080.08","119.73","2","0.07692307692307693"
"E02000049","Barnet 026","2024","24","24","348750.0","6600.0","3587.2200000000003","119.73","20","0.8333333333333334"
"E02000049","Barnet 026","2025","24","24","348750.0","6600.0","3587.2200000000003","119.73","19","0.7916666666666666"
"E02000050","Barnet 027","2019","63","63","1544050.0","14125.0","7405.3","65.92","2","0.031746031746031744"
"E02000050","Barnet 027","2023","64","64","1671050.0","14000.0","8243.84","67.77000000000001","2","0.03125"
"E02000050","Barnet 027","2024","60","60","1828950.0","15000.0","6833.06","65.82","54","0.9"
"E02000050","Barnet 027","2025","59","59","1805450.0","15000.0","6685.56","65.72","49","0.8305084745762712"
"E02000051","Barnet 028","2019","126","126","2459050.0","16500.0","11419.87","68.86","10","0.07936507936507936"
"E02000051","Barnet 028","2023","134","134","2298050.0","16500.0","11372.54","65.58","12","0.08955223880597014"
"E02000051","Barnet 028","2024","112","112","2157875.0","15875.0","9410.75","64.565","100","0.8928571428571429"
"E02000051","Barnet 028","2025","114","114","2202625.0","16000.0","9726.75","64.565","95","0.8333333333333334"
"E02000052","Barnet 029","2019","134","134","3182525.0","18250.0","12902.3","75.8","6","0.04477611940298507"
"E02000052","Barnet 029","2023","141","141","3196775.0","18250.0","13866.68","76.9","7","0.04964539007092199"
"E02000052","Barnet 029","2024","131","131","3105425.0","20000.0","12701.12","74.745","123","0.9389312977099237"
"E02000052","Barnet 029","2025","131","131","3078675.0","19750.0","12698.97","74.745","113","0.8625954198473282"
"E02000054","Barnet 031","2019","24","24","354750.0","11750.0","2385.41","54.075","2","0.08333333333333333"
"E02000054","Barnet 031","2023","24","24","349550.0","11750.0","2390.51","54.075","4","0.16666666666666666"
"E02000054","Barnet 031","2024","20","20","385450.0","12875.0","2008.87","54.075","19","0.95"
"E02000054","Barnet 031","2025","20","20","385450.0","12875.0","2008.87","54.075","17","0.85"
"E02000055","Barnet 032","2019","322","322","4569050.0","13000.0","28496.66","63.32","26","0.08074534161490683"
"E02000055","Barnet 032","2023","340","340","4520950.0","13000.0","30380.27","63.97","32","0.09411764705882353"
"E02000055","Barnet 032","2024","309","309","5009975.0","14500.0","27020.2","63.480000000000004","288","0.9320388349514563"
"E02000055","Barnet 032","2025","311","311","5073725.0","14625.0","27440.05","63.64","266","0.8553054662379421"
"E02000056","Barnet 033","2019","91","91","1893850.0","15500.0","8178.75","63.150000000000006","4","0.04395604395604396"
"E02000056","Barnet 033","2023","96","96","1846950.0","15750.0","8553.65","63.64","5","0.052083333333333336"
"E02000056","Barnet 033","2024","94","94","2004400.0","17000.0","9588.2","63.64","84","0.8936170212765957"
"E02000056","Barnet 033","2025","94","94","2017400.0","17000.0","9588.2","63.64","79","0.8404255319148937"
"E02000057","Barnet 034","2019","76","76","1328550.0","11500.0","9006.6","90.46","3","0.039473684210526314"
"E02000057","Barnet 034","2023","77","77","1188150.0","11500.0","9611.47","92.33","3","0.03896103896103896"
"E02000057","Barnet 034","2024","69","69","1218500.0","12500.0","8024.62","88.64","67","0.9710144927536232"
"E02000057","Barnet 034","2025","69","69","1218500.0","12500.0","8024.62","88.64","65","0.9420289855072463"
"E02000058","Barnet 035","2019","175","175","5263775.0","20750.0","21417.56","72.355","11","0.06285714285714286"
"E02000058","Barnet 035","2023","180","180","5263675.0","20750.0","21733.24","73.0","18","0.1"
"E02000058","Barnet 035","2024","181","181","5356795.0","21125.0","21968.62","71.78","155","0.856353591160221"
"E02000058","Barnet 035","2025","181","181","5341995.0","21250.0","22124.72","72.42","142","0.7845303867403315"
"E02000059","Barnet 036","2019","119","119","5001000.0","12875.0","40800.21","68.4","25","0.21008403361344538"
"E02000059","Barnet 036","2023","139","139","5574150.0","13000.0","58124.27","68.81","25","0.17985611510791366"
"E02000059","Barnet 036","2024","105","105","5862800.0","15250.0","33394.52","66.2","94","0.8952380952380953"
"E02000059","Barnet 036","2025","107","107","5446300.0","15250.0","33560.2","66.33","83","0.7757009345794392"
"E02000060","Barnet 037","2019","65","65","1130400.0","17750.0","6916.66","69.74","7","0.1076923076923077"
"E02000060","Barnet 037","2023","68","68","1127350.0","17500.0","7236.1","65.70500000000001","7","0.10294117647058823"
"E02000060","Barnet 037","2024","56","56","1256700.0","19250.0","6012.62","66.46","55","0.9821428571428571"
"E02000060","Barnet 037","2025","57","57","1226100.0","19250.0","6139.74","69.74","50","0.8771929824561403"
"E02000061","Barnet 038","2019","196","196","6174160.0","27500.0","25227.89","99.34","12","0.061224489795918366"
"E02000061","Barnet 038","2023","205","205","6155760.0","28125.0","26452.68","99.69","18","0.08780487804878048"
"E02000061","Barnet 038","2024","190","190","6678925.0","30500.0","25564.02","102.675","161","0.8473684210526315"
"E02000061","Barnet 038","2025","192","192","6681675.0","30500.0","25894.67","102.675","150","0.78125"
"E02000062","Barnet 039","2019","230","230","51034750.0","112500.0","134261.14","133.37","25","0.10869565217391304"
"E02000062","Barnet 039","2023","252","252","48472400.0","115500.0","149783.51","143.93","31","0.12301587301587301"
"E02000062","Barnet 039","2024","228","228","34538150.0","74500.0","131839.27","131.005","194","0.8508771929824561"
"E02000062","Barnet 039","2025","231","231","33315300.0","72500.0","133331.46","130.1","175","0.7575757575757576"
"E02000063","Barnet 040","2019","20","20","150100.0","8450.0","4153.469999999999","54.735","2","0.1"
"E02000063","Barnet 040","2023","21","21","150600.0","8450.0","4222.469999999999","57.2","2","0.09523809523809523"
"E02000063","Barnet 040","2024","18","18","179000.0","10125.0","1045.12","52.225","16","0.8888888888888888"
"E02000063","Barnet 040","2025","18","18","179000.0","10125.0","1045.12","52.225","13","0.7222222222222222"
"E02000064","Barnet 041","2019","88","88","1246625.0","10875.0","7890.4","69.65","5","0.056818181818181816"
"E02000064","Barnet 041","2023","93","93","1366075.0","11000.0","8435.26","69.46000000000001","5","0.053763440860215055"
"E02000064","Barnet 041","2024","91","91","1440650.0","11500.0","8293.710000000001","68.375","85","0.9340659340659341"
"E02000064","Barnet 041","2025","91","91","1440650.0","11500.0","8293.710000000001","68.375","80","0.8791208791208791"
"E02000093","Brent 001","2019","82","82","1342000.0","12750.0","9293.8","81.95","7","0.08536585365853659"
"E02000093","Brent 001","2023","93","93","1467700.0","13250.0","10843.19","82.5","10","0.10752688172043011"
"E02000093","Brent 001","2024","81","81","1631725.0","15200.0","10209.19","82.55","7","0.08641975308641975"
"E02000093","Brent 001","2025","81","81","1627525.0","15225.0","10209.19","82.55","7","0.08641975308641975"
"E02000094","Brent 002","2019","128","128","8129250.0","14875.0","47828.91","55.0","3","0.0234375"
"E02000094","Brent 002","2023","146","146","8713625.0","14500.0","69547.44","55.0","5","0.03424657534246575"
"E02000094","Brent 002","2024","146","146","8834025.0","15500.0","79287.45","60.55","5","0.03424657534246575"
"E02000094","Brent 002","2025","151","151","9051875.0","15500.0","91952.98","62.0","5","0.033112582781456956"
"E02000095","Brent 003","2019","151","151","4209400.0","18875.0","20273.66","67.9","2","0.013245033112582781"
"E02000095","Brent 003","2023","167","167","4113455.0","18625.0","22052.57","67.5","8","0.04790419161676647"
"E02000095","Brent 003","2024","150","150","4570080.0","20500.0","21974.13","67.9","2","0.013333333333333334"
"E02000095","Brent 003","2025","152","152","4622680.0","20625.0","22635.21","68.2","2","0.013157894736842105"
"E02000096","Brent 004","2019","62","62","2386300.0","16250.0","11355.76","81.0","1","0.016129032258064516"
"E02000096","Brent 004","2023","73","73","2383500.0","16500.0","23627.109999999997","85.02","5","0.0684931506849315"
"E02000096","Brent 004","2024","59","59","2589700.0","18500.0","10968.789999999999","85.02","4","0.06779661016949153"
"E02000096","Brent 004","2025","59","59","2589700.0","18500.0","10968.789999999999","85.02","4","0.06779661016949153"
"E02000097","Brent 005","2019","64","64","937310.0","11750.0","6657.07","60.1","2","0.03125"
"E02000097","Brent 005","2023","65","65","958750.0","11750.0","6853.5","60.25","2","0.03076923076923077"
"E02000097","Brent 005","2024","64","64","1093960.0","14250.0","6251.02","60.1","2","0.03125"
"E02000097","Brent 005","2025","66","66","1253960.0","14250.0","8725.07","60.1","3","0.045454545454545456"
"E02000098","Brent 006","2019","46","46","585900.0","14125.0","3481.18","66.1","0","0.0"
"E02000098","Brent 006","2023","51","51","607600.0","14000.0","3868.94","68.05","0","0.0"
"E02000098","Brent 006","2024","47","47","804850.0","17250.0","3553.29","68.05","0","0.0"
"E02000098","Brent 006","2025","49","49","827000.0","17500.0","3827.35","73.61500000000001","0","0.0"
"E02000099","Brent 007","2019","105","105","1612865.0","11625.0","12793.0","93.89","3","0.02857142857142857"
"E02000099","Brent 007","2023","114","114","1601765.0","11250.0","13746.81","96.91","6","0.05263157894736842"
"E02000099","Brent 007","2024","107","107","1875035.0","16250.0","13449.31","93.89","4","0.037383177570093455"
"E02000099","Brent 007","2025","108","108","1884485.0","16250.0","13725.03","95.38","4","0.037037037037037035"
"E02000100","Brent 008","2019","36","36","713600.0","10000.0","3497.29","64.0","2","0.05555555555555555"
"E02000100","Brent 008","2023","41","41","720700.0","10000.0","3958.7799999999997","65.5","3","0.07317073170731707"
"E02000100","Brent 008","2024","37","37","866700.0","13000.0","3781.09","68.8","0","0.0"
"E02000100","Brent 008","2025","37","37","866700.0","13000.0","3781.09","68.8","0","0.0"
"E02000101","Brent 009","2019","76","76","3815095.0","17875.0","27475.18","77.3","3","0.039473684210526314"
"E02000101","Brent 009","2023","78","78","3799450.0","19000.0","27813.85","86.8","12","0.15384615384615385"
"E02000101","Brent 009","2024","62","62","3403550.0","21750.0","27780.59","90.3","4","0.06451612903225806"
"E02000101","Brent 009","2025","65","65","3450550.0","21875.0","38766.84","91.995","4","0.06153846153846154"
"E02000102","Brent 010","2019","13","13","182355.0","5250.0","8891.74","48.0","0","0.0"
"E02000102","Brent 010","2023","15","15","182105.0","4300.0","8853.66","46.36","1","0.06666666666666667"
"E02000102","Brent 010","2024","14","14","225075.0","5050.0","8801.31","43.28","1","0.07142857142857142"
"E02000102","Brent 010","2025","14","14","225075.0","5050.0","8801.31","43.28","1","0.07142857142857142"
"E02000103","Brent 011","2019","91","91","2668810.0","10000.0","20374.51","74.25","12","0.13186813186813187"
"E02000103","Brent 011","2023","189","189","5315725.0","9000.0","42448.18","73.5","25","0.13227513227513227"
"E02000103","Brent 011","2024","172","172","6204200.0","11250.0","39050.72","73.51","20","0.11627906976744186"
"E02000103","Brent 011","2025","181","181","6232750.0","11375.0","45262.590000000004","76.345","19","0.10497237569060773"
"E02000104","Brent 012","2019","178","178","827097.0","960.0","5883.58","19.5","9","0.05056179775280899"
"E02000104","Brent 012","2023","179","179","741227.0","997.5","6044.43","19.525","10","0.055865921787709494"
"E02000104","Brent 012","2024","169","169","923974.0","1425.0","5850.13","21.54","7","0.04142011834319527"
"E02000104","Brent 012","2025","168","168","903974.0","1387.5","5777.33","21.475","7","0.041666666666666664"
"E02000105","Brent 013","2019","104","104","1593425.0","12500.0","8375.4","60.255","5","0.04807692307692308"
"E02000105","Brent 013","2023","111","111","1700925.0","12500.0","9454.72","60.255","8","0.07207207207207207"
"E02000105","Brent 013","2024","107","107","1883400.0","14500.0","9463.88","60.63","6","0.056074766355140186"
"E02000105","Brent 013","2025","110","110","1914650.0","14500.0","9664.92","60.255","6","0.05454545454545454"
"E02000106","Brent 014","2019","175","175","7930550.0","13750.0","49125.46000000001","58.4","9","0.05142857142857143"
"E02000106","Brent 014","2023","185","185","7908150.0","13750.0","50602.8","59.4","18","0.0972972972972973"
"E02000106","Brent 014","2024","166","166","3212275.0","16125.0","49287.700000000004","60.5","9","0.05421686746987952"
"E02000106","Brent 014","2025","168","168","3223525.0","16000.0","49480.3","61.13","9","0.05357142857142857"
"E02000107","Brent 015","2019","125","125","3442750.0","16500.0","21335.78","72.1","10","0.08"
"E02000107","Brent 015","2023","139","139","3430750.0","16000.0","24015.96","76.0","12","0.08633093525179857"
"E02000107","Brent 015","2024","126","126","3343000.0","14250.0","21382.75","72.1","9","0.07142857142857142"
"E02000107","Brent 015","2025","128","128","3365000.0","14250.0","22102.22","72.4","9","0.0703125"
"E02000108","Brent 016","2019","11","11","208375.0","12500.0","846.1800000000001","67.7","1","0.09090909090909091"
"E02000108","Brent 016","2023","11","11","205050.0","13500.0","846.1800000000001","67.7","0","0.0"
"E02000108","Brent 016","2024","9","9","206200.0","15750.0","806.05","75.25","0","0.0"
"E02000108","Brent 016","2025","9","9","206200.0","15750.0","806.05","75.25","0","0.0"
"E02000110","Brent 018","2019","38","38","483900.0","10250.0","3230.1","55.2","2","0.05263157894736842"
"E02000110","Brent 018","2023","38","38","483900.0","10250.0","3230.1","55.2","3","0.07894736842105263"
"E02000110","Brent 018","2024","36","36","542100.0","12250.0","2936.25","55.2","3","0.08333333333333333"
"E02000110","Brent 018","2025","37","37","542600.0","12250.0","3204.1","56.1","3","0.08108108108108109"
"E02000111","Brent 019","2019","142","142","3608155.0","19750.0","23387.04","78.77","7","0.04929577464788732"
"E02000111","Brent 019","2023","200","200","3823430.0","13625.0","25380.14","55.0","20","0.1"
"E02000111","Brent 019","2024","175","175","4212815.0","15750.0","21258.84","63.35","10","0.05714285714285714"
"E02000111","Brent 019","2025","186","186","4281765.0","15500.0","22625.62","63.34","10","0.053763440860215055"
"E02000112","Brent 020","2019","280","280","6290225.0","14000.0","40150.67","72.55000000000001","26","0.09285714285714286"
"E02000112","Brent 020","2023","322","322","5809375.0","13875.0","45484.52","72.7","31","0.09627329192546584"
"E02000112","Brent 020","2024","261","261","6550375.0","16000.0","33567.35","71.55","18","0.06896551724137931"
"E02000112","Brent 020","2025","274","274","6413325.0","15750.0","34551.59","70.8","17","0.06204379562043796"
"E02000113","Brent 021","2019","30","30","3561300.0","8650.0","49696.69","63.650000000000006","2","0.06666666666666667"
"E02000113","Brent 021","2023","30","30","3436300.0","8650.0","49696.69","63.650000000000006","4","0.13333333333333333"
"E02000113","Brent 021","2024","24","24","6086250.0","9475.0","48181.14","63.650000000000006","1","0.041666666666666664"
"E02000113","Brent 021","2025","25","25","6101500.0","11250.0","48182.14","62.1","2","0.08"
"E02000114","Brent 022","2019","188","188","3809325.0","15500.0","18247.48","64.15","10","0.05319148936170213"
"E02000114","Brent 022","2023","200","200","3754725.0","15500.0","19404.61","64.695","15","0.075"
"E02000114","Brent 022","2024","187","187","3959150.0","16250.0","18076.26","64.59","11","0.058823529411764705"
"E02000114","Brent 022","2025","187","187","3967400.0","16250.0","18219.84","66.0","11","0.058823529411764705"
"E02000115","Brent 023","2019","15","15","356750.0","16250.0","1510.19","67.15","2","0.13333333333333333"
"E02000115","Brent 023","2023","16","16","345700.0","13750.0","1538.28","62.075","2","0.125"
"E02000115","Brent 023","2024","15","15","427950.0","18000.0","1406.0","57.0","0","0.0"
"E02000115","Brent 023","2025","15","15","427950.0","18000.0","1406.0","57.0","0","0.0"
"E02000116","Brent 024","2019","176","176","2611625.0","12750.0","12816.91","54.25","14","0.07954545454545454"
"E02000116","Brent 024","2023","186","186","2605950.0","12875.0","13305.87","54.9","14","0.07526881720430108"
"E02000116","Brent 024","2024","167","167","2779175.0","13500.0","11513.63","53.9","7","0.041916167664670656"
"E02000116","Brent 024","2025","167","167","2776575.0","13500.0","11511.09","53.9","7","0.041916167664670656"
"E02000117","Brent 025","2019","115","115","1868450.0","10750.0","13245.77","62.3","8","0.06956521739130435"
"E02000117","Brent 025","2023","122","122","1911800.0","10625.0","14001.53","63.11","14","0.11475409836065574"
"E02000117","Brent 025","2024","119","119","2213150.0","12500.0","13568.970000000001","62.3","13","0.1092436974789916"
"E02000117","Brent 025","2025","119","119","2228650.0","12500.0","13568.970000000001","62.3","13","0.1092436974789916"
"E02000118","Brent 026","2019","57","57","1846500.0","26750.0","12227.95","105.08000000000001","2","0.03508771929824561"
"E02000118","Brent 026","2023","100","100","2021007.0","10750.0","12862.06","46.66","5","0.05"
"E02000118","Brent 026","2024","111","111","2391925.0","11625.0","12353.01","30.525","4","0.036036036036036036"
"E02000118","Brent 026","2025","109","109","2380225.0","12000.0","12352.01","30.71","4","0.03669724770642202"
"E02000119","Brent 027","2019","44","44","1058700.0","13000.0","7000.65","88.63499999999999","0","0.0"
"E02000119","Brent 027","2023","52","52","1162850.0","13875.0","9454.26","119.2","0","0.0"
"E02000119","Brent 027","2024","45","45","1321700.0","16250.0","7961.72","87.2","1","0.022222222222222223"
"E02000119","Brent 027","2025","53","53","1644675.0","15875.0","9477.880000000001","87.2","1","0.018867924528301886"
"E02000120","Brent 028","2019","226","226","5924225.0","18125.0","21163.72","68.95","13","0.05752212389380531"
"E02000120","Brent 028","2023","247","247","5950000.0","17125.0","23078.55","69.0","24","0.09716599190283401"
"E02000120","Brent 028","2024","221","221","5927350.0","20250.0","19885.84","65.0","18","0.08144796380090498"
"E02000120","Brent 028","2025","232","232","5965450.0","20250.0","21838.72","68.21000000000001","18","0.07758620689655173"
"E02000121","Brent 029","2019","229","229","7971100.0","16000.0","47513.78","60.0","14","0.0611353711790393"
"E02000121","Brent 029","2023","276","276","7666500.0","14500.0","66804.95","56.285","27","0.09782608695652174"
"E02000121","Brent 029","2024","226","226","8406950.0","17375.0","33016.0","55.765","10","0.04424778761061947"
"E02000121","Brent 029","2025","244","244","8499450.0","15125.0","33163.479999999996","49.075","10","0.040983606557377046"
"E02000122","Brent 030","2019","40","40","391250.0","9950.0","2290.2","54.925","2","0.05"
"E02000122","Brent 030","2023","40","40","376850.0","10000.0","2290.2","54.925","3","0.075"
"E02000122","Brent 030","2024","38","38","449000.0","11375.0","2187.44","54.925","3","0.07894736842105263"
"E02000122","Brent 030","2025","38","38","450750.0","11375.0","2216.6","54.925","3","0.07894736842105263"
"E02000123","Brent 031","2019","414","414","6604975.0","13250.0","39712.01","64.56","26","0.06280193236714976"
"E02000123","Brent 031","2023","458","458","6625350.0","12250.0","42366.04","62.0","39","0.0851528384279476"
"E02000123","Brent 031","2024","410","410","7011125.0","13000.0","38239.82","63.6","27","0.06585365853658537"
"E02000123","Brent 031","2025","428","428","7016950.0","12500.0","38758.27","60.9","27","0.0630841121495327"
"E02000124","Brent 032","2019","217","217","4790820.0","16500.0","16776.83","57.9","9","0.041474654377880185"
"E02000124","Brent 032","2023","233","233","5022170.0","16625.0","18261.91","58.67","14","0.060085836909871244"
"E02000124","Brent 032","2024","220","220","5585610.0","20000.0","18135.12","60.7","14","0.06363636363636363"
"E02000124","Brent 032","2025","221","221","5586110.0","20000.0","18443.24","61.19","14","0.06334841628959276"
"E02000125","Brent 033","2019","84","84","1150825.0","11500.0","5088.28","47.0","6","0.07142857142857142"
"E02000125","Brent 033","2023","92","92","1141825.0","11500.0","5595.53","47.4","9","0.09782608695652174"
"E02000125","Brent 033","2024","83","83","1160275.0","12500.0","5082.01","46.55","5","0.060240963855421686"
"E02000125","Brent 033","2025","83","83","1156025.0","12500.0","5078.89","45.650000000000006","5","0.060240963855421686"
"E02000126","Brent 034","2019","65","65","1240500.0","14500.0","8873.74","73.17500000000001","22","0.3384615384615385"
"E02000126","Brent 034","2023","69","69","1031975.0","14625.0","11193.220000000001","63.650000000000006","18","0.2608695652173913"
"E02000126","Brent 034","2024","44","44","979050.0","17250.0","3931.52","85.2","5","0.11363636363636363"
"E02000126","Brent 034","2025","46","46","1045800.0","17500.0","4220.6","87.1","5","0.10869565217391304"
"E02000166","Camden 001","2019","76","76","1930240.0","21375.0","5865.04","64.8","17","0.2236842105263158"
"E02000166","Camden 001","2023","93","93","2043640.0","21500.0","7066.18","63.82","17","0.1827956989247312"
"E02000166","Camden 001","2024","79","79","1930420.0","22875.0","6148.59","67.9","6","0.0759493670886076"
"E02000166","Camden 001","2025","80","80","1916920.0","23000.0","6364.49","68.75","5","0.0625"
"E02000167","Camden 002","2019","229","229","15807250.0","47125.0","22427.27","81.2","19","0.08296943231441048"
"E02000167","Camden 002","2023","238","238","14357150.0","45375.0","23387.65","81.55000000000001","28","0.11764705882352941"
"E02000167","Camden 002","2024","224","224","12288850.0","43125.0","21113.15","79.155","27","0.12053571428571429"
"E02000167","Camden 002","2025","230","230","12586350.0","42500.0","21573.06","77.74","20","0.08695652173913043"
"E02000168","Camden 003","2019","169","169","4568875.0","19000.0","15118.09","62.535","30","0.17751479289940827"
"E02000168","Camden 003","2023","177","177","4715075.0","19250.0","16137.6","62.535","33","0.1864406779661017"
"E02000168","Camden 003","2024","165","165","4471850.0","20000.0","14923.56","63.685","20","0.12121212121212122"
"E02000168","Camden 003","2025","165","165","4471850.0","20000.0","14923.56","63.685","23","0.1393939393939394"
"E02000169","Camden 004","2019","21","21","1077050.0","43000.0","2186.68","79.8","1","0.047619047619047616"
"E02000169","Camden 004","2023","23","23","1019050.0","38500.0","2275.31","78.35","1","0.043478260869565216"
"E02000169","Camden 004","2024","23","23","1045000.0","38125.0","2275.31","78.35","2","0.08695652173913043"
"E02000169","Camden 004","2025","24","24","1087000.0","39250.0","2347.67","77.6","3","0.125"
"E02000170","Camden 005","2019","156","156","3169500.0","16500.0","12513.52","63.2","14","0.08974358974358974"
"E02000170","Camden 005","2023","170","170","3004050.0","16250.0","13361.09","56.885","23","0.13529411764705881"
"E02000170","Camden 005","2024","161","161","3081950.0","16500.0","11837.01","57.4","27","0.16770186335403728"
"E02000170","Camden 005","2025","164","164","3107950.0","16625.0","12115.41","57.629999999999995","25","0.1524390243902439"
"E02000171","Camden 006","2019","69","69","1347750.0","11500.0","11526.58","51.0","12","0.17391304347826086"
"E02000171","Camden 006","2023","70","70","1327750.0","11500.0","11602.56","50.7","17","0.24285714285714285"
"E02000171","Camden 006","2024","67","67","1416050.0","11750.0","11435.49","50.7","16","0.23880597014925373"
"E02000171","Camden 006","2025","67","67","1354050.0","11750.0","11435.49","50.7","14","0.208955223880597"
"E02000172","Camden 007","2019","170","170","3736875.0","13875.0","19842.29","67.3","32","0.18823529411764706"
"E02000172","Camden 007","2023","183","183","3663825.0","14000.0","21328.31","69.03","41","0.22404371584699453"
"E02000172","Camden 007","2024","168","168","3570550.0","13375.0","20041.68","70.11","29","0.17261904761904762"
"E02000172","Camden 007","2025","168","168","3570550.0","13500.0","20041.68","70.11","30","0.17857142857142858"
"E02000173","Camden 008","2019","151","151","7914065.0","25500.0","23105.97","81.5","21","0.1390728476821192"
"E02000173","Camden 008","2023","163","163","7881565.0","25500.0","31778.77","80.7","23","0.1411042944785276"
"E02000173","Camden 008","2024","155","155","7955750.0","25500.0","23857.670000000002","80.7","25","0.16129032258064516"
"E02000173","Camden 008","2025","156","156","7824500.0","25500.0","23631.81","80.34","33","0.21153846153846154"
"E02000174","Camden 009","2019","85","85","2416100.0","19750.0","9762.06","80.4","9","0.10588235294117647"
"E02000174","Camden 009","2023","89","89","2152100.0","19250.0","9802.34","80.4","14","0.15730337078651685"
"E02000174","Camden 009","2024","83","83","2099500.0","17500.0","9263.14","74.9","9","0.10843373493975904"
"E02000174","Camden 009","2025","82","82","2088250.0","17875.0","9213.54","75.355","8","0.0975609756097561"
"E02000175","Camden 010","2019","244","244","11658250.0","30750.0","37271.409999999996","85.31","36","0.14754098360655737"
"E02000175","Camden 010","2023","262","262","10646100.0","29750.0","39097.49","83.8","52","0.1984732824427481"
"E02000175","Camden 010","2024","237","237","11374250.0","33250.0","36780.2","82.8","42","0.17721518987341772"
"E02000175","Camden 010","2025","239","239","10606250.0","33250.0","36968.11","83.4","39","0.16317991631799164"
"E02000176","Camden 011","2019","43","43","1800900.0","44750.0","4613.34","94.13","5","0.11627906976744186"
"E02000176","Camden 011","2023","43","43","1682900.0","44000.0","4613.53","94.13","6","0.13953488372093023"
"E02000176","Camden 011","2024","42","42","1997800.0","49750.0","4523.56","95.465","1","0.023809523809523808"
"E02000176","Camden 011","2025","42","42","1997800.0","49750.0","4523.56","95.465","2","0.047619047619047616"
"E02000178","Camden 013","2019","138","138","3905325.0","21875.0","17182.52","82.515","19","0.13768115942028986"
"E02000178","Camden 013","2023","154","154","3903425.0","21750.0","18932.5","81.685","24","0.15584415584415584"
"E02000178","Camden 013","2024","134","134","4105425.0","24000.0","16267.960000000001","80.965","25","0.1865671641791045"
"E02000178","Camden 013","2025","132","132","4030325.0","24000.0","16070.86","80.965","26","0.19696969696969696"
"E02000179","Camden 014","2019","48","48","1848000.0","35500.0","5307.54","96.805","3","0.0625"
"E02000179","Camden 014","2023","50","50","1904250.0","35625.0","5719.66","97.86","7","0.14"
"E02000179","Camden 014","2024","48","48","1661250.0","30500.0","5289.75","96.805","3","0.0625"
"E02000179","Camden 014","2025","49","49","1661750.0","30500.0","5382.78","96.51","4","0.08163265306122448"
"E02000180","Camden 015","2019","74","74","1509450.0","14625.0","6213.2699999999995","74.8","9","0.12162162162162163"
"E02000180","Camden 015","2023","79","79","1594725.0","17000.0","7107.64","74.8","6","0.0759493670886076"
"E02000180","Camden 015","2024","73","73","1652150.0","15500.0","6688.9400000000005","74.05","6","0.0821917808219178"
"E02000180","Camden 015","2025","74","74","1648400.0","15750.0","6747.63","73.3","5","0.06756756756756757"
"E02000181","Camden 016","2019","18","18","218750.0","9825.0","954.69","32.89","2","0.1111111111111111"
"E02000181","Camden 016","2023","18","18","218750.0","9825.0","954.69","32.89","2","0.1111111111111111"
"E02000181","Camden 016","2024","18","18","231400.0","10400.0","954.69","32.89","2","0.1111111111111111"
"E02000181","Camden 016","2025","18","18","231400.0","10400.0","954.69","32.89","3","0.16666666666666666"
"E02000182","Camden 017","2019","106","106","5659090.0","30625.0","25374.510000000002","115.2","7","0.0660377358490566"
"E02000182","Camden 017","2023","110","110","5463040.0","30500.0","25916.01","115.2","10","0.09090909090909091"
"E02000182","Camden 017","2024","99","99","5266570.0","29500.0","23977.75","116.66","11","0.1111111111111111"
"E02000182","Camden 017","2025","98","98","4913570.0","29500.0","21435.55","115.93","12","0.12244897959183673"
"E02000183","Camden 018","2019","164","164","12426400.0","39250.0","21323.98","64.83","22","0.13414634146341464"
"E02000183","Camden 018","2023","173","173","10157750.0","38750.0","24399.97","64.95","22","0.12716763005780346"
"E02000183","Camden 018","2024","160","160","10084325.0","37375.0","15872.37","64.71","14","0.0875"
"E02000183","Camden 018","2025","160","160","9986825.0","37000.0","15869.55","64.71","20","0.125"
"E02000184","Camden 019","2019","138","138","7357285.0","17250.0","30249.21","66.4","17","0.12318840579710146"
"E02000184","Camden 019","2023","195","195","7989945.0","19750.0","31003.65","54.27","38","0.19487179487179487"
"E02000184","Camden 019","2024","210","210","9043240.0","19250.0","28408.45","48.7","38","0.18095238095238095"
"E02000184","Camden 019","2025","218","218","9152240.0","18875.0","28925.61","47.44","43","0.19724770642201836"
"E02000185","Camden 020","2019","122","122","5165960.0","18000.0","28147.12","77.7","18","0.14754098360655737"
"E02000185","Camden 020","2023","129","129","5266260.0","18000.0","28843.29","76.55","29","0.2248062015503876"
"E02000185","Camden 020","2024","115","115","5300235.0","22750.0","28501.15","84.89","22","0.19130434782608696"
"E02000185","Camden 020","2025","115","115","5239735.0","22500.0","28445.329999999998","84.89","20","0.17391304347826086"
"E02000192","Camden 027","2019","463","463","15738600.0","27000.0","48096.67","78.14","72","0.15550755939524838"
"E02000192","Camden 027","2023","488","488","15282375.0","27750.0","51851.96","79.785","104","0.21311475409836064"
"E02000192","Camden 027","2024","436","436","16391075.0","29000.0","46329.87","80.66499999999999","64","0.14678899082568808"
"E02000192","Camden 027","2025","443","443","16496325.0","29000.0","46963.38","80.7","60","0.13544018058690746"
"E02000194","Croydon 001","2019","163","163","3824900.0","14500.0","20400.190000000002","80.555","11","0.06748466257668712"
"E02000194","Croydon 001","2023","174","174","3802100.0","14000.0","24571.170000000002","79.78","8","0.04597701149425287"
"E02000194","Croydon 001","2024","165","165","3894675.0","14500.0","20236.19","79.6","3","0.01818181818181818"
"E02000194","Croydon 001","2025","166","166","3812925.0","14500.0","19890.4","78.41499999999999","3","0.018072289156626505"
"E02000195","Croydon 002","2019","53","53","653700.0","9000.0","3731.6","60.54","1","0.018867924528301886"
"E02000195","Croydon 002","2023","55","55","934200.0","9000.0","5497.53","60.54","0","0.0"
"E02000195","Croydon 002","2024","53","53","880450.0","8950.0","5431.87","61.3","0","0.0"
"E02000195","Croydon 002","2025","53","53","873850.0","9000.0","5431.87","61.3","0","0.0"
"E02000196","Croydon 003","2019","74","74","1421150.0","15750.0","7416.28","79.55","5","0.06756756756756757"
"E02000196","Croydon 003","2023","83","83","1380400.0","15375.0","7893.01","75.31","6","0.07228915662650602"
"E02000196","Croydon 003","2024","78","78","1293585.0","14500.0","7321.31","71.375","3","0.038461538461538464"
"E02000196","Croydon 003","2025","78","78","1309635.0","14625.0","7335.75","71.375","2","0.02564102564102564"
"E02000197","Croydon 004","2019","156","156","2564600.0","12875.0","15415.51","64.465","12","0.07692307692307693"
"E02000197","Croydon 004","2023","160","160","2324100.0","12750.0","16023.789999999999","65.58","10","0.0625"
"E02000197","Croydon 004","2024","148","148","2345750.0","12500.0","13691.57","65.345","4","0.02702702702702703"
"E02000197","Croydon 004","2025","150","150","2351400.0","12250.0","13845.43","65.015","3","0.02"
"E02000198","Croydon 005","2019","89","89","694275.0","6800.0","6150.57","50.7","3","0.033707865168539325"
"E02000198","Croydon 005","2023","92","92","613525.0","6800.0","5822.79","49.9","5","0.05434782608695652"
"E02000198","Croydon 005","2024","79","79","593925.0","6600.0","5173.78","49.9","0","0.0"
"E02000198","Croydon 005","2025","79","79","593925.0","6600.0","5173.78","49.9","0","0.0"
"E02000199","Croydon 006","2019","81","81","872875.0","10750.0","6719.91","63.349999999999994","2","0.024691358024691357"
"E02000199","Croydon 006","2023","85","85","914125.0","10750.0","6983.33","62.15","4","0.047058823529411764"
"E02000199","Croydon 006","2024","77","77","951700.0","11375.0","6552.97","64.0","3","0.03896103896103896"
"E02000199","Croydon 006","2025","77","77","950200.0","11250.0","6450.07","64.0","3","0.03896103896103896"
"E02000200","Croydon 007","2019","60","60","1130800.0","10000.0","8529.24","78.975","3","0.05"
"E02000200","Croydon 007","2023","65","65","1137825.0","10375.0","9155.4","88.305","6","0.09230769230769231"
"E02000200","Croydon 007","2024","61","61","1156475.0","11250.0","8319.72","82.92","0","0.0"
"E02000200","Croydon 007","2025","61","61","1155725.0","11250.0","8303.17","82.92","0","0.0"
"E02000201","Croydon 008","2019","173","173","1451400.0","6800.0","13076.61","53.25","10","0.057803468208092484"
"E02000201","Croydon 008","2023","184","184","1492500.0","6900.0","13790.63","53.29","9","0.04891304347826087"
"E02000201","Croydon 008","2024","163","163","1582100.0","7700.0","12370.97","53.33","5","0.03067484662576687"
"E02000201","Croydon 008","2025","165","165","1584050.0","7750.0","12460.12","53.25","5","0.030303030303030304"
"E02000202","Croydon 009","2019","53","53","530875.0","8800.0","3801.84","62.36","0","0.0"
"E02000202","Croydon 009","2023","56","56","498125.0","8750.0","3993.55","61.765","0","0.0"
"E02000202","Croydon 009","2024","52","52","461825.0","8000.0","3341.0099999999998","61.765","0","0.0"
"E02000202","Croydon 009","2025","52","52","461825.0","8000.0","3341.0099999999998","61.765","0","0.0"
"E02000203","Croydon 010","2019","150","150","4405375.0","12000.0","27978.46","61.97","14","0.09333333333333334"
"E02000203","Croydon 010","2023","164","164","4302525.0","12250.0","47919.13","63.0","10","0.06097560975609756"
"E02000203","Croydon 010","2024","143","143","4002375.0","11125.0","27895.489999999998","62.0","6","0.04195804195804196"
"E02000203","Croydon 010","2025","142","142","3992875.0","11250.0","27895.489999999998","62.5","5","0.035211267605633804"
"E02000204","Croydon 011","2019","138","138","1988445.0","9300.0","12775.19","60.575","12","0.08695652173913043"
"E02000204","Croydon 011","2023","148","148","1940245.0","9350.0","14625.18","61.695","7","0.0472972972972973"
"E02000204","Croydon 011","2024","137","137","1762225.0","8200.0","12392.79","61.79","5","0.0364963503649635"
"E02000204","Croydon 011","2025","135","135","1803825.0","8200.0","12701.49","62.095","4","0.02962962962962963"
"E02000206","Croydon 013","2019","86","86","1154175.0","7350.0","8669.75","62.25","2","0.023255813953488372"
"E02000206","Croydon 013","2023","86","86","1103225.0","7450.0","8599.48","58.59","4","0.046511627906976744"
"E02000206","Croydon 013","2024","78","78","1138350.0","8300.0","8114.18","62.45","1","0.01282051282051282"
"E02000206","Croydon 013","2025","78","78","1138350.0","8300.0","8114.18","62.45","1","0.01282051282051282"
"E02000207","Croydon 014","2019","78","78","690600.0","7000.0","4732.31","45.989999999999995","6","0.07692307692307693"
"E02000207","Croydon 014","2023","82","82","655125.0","7100.0","4917.64","46.025","7","0.08536585365853659"
"E02000207","Croydon 014","2024","71","71","626900.0","8100.0","4160.63","47.77","1","0.014084507042253521"
"E02000207","Croydon 014","2025","72","72","650400.0","8100.0","4342.03","47.95","1","0.013888888888888888"
"E02000208","Croydon 015","2019","90","90","1210500.0","8700.0","7430.35","50.295","5","0.05555555555555555"
"E02000208","Croydon 015","2023","96","96","1266200.0","9250.0","9194.34","54.7","6","0.0625"
"E02000208","Croydon 015","2024","88","88","1240425.0","9500.0","8293.53","57.92","2","0.022727272727272728"
"E02000208","Croydon 015","2025","88","88","1234525.0","9500.0","8293.53","57.92","2","0.022727272727272728"
"E02000209","Croydon 016","2019","64","64","2789025.0","8200.0","18458.87","45.33","6","0.09375"
"E02000209","Croydon 016","2023","72","72","2645000.0","8600.0","19127.22","43.56999999999999","5","0.06944444444444445"
"E02000209","Croydon 016","2024","56","56","2555700.0","9300.0","16867.36","43.56999999999999","1","0.017857142857142856"
"E02000209","Croydon 016","2025","55","55","2360700.0","9100.0","16309.83","41.98","1","0.01818181818181818"
"E02000210","Croydon 017","2019","44","44","468000.0","9800.0","3664.11","52.72","4","0.09090909090909091"
"E02000210","Croydon 017","2023","51","51","448450.0","9950.0","4224.62","53.6","4","0.0784313725490196"
"E02000210","Croydon 017","2024","40","40","466575.0","10250.0","3123.21","53.225","0","0.0"
"E02000210","Croydon 017","2025","40","40","461875.0","10375.0","3123.21","53.225","0","0.0"
"E02000211","Croydon 018","2019","27","27","324390.0","10000.0","1972.96","51.455","1","0.037037037037037035"
"E02000211","Croydon 018","2023","27","27","324690.0","10000.0","1972.96","51.455","2","0.07407407407407407"
"E02000211","Croydon 018","2024","28","28","384750.0","12000.0","2145.97","52.11","2","0.07142857142857142"
"E02000211","Croydon 018","2025","27","27","384550.0","12500.0","2144.97","61.28","1","0.037037037037037035"
"E02000212","Croydon 019","2019","147","147","16847000.0","12500.0","88952.68","75.99","6","0.04081632653061224"
"E02000212","Croydon 019","2023","162","162","17012100.0","13250.0","92828.11","76.78999999999999","11","0.06790123456790123"
"E02000212","Croydon 019","2024","149","149","14873425.0","13500.0","87622.26","75.855","6","0.040268456375838924"
"E02000212","Croydon 019","2025","149","149","14700275.0","13500.0","87423.94","74.31","6","0.040268456375838924"
"E02000213","Croydon 020","2019","380","380","17966420.0","19750.0","108867.56","98.05000000000001","46","0.12105263157894737"
"E02000213","Croydon 020","2023","397","397","17624535.0","21000.0","113235.07","101.96","41","0.10327455919395466"
"E02000213","Croydon 020","2024","354","354","9594625.0","13500.0","99739.6","106.86","24","0.06779661016949153"
"E02000213","Croydon 020","2025","356","356","9578325.0","13500.0","99835.44","106.255","9","0.025280898876404494"
"E02000214","Croydon 021","2019","98","98","1370400.0","11250.0","8886.94","63.57","3","0.030612244897959183"
"E02000214","Croydon 021","2023","101","101","1404150.0","11250.0","9184.949999999999","63.35","6","0.0594059405940594"
"E02000214","Croydon 021","2024","98","98","1443750.0","12000.0","8957.16","63.57","2","0.02040816326530612"
"E02000214","Croydon 021","2025","97","97","1443350.0","12000.0","8955.16","63.79","2","0.020618556701030927"
"E02000215","Croydon 022","2019","120","120","1396100.0","9200.0","8465.15","63.5","7","0.058333333333333334"
"E02000215","Croydon 022","2023","123","123","1263450.0","9300.0","8057.66","61.3","6","0.04878048780487805"
"E02000215","Croydon 022","2024","114","114","1296250.0","9900.0","7000.98","59.95","3","0.02631578947368421"
"E02000215","Croydon 022","2025","116","116","1299625.0","9900.0","7118.05","58.05","3","0.02586206896551724"
"E02000216","Croydon 023","2019","6","6","26150.0","3750.0","237.54000000000002","34.355000000000004","1","0.16666666666666666"
"E02000216","Croydon 023","2023","6","6","26150.0","3750.0","237.54000000000002","34.355000000000004","1","0.16666666666666666"
"E02000216","Croydon 023","2024","5","5","33400.0","5100.0","204.94","36.11","0","0.0"
"E02000216","Croydon 023","2025","5","5","33400.0","5100.0","204.94","36.11","0","0.0"
"E02000217","Croydon 024","2019","281","281","23097775.0","18625.0","142034.33","118.86500000000001","22","0.07829181494661921"
"E02000217","Croydon 024","2023","309","309","22093300.0","17500.0","187742.66","120.465","34","0.11003236245954692"
"E02000217","Croydon 024","2024","274","274","18597750.0","15250.0","140362.26","115.2","19","0.06934306569343066"
"E02000217","Croydon 024","2025","278","278","18673750.0","15375.0","141114.46","117.42","13","0.046762589928057555"
"E02000218","Croydon 025","2019","39","39","646800.0","10375.0","4125.89","72.47","2","0.05128205128205128"
"E02000218","Croydon 025","2023","41","41","647250.0","10375.0","4335.92","74.485","1","0.024390243902439025"
"E02000218","Croydon 025","2024","38","38","740800.0","11750.0","4041.63","70.87","0","0.0"
"E02000218","Croydon 025","2025","39","39","742800.0","11750.0","4237.9","72.885","0","0.0"
"E02000219","Croydon 026","2019","59","59","940750.0","11750.0","6525.2","62.8","3","0.05084745762711865"
"E02000219","Croydon 026","2023","61","61","934100.0","12125.0","6591.23","62.8","3","0.04918032786885246"
"E02000219","Croydon 026","2024","58","58","900200.0","12750.0","6382.2699999999995","62.879999999999995","1","0.017241379310344827"
"E02000219","Croydon 026","2025","58","58","902200.0","12750.0","6434.13","63.07","1","0.017241379310344827"
"E02000221","Croydon 028","2019","59","59","5129000.0","16250.0","34944.82","124.73","6","0.1016949152542373"
"E02000221","Croydon 028","2023","69","69","5350200.0","18000.0","45865.33","151.95","8","0.11594202898550725"
"E02000221","Croydon 028","2024","60","60","5512400.0","19500.0","33586.31","124.73","4","0.06666666666666667"
"E02000221","Croydon 028","2025","60","60","5402400.0","18875.0","33586.31","124.73","2","0.03333333333333333"
"E02000222","Croydon 029","2019","83","83","1595255.0","11000.0","11555.61","85.66","8","0.0963855421686747"
"E02000222","Croydon 029","2023","86","86","1509055.0","10875.0","12090.28","85.705","6","0.06976744186046512"
"E02000222","Croydon 029","2024","74","74","1472390.0","11875.0","9314.02","83.68","2","0.02702702702702703"
"E02000222","Croydon 029","2025","73","73","1452690.0","12250.0","9213.42","81.525","2","0.0273972602739726"
"E02000223","Croydon 030","2019","10","10","118900.0","8550.0","795.47","65.06","0","0.0"
"E02000223","Croydon 030","2023","10","10","118900.0","8550.0","795.47","65.06","0","0.0"
"E02000223","Croydon 030","2024","10","10","120900.0","9450.0","795.47","65.06","0","0.0"
"E02000223","Croydon 030","2025","10","10","120900.0","9450.0","795.47","65.06","0","0.0"
"E02000224","Croydon 031","2019","140","140","1957760.0","9600.0","17675.03","67.74","7","0.05"
"E02000224","Croydon 031","2023","146","146","1935400.0","9850.0","19440.41","69.4","11","0.07534246575342465"
"E02000224","Croydon 031","2024","129","129","1969345.0","10875.0","13695.72","66.94","4","0.031007751937984496"
"E02000224","Croydon 031","2025","129","129","1959145.0","11000.0","13701.51","66.94","4","0.031007751937984496"
"E02000225","Croydon 032","2019","12","12","443250.0","12875.0","3605.56","197.18","1","0.08333333333333333"
"E02000225","Croydon 032","2023","12","12","443150.0","12875.0","3606.66","197.18","0","0.0"
"E02000225","Croydon 032","2024","10","10","520500.0","16500.0","3331.46","197.18","0","0.0"
"E02000225","Croydon 032","2025","10","10","499750.0","13500.0","3331.46","197.18","0","0.0"
"E02000226","Croydon 033","2019","76","76","2378450.0","12875.0","12935.32","70.77","6","0.07894736842105263"
"E02000226","Croydon 033","2023","79","79","2361950.0","13000.0","13314.27","71.15","3","0.0379746835443038"
"E02000226","Croydon 033","2024","77","77","2511925.0","14500.0","12987.699999999999","70.72999999999999","2","0.025974025974025976"
"E02000226","Croydon 033","2025","77","77","2511925.0","14500.0","12987.699999999999","70.72999999999999","1","0.012987012987012988"
"E02000227","Croydon 034","2019","28","28","505575.0","13000.0","3189.79","94.615","0","0.0"
"E02000227","Croydon 034","2023","29","29","512325.0","13500.0","3356.4","95.63","1","0.034482758620689655"
"E02000227","Croydon 034","2024","28","28","475475.0","13125.0","3216.63","95.06","1","0.03571428571428571"
"E02000227","Croydon 034","2025","28","28","475475.0","13125.0","3216.63","95.06","1","0.03571428571428571"
"E02000228","Croydon 035","2019","38","38","546600.0","14000.0","3204.96","69.39","2","0.05263157894736842"
"E02000228","Croydon 035","2023","41","41","550200.0","14000.0","3475.6","69.7","1","0.024390243902439025"
"E02000228","Croydon 035","2024","39","39","607400.0","15500.0","3322.13","69.7","1","0.02564102564102564"
"E02000228","Croydon 035","2025","41","41","626550.0","15375.0","3527.88","69.7","1","0.024390243902439025"
"E02000229","Croydon 036","2019","66","66","1369000.0","18750.0","8477.34","80.03","2","0.030303030303030304"
"E02000229","Croydon 036","2023","69","69","1345000.0","18500.0","8723.57","79.815","3","0.043478260869565216"
"E02000229","Croydon 036","2024","65","65","1473800.0","20250.0","8105.36","78.8","2","0.03076923076923077"
"E02000229","Croydon 036","2025","65","65","1473800.0","20250.0","8105.36","78.8","1","0.015384615384615385"
"E02000230","Croydon 037","2019","166","166","5986000.0","16250.0","38070.85","77.99","13","0.0783132530120482"
"E02000230","Croydon 037","2023","176","176","5877700.0","16000.0","49636.86","75.5","13","0.07386363636363637"
"E02000230","Croydon 037","2024","156","156","4891225.0","14000.0","25546.36","75.2","5","0.03205128205128205"
"E02000230","Croydon 037","2025","156","156","4890975.0","14000.0","25546.210000000003","75.2","2","0.01282051282051282"
"E02000231","Croydon 038","2019","21","21","354400.0","10250.0","3314.42","83.92","4","0.19047619047619047"
"E02000231","Croydon 038","2023","23","23","366800.0","11250.0","3493.3","83.92","0","0.0"
"E02000231","Croydon 038","2024","20","20","369150.0","12250.0","3291.77","87.21000000000001","0","0.0"
"E02000231","Croydon 038","2025","20","20","369150.0","12250.0","3291.77","87.21000000000001","0","0.0"
"E02000232","Croydon 039","2019","38","38","1306450.0","13500.0","8406.789999999999","72.24000000000001","1","0.02631578947368421"
"E02000232","Croydon 039","2023","40","40","1302500.0","13375.0","8744.61","75.9","2","0.05"
"E02000232","Croydon 039","2024","38","38","1421500.0","14125.0","7667.08","72.24000000000001","0","0.0"
"E02000232","Croydon 039","2025","38","38","1421500.0","14125.0","7667.08","72.24000000000001","0","0.0"
"E02000233","Croydon 040","2019","35","35","320160.0","8300.0","2647.55","59.7","1","0.02857142857142857"
"E02000233","Croydon 040","2023","37","37","296700.0","7700.0","2714.07","57.125","3","0.08108108108108109"
"E02000233","Croydon 040","2024","32","32","316575.0","7500.0","2301.3","59.7","1","0.03125"
"E02000233","Croydon 040","2025","32","32","323075.0","7725.0","2328.5","59.7","0","0.0"
"E02000234","Croydon 041","2019","177","177","3422095.0","10250.0","30173.03","75.22","10","0.05649717514124294"
"E02000234","Croydon 041","2023","184","184","3327595.0","10250.0","30763.84","75.13","9","0.04891304347826087"
"E02000234","Croydon 041","2024","162","162","3551830.0","11750.0","25797.27","72.81","3","0.018518518518518517"
"E02000234","Croydon 041","2025","162","162","3523635.0","11750.0","26230.67","73.99","2","0.012345679012345678"
"E02000235","Croydon 042","2019","17","17","207300.0","9000.0","1639.14","67.4","1","0.058823529411764705"
"E02000235","Croydon 042","2023","17","17","188700.0","8750.0","1639.14","67.4","1","0.058823529411764705"
"E02000235","Croydon 042","2024","16","16","185350.0","9700.0","1516.04","61.2","1","0.0625"
"E02000235","Croydon 042","2025","16","16","185350.0","9700.0","1516.04","61.2","1","0.0625"
"E02000236","Croydon 043","2019","26","26","555150.0","10250.0","5403.39","63.14","0","0.0"
"E02000236","Croydon 043","2023","27","27","544700.0","10025.0","5452.59","62.88","1","0.037037037037037035"
"E02000236","Croydon 043","2024","26","26","543150.0","9150.0","5403.39","63.14","0","0.0"
"E02000236","Croydon 043","2025","26","26","543150.0","9150.0","5403.39","63.14","0","0.0"
"E02000237","Croydon 044","2019","31","31","378100.0","8900.0","1838.8600000000001","55.885000000000005","1","0.03225806451612903"
"E02000237","Croydon 044","2023","33","33","482500.0","8950.0","1863.95","54.27","1","0.030303030303030304"
"E02000237","Croydon 044","2024","32","32","422875.0","8750.0","1838.8600000000001","55.885000000000005","1","0.03125"
"E02000237","Croydon 044","2025","32","32","422875.0","8750.0","1838.8600000000001","55.885000000000005","1","0.03125"
"E02000238","Ealing 001","2019","61","61","885350.0","12500.0","4957.75","62.739999999999995","2","0.03278688524590164"
"E02000238","Ealing 001","2023","66","66","890950.0","12750.0","5672.55","63.58","1","0.015151515151515152"
"E02000238","Ealing 001","2024","54","54","888500.0","13125.0","4286.9","64.0","1","0.018518518518518517"
"E02000238","Ealing 001","2025","56","56","888500.0","13125.0","4399.8","63.58","1","0.017857142857142856"
"E02000239","Ealing 002","2019","84","84","939500.0","9600.0","7386.99","63.55","6","0.07142857142857142"
"E02000239","Ealing 002","2023","89","89","947300.0","9600.0","8046.56","62.825","8","0.0898876404494382"
"E02000239","Ealing 002","2024","76","76","1063100.0","11500.0","7204.89","62.03","4","0.05263157894736842"
"E02000239","Ealing 002","2025","75","75","1062900.0","11500.0","7203.89","62.065","6","0.08"
"E02000240","Ealing 003","2019","22","22","383850.0","9050.0","1630.26","59.74","1","0.045454545454545456"
"E02000240","Ealing 003","2023","26","26","339050.0","8000.0","1948.44","59.74","1","0.038461538461538464"
"E02000240","Ealing 003","2024","21","21","311950.0","9000.0","1445.18","59.195","1","0.047619047619047616"
"E02000240","Ealing 003","2025","21","21","311950.0","9000.0","1445.18","59.195","0","0.0"
"E02000241","Ealing 004","2019","54","54","939550.0","9750.0","6596.63","58.05","0","0.0"
"E02000241","Ealing 004","2023","55","55","928000.0","9750.0","6708.58","58.425","1","0.01818181818181818"
"E02000241","Ealing 004","2024","57","57","1026000.0","10375.0","9216.92","59.4","0","0.0"
"E02000241","Ealing 004","2025","55","55","1025600.0","10500.0","9214.92","60.730000000000004","0","0.0"
"E02000242","Ealing 005","2019","62","62","780225.0","11750.0","4838.66","61.099999999999994","2","0.03225806451612903"
"E02000242","Ealing 005","2023","66","66","821850.0","11875.0","5731.06","63.215","2","0.030303030303030304"
"E02000242","Ealing 005","2024","56","56","1005650.0","14500.0","5230.34","65.455","0","0.0"
"E02000242","Ealing 005","2025","55","55","1005450.0","14500.0","5229.34","65.6","0","0.0"
"E02000243","Ealing 006","2019","75","75","3464023.0","10000.0","19377.54","94.16","4","0.05333333333333334"
"E02000243","Ealing 006","2023","79","79","4430273.0","11375.0","24444.48","99.38499999999999","3","0.0379746835443038"
"E02000243","Ealing 006","2024","57","57","5609588.0","13250.0","19917.239999999998","103.01","1","0.017543859649122806"
"E02000243","Ealing 006","2025","57","57","5608088.0","13250.0","19912.13","103.01","1","0.017543859649122806"
"E02000244","Ealing 007","2019","62","62","3490675.0","7200.0","20590.64","74.435","4","0.06451612903225806"
"E02000244","Ealing 007","2023","100","100","2676825.0","6100.0","20584.87","60.45","6","0.06"
"E02000244","Ealing 007","2024","82","82","2575050.0","7450.0","14460.09","59.32","4","0.04878048780487805"
"E02000244","Ealing 007","2025","79","79","2526850.0","7900.0","14039.65","58.81","2","0.02531645569620253"
"E02000245","Ealing 008","2019","18","18","285700.0","8600.0","1646.29","70.765","0","0.0"
"E02000245","Ealing 008","2023","21","21","648200.0","8900.0","5595.99","74.625","1","0.047619047619047616"
"E02000245","Ealing 008","2024","19","19","717400.0","9800.0","3613.63","71.3","1","0.05263157894736842"
"E02000245","Ealing 008","2025","19","19","717400.0","9800.0","3613.63","71.3","1","0.05263157894736842"
"E02000246","Ealing 009","2019","35","35","443700.0","12250.0","5719.63","74.67500000000001","3","0.08571428571428572"
"E02000246","Ealing 009","2023","37","37","443300.0","11750.0","5880.3","76.14","2","0.05405405405405406"
"E02000246","Ealing 009","2024","33","33","498400.0","13750.0","3659.42","74.67500000000001","2","0.06060606060606061"
"E02000246","Ealing 009","2025","33","33","498400.0","13750.0","3659.42","74.67500000000001","1","0.030303030303030304"
"E02000247","Ealing 010","2019","61","61","1047450.0","14750.0","6324.38","71.935","4","0.06557377049180328"
"E02000247","Ealing 010","2023","71","71","1067900.0","11500.0","7285.11","72.15","5","0.07042253521126761"
"E02000247","Ealing 010","2024","67","67","1176600.0","14125.0","6825.13","71.935","5","0.07462686567164178"
"E02000247","Ealing 010","2025","66","66","1176400.0","14250.0","6824.13","72.1","5","0.07575757575757576"
"E02000248","Ealing 011","2019","72","72","2932150.0","18000.0","17342.62","102.16","1","0.013888888888888888"
"E02000248","Ealing 011","2023","78","78","3133150.0","18000.0","24178.3","106.3","6","0.07692307692307693"
"E02000248","Ealing 011","2024","73","73","3519200.0","19750.0","20847.01","106.245","4","0.0547945205479452"
"E02000248","Ealing 011","2025","72","72","3519000.0","19750.0","20846.01","106.3","4","0.05555555555555555"
"E02000249","Ealing 012","2019","181","181","4447075.0","20375.0","25129.06","74.74000000000001","3","0.016574585635359115"
"E02000249","Ealing 012","2023","195","195","4409775.0","20000.0","26653.510000000002","75.9","8","0.041025641025641026"
"E02000249","Ealing 012","2024","182","182","5028275.0","22250.0","24232.65","74.22","6","0.03296703296703297"
"E02000249","Ealing 012","2025","182","182","4893275.0","22250.0","24483.55","74.64","9","0.04945054945054945"
"E02000250","Ealing 013","2019","70","70","974550.0","12000.0","5436.76","68.7","1","0.014285714285714285"
"E02000250","Ealing 013","2023","73","73","974350.0","12125.0","5609.41","69.94","2","0.0273972602739726"
"E02000250","Ealing 013","2024","66","66","1059350.0","13500.0","5049.06","67.14","2","0.030303030303030304"
"E02000250","Ealing 013","2025","66","66","1045850.0","13500.0","5049.06","67.14","3","0.045454545454545456"
"E02000251","Ealing 014","2019","58","58","750150.0","10250.0","6495.89","72.1","1","0.017241379310344827"
"E02000251","Ealing 014","2023","63","63","776400.0","10500.0","6801.67","70.19999999999999","1","0.015873015873015872"
"E02000251","Ealing 014","2024","59","59","838700.0","11000.0","6550.26","70.19999999999999","2","0.03389830508474576"
"E02000251","Ealing 014","2025","59","59","839450.0","11000.0","6550.26","70.19999999999999","2","0.03389830508474576"
"E02000252","Ealing 015","2019","164","164","9071710.0","11750.0","57228.52","82.64","14","0.08536585365853659"
"E02000252","Ealing 015","2023","181","181","8450860.0","11500.0","74306.17","87.39","25","0.13812154696132597"
"E02000252","Ealing 015","2024","162","162","9314520.0","13000.0","48404.53","92.53","18","0.1111111111111111"
"E02000252","Ealing 015","2025","163","163","9371320.0","13250.0","48570.14","91.065","18","0.11042944785276074"
"E02000253","Ealing 016","2019","19","19","335350.0","15000.0","1667.1200000000001","67.56","2","0.10526315789473684"
"E02000253","Ealing 016","2023","19","19","334850.0","14500.0","1665.89","67.56","1","0.05263157894736842"
"E02000253","Ealing 016","2024","19","19","369500.0","16000.0","1665.89","67.56","1","0.05263157894736842"
"E02000253","Ealing 016","2025","19","19","335500.0","17250.0","1665.89","67.56","2","0.10526315789473684"
"E02000254","Ealing 017","2019","44","44","740175.0","13125.0","4647.58","67.98500000000001","1","0.022727272727272728"
"E02000254","Ealing 017","2023","48","48","742025.0","13125.0","4952.72","67.98500000000001","1","0.020833333333333332"
"E02000254","Ealing 017","2024","44","44","818625.0","15125.0","4681.1","67.98500000000001","1","0.022727272727272728"
"E02000254","Ealing 017","2025","43","43","818425.0","15250.0","4680.1","68.18","1","0.023255813953488372"
"E02000255","Ealing 018","2019","14","14","428150.0","10375.0","1582.85","54.92","2","0.14285714285714285"
"E02000255","Ealing 018","2023","14","14","379050.0","13750.0","1582.85","54.92","3","0.21428571428571427"
"E02000255","Ealing 018","2024","7","7","343500.0","12000.0","705.05","55.629999999999995","0","0.0"
"E02000255","Ealing 018","2025","7","7","330500.0","12000.0","705.05","55.629999999999995","0","0.0"
"E02000256","Ealing 019","2019","67","67","1776950.0","13750.0","7744.04","69.02","4","0.05970149253731343"
"E02000256","Ealing 019","2023","93","93","1796525.0","12500.0","9995.61","57.739999999999995","5","0.053763440860215055"
"E02000256","Ealing 019","2024","67","67","1598900.0","15500.0","7630.54","71.895","4","0.05970149253731343"
"E02000256","Ealing 019","2025","69","69","1534700.0","15500.0","7585.04","69.675","4","0.057971014492753624"
"E02000258","Ealing 021","2019","23","23","220450.0","8600.0","1455.21","56.24","1","0.043478260869565216"
"E02000258","Ealing 021","2023","24","24","312950.0","8650.0","1910.99","61.2","0","0.0"
"E02000258","Ealing 021","2024","22","22","330400.0","10150.0","1894.92","66.405","0","0.0"
"E02000258","Ealing 021","2025","22","22","330400.0","10150.0","1894.92","66.405","0","0.0"
"E02000259","Ealing 022","2019","69","69","885450.0","12000.0","4437.28","55.78","4","0.057971014492753624"
"E02000259","Ealing 022","2023","70","70","838300.0","12000.0","4534.28","55.9","6","0.08571428571428572"
"E02000259","Ealing 022","2024","67","67","928250.0","13250.0","4277.42","54.93","4","0.05970149253731343"
"E02000259","Ealing 022","2025","68","68","936000.0","13125.0","4302.65","54.825","6","0.08823529411764706"
"E02000260","Ealing 023","2019","648","648","15334160.0","15500.0","44878.91","17.99","91","0.1404320987654321"
"E02000260","Ealing 023","2023","721","721","15268350.0","15250.0","49304.41","19.439999999999998","88","0.12205270457697642"
"E02000260","Ealing 023","2024","597","597","17938570.0","16750.0","44043.08","21.415","47","0.07872696817420435"
"E02000260","Ealing 023","2025","648","648","18120145.0","16750.0","45459.88","17.97","52","0.08024691358024691"
"E02000261","Ealing 024","2019","80","80","1296150.0","9400.0","16142.23","66.33500000000001","4","0.05"
"E02000261","Ealing 024","2023","83","83","1705300.0","9400.0","18286.22","66.3","5","0.060240963855421686"
"E02000261","Ealing 024","2024","79","79","1875900.0","10250.0","10214.12","65.96","3","0.0379746835443038"
"E02000261","Ealing 024","2025","79","79","1873300.0","10250.0","12285.42","66.255","2","0.02531645569620253"
"E02000262","Ealing 025","2019","295","295","5207595.0","12000.0","31889.13","81.05000000000001","32","0.10847457627118644"
"E02000262","Ealing 025","2023","323","323","5819745.0","12250.0","41367.02","81.2","46","0.14241486068111456"
"E02000262","Ealing 025","2024","261","261","6567415.0","13875.0","33144.37","80.9","19","0.07279693486590039"
"E02000262","Ealing 025","2025","261","261","6560415.0","13750.0","33324.21","80.9","18","0.06896551724137931"
"E02000263","Ealing 026","2019","118","118","2859825.0","17500.0","14030.67","87.29","4","0.03389830508474576"
"E02000263","Ealing 026","2023","125","125","2867875.0","15875.0","15035.37","87.785","5","0.04"
"E02000263","Ealing 026","2024","119","119","3366525.0","16750.0","13163.0","85.0","5","0.04201680672268908"
"E02000263","Ealing 026","2025","128","128","3499775.0","16500.0","13972.64","82.37","9","0.0703125"
"E02000264","Ealing 027","2019","85","85","1524425.0","14500.0","9377.93","84.42","3","0.03529411764705882"
"E02000264","Ealing 027","2023","86","86","1561425.0","14500.0","9764.18","84.46000000000001","2","0.023255813953488372"
"E02000264","Ealing 027","2024","84","84","1661650.0","16000.0","9466.13","84.46000000000001","3","0.03571428571428571"
"E02000264","Ealing 027","2025","83","83","1661450.0","16125.0","9465.13","84.5","4","0.04819277108433735"
"E02000265","Ealing 028","2019","266","266","7348410.0","18000.0","52967.42","84.91","33","0.12406015037593984"
"E02000265","Ealing 028","2023","297","297","6914710.0","17750.0","54106.86","80.14","35","0.11784511784511785"
"E02000265","Ealing 028","2024","243","243","7253545.0","17000.0","38557.77","81.395","25","0.102880658436214"
"E02000265","Ealing 028","2025","247","247","7141895.0","16625.0","43312.72","80.695","18","0.0728744939271255"
"E02000266","Ealing 029","2019","60","60","1461350.0","9150.0","14444.13","73.3","2","0.03333333333333333"
"E02000266","Ealing 029","2023","71","71","1448150.0","8600.0","14758.05","60.3","7","0.09859154929577464"
"E02000266","Ealing 029","2024","68","68","1696400.0","10375.0","14168.03","60.099999999999994","7","0.10294117647058823"
"E02000266","Ealing 029","2025","68","68","1693400.0","10375.0","14168.03","60.099999999999994","3","0.04411764705882353"
"E02000267","Ealing 030","2019","187","187","3378215.0","11125.0","21982.37","65.5","5","0.026737967914438502"
"E02000267","Ealing 030","2023","190","190","2535215.0","11000.0","21868.03","64.72","14","0.07368421052631578"
"E02000267","Ealing 030","2024","175","175","2888450.0","13000.0","15887.96","65.7","10","0.05714285714285714"
"E02000267","Ealing 030","2025","176","176","2977300.0","13000.0","16377.73","67.1","10","0.056818181818181816"
"E02000268","Ealing 031","2019","93","93","2237540.0","11000.0","10618.85","59.82","3","0.03225806451612903"
"E02000268","Ealing 031","2023","101","101","2233590.0","11000.0","11146.35","59.7","4","0.039603960396039604"
"E02000268","Ealing 031","2024","90","90","2249090.0","11625.0","9474.74","59.65","4","0.044444444444444446"
"E02000268","Ealing 031","2025","90","90","2234840.0","11750.0","9474.52","59.65","4","0.044444444444444446"
"E02000269","Ealing 032","2019","180","180","2699900.0","13000.0","12207.15","56.77","8","0.044444444444444446"
"E02000269","Ealing 032","2023","195","195","2656375.0","12750.0","13850.78","57.65","14","0.07179487179487179"
"E02000269","Ealing 032","2024","172","172","2864050.0","14375.0","11967.95","56.04","7","0.040697674418604654"
"E02000269","Ealing 032","2025","171","171","2850850.0","14500.0","11966.95","56.05","7","0.04093567251461988"
"E02000270","Ealing 033","2019","92","92","1149075.0","9600.0","16383.28","66.88","9","0.09782608695652174"
"E02000270","Ealing 033","2023","95","95","1147450.0","9600.0","15654.06","66.44","12","0.12631578947368421"
"E02000270","Ealing 033","2024","66","66","1064625.0","11125.0","8676.15","63.32","10","0.15151515151515152"
"E02000270","Ealing 033","2025","66","66","1064625.0","11125.0","8676.15","63.32","10","0.15151515151515152"
"E02000271","Ealing 034","2019","84","84","696785.0","8600.0","6524.43","54.48","11","0.13095238095238096"
"E02000271","Ealing 034","2023","86","86","644885.0","8300.0","6618.57","51.8","13","0.1511627906976744"
"E02000271","Ealing 034","2024","76","76","663395.0","8850.0","5377.95","46.61","10","0.13157894736842105"
"E02000271","Ealing 034","2025","76","76","663395.0","8850.0","5377.95","46.61","8","0.10526315789473684"
"E02000272","Ealing 035","2019","32","32","598725.0","14500.0","3857.49","94.0","1","0.03125"
"E02000272","Ealing 035","2023","32","32","574825.0","14250.0","3554.08","93.1","0","0.0"
"E02000272","Ealing 035","2024","34","34","635025.0","15750.0","3609.88","86.3","0","0.0"
"E02000272","Ealing 035","2025","33","33","634825.0","16000.0","3608.88","93.1","0","0.0"
"E02000275","Ealing 038","2019","116","116","1758625.0","10250.0","14116.0","66.2","5","0.04310344827586207"
"E02000275","Ealing 038","2023","117","117","1581350.0","10250.0","15032.67","69.995","7","0.05982905982905983"
"E02000275","Ealing 038","2024","106","106","1775775.0","12000.0","12151.26","64.7","3","0.02830188679245283"
"E02000275","Ealing 038","2025","111","111","1761075.0","11125.0","12157.26","62.68","4","0.036036036036036036"
"E02000276","Ealing 039","2019","115","115","1741570.0","12500.0","7395.2300000000005","60.82","2","0.017391304347826087"
"E02000276","Ealing 039","2023","122","122","1730120.0","11750.0","7809.21","58.7","5","0.040983606557377046"
"E02000276","Ealing 039","2024","111","111","1636020.0","12250.0","7065.72","56.81","4","0.036036036036036036"
"E02000276","Ealing 039","2025","112","112","1635820.0","12250.0","7268.37","57.785","5","0.044642857142857144"
"E02000277","Enfield 001","2019","33","33","458525.0","11000.0","3212.2","65.9","0","0.0"
"E02000277","Enfield 001","2023","33","33","456525.0","11000.0","3208.6","65.9","0","0.0"
"E02000277","Enfield 001","2024","33","33","467200.0","12375.0","3208.6","65.9","0","0.0"
"E02000277","Enfield 001","2025","33","33","467200.0","12375.0","3208.6","65.9","0","0.0"
"E02000278","Enfield 002","2019","96","96","1777700.0","11625.0","12705.92","73.4","0","0.0"
"E02000278","Enfield 002","2023","99","99","1735950.0","11625.0","12829.36","74.1","0","0.0"
"E02000278","Enfield 002","2024","93","93","1786300.0","11750.0","10453.86","73.4","0","0.0"
"E02000278","Enfield 002","2025","93","93","1787050.0","11750.0","10448.01","73.4","0","0.0"
"E02000279","Enfield 003","2019","70","70","900900.0","10000.0","5272.46","69.3","0","0.0"
"E02000279","Enfield 003","2023","74","74","886850.0","10000.0","5662.57","69.3","0","0.0"
"E02000279","Enfield 003","2024","68","68","756200.0","9600.0","5283.89","69.62","0","0.0"
"E02000279","Enfield 003","2025","68","68","728450.0","9350.0","5283.89","69.62","0","0.0"
"E02000280","Enfield 004","2019","168","168","3188155.0","9800.0","64634.200000000004","72.41","0","0.0"
"E02000280","Enfield 004","2023","185","185","3084080.0","9700.0","67581.87","71.065","0","0.0"
"E02000280","Enfield 004","2024","170","170","3240450.0","10750.0","61574.12","68.11","0","0.0"
"E02000280","Enfield 004","2025","175","175","3235350.0","10750.0","66742.95","68.7","0","0.0"
"E02000281","Enfield 005","2019","38","38","983500.0","9900.0","11756.06","84.77","0","0.0"
"E02000281","Enfield 005","2023","38","38","958950.0","10000.0","11669.08","84.77","0","0.0"
"E02000281","Enfield 005","2024","33","33","792750.0","11000.0","11361.09","100.82","0","0.0"
"E02000281","Enfield 005","2025","33","33","807750.0","11000.0","11361.09","100.82","0","0.0"
"E02000282","Enfield 006","2019","153","153","2575835.0","14250.0","14445.28","59.4","0","0.0"
"E02000282","Enfield 006","2023","162","162","2557810.0","14750.0","15467.85","59.349999999999994","0","0.0"
"E02000282","Enfield 006","2024","146","146","2490890.0","14250.0","13675.94","59.114999999999995","0","0.0"
"E02000282","Enfield 006","2025","146","146","2468065.0","14250.0","13675.94","59.114999999999995","0","0.0"
"E02000283","Enfield 007","2019","28","28","396600.0","9100.0","2982.77","56.9","0","0.0"
"E02000283","Enfield 007","2023","29","29","471950.0","9150.0","3356.38","61.55","0","0.0"
"E02000283","Enfield 007","2024","29","29","476950.0","8950.0","3396.32","61.55","0","0.0"
"E02000283","Enfield 007","2025","29","29","476650.0","8900.0","3388.89","59.325","0","0.0"
"E02000284","Enfield 008","2019","195","195","4415500.0","12375.0","20419.02","78.1","0","0.0"
"E02000284","Enfield 008","2023","203","203","4269500.0","11500.0","21679.15","76.815","0","0.0"
"E02000284","Enfield 008","2024","186","186","3777600.0","12250.0","18582.95","70.94","0","0.0"
"E02000284","Enfield 008","2025","190","190","3865100.0","12250.0","19049.28","72.775","0","0.0"
"E02000285","Enfield 009","2019","27","27","219280.0","6700.0","1660.29","51.18","0","0.0"
"E02000285","Enfield 009","2023","26","26","195080.0","6600.0","1544.69","50.845","0","0.0"
"E02000285","Enfield 009","2024","25","25","219250.0","9000.0","1366.16","50.51","0","0.0"
"E02000285","Enfield 009","2025","25","25","207750.0","8800.0","1366.16","50.51","0","0.0"
"E02000286","Enfield 010","2019","35","35","892625.0","17625.0","4566.55","64.33","0","0.0"
"E02000286","Enfield 010","2023","35","35","779125.0","17500.0","3411.89","63.71","0","0.0"
"E02000286","Enfield 010","2024","31","31","756975.0","17750.0","3252.56","67.73","0","0.0"
"E02000286","Enfield 010","2025","32","32","756975.0","17750.0","3380.97","68.86500000000001","0","0.0"
"E02000287","Enfield 011","2019","104","104","2354300.0","21000.0","11974.24","98.9","0","0.0"
"E02000287","Enfield 011","2023","108","108","2408025.0","21125.0","12559.64","98.9","0","0.0"
"E02000287","Enfield 011","2024","102","102","2752300.0","24500.0","11903.77","94.4","0","0.0"
"E02000287","Enfield 011","2025","102","102","2729550.0","24500.0","11866.38","91.00999999999999","0","0.0"
"E02000288","Enfield 012","2019","140","140","12856320.0","12250.0","57764.96","68.14","0","0.0"
"E02000288","Enfield 012","2023","158","158","11118345.0","12000.0","98520.37","74.92","0","0.0"
"E02000288","Enfield 012","2024","138","138","11326590.0","11500.0","58485.27","73.4","0","0.0"
"E02000288","Enfield 012","2025","140","140","11026590.0","11500.0","66464.21","73.4","0","0.0"
"E02000289","Enfield 013","2019","8","8","189750.0","6100.0","343.45","41.91","0","0.0"
"E02000289","Enfield 013","2023","8","8","189750.0","6100.0","343.45","41.91","0","0.0"
"E02000289","Enfield 013","2024","8","8","182650.0","7000.0","343.45","41.91","0","0.0"
"E02000289","Enfield 013","2025","9","9","183350.0","6900.0","350.04999999999995","41.855","0","0.0"
"E02000290","Enfield 014","2019","36","36","1461530.0","6800.0","13276.3","66.28999999999999","0","0.0"
"E02000290","Enfield 014","2023","49","49","1508730.0","6400.0","13880.18","63.46","0","0.0"
"E02000290","Enfield 014","2024","49","49","1470235.0","6550.0","13978.529999999999","62.67","0","0.0"
"E02000290","Enfield 014","2025","50","50","1470235.0","6550.0","18338.68","63.065","0","0.0"
"E02000291","Enfield 015","2019","268","268","13365350.0","19875.0","70114.8","96.495","0","0.0"
"E02000291","Enfield 015","2023","283","283","12191200.0","19625.0","69830.4","96.15","0","0.0"
"E02000291","Enfield 015","2024","256","256","10413775.0","21000.0","66253.9","96.4","0","0.0"
"E02000291","Enfield 015","2025","257","257","10431575.0","21000.0","66257.48","96.275","0","0.0"
"E02000292","Enfield 016","2019","60","60","6161500.0","7500.0","32763.63","79.22","0","0.0"
"E02000292","Enfield 016","2023","71","71","6219900.0","7500.0","45070.02","84.9","0","0.0"
"E02000292","Enfield 016","2024","59","59","5826425.0","8500.0","26885.77","72.325","0","0.0"
"E02000292","Enfield 016","2025","61","61","5700175.0","8900.0","33339.04","72.325","0","0.0"
"E02000293","Enfield 017","2019","26","26","324625.0","8900.0","1801.88","57.1","0","0.0"
"E02000293","Enfield 017","2023","28","28","321900.0","8800.0","1929.23","57.1","0","0.0"
"E02000293","Enfield 017","2024","26","26","314900.0","10750.0","1880.6599999999999","60.59","0","0.0"
"E02000293","Enfield 017","2025","26","26","314900.0","10750.0","1880.6599999999999","60.59","0","0.0"
"E02000294","Enfield 018","2019","59","59","1322460.0","11750.0","7343.1","64.94","0","0.0"
"E02000294","Enfield 018","2023","65","65","1351260.0","11875.0","7873.21","64.75","0","0.0"
"E02000294","Enfield 018","2024","63","63","1248660.0","12250.0","7498.4800000000005","63.9","0","0.0"
"E02000294","Enfield 018","2025","64","64","1248660.0","12250.0","7498.4800000000005","63.9","0","0.0"
"E02000295","Enfield 019","2019","22","22","823475.0","11500.0","3993.08","78.865","0","0.0"
"E02000295","Enfield 019","2023","25","25","832475.0","11500.0","4455.68","78.865","0","0.0"
"E02000295","Enfield 019","2024","21","21","908600.0","13750.0","4343.51","84.035","0","0.0"
"E02000295","Enfield 019","2025","21","21","908600.0","13750.0","4343.51","84.035","0","0.0"
"E02000296","Enfield 020","2019","240","240","8130440.0","17625.0","35959.24","74.82","0","0.0"
"E02000296","Enfield 020","2023","248","248","7974790.0","17750.0","36661.88","74.78999999999999","0","0.0"
"E02000296","Enfield 020","2024","231","231","7391790.0","18750.0","35219.26","75.23","0","0.0"
"E02000296","Enfield 020","2025","232","232","7392840.0","18750.0","35244.3","75.16499999999999","0","0.0"
"E02000297","Enfield 021","2019","83","83","1310900.0","13000.0","6237.03","61.8","0","0.0"
"E02000297","Enfield 021","2023","83","83","1258400.0","12750.0","6179.38","60.95","0","0.0"
"E02000297","Enfield 021","2024","83","83","1396500.0","15500.0","6190.44","60.95","0","0.0"
"E02000297","Enfield 021","2025","83","83","1399750.0","15500.0","6210.32","60.95","0","0.0"
"E02000298","Enfield 022","2019","133","133","2635880.0","14250.0","11188.45","61.28","0","0.0"
"E02000298","Enfield 022","2023","140","140","2562000.0","14250.0","11879.93","60.3","0","0.0"
"E02000298","Enfield 022","2024","130","130","2538200.0","15750.0","11350.14","61.28","0","0.0"
"E02000298","Enfield 022","2025","131","131","2557450.0","16000.0","11407.26","60.36","0","0.0"
"E02000299","Enfield 023","2019","132","132","1527200.0","9700.0","10774.79","61.4","0","0.0"
"E02000299","Enfield 023","2023","141","141","1483000.0","9700.0","12232.67","63.24","0","0.0"
"E02000299","Enfield 023","2024","128","128","1755850.0","11000.0","10382.91","61.295","0","0.0"
"E02000299","Enfield 023","2025","127","127","1738850.0","11000.0","10194.95","60.47","0","0.0"
"E02000300","Enfield 024","2019","30","30","1363350.0","8500.0","4810.41","47.85","0","0.0"
"E02000300","Enfield 024","2023","33","33","1364400.0","8300.0","4895.48","47.7","0","0.0"
"E02000300","Enfield 024","2024","32","32","1046950.0","9950.0","4806.28","47.15","0","0.0"
"E02000300","Enfield 024","2025","32","32","1046950.0","9950.0","4806.28","47.15","0","0.0"
"E02000301","Enfield 025","2019","43","43","456375.0","6400.0","3345.03","58.66","0","0.0"
"E02000301","Enfield 025","2023","44","44","459275.0","6300.0","3365.15","56.879999999999995","0","0.0"
"E02000301","Enfield 025","2024","40","40","460950.0","7000.0","3134.9900000000002","55.1","0","0.0"
"E02000301","Enfield 025","2025","40","40","460950.0","7000.0","3134.9900000000002","55.1","0","0.0"
"E02000302","Enfield 026","2019","16","16","1995950.0","11925.0","8360.81","72.975","0","0.0"
"E02000302","Enfield 026","2023","27","27","1978950.0","14750.0","22897.53","64.0","0","0.0"
"E02000302","Enfield 026","2024","20","20","1899850.0","13125.0","8360.81","64.0","0","0.0"
"E02000302","Enfield 026","2025","20","20","1899850.0","13125.0","8360.81","64.0","0","0.0"
"E02000303","Enfield 027","2019","37","37","725450.0","8900.0","5726.98","75.4","0","0.0"
"E02000303","Enfield 027","2023","40","40","864700.0","9100.0","7228.8","78.215","0","0.0"
"E02000303","Enfield 027","2024","38","38","918800.0","11000.0","6578.84","74.695","0","0.0"
"E02000303","Enfield 027","2025","39","39","919950.0","11000.0","6593.38","73.99","0","0.0"
"E02000304","Enfield 028","2019","35","35","614450.0","14000.0","2501.4","72.62","0","0.0"
"E02000304","Enfield 028","2023","37","37","631200.0","14500.0","2890.48","75.84","0","0.0"
"E02000304","Enfield 028","2024","35","35","637450.0","15500.0","2701.01","72.62","0","0.0"
"E02000304","Enfield 028","2025","35","35","637450.0","15500.0","2701.01","72.62","0","0.0"
"E02000305","Enfield 029","2019","204","204","4922885.0","20750.0","24863.170000000002","84.9","0","0.0"
"E02000305","Enfield 029","2023","214","214","4556050.0","20750.0","25609.420000000002","84.71","0","0.0"
"E02000305","Enfield 029","2024","187","187","4373650.0","19875.0","23311.18","85.45","0","0.0"
"E02000305","Enfield 029","2025","194","194","4479500.0","19875.0","23923.04","85.45","0","0.0"
"E02000306","Enfield 030","2019","258","258","7989671.0","13500.0","56168.24","70.0","0","0.0"
"E02000306","Enfield 030","2023","267","267","7706331.0","14000.0","56970.78","69.89","0","0.0"
"E02000306","Enfield 030","2024","234","234","8345206.0","18625.0","53719.4","72.3","0","0.0"
"E02000306","Enfield 030","2025","243","243","8477906.0","18500.0","55184.19","73.935","0","0.0"
"E02000307","Enfield 031","2019","63","63","580650.0","10000.0","4498.3","65.2","0","0.0"
"E02000307","Enfield 031","2023","64","64","581800.0","10000.0","4505.62","64.9","0","0.0"
"E02000307","Enfield 031","2024","62","62","612800.0","10625.0","4299.14","64.9","0","0.0"
"E02000307","Enfield 031","2025","62","62","608750.0","10750.0","4276.37","65.2","0","0.0"
"E02000308","Enfield 032","2019","65","65","1445050.0","9900.0","9660.15","62.84","0","0.0"
"E02000308","Enfield 032","2023","67","67","1304150.0","9950.0","13066.26","66.01","0","0.0"
"E02000308","Enfield 032","2024","61","61","1377050.0","10750.0","9085.81","68.025","0","0.0"
"E02000308","Enfield 032","2025","62","62","1396300.0","11000.0","9191.93","70.04","0","0.0"
"E02000309","Enfield 033","2019","201","201","11107825.0","13500.0","77316.71","89.81","0","0.0"
"E02000309","Enfield 033","2023","225","225","11212025.0","12750.0","78929.31","83.33","0","0.0"
"E02000309","Enfield 033","2024","217","217","9631340.0","14250.0","74215.23","83.6","0","0.0"
"E02000309","Enfield 033","2025","217","217","6925390.0","14125.0","74215.23","83.6","0","0.0"
"E02000311","Enfield 035","2019","71","71","941750.0","12250.0","5109.8","65.22","0","0.0"
"E02000311","Enfield 035","2023","74","74","1035150.0","12500.0","6065.38","66.76","0","0.0"
"E02000311","Enfield 035","2024","71","71","1093795.0","14000.0","5912.16","66.76","0","0.0"
"E02000311","Enfield 035","2025","71","71","1093795.0","14000.0","5912.16","66.76","0","0.0"
"E02000312","Enfield 036","2019","138","138","3007950.0","12750.0","16259.7","72.45","0","0.0"
"E02000312","Enfield 036","2023","143","143","3001150.0","13500.0","16609.239999999998","72.85","0","0.0"
"E02000312","Enfield 036","2024","135","135","3225250.0","14250.0","16154.63","73.6","0","0.0"
"E02000312","Enfield 036","2025","137","137","3249400.0","14250.0","16322.7","73.6","0","0.0"
"E02000313","Greenwich 001","2019","6","6","53025.0","8200.0","429.34","62.2","0","0.0"
"E02000313","Greenwich 001","2023","6","6","53025.0","8200.0","429.34","62.2","0","0.0"
"E02000313","Greenwich 001","2024","6","6","69050.0","10625.0","429.34","62.2","0","0.0"
"E02000313","Greenwich 001","2025","6","6","69050.0","10625.0","429.34","62.2","0","0.0"
"E02000314","Greenwich 002","2019","47","47","4434510.0","20875.0","30519.190000000002","223.64","4","0.0851063829787234"
"E02000314","Greenwich 002","2023","53","53","4540010.0","20250.0","40943.16","223.64","6","0.11320754716981132"
"E02000314","Greenwich 002","2024","47","47","4313450.0","26000.0","25595.690000000002","170.96","1","0.02127659574468085"
"E02000314","Greenwich 002","2025","49","49","4238700.0","26000.0","33511.69","170.96","8","0.16326530612244897"
"E02000315","Greenwich 003","2019","25","25","2618100.0","7400.0","12090.99","66.14","5","0.2"
"E02000315","Greenwich 003","2023","35","35","2619850.0","7100.0","21146.56","66.14","4","0.11428571428571428"
"E02000315","Greenwich 003","2024","31","31","2311325.0","9800.0","14243.16","66.14","1","0.03225806451612903"
"E02000315","Greenwich 003","2025","34","34","2429575.0","10000.0","15061.24","71.01","1","0.029411764705882353"
"E02000317","Greenwich 005","2019","29","29","352950.0","7500.0","3262.2","73.05","4","0.13793103448275862"
"E02000317","Greenwich 005","2023","30","30","329850.0","6800.0","3343.64","73.05","4","0.13333333333333333"
"E02000317","Greenwich 005","2024","27","27","374150.0","8600.0","3216.9399999999996","71.0","2","0.07407407407407407"
"E02000317","Greenwich 005","2025","29","29","349650.0","8600.0","3471.7","75.1","6","0.20689655172413793"
"E02000318","Greenwich 006","2019","166","166","2068600.0","9400.0","17059.87","66.955","6","0.03614457831325301"
"E02000318","Greenwich 006","2023","185","185","2078650.0","9400.0","18813.88","67.3","10","0.05405405405405406"
"E02000318","Greenwich 006","2024","166","166","2277750.0","10500.0","16618.09","65.15","3","0.018072289156626505"
"E02000318","Greenwich 006","2025","167","167","2249450.0","10500.0","16704.61","65.15","4","0.023952095808383235"
"E02000319","Greenwich 007","2019","58","58","515725.0","7400.0","4337.4","58.035","2","0.034482758620689655"
"E02000319","Greenwich 007","2023","65","65","548275.0","7350.0","4958.0","57.27","0","0.0"
"E02000319","Greenwich 007","2024","58","58","669650.0","8900.0","4265.19","57.27","0","0.0"
"E02000319","Greenwich 007","2025","60","60","678000.0","8950.0","4350.71","56.68","3","0.05"
"E02000320","Greenwich 008","2019","21","21","194500.0","6600.0","2023.99","56.1","2","0.09523809523809523"
"E02000320","Greenwich 008","2023","24","24","189750.0","6700.0","2611.7","56.1","1","0.041666666666666664"
"E02000320","Greenwich 008","2024","21","21","200025.0","7500.0","2067.19","69.5","1","0.047619047619047616"
"E02000320","Greenwich 008","2025","21","21","200025.0","7500.0","2067.19","69.5","1","0.047619047619047616"
"E02000321","Greenwich 009","2019","16","16","134550.0","5150.0","943.85","52.23","2","0.125"
"E02000321","Greenwich 009","2023","16","16","110800.0","5100.0","943.85","52.23","1","0.0625"
"E02000321","Greenwich 009","2024","15","15","119750.0","6200.0","943.85","52.23","0","0.0"
"E02000321","Greenwich 009","2025","15","15","119750.0","6200.0","943.85","52.23","1","0.06666666666666667"
"E02000323","Greenwich 011","2019","168","168","4905375.0","7500.0","29118.56","68.68","8","0.047619047619047616"
"E02000323","Greenwich 011","2023","185","185","4407575.0","7550.0","40724.85","66.185","8","0.043243243243243246"
"E02000323","Greenwich 011","2024","167","167","3705075.0","9100.0","23653.56","64.64","1","0.005988023952095809"
"E02000323","Greenwich 011","2025","170","170","3679125.0","9200.0","23806.61","63.605","11","0.06470588235294118"
"E02000324","Greenwich 012","2019","54","54","479875.0","7150.0","4198.86","58.85","6","0.1111111111111111"
"E02000324","Greenwich 012","2023","58","58","490100.0","7100.0","4934.67","58.85","6","0.10344827586206896"
"E02000324","Greenwich 012","2024","53","53","521300.0","8400.0","4314.43","58.525000000000006","2","0.03773584905660377"
"E02000324","Greenwich 012","2025","53","53","521300.0","8400.0","4314.43","58.525000000000006","6","0.11320754716981132"
"E02000326","Greenwich 014","2019","35","35","263800.0","6600.0","2773.64","61.97","3","0.08571428571428572"
"E02000326","Greenwich 014","2023","36","36","257650.0","6600.0","2823.47","61.585","2","0.05555555555555555"
"E02000326","Greenwich 014","2024","33","33","356200.0","10250.0","2704.14","61.97","1","0.030303030303030304"
"E02000326","Greenwich 014","2025","33","33","356200.0","10250.0","2704.14","61.97","3","0.09090909090909091"
"E02000327","Greenwich 015","2019","10","10","108900.0","7550.0","1297.55","79.215","1","0.1"
"E02000327","Greenwich 015","2023","12","12","109400.0","5400.0","1432.06","77.7","0","0.0"
"E02000327","Greenwich 015","2024","11","11","113600.0","5800.0","1298.49","77.7","0","0.0"
"E02000327","Greenwich 015","2025","12","12","173600.0","6000.0","1894.7","77.7","1","0.08333333333333333"
"E02000328","Greenwich 016","2019","34","34","361450.0","9900.0","3362.81","59.254999999999995","1","0.029411764705882353"
"E02000328","Greenwich 016","2023","34","34","345700.0","9900.0","3068.55","58.004999999999995","1","0.029411764705882353"
"E02000328","Greenwich 016","2024","31","31","437400.0","12750.0","2992.53","59.3","1","0.03225806451612903"
"E02000328","Greenwich 016","2025","31","31","437400.0","12750.0","2992.53","59.3","3","0.0967741935483871"
"E02000329","Greenwich 017","2019","15","15","210150.0","6100.0","5209.49","111.0","0","0.0"
"E02000329","Greenwich 017","2023","17","17","185600.0","5500.0","5405.18","111.0","1","0.058823529411764705"
"E02000329","Greenwich 017","2024","14","14","225100.0","7050.0","5034.53","77.0","0","0.0"
"E02000329","Greenwich 017","2025","15","15","257600.0","7100.0","5309.87","94.0","0","0.0"
"E02000331","Greenwich 019","2019","56","56","595820.0","8400.0","4300.5","44.9","18","0.32142857142857145"
"E02000331","Greenwich 019","2023","56","56","553320.0","8400.0","4298.45","44.9","16","0.2857142857142857"
"E02000331","Greenwich 019","2024","53","53","577390.0","8700.0","2860.9","44.864999999999995","14","0.2641509433962264"
"E02000331","Greenwich 019","2025","52","52","558890.0","8450.0","2860.9","44.864999999999995","17","0.3269230769230769"
"E02000332","Greenwich 020","2019","7","7","99000.0","9400.0","346.26","63.9","0","0.0"
"E02000332","Greenwich 020","2023","7","7","99000.0","9400.0","346.26","63.9","0","0.0"
"E02000332","Greenwich 020","2024","7","7","80000.0","11250.0","346.26","63.9","0","0.0"
"E02000332","Greenwich 020","2025","7","7","80000.0","11250.0","346.26","63.9","0","0.0"
"E02000333","Greenwich 021","2019","49","49","1464200.0","16500.0","7680.91","88.95","1","0.02040816326530612"
"E02000333","Greenwich 021","2023","49","49","1429900.0","15500.0","7698.22","88.95","2","0.04081632653061224"
"E02000333","Greenwich 021","2024","48","48","1452850.0","16500.0","7671.51","94.5","0","0.0"
"E02000333","Greenwich 021","2025","48","48","1452850.0","16500.0","7671.51","94.5","3","0.0625"
"E02000334","Greenwich 022","2019","8","8","46850.0","4900.0","650.24","69.85","2","0.25"
"E02000334","Greenwich 022","2023","8","8","46850.0","4900.0","650.24","69.85","1","0.125"
"E02000334","Greenwich 022","2024","8","8","71950.0","8050.0","650.24","69.85","0","0.0"
"E02000334","Greenwich 022","2025","8","8","71950.0","8050.0","650.24","69.85","1","0.125"
"E02000335","Greenwich 023","2019","31","31","235450.0","7950.0","2149.13","50.99","1","0.03225806451612903"
"E02000335","Greenwich 023","2023","30","30","227350.0","7900.0","2096.8","55.71","1","0.03333333333333333"
"E02000335","Greenwich 023","2024","27","27","263250.0","8600.0","1952.77","60.43","1","0.037037037037037035"
"E02000335","Greenwich 023","2025","27","27","263550.0","8600.0","1952.77","60.43","0","0.0"
"E02000337","Greenwich 025","2019","12","12","770275.0","7100.0","10478.740000000002","84.7","0","0.0"
"E02000337","Greenwich 025","2023","16","16","625825.0","7200.0","15197.66","87.7","3","0.1875"
"E02000337","Greenwich 025","2024","15","15","870100.0","7900.0","10971.94","87.7","3","0.2"
"E02000337","Greenwich 025","2025","15","15","870100.0","7900.0","10971.94","87.7","3","0.2"
"E02000339","Greenwich 027","2019","173","173","3787100.0","10250.0","34132.4","78.0","8","0.046242774566473986"
"E02000339","Greenwich 027","2023","180","180","3920550.0","10250.0","35956.82","78.0","4","0.022222222222222223"
"E02000339","Greenwich 027","2024","174","174","3967290.0","11500.0","33714.31","77.8","2","0.011494252873563218"
"E02000339","Greenwich 027","2025","174","174","3983790.0","11500.0","33770.19","77.8","5","0.028735632183908046"
"E02000340","Greenwich 028","2019","184","184","5818275.0","13500.0","38782.770000000004","78.38","18","0.09782608695652174"
"E02000340","Greenwich 028","2023","202","202","5861450.0","13875.0","46829.44","79.1","12","0.0594059405940594"
"E02000340","Greenwich 028","2024","183","183","5664550.0","14125.0","36431.88","78.33","5","0.0273224043715847"
"E02000340","Greenwich 028","2025","180","180","5558000.0","14125.0","33920.1","78.28","8","0.044444444444444446"
"E02000341","Greenwich 029","2019","23","23","363175.0","4650.0","2851.84","52.605","3","0.13043478260869565"
"E02000341","Greenwich 029","2023","24","24","381925.0","4700.0","3126.74","52.91","3","0.125"
"E02000341","Greenwich 029","2024","21","21","398750.0","5800.0","2704.22","52.3","1","0.047619047619047616"
"E02000341","Greenwich 029","2025","21","21","398750.0","5800.0","2704.22","52.3","1","0.047619047619047616"
"E02000342","Greenwich 030","2019","54","54","492150.0","8600.0","3916.48","62.57","0","0.0"
"E02000342","Greenwich 030","2023","56","56","492250.0","8600.0","4120.41","62.58","0","0.0"
"E02000342","Greenwich 030","2024","50","50","529050.0","9300.0","3824.11","62.6","0","0.0"
"E02000342","Greenwich 030","2025","50","50","529050.0","9300.0","3824.11","62.6","0","0.0"
"E02000343","Greenwich 031","2019","46","46","387850.0","7100.0","3246.62","64.005","2","0.043478260869565216"
"E02000343","Greenwich 031","2023","52","52","382150.0","7100.0","3760.53","65.525","7","0.1346153846153846"
"E02000343","Greenwich 031","2024","46","46","447295.0","7950.0","3599.64","66.85","3","0.06521739130434782"
"E02000343","Greenwich 031","2025","46","46","447295.0","7950.0","3599.64","66.85","1","0.021739130434782608"
"E02000344","Greenwich 032","2019","44","44","652350.0","8500.0","6356.22","59.625","3","0.06818181818181818"
"E02000344","Greenwich 032","2023","46","46","647200.0","8400.0","6374.17","58.36","2","0.043478260869565216"
"E02000344","Greenwich 032","2024","39","39","670600.0","9300.0","6074.03","61.16","2","0.05128205128205128"
"E02000344","Greenwich 032","2025","39","39","670600.0","9300.0","6074.03","61.16","1","0.02564102564102564"
"E02000345","Hackney 001","2019","114","114","2750250.0","16500.0","15160.36","67.05000000000001","0","0.0"
"E02000345","Hackney 001","2023","128","128","2770100.0","16000.0","16091.06","67.05000000000001","0","0.0"
"E02000345","Hackney 001","2024","113","113","3134975.0","18500.0","14816.06","66.36","0","0.0"
"E02000345","Hackney 001","2025","113","113","3126000.0","18500.0","14789.66","66.36","0","0.0"
"E02000346","Hackney 002","2019","35","35","836200.0","17125.0","3719.42","61.57","0","0.0"
"E02000346","Hackney 002","2023","39","39","975900.0","17125.0","4686.53","68.19","0","0.0"
"E02000346","Hackney 002","2024","34","34","1064350.0","17875.0","3319.37","60.64","0","0.0"
"E02000346","Hackney 002","2025","34","34","960350.0","17875.0","3321.22","60.64","0","0.0"
"E02000347","Hackney 003","2019","24","24","301100.0","12000.0","2268.86","98.1","0","0.0"
"E02000347","Hackney 003","2023","26","26","306700.0","12000.0","2396.3","95.62","0","0.0"
"E02000347","Hackney 003","2024","25","25","326400.0","12500.0","2276.2599999999998","94.04","0","0.0"
"E02000347","Hackney 003","2025","25","25","326400.0","12500.0","2276.2599999999998","94.04","0","0.0"
"E02000348","Hackney 004","2019","35","35","1355330.0","9700.0","6640.3","65.45","0","0.0"
"E02000348","Hackney 004","2023","36","36","1388830.0","10250.0","6817.93","66.4","0","0.0"
"E02000348","Hackney 004","2024","32","32","1527850.0","11000.0","7023.92","65.45","0","0.0"
"E02000348","Hackney 004","2025","32","32","1527850.0","11000.0","7023.92","65.45","0","0.0"
"E02000350","Hackney 006","2019","124","124","1497050.0","10625.0","8565.94","58.6","0","0.0"
"E02000350","Hackney 006","2023","151","151","1585200.0","10500.0","9856.56","54.75","0","0.0"
"E02000350","Hackney 006","2024","135","135","1782075.0","11750.0","9275.74","56.1","0","0.0"
"E02000350","Hackney 006","2025","139","139","1745625.0","11750.0","9433.58","55.36","0","0.0"
"E02000351","Hackney 007","2019","96","96","1523725.0","14750.0","8054.68","62.795","0","0.0"
"E02000351","Hackney 007","2023","100","100","1735225.0","14875.0","8491.09","62.795","0","0.0"
"E02000351","Hackney 007","2024","94","94","1697410.0","14250.0","7710.87","62.795","0","0.0"
"E02000351","Hackney 007","2025","93","93","1687810.0","14375.0","7673.97","62.89","0","0.0"
"E02000352","Hackney 008","2019","24","24","669850.0","20125.0","2194.92","58.29","0","0.0"
"E02000352","Hackney 008","2023","27","27","723600.0","21500.0","2519.0099999999998","60.5","0","0.0"
"E02000352","Hackney 008","2024","25","25","832750.0","23500.0","2445.91","60.5","0","0.0"
"E02000352","Hackney 008","2025","25","25","832750.0","23500.0","2445.91","60.5","0","0.0"
"E02000353","Hackney 009","2019","304","304","6330675.0","18500.0","29053.21","78.82","0","0.0"
"E02000353","Hackney 009","2023","317","317","6226585.0","18500.0","30060.97","78.0","0","0.0"
"E02000353","Hackney 009","2024","296","296","6896665.0","21000.0","28376.87","77.85","0","0.0"
"E02000353","Hackney 009","2025","297","297","6877665.0","21000.0","28395.07","77.785","0","0.0"
"E02000354","Hackney 010","2019","98","98","1158525.0","11500.0","6533.14","61.224999999999994","0","0.0"
"E02000354","Hackney 010","2023","105","105","1205175.0","11750.0","7125.56","60.4","0","0.0"
"E02000354","Hackney 010","2024","80","80","1171365.0","12750.0","5657.9","63.95","0","0.0"
"E02000354","Hackney 010","2025","87","87","1256965.0","12750.0","5962.28","60.22","0","0.0"
"E02000355","Hackney 011","2019","143","143","1659900.0","9900.0","9979.62","57.78","0","0.0"
"E02000355","Hackney 011","2023","149","149","1659000.0","10000.0","10546.5","57.66","0","0.0"
"E02000355","Hackney 011","2024","136","136","1800600.0","10750.0","9992.87","57.78","0","0.0"
"E02000355","Hackney 011","2025","138","138","1789600.0","11000.0","10164.42","60.61","0","0.0"
"E02000356","Hackney 012","2019","105","105","1248950.0","11500.0","6318.28","58.95","0","0.0"
"E02000356","Hackney 012","2023","111","111","1202050.0","11250.0","6793.48","58.95","0","0.0"
"E02000356","Hackney 012","2024","101","101","1257510.0","11750.0","6268.37","58.415","0","0.0"
"E02000356","Hackney 012","2025","100","100","1243010.0","11750.0","6125.67","57.93","0","0.0"
"E02000357","Hackney 013","2019","12","12","142350.0","8250.0","925.6800000000001","52.9","0","0.0"
"E02000357","Hackney 013","2023","12","12","142350.0","8250.0","925.6800000000001","52.9","0","0.0"
"E02000357","Hackney 013","2024","12","12","141160.0","7950.0","925.6800000000001","52.9","0","0.0"
"E02000357","Hackney 013","2025","12","12","141160.0","7950.0","925.6800000000001","52.9","0","0.0"
"E02000358","Hackney 014","2019","205","205","3416135.0","15750.0","18424.15","73.2","0","0.0"
"E02000358","Hackney 014","2023","210","210","3353385.0","16000.0","18851.59","73.80000000000001","0","0.0"
"E02000358","Hackney 014","2024","189","189","4206480.0","18500.0","18124.36","76.965","0","0.0"
"E02000358","Hackney 014","2025","188","188","4088680.0","19250.0","18136.06","77.7","0","0.0"
"E02000359","Hackney 015","2019","78","78","988325.0","10500.0","6749.9400000000005","69.15","0","0.0"
"E02000359","Hackney 015","2023","83","83","955875.0","10500.0","7204.87","65.73","0","0.0"
"E02000359","Hackney 015","2024","76","76","1051450.0","11750.0","6211.42","68.65","0","0.0"
"E02000359","Hackney 015","2025","77","77","1051450.0","11750.0","6350.43","69.35","0","0.0"
"E02000360","Hackney 016","2019","103","103","1414400.0","9300.0","7874.41","50.74","0","0.0"
"E02000360","Hackney 016","2023","117","117","1513925.0","9300.0","9375.49","51.0","0","0.0"
"E02000360","Hackney 016","2024","104","104","1713990.0","11125.0","7747.97","50.74","0","0.0"
"E02000360","Hackney 016","2025","103","103","1720840.0","11750.0","7745.74","51.0","0","0.0"
"E02000361","Hackney 017","2019","301","301","8112950.0","17750.0","44308.66","73.91499999999999","0","0.0"
"E02000361","Hackney 017","2023","334","334","8202225.0","17250.0","48360.52","75.0","0","0.0"
"E02000361","Hackney 017","2024","300","300","8639475.0","18125.0","43937.37","73.62","0","0.0"
"E02000361","Hackney 017","2025","305","305","8582675.0","18125.0","43052.37","72.72","0","0.0"
"E02000362","Hackney 018","2019","76","76","1137580.0","11250.0","9468.18","76.81","0","0.0"
"E02000362","Hackney 018","2023","99","99","1400330.0","10000.0","10766.53","64.015","0","0.0"
"E02000362","Hackney 018","2024","89","89","1825700.0","11875.0","9625.4","58.5","0","0.0"
"E02000362","Hackney 018","2025","92","92","1881950.0","12000.0","10416.07","62.260000000000005","0","0.0"
"E02000363","Hackney 019","2019","95","95","2193650.0","11875.0","10863.48","60.0","0","0.0"
"E02000363","Hackney 019","2023","97","97","2075450.0","12000.0","10633.41","60.0","0","0.0"
"E02000363","Hackney 019","2024","90","90","2165800.0","12750.0","10261.89","60.0","0","0.0"
"E02000363","Hackney 019","2025","90","90","1917800.0","12600.0","10261.89","60.0","0","0.0"
"E02000364","Hackney 020","2019","204","204","6372125.0","12125.0","25075.76","34.89","0","0.0"
"E02000364","Hackney 020","2023","211","211","6371475.0","12500.0","26278.37","36.05","0","0.0"
"E02000364","Hackney 020","2024","205","205","6231075.0","13750.0","27344.629999999997","35.6","0","0.0"
"E02000364","Hackney 020","2025","204","204","6166875.0","13750.0","27315.629999999997","35.795","0","0.0"
"E02000366","Hackney 022","2019","103","103","1816650.0","13750.0","7216.1","64.0","0","0.0"
"E02000366","Hackney 022","2023","102","102","1781900.0","13750.0","7169.91","63.97","0","0.0"
"E02000366","Hackney 022","2024","98","98","1889065.0","14875.0","7183.41","64.0","0","0.0"
"E02000366","Hackney 022","2025","98","98","1889065.0","14875.0","7183.41","64.0","0","0.0"
"E02000367","Hackney 023","2019","235","235","4954180.0","14000.0","24506.93","67.39500000000001","0","0.0"
"E02000367","Hackney 023","2023","285","285","5845130.0","13750.0","31235.23","68.5","0","0.0"
"E02000367","Hackney 023","2024","267","267","6294490.0","15050.0","26758.03","67.73","0","0.0"
"E02000367","Hackney 023","2025","270","270","6322440.0","15250.0","28618.87","69.36","0","0.0"
"E02000368","Hackney 024","2019","66","66","648500.0","9400.0","4811.53","67.55","0","0.0"
"E02000368","Hackney 024","2023","66","66","617950.0","9550.0","4729.88","67.55","0","0.0"
"E02000368","Hackney 024","2024","62","62","696225.0","10500.0","4603.78","68.94999999999999","0","0.0"
"E02000368","Hackney 024","2025","64","64","696225.0","10500.0","4750.08","68.94999999999999","0","0.0"
"E02000369","Hackney 025","2019","171","171","2355980.0","9750.0","14942.67","60.695","0","0.0"
"E02000369","Hackney 025","2023","184","184","2585980.0","10250.0","16954.33","68.02","0","0.0"
"E02000369","Hackney 025","2024","170","170","3136990.0","12000.0","14696.66","63.59","0","0.0"
"E02000369","Hackney 025","2025","170","170","3041040.0","12000.0","15275.0","63.59","0","0.0"
"E02000370","Hackney 026","2019","55","55","1275150.0","10250.0","4893.34","59.65","0","0.0"
"E02000370","Hackney 026","2023","54","54","1049050.0","9800.0","4501.41","51.435","0","0.0"
"E02000370","Hackney 026","2024","53","53","1077000.0","9600.0","4485.389999999999","50.54","0","0.0"
"E02000370","Hackney 026","2025","54","54","1092250.0","9600.0","4791.83","51.435","0","0.0"
"E02000372","Hammersmith and Fulham 001","2019","106","106","1245150.0","10500.0","10567.39","66.08","11","0.10377358490566038"
"E02000372","Hammersmith and Fulham 001","2023","121","121","1683550.0","10750.0","13395.39","73.78999999999999","14","0.11570247933884298"
"E02000372","Hammersmith and Fulham 001","2024","103","103","1841800.0","11500.0","11627.0","73.78999999999999","9","0.08737864077669903"
"E02000372","Hammersmith and Fulham 001","2025","104","104","2151800.0","11500.0","12840.9","74.28","7","0.0673076923076923"
"E02000373","Hammersmith and Fulham 002","2019","15","15","263750.0","12000.0","1303.93","58.2","0","0.0"
"E02000373","Hammersmith and Fulham 002","2023","15","15","263750.0","12000.0","1303.93","58.2","0","0.0"
"E02000373","Hammersmith and Fulham 002","2024","15","15","274850.0","12500.0","1303.93","58.2","1","0.06666666666666667"
"E02000373","Hammersmith and Fulham 002","2025","15","15","275350.0","12500.0","1303.93","58.2","2","0.13333333333333333"
"E02000374","Hammersmith and Fulham 003","2019","28","28","394150.0","12500.0","1903.32","64.66499999999999","2","0.07142857142857142"
"E02000374","Hammersmith and Fulham 003","2023","28","28","368700.0","12750.0","1903.22","64.66499999999999","2","0.07142857142857142"
"E02000374","Hammersmith and Fulham 003","2024","25","25","375550.0","13500.0","1771.02","64.66499999999999","0","0.0"
"E02000374","Hammersmith and Fulham 003","2025","25","25","373800.0","13500.0","1757.51","64.66499999999999","0","0.0"
"E02000375","Hammersmith and Fulham 004","2019","534","534","139996675.0","174000.0","202305.33","137.1","56","0.10486891385767791"
"E02000375","Hammersmith and Fulham 004","2023","604","604","137895725.0","163700.0","237689.85","138.88","122","0.20198675496688742"
"E02000375","Hammersmith and Fulham 004","2024","557","557","86403360.0","107500.0","199871.88","142.77","93","0.16696588868940754"
"E02000375","Hammersmith and Fulham 004","2025","565","565","85031360.0","105000.0","205230.35","143.4","89","0.15752212389380532"
"E02000376","Hammersmith and Fulham 005","2019","291","291","6888255.0","19000.0","27169.81","83.4","20","0.06872852233676977"
"E02000376","Hammersmith and Fulham 005","2023","405","405","7318715.0","14500.0","29777.11","63.7","25","0.06172839506172839"
"E02000376","Hammersmith and Fulham 005","2024","387","387","7687095.0","15625.0","27703.16","62.144999999999996","23","0.059431524547803614"
"E02000376","Hammersmith and Fulham 005","2025","390","390","7551645.0","16250.0","28000.86","62.29","19","0.04871794871794872"
"E02000377","Hammersmith and Fulham 006","2019","144","144","2646925.0","13000.0","13379.699999999999","70.45","17","0.11805555555555555"
"E02000377","Hammersmith and Fulham 006","2023","145","145","2604375.0","12750.0","13292.199999999999","70.2","16","0.1103448275862069"
"E02000377","Hammersmith and Fulham 006","2024","139","139","2684500.0","14125.0","13117.82","71.7","11","0.07913669064748201"
"E02000377","Hammersmith and Fulham 006","2025","140","140","2681000.0","14250.0","13532.82","72.93","7","0.05"
"E02000378","Hammersmith and Fulham 007","2019","114","114","4511200.0","18250.0","25361.99","87.57499999999999","13","0.11403508771929824"
"E02000378","Hammersmith and Fulham 007","2023","121","121","4126200.0","17875.0","27635.59","86.6","20","0.1652892561983471"
"E02000378","Hammersmith and Fulham 007","2024","107","107","4368650.0","19500.0","20529.05","93.5","8","0.07476635514018691"
"E02000378","Hammersmith and Fulham 007","2025","108","108","4398150.0","18750.0","21395.45","90.8","4","0.037037037037037035"
"E02000379","Hammersmith and Fulham 008","2019","16","16","280475.0","11350.0","1678.13","39.0","0","0.0"
"E02000379","Hammersmith and Fulham 008","2023","16","16","269625.0","11350.0","1678.13","39.0","0","0.0"
"E02000379","Hammersmith and Fulham 008","2024","16","16","285925.0","8725.0","1678.13","39.0","0","0.0"
"E02000379","Hammersmith and Fulham 008","2025","18","18","325925.0","8725.0","1919.25","39.0","0","0.0"
"E02000380","Hammersmith and Fulham 009","2019","74","74","1266310.0","12625.0","6278.11","69.6","10","0.13513513513513514"
"E02000380","Hammersmith and Fulham 009","2023","74","74","1171810.0","12750.0","6288.17","69.6","14","0.1891891891891892"
"E02000380","Hammersmith and Fulham 009","2024","69","69","1309580.0","14750.0","5626.89","69.6","11","0.15942028985507245"
"E02000380","Hammersmith and Fulham 009","2025","69","69","1297430.0","15250.0","5626.89","69.6","9","0.13043478260869565"
"E02000381","Hammersmith and Fulham 010","2019","118","118","3634775.0","14500.0","18501.03","70.1","14","0.11864406779661017"
"E02000381","Hammersmith and Fulham 010","2023","119","119","3566725.0","14375.0","19066.63","70.7","16","0.13445378151260504"
"E02000381","Hammersmith and Fulham 010","2024","110","110","3663800.0","16000.0","13808.75","70.35","11","0.1"
"E02000381","Hammersmith and Fulham 010","2025","110","110","3657800.0","16000.0","13831.26","70.35","13","0.11818181818181818"
"E02000382","Hammersmith and Fulham 011","2019","144","144","3705300.0","19000.0","16732.29","81.41","20","0.1388888888888889"
"E02000382","Hammersmith and Fulham 011","2023","150","150","3740800.0","18750.0","17233.48","80.31","17","0.11333333333333333"
"E02000382","Hammersmith and Fulham 011","2024","147","147","3746420.0","18250.0","15136.08","80.7","17","0.11564625850340136"
"E02000382","Hammersmith and Fulham 011","2025","149","149","3738420.0","18000.0","15246.81","80.65","16","0.10738255033557047"
"E02000383","Hammersmith and Fulham 012","2019","129","129","2820575.0","15625.0","12473.96","76.25","13","0.10077519379844961"
"E02000383","Hammersmith and Fulham 012","2023","141","141","2980875.0","15875.0","14504.62","78.395","17","0.12056737588652482"
"E02000383","Hammersmith and Fulham 012","2024","135","135","2997900.0","15625.0","13421.23","75.6","15","0.1111111111111111"
"E02000383","Hammersmith and Fulham 012","2025","138","138","2990350.0","15500.0","13661.39","75.975","13","0.09420289855072464"
"E02000384","Hammersmith and Fulham 013","2019","310","310","20782030.0","43875.0","63564.54","91.35","30","0.0967741935483871"
"E02000384","Hammersmith and Fulham 013","2023","328","328","19344230.0","37500.0","78349.86","93.545","65","0.19817073170731708"
"E02000384","Hammersmith and Fulham 013","2024","279","279","18634900.0","39000.0","64228.06","91.74000000000001","36","0.12903225806451613"
"E02000384","Hammersmith and Fulham 013","2025","283","283","18601250.0","39000.0","64873.590000000004","91.74000000000001","31","0.10954063604240283"
"E02000385","Hammersmith and Fulham 014","2019","58","58","1202250.0","17750.0","4314.06","75.03","6","0.10344827586206896"
"E02000385","Hammersmith and Fulham 014","2023","62","62","1241750.0","17725.0","4440.33","74.1","4","0.06451612903225806"
"E02000385","Hammersmith and Fulham 014","2024","60","60","1276600.0","19250.0","4332.23","74.1","3","0.05"
"E02000385","Hammersmith and Fulham 014","2025","60","60","1276600.0","19250.0","4332.23","74.1","2","0.03333333333333333"
"E02000386","Hammersmith and Fulham 015","2019","106","106","1813750.0","14000.0","8821.83","66.49","13","0.12264150943396226"
"E02000386","Hammersmith and Fulham 015","2023","115","115","4372750.0","14000.0","17644.73","70.995","15","0.13043478260869565"
"E02000386","Hammersmith and Fulham 015","2024","104","104","4313975.0","14750.0","16304.539999999999","68.1","11","0.10576923076923077"
"E02000386","Hammersmith and Fulham 015","2025","107","107","4342725.0","14750.0","16556.24","68.37","7","0.06542056074766354"
"E02000387","Hammersmith and Fulham 016","2019","39","39","536150.0","10750.0","2778.4","62.95","5","0.1282051282051282"
"E02000387","Hammersmith and Fulham 016","2023","40","40","532700.0","10750.0","2661.81","63.075","3","0.075"
"E02000387","Hammersmith and Fulham 016","2024","38","38","556725.0","11250.0","2374.68","59.9","2","0.05263157894736842"
"E02000387","Hammersmith and Fulham 016","2025","38","38","556725.0","11250.0","2374.68","59.9","1","0.02631578947368421"
"E02000388","Hammersmith and Fulham 017","2019","234","234","9916250.0","26375.0","36990.59","100.9","32","0.13675213675213677"
"E02000388","Hammersmith and Fulham 017","2023","241","241","9705200.0","25500.0","38181.17","100.9","37","0.15352697095435686"
"E02000388","Hammersmith and Fulham 017","2024","236","236","10333575.0","28250.0","35961.06","100.9","34","0.1440677966101695"
"E02000388","Hammersmith and Fulham 017","2025","238","238","9662425.0","28625.0","35985.07","100.9","26","0.1092436974789916"
"E02000389","Hammersmith and Fulham 018","2019","109","109","2943750.0","17375.0","9341.28","75.4","15","0.13761467889908258"
"E02000389","Hammersmith and Fulham 018","2023","119","119","3025550.0","18000.0","10819.78","75.42","13","0.1092436974789916"
"E02000389","Hammersmith and Fulham 018","2024","108","108","3171200.0","19000.0","9600.67","75.05000000000001","7","0.06481481481481481"
"E02000389","Hammersmith and Fulham 018","2025","109","109","3124950.0","19000.0","9751.85","75.4","9","0.08256880733944955"
"E02000390","Hammersmith and Fulham 019","2019","137","137","2257850.0","13250.0","10822.09","65.47999999999999","13","0.0948905109489051"
"E02000390","Hammersmith and Fulham 019","2023","143","143","2008625.0","12750.0","11249.6","61.9","16","0.11188811188811189"
"E02000390","Hammersmith and Fulham 019","2024","123","123","2180150.0","14000.0","9071.57","57.08","8","0.06504065040650407"
"E02000390","Hammersmith and Fulham 019","2025","123","123","2161400.0","14000.0","9071.57","57.08","7","0.056910569105691054"
"E02000391","Hammersmith and Fulham 020","2019","190","190","9236890.0","32375.0","22296.35","98.2","17","0.08947368421052632"
"E02000391","Hammersmith and Fulham 020","2023","217","217","9403390.0","30000.0","23983.3","92.13","29","0.1336405529953917"
"E02000391","Hammersmith and Fulham 020","2024","205","205","8772800.0","32250.0","21955.63","92.495","29","0.14146341463414633"
"E02000391","Hammersmith and Fulham 020","2025","205","205","8666300.0","31625.0","22322.79","92.73","12","0.05853658536585366"
"E02000392","Hammersmith and Fulham 021","2019","277","277","10729575.0","27375.0","38285.44","90.63","17","0.061371841155234655"
"E02000392","Hammersmith and Fulham 021","2023","290","290","10475075.0","27500.0","39138.14","89.45","20","0.06896551724137931"
"E02000392","Hammersmith and Fulham 021","2024","268","268","11220025.0","30000.0","36693.73","88.54","18","0.06716417910447761"
"E02000392","Hammersmith and Fulham 021","2025","267","267","11205525.0","30000.0","36632.25","88.83500000000001","11","0.04119850187265917"
"E02000393","Hammersmith and Fulham 022","2019","66","66","823400.0","12125.0","4525.4800000000005","61.349999999999994","9","0.13636363636363635"
"E02000393","Hammersmith and Fulham 022","2023","71","71","898900.0","12250.0","5078.7300000000005","63.82","7","0.09859154929577464"
"E02000393","Hammersmith and Fulham 022","2024","65","65","995800.0","13750.0","4754.4","64.11","5","0.07692307692307693"
"E02000393","Hammersmith and Fulham 022","2025","64","64","965800.0","13750.0","4670.5","63.82","4","0.0625"
"E02000394","Hammersmith and Fulham 023","2019","152","152","10469580.0","42625.0","73604.45","87.93","19","0.125"
"E02000394","Hammersmith and Fulham 023","2023","189","189","11707030.0","44875.0","90954.74","89.0","27","0.14285714285714285"
"E02000394","Hammersmith and Fulham 023","2024","158","158","12032440.0","53250.0","31674.089999999997","88.37","14","0.08860759493670886"
"E02000394","Hammersmith and Fulham 023","2025","166","166","12798440.0","54000.0","32902.49","89.995","13","0.0783132530120482"
"E02000395","Hammersmith and Fulham 024","2019","158","158","3627395.0","18125.0","14930.0","79.63","14","0.08860759493670886"
"E02000395","Hammersmith and Fulham 024","2023","169","169","3693495.0","18125.0","15673.42","78.4","16","0.09467455621301775"
"E02000395","Hammersmith and Fulham 024","2024","163","163","3952005.0","19500.0","15505.42","78.4","13","0.07975460122699386"
"E02000395","Hammersmith and Fulham 024","2025","164","164","3960005.0","19500.0","15585.35","77.95","11","0.06707317073170732"
"E02000396","Hammersmith and Fulham 025","2019","106","106","4253300.0","22250.0","31822.949999999997","87.89","15","0.14150943396226415"
"E02000396","Hammersmith and Fulham 025","2023","112","112","2852900.0","21625.0","32080.95","86.91","15","0.13392857142857142"
"E02000396","Hammersmith and Fulham 025","2024","98","98","3041800.0","23750.0","10820.15","85.745","11","0.11224489795918367"
"E02000396","Hammersmith and Fulham 025","2025","97","97","3020800.0","23625.0","10652.93","83.6","7","0.07216494845360824"
"E02000397","Haringey 001","2019","114","114","1170125.0","9250.0","7706.42","49.5","0","0.0"
"E02000397","Haringey 001","2023","117","117","1177525.0","9350.0","7838.8099999999995","49.0","5","0.042735042735042736"
"E02000397","Haringey 001","2024","109","109","1075975.0","8250.0","7167.51","47.47","1","0.009174311926605505"
"E02000397","Haringey 001","2025","109","109","1075475.0","8250.0","7167.51","47.47","0","0.0"
"E02000398","Haringey 002","2019","45","45","295050.0","5900.0","2875.05","60.13","0","0.0"
"E02000398","Haringey 002","2023","45","45","295050.0","5900.0","2875.05","60.13","3","0.06666666666666667"
"E02000398","Haringey 002","2024","44","44","357500.0","7000.0","2751.4","59.485","3","0.06818181818181818"
"E02000398","Haringey 002","2025","46","46","499500.0","7000.0","8954.970000000001","59.485","3","0.06521739130434782"
"E02000400","Haringey 004","2019","46","46","1395100.0","15125.0","12364.75","73.79","0","0.0"
"E02000400","Haringey 004","2023","46","46","1415100.0","15125.0","12364.75","73.79","0","0.0"
"E02000400","Haringey 004","2024","49","49","1498900.0","16000.0","13323.46","74.93","1","0.02040816326530612"
"E02000400","Haringey 004","2025","49","49","1498900.0","16000.0","13323.46","74.93","1","0.02040816326530612"
"E02000401","Haringey 005","2019","48","48","322850.0","5500.0","2692.19","38.64","0","0.0"
"E02000401","Haringey 005","2023","48","48","322850.0","5500.0","2692.19","38.64","0","0.0"
"E02000401","Haringey 005","2024","48","48","487950.0","7100.0","2937.92","38.64","0","0.0"
"E02000401","Haringey 005","2025","50","50","547950.0","7300.0","3366.72","39.57","0","0.0"
"E02000402","Haringey 006","2019","6","6","46200.0","7800.0","289.11","35.504999999999995","0","0.0"
"E02000402","Haringey 006","2023","6","6","46200.0","7800.0","289.11","35.504999999999995","0","0.0"
"E02000402","Haringey 006","2024","6","6","58550.0","9350.0","289.11","35.504999999999995","0","0.0"
"E02000402","Haringey 006","2025","6","6","58550.0","9350.0","289.11","35.504999999999995","0","0.0"
"E02000403","Haringey 007","2019","70","70","1001650.0","12750.0","4869.36","63.555","1","0.014285714285714285"
"E02000403","Haringey 007","2023","79","79","1027575.0","12750.0","6657.94","62.084999999999994","3","0.0379746835443038"
"E02000403","Haringey 007","2024","72","72","910285.0","11000.0","8145.0","61.85","0","0.0"
"E02000403","Haringey 007","2025","73","73","911785.0","11000.0","8300.1","61.86","0","0.0"
"E02000404","Haringey 008","2019","77","77","1026550.0","11000.0","6125.6","56.105000000000004","2","0.025974025974025976"
"E02000404","Haringey 008","2023","80","80","993800.0","11500.0","6397.52","57.45","2","0.025"
"E02000404","Haringey 008","2024","70","70","933800.0","10500.0","5784.13","57.815","1","0.014285714285714285"
"E02000404","Haringey 008","2025","70","70","934550.0","10500.0","5784.13","57.815","1","0.014285714285714285"
"E02000405","Haringey 009","2019","62","62","932050.0","10750.0","9247.14","65.75","1","0.016129032258064516"
"E02000405","Haringey 009","2023","65","65","899750.0","10750.0","9452.7","65.5","4","0.06153846153846154"
"E02000405","Haringey 009","2024","57","57","819075.0","10250.0","8678.94","65.5","0","0.0"
"E02000405","Haringey 009","2025","60","60","828575.0","10250.0","8840.82","65.21000000000001","0","0.0"
"E02000406","Haringey 010","2019","49","49","532700.0","9900.0","3057.27","45.67","2","0.04081632653061224"
"E02000406","Haringey 010","2023","51","51","534050.0","10000.0","3231.38","45.67","1","0.0196078431372549"
"E02000406","Haringey 010","2024","48","48","472760.0","8800.0","3100.27","47.085","1","0.020833333333333332"
"E02000406","Haringey 010","2025","48","48","472760.0","8800.0","3100.27","47.085","1","0.020833333333333332"
"E02000407","Haringey 011","2019","154","154","2454775.0","12500.0","13757.210000000001","63.025","2","0.012987012987012988"
"E02000407","Haringey 011","2023","161","161","2284940.0","12500.0","13801.42","63.05","4","0.024844720496894408"
"E02000407","Haringey 011","2024","151","151","2596675.0","15000.0","12528.45","62.82","2","0.013245033112582781"
"E02000407","Haringey 011","2025","152","152","2624175.0","15000.0","12676.0","62.935","2","0.013157894736842105"
"E02000408","Haringey 012","2019","107","107","2819000.0","16500.0","17697.29","77.035","2","0.018691588785046728"
"E02000408","Haringey 012","2023","110","110","2801600.0","17250.0","18626.93","77.84","4","0.03636363636363636"
"E02000408","Haringey 012","2024","102","102","3089510.0","18500.0","17040.170000000002","77.01","1","0.00980392156862745"
"E02000408","Haringey 012","2025","102","102","3063510.0","18500.0","17040.170000000002","77.01","1","0.00980392156862745"
"E02000409","Haringey 013","2019","29","29","415175.0","11000.0","2309.48","61.974999999999994","0","0.0"
"E02000409","Haringey 013","2023","30","30","433925.0","12000.0","2466.58","62.66","2","0.06666666666666667"
"E02000409","Haringey 013","2024","30","30","469975.0","13250.0","2466.58","62.66","0","0.0"
"E02000409","Haringey 013","2025","30","30","469975.0","13250.0","2466.58","62.66","0","0.0"
"E02000410","Haringey 014","2019","84","84","2850000.0","32250.0","12263.16","97.315","3","0.03571428571428571"
"E02000410","Haringey 014","2023","88","88","2826000.0","33000.0","12728.23","97.545","4","0.045454545454545456"
"E02000410","Haringey 014","2024","78","78","2304100.0","28250.0","9560.97","94.78","7","0.08974358974358974"
"E02000410","Haringey 014","2025","79","79","2537850.0","28750.0","10460.0","95.25","6","0.0759493670886076"
"E02000411","Haringey 015","2019","32","32","523410.0","5500.0","4327.71","51.36","3","0.09375"
"E02000411","Haringey 015","2023","36","36","267810.0","5500.0","5643.7699999999995","61.295","3","0.08333333333333333"
"E02000411","Haringey 015","2024","26","26","441955.0","7200.0","2734.42","48.625","1","0.038461538461538464"
"E02000411","Haringey 015","2025","27","27","528445.0","8600.0","3145.44","50.1","0","0.0"
"E02000412","Haringey 016","2019","430","430","26192650.0","43500.0","114492.03","85.38","4","0.009302325581395349"
"E02000412","Haringey 016","2023","467","467","23804200.0","37375.0","117792.44","82.655","24","0.05139186295503212"
"E02000412","Haringey 016","2024","422","422","19938525.0","29375.0","98321.62","83.5","10","0.023696682464454975"
"E02000412","Haringey 016","2025","429","429","19890525.0","29250.0","97348.37","83.7","10","0.023310023310023312"
"E02000413","Haringey 017","2019","37","37","815800.0","22250.0","2627.23","75.4","1","0.02702702702702703"
"E02000413","Haringey 017","2023","36","36","784800.0","22000.0","2548.33","73.1","0","0.0"
"E02000413","Haringey 017","2024","35","35","699250.0","21000.0","2548.33","73.1","0","0.0"
"E02000413","Haringey 017","2025","35","35","699250.0","21000.0","2548.33","73.1","0","0.0"
"E02000414","Haringey 018","2019","48","48","413100.0","8300.0","3159.99","54.695","0","0.0"
"E02000414","Haringey 018","2023","48","48","410500.0","8400.0","3127.1","54.695","0","0.0"
"E02000414","Haringey 018","2024","47","47","569650.0","11750.0","3078.9","55.19","0","0.0"
"E02000414","Haringey 018","2025","47","47","569650.0","11750.0","3078.9","55.19","0","0.0"
"E02000415","Haringey 019","2019","109","109","1407675.0","10750.0","7574.1","48.46","1","0.009174311926605505"
"E02000415","Haringey 019","2023","113","113","1366825.0","10750.0","7841.41","48.46","4","0.035398230088495575"
"E02000415","Haringey 019","2024","101","101","1642760.0","14375.0","6909.6900000000005","47.795","2","0.019801980198019802"
"E02000415","Haringey 019","2025","101","101","1641710.0","14500.0","6909.6900000000005","47.795","2","0.019801980198019802"
"E02000416","Haringey 020","2019","99","99","1769875.0","12250.0","9092.2","54.74","1","0.010101010101010102"
"E02000416","Haringey 020","2023","102","102","1923575.0","12500.0","9488.7","54.74","4","0.0392156862745098"
"E02000416","Haringey 020","2024","95","95","2354200.0","15000.0","9861.55","53.67","3","0.031578947368421054"
"E02000416","Haringey 020","2025","95","95","2354200.0","15000.0","9861.55","53.67","3","0.031578947368421054"
"E02000417","Haringey 021","2019","164","164","6301375.0","30000.0","18330.87","82.79","5","0.03048780487804878"
"E02000417","Haringey 021","2023","168","168","6143750.0","30500.0","19072.57","83.98","5","0.02976190476190476"
"E02000417","Haringey 021","2024","161","161","5576900.0","28750.0","18109.43","82.245","1","0.006211180124223602"
"E02000417","Haringey 021","2025","161","161","5576900.0","28750.0","18109.43","82.245","1","0.006211180124223602"
"E02000418","Haringey 022","2019","38","38","806450.0","12125.0","2698.74","56.51","0","0.0"
"E02000418","Haringey 022","2023","40","40","753200.0","11750.0","2738.2999999999997","56.33","2","0.05"
"E02000418","Haringey 022","2024","37","37","728775.0","13500.0","2345.4","56.33","1","0.02702702702702703"
"E02000418","Haringey 022","2025","38","38","728775.0","13500.0","2345.4","56.33","1","0.02631578947368421"
"E02000419","Haringey 023","2019","213","213","3815350.0","16000.0","20493.51","76.26","2","0.009389671361502348"
"E02000419","Haringey 023","2023","221","221","3689650.0","16000.0","21042.34","76.2","7","0.03167420814479638"
"E02000419","Haringey 023","2024","207","207","4319700.0","18500.0","18773.8","75.65","2","0.00966183574879227"
"E02000419","Haringey 023","2025","208","208","4340450.0","18500.0","18830.28","75.43","2","0.009615384615384616"
"E02000420","Haringey 024","2019","229","229","2885275.0","11500.0","14380.76","47.195","2","0.008733624454148471"
"E02000420","Haringey 024","2023","245","245","2872850.0","11500.0","15136.14","46.765","6","0.024489795918367346"
"E02000420","Haringey 024","2024","228","228","3818520.0","15250.0","13871.58","46.27","3","0.013157894736842105"
"E02000420","Haringey 024","2025","226","226","3802220.0","15500.0","13892.87","46.53","3","0.01327433628318584"
"E02000421","Haringey 025","2019","136","136","6358250.0","10375.0","34021.33","57.68","5","0.03676470588235294"
"E02000421","Haringey 025","2023","143","143","6156475.0","10750.0","33354.01","57.04","3","0.02097902097902098"
"E02000421","Haringey 025","2024","135","135","6188775.0","12500.0","32919.51","58.105000000000004","2","0.014814814814814815"
"E02000421","Haringey 025","2025","135","135","6188775.0","12500.0","32919.51","58.105000000000004","2","0.014814814814814815"
"E02000422","Haringey 026","2019","47","47","1159475.0","11500.0","8319.470000000001","71.89","0","0.0"
"E02000422","Haringey 026","2023","54","54","1169125.0","11500.0","8971.880000000001","71.18","2","0.037037037037037035"
"E02000422","Haringey 026","2024","45","45","1272150.0","12250.0","8187.4400000000005","71.89","0","0.0"
"E02000422","Haringey 026","2025","45","45","1249650.0","12250.0","8187.4400000000005","71.89","0","0.0"
"E02000423","Haringey 027","2019","104","104","2111375.0","18500.0","10877.27","83.85","1","0.009615384615384616"
"E02000423","Haringey 027","2023","107","107","2089225.0","18500.0","11801.29","84.45","3","0.028037383177570093"
"E02000423","Haringey 027","2024","98","98","2343875.0","21250.0","10690.37","84.375","3","0.030612244897959183"
"E02000423","Haringey 027","2025","100","100","2426125.0","21500.0","11194.28","85.205","3","0.03"
"E02000424","Haringey 028","2019","64","64","655350.0","9450.0","3814.0099999999998","52.254999999999995","2","0.03125"
"E02000424","Haringey 028","2023","66","66","644400.0","9700.0","3893.79","53.04","2","0.030303030303030304"
"E02000424","Haringey 028","2024","61","61","756300.0","11500.0","3751.15","52.254999999999995","0","0.0"
"E02000424","Haringey 028","2025","61","61","756300.0","11500.0","3751.15","52.254999999999995","0","0.0"
"E02000425","Haringey 029","2019","51","51","583350.0","9700.0","3493.55","57.97","0","0.0"
"E02000425","Haringey 029","2023","52","52","557500.0","9700.0","3777.05","59.485","3","0.057692307692307696"
"E02000425","Haringey 029","2024","46","46","686950.0","12125.0","3429.91","57.97","1","0.021739130434782608"
"E02000425","Haringey 029","2025","46","46","686950.0","12125.0","3429.91","57.97","1","0.021739130434782608"
"E02000426","Haringey 030","2019","65","65","1126850.0","10000.0","3334.2","51.21","1","0.015384615384615385"
"E02000426","Haringey 030","2023","69","69","1128150.0","10000.0","3515.24","50.345","3","0.043478260869565216"
"E02000426","Haringey 030","2024","65","65","1050820.0","11000.0","3249.95","50.345","3","0.046153846153846156"
"E02000426","Haringey 030","2025","65","65","1050820.0","11000.0","3249.95","50.345","2","0.03076923076923077"
"E02000427","Haringey 031","2019","97","97","5536650.0","16000.0","31590.86","78.0","0","0.0"
"E02000427","Haringey 031","2023","106","106","5470900.0","16750.0","40279.09","76.93","3","0.02830188679245283"
"E02000427","Haringey 031","2024","90","90","5466600.0","19250.0","24739.45","79.03","1","0.011111111111111112"
"E02000427","Haringey 031","2025","90","90","5541600.0","19875.0","25282.45","79.03","0","0.0"
"E02000428","Haringey 032","2019","69","69","748600.0","9100.0","6031.88","59.245000000000005","0","0.0"
"E02000428","Haringey 032","2023","72","72","732100.0","9800.0","6235.7699999999995","58.79","1","0.013888888888888888"
"E02000428","Haringey 032","2024","65","65","860700.0","11750.0","5714.73","59.245000000000005","1","0.015384615384615385"
"E02000428","Haringey 032","2025","64","64","851250.0","11875.0","5630.92","58.79","1","0.015625"
"E02000429","Haringey 033","2019","4","4","79750.0","19500.0","237.91","49.25","0","0.0"
"E02000429","Haringey 033","2023","4","4","94000.0","21625.0","256.91","58.75","0","0.0"
"E02000429","Haringey 033","2024","4","4","106500.0","25000.0","256.91","58.75","0","0.0"
"E02000429","Haringey 033","2025","4","4","87750.0","31250.0","256.91","58.75","0","0.0"
"E02000430","Haringey 034","2019","273","273","9176025.0","29375.0","27946.170000000002","74.68","7","0.02564102564102564"
"E02000430","Haringey 034","2023","277","277","8950775.0","27875.0","29172.46","75.185","6","0.021660649819494584"
"E02000430","Haringey 034","2024","263","263","9112930.0","29250.0","26898.34","77.05","1","0.0038022813688212928"
"E02000430","Haringey 034","2025","265","265","9101180.0","29375.0","27069.63","77.05","1","0.0037735849056603774"
"E02000431","Haringey 035","2019","137","137","2335700.0","11000.0","15858.96","65.4","0","0.0"
"E02000431","Haringey 035","2023","144","144","2363950.0","11500.0","18771.89","67.22","4","0.027777777777777776"
"E02000431","Haringey 035","2024","130","130","2537950.0","12500.0","12512.02","65.4","0","0.0"
"E02000431","Haringey 035","2025","131","131","2545350.0","12500.0","12548.61","64.80000000000001","0","0.0"
"E02000432","Haringey 036","2019","60","60","813650.0","12375.0","3836.77","54.15","0","0.0"
"E02000432","Haringey 036","2023","64","64","825700.0","12500.0","4054.1","52.08","0","0.0"
"E02000432","Haringey 036","2024","62","62","953400.0","14250.0","3902.88","49.98","0","0.0"
"E02000432","Haringey 036","2025","62","62","946000.0","14500.0","3902.88","49.98","0","0.0"
"E02000433","Harrow 001","2019","119","119","4344725.0","25250.0","18703.33","86.1","10","0.08403361344537816"
"E02000433","Harrow 001","2023","131","131","4229925.0","24750.0","24589.69","87.7","12","0.0916030534351145"
"E02000433","Harrow 001","2024","111","111","4486200.0","24500.0","18050.989999999998","86.1","3","0.02702702702702703"
"E02000433","Harrow 001","2025","110","110","4487500.0","24875.0","18080.35","86.1","3","0.02727272727272727"
"E02000434","Harrow 002","2019","107","107","1518500.0","11250.0","9851.42","54.16","3","0.028037383177570093"
"E02000434","Harrow 002","2023","108","108","1445300.0","11250.0","9917.1","54.28","2","0.018518518518518517"
"E02000434","Harrow 002","2024","98","98","1513500.0","11500.0","8805.39","54.28","2","0.02040816326530612"
"E02000434","Harrow 002","2025","97","97","1513100.0","11625.0","8803.39","54.4","2","0.020618556701030927"
"E02000435","Harrow 003","2019","12","12","279550.0","12125.0","1513.9","46.5","0","0.0"
"E02000435","Harrow 003","2023","12","12","282050.0","12125.0","1513.9","46.5","0","0.0"
"E02000435","Harrow 003","2024","12","12","271300.0","12625.0","1489.1100000000001","46.5","0","0.0"
"E02000435","Harrow 003","2025","12","12","268550.0","12625.0","1367.06","46.5","0","0.0"
"E02000436","Harrow 004","2019","4","4","211750.0","36875.0","6529.099999999999","3264.5499999999997","0","0.0"
"E02000436","Harrow 004","2023","5","5","192750.0","36875.0","13001.0","6471.9","0","0.0"
"E02000436","Harrow 004","2024","4","4","234800.0","53900.0","6529.099999999999","3264.5499999999997","0","0.0"
"E02000436","Harrow 004","2025","4","4","234800.0","53900.0","6529.099999999999","3264.5499999999997","0","0.0"
"E02000437","Harrow 005","2019","54","54","2299700.0","10875.0","15475.01","68.8","1","0.018518518518518517"
"E02000437","Harrow 005","2023","59","59","2303925.0","11000.0","19531.17","70.5","0","0.0"
"E02000437","Harrow 005","2024","54","54","2435300.0","13000.0","10956.93","68.8","0","0.0"
"E02000437","Harrow 005","2025","53","53","2435100.0","13250.0","10955.93","69.65","0","0.0"
"E02000438","Harrow 006","2019","96","96","3753325.0","22750.0","15473.92","84.9","4","0.041666666666666664"
"E02000438","Harrow 006","2023","101","101","3690050.0","23000.0","26570.7","88.675","3","0.0297029702970297"
"E02000438","Harrow 006","2024","92","92","4034925.0","26250.0","15226.98","88.675","3","0.03260869565217391"
"E02000438","Harrow 006","2025","93","93","4043575.0","26500.0","20901.21","91.8","2","0.021505376344086023"
"E02000439","Harrow 007","2019","102","102","2225475.0","13625.0","13365.86","69.87","4","0.0392156862745098"
"E02000439","Harrow 007","2023","108","108","2025150.0","15875.0","13849.11","69.735","4","0.037037037037037035"
"E02000439","Harrow 007","2024","91","91","2197950.0","18250.0","11782.380000000001","78.03","4","0.04395604395604396"
"E02000439","Harrow 007","2025","93","93","2198450.0","15375.0","11939.640000000001","77.63999999999999","3","0.03225806451612903"
"E02000440","Harrow 008","2019","43","43","723050.0","13500.0","4070.11","77.0","2","0.046511627906976744"
"E02000440","Harrow 008","2023","45","45","681400.0","13375.0","4167.32","74.4","2","0.044444444444444446"
"E02000440","Harrow 008","2024","40","40","730450.0","15125.0","3965.13","77.0","0","0.0"
"E02000440","Harrow 008","2025","40","40","732200.0","15125.0","3983.22","77.0","0","0.0"
"E02000441","Harrow 009","2019","28","28","1084850.0","9500.0","5748.02","67.8","2","0.07142857142857142"
"E02000441","Harrow 009","2023","32","32","1081250.0","9500.0","9140.78","69.1","4","0.125"
"E02000441","Harrow 009","2024","27","27","1141150.0","10000.0","5450.92","67.46000000000001","1","0.037037037037037035"
"E02000441","Harrow 009","2025","27","27","1141150.0","10000.0","5450.92","67.46000000000001","1","0.037037037037037035"
"E02000442","Harrow 010","2019","46","46","778850.0","15250.0","4503.5199999999995","77.56","0","0.0"
"E02000442","Harrow 010","2023","48","48","813100.0","15375.0","4750.43","80.3","0","0.0"
"E02000442","Harrow 010","2024","46","46","982800.0","19125.0","4487.53","80.3","0","0.0"
"E02000442","Harrow 010","2025","46","46","982800.0","19125.0","4487.53","80.3","0","0.0"
"E02000443","Harrow 011","2019","127","127","1695185.0","12000.0","13687.57","77.55","4","0.031496062992125984"
"E02000443","Harrow 011","2023","138","138","1810800.0","12000.0","15033.12","77.0","2","0.014492753623188406"
"E02000443","Harrow 011","2024","125","125","2041550.0","13750.0","12262.68","76.85","1","0.008"
"E02000443","Harrow 011","2025","128","128","2052650.0","13750.0","12405.4","76.3","1","0.0078125"
"E02000444","Harrow 012","2019","64","64","1216800.0","17875.0","6350.09","81.09","3","0.046875"
"E02000444","Harrow 012","2023","84","84","1291300.0","15000.0","6884.97","64.5","2","0.023809523809523808"
"E02000444","Harrow 012","2024","78","78","1477450.0","18375.0","6135.47","63.285","1","0.01282051282051282"
"E02000444","Harrow 012","2025","79","79","1484350.0","18750.0","6201.31","64.17","1","0.012658227848101266"
"E02000445","Harrow 013","2019","119","119","1706520.0","13250.0","12396.64","72.895","4","0.03361344537815126"
"E02000445","Harrow 013","2023","129","129","1591870.0","12375.0","13823.11","68.8","5","0.03875968992248062"
"E02000445","Harrow 013","2024","103","103","1692570.0","13750.0","10066.64","65.6","2","0.019417475728155338"
"E02000445","Harrow 013","2025","105","105","1702820.0","13750.0","10190.36","65.6","2","0.01904761904761905"
"E02000447","Harrow 015","2019","38","38","289075.0","7650.0","11022.83","51.8","3","0.07894736842105263"
"E02000447","Harrow 015","2023","40","40","289875.0","7600.0","11119.32","51.8","2","0.05"
"E02000447","Harrow 015","2024","35","35","318825.0","8500.0","6349.99","48.7","2","0.05714285714285714"
"E02000447","Harrow 015","2025","35","35","318825.0","8500.0","6349.99","48.7","2","0.05714285714285714"
"E02000448","Harrow 016","2019","163","163","5419160.0","18750.0","23619.82","62.8","9","0.05521472392638037"
"E02000448","Harrow 016","2023","174","174","5241210.0","18875.0","29721.22","64.25","6","0.034482758620689655"
"E02000448","Harrow 016","2024","158","158","5838875.0","21125.0","22781.57","62.2","1","0.006329113924050633"
"E02000448","Harrow 016","2025","159","159","5866875.0","21250.0","22930.63","63.825","1","0.006289308176100629"
"E02000449","Harrow 017","2019","17","17","281200.0","16000.0","1336.67","57.6","1","0.058823529411764705"
"E02000449","Harrow 017","2023","19","19","280200.0","16125.0","6083.530000000001","62.7","0","0.0"
"E02000449","Harrow 017","2024","16","16","309700.0","17625.0","1339.97","60.150000000000006","0","0.0"
"E02000449","Harrow 017","2025","16","16","310200.0","17875.0","1342.2","60.565","0","0.0"
"E02000451","Harrow 019","2019","85","85","1208000.0","12500.0","8871.48","76.3","3","0.03529411764705882"
"E02000451","Harrow 019","2023","87","87","1213250.0","12500.0","9045.32","79.25","3","0.034482758620689655"
"E02000451","Harrow 019","2024","79","79","1353075.0","14500.0","8410.4","79.7","1","0.012658227848101266"
"E02000451","Harrow 019","2025","79","79","1353075.0","14500.0","8410.4","79.7","1","0.012658227848101266"
"E02000452","Harrow 020","2019","218","218","8318400.0","21250.0","64370.479999999996","77.525","11","0.05045871559633028"
"E02000452","Harrow 020","2023","237","237","8242850.0","21625.0","87080.44","78.6","10","0.04219409282700422"
"E02000452","Harrow 020","2024","212","212","7457650.0","19750.0","55650.76","78.6","6","0.02830188679245283"
"E02000452","Harrow 020","2025","209","209","7429800.0","20000.0","55538.08","79.45","4","0.019138755980861243"
"E02000453","Harrow 021","2019","76","76","2300805.0","12125.0","24997.83","74.045","3","0.039473684210526314"
"E02000453","Harrow 021","2023","84","84","2326405.0","11000.0","25941.65","72.1","4","0.047619047619047616"
"E02000453","Harrow 021","2024","74","74","2551725.0","13250.0","13608.42","72.1","1","0.013513513513513514"
"E02000453","Harrow 021","2025","74","74","2551725.0","13250.0","13608.42","72.1","0","0.0"
"E02000454","Harrow 022","2019","20","20","291600.0","10125.0","1538.13","53.6","0","0.0"
"E02000454","Harrow 022","2023","22","22","245850.0","10000.0","1643.8300000000002","53.6","0","0.0"
"E02000454","Harrow 022","2024","20","20","313800.0","13125.0","1431.17","53.6","0","0.0"
"E02000454","Harrow 022","2025","20","20","313800.0","13125.0","1431.17","53.6","0","0.0"
"E02000455","Harrow 023","2019","240","240","15158025.0","40500.0","72200.7","107.05000000000001","11","0.04583333333333333"
"E02000455","Harrow 023","2023","259","259","13576450.0","38000.0","73897.08","103.49000000000001","20","0.07722007722007722"
"E02000455","Harrow 023","2024","227","227","10774350.0","33000.0","60210.65","107.05000000000001","15","0.06607929515418502"
"E02000455","Harrow 023","2025","229","229","10841750.0","32500.0","60537.38","107.05000000000001","12","0.05240174672489083"
"E02000456","Harrow 024","2019","26","26","217425.0","7900.0","1509.13","60.4","1","0.038461538461538464"
"E02000456","Harrow 024","2023","26","26","217425.0","7900.0","1509.13","60.4","0","0.0"
"E02000456","Harrow 024","2024","26","26","236275.0","9000.0","1509.13","60.4","0","0.0"
"E02000456","Harrow 024","2025","26","26","236275.0","9000.0","1509.13","60.4","0","0.0"
"E02000457","Harrow 025","2019","127","127","1620055.0","12000.0","12100.45","62.900000000000006","5","0.03937007874015748"
"E02000457","Harrow 025","2023","143","143","1626005.0","11750.0","13670.91","63.35","4","0.027972027972027972"
"E02000457","Harrow 025","2024","127","127","1914650.0","14125.0","11886.5","60.5","1","0.007874015748031496"
"E02000457","Harrow 025","2025","128","128","1949750.0","14250.0","12184.43","62.35","1","0.0078125"
"E02000459","Harrow 027","2019","85","85","2636125.0","9000.0","13173.369999999999","78.05","2","0.023529411764705882"
"E02000459","Harrow 027","2023","87","87","2174125.0","8000.0","12182.039999999999","76.19","4","0.04597701149425287"
"E02000459","Harrow 027","2024","80","80","2124700.0","10075.0","11751.95","77.8","3","0.0375"
"E02000459","Harrow 027","2025","80","80","2107950.0","10250.0","11785.19","78.3","3","0.0375"
"E02000460","Harrow 028","2019","36","36","344300.0","8750.0","2138.02","52.45","0","0.0"
"E02000460","Harrow 028","2023","38","38","344000.0","10750.0","2164.79","46.35","0","0.0"
"E02000460","Harrow 028","2024","34","34","327850.0","10075.0","2138.02","66.15","0","0.0"
"E02000460","Harrow 028","2025","34","34","328600.0","10075.0","2138.02","66.15","0","0.0"
"E02000461","Harrow 029","2019","79","79","1276350.0","15250.0","5942.23","74.06","5","0.06329113924050633"
"E02000461","Harrow 029","2023","86","86","1255200.0","14875.0","6210.89","69.4","3","0.03488372093023256"
"E02000461","Harrow 029","2024","76","76","1296400.0","15875.0","5593.63","71.7","2","0.02631578947368421"
"E02000461","Harrow 029","2025","76","76","1296400.0","15875.0","5593.63","71.7","2","0.02631578947368421"
"E02000462","Harrow 030","2019","148","148","2830350.0","14000.0","18264.329999999998","69.9","3","0.02027027027027027"
"E02000462","Harrow 030","2023","156","156","2904850.0","14000.0","21112.24","68.505","4","0.02564102564102564"
"E02000462","Harrow 030","2024","146","146","3390450.0","16000.0","17398.26","68.09","2","0.0136986301369863"
"E02000462","Harrow 030","2025","147","147","3395950.0","16000.0","17559.45","68.63","2","0.013605442176870748"
"E02000463","Harrow 031","2019","43","43","438800.0","10500.0","3000.39","56.96","0","0.0"
"E02000463","Harrow 031","2023","45","45","465050.0","10750.0","3541.34","61.435","0","0.0"
"E02000463","Harrow 031","2024","44","44","530700.0","12375.0","3391.18","59.33","0","0.0"
"E02000463","Harrow 031","2025","43","43","530500.0","12500.0","3390.18","60.1","0","0.0"
"E02000464","Havering 001","2019","20","20","214000.0","6700.0","2672.7599999999998","69.2","0","0.0"
"E02000464","Havering 001","2023","22","22","214700.0","6700.0","2818.74","69.2","0","0.0"
"E02000464","Havering 001","2024","21","21","218500.0","7300.0","3928.64","67.935","0","0.0"
"E02000464","Havering 001","2025","22","22","259750.0","7350.0","4137.38","69.2","0","0.0"
"E02000465","Havering 002","2019","24","24","211650.0","7700.0","2045.5","90.9","2","0.08333333333333333"
"E02000465","Havering 002","2023","26","26","245450.0","7700.0","2458.66","91.69","1","0.038461538461538464"
"E02000465","Havering 002","2024","24","24","306000.0","10750.0","2252.08","91.295","0","0.0"
"E02000465","Havering 002","2025","24","24","284000.0","10750.0","2252.08","91.295","0","0.0"
"E02000466","Havering 003","2019","34","34","385200.0","6150.0","2615.6","45.93","1","0.029411764705882353"
"E02000466","Havering 003","2023","34","34","402775.0","6150.0","2600.94","45.93","0","0.0"
"E02000466","Havering 003","2024","34","34","458890.0","6650.0","2600.94","45.93","0","0.0"
"E02000466","Havering 003","2025","34","34","458890.0","6650.0","2600.94","45.93","0","0.0"
"E02000467","Havering 004","2019","91","91","1664950.0","14375.0","11563.59","64.0","7","0.07692307692307693"
"E02000467","Havering 004","2023","94","94","1705850.0","14500.0","11823.18","63.85","6","0.06382978723404255"
"E02000467","Havering 004","2024","85","85","1872250.0","14750.0","11310.36","65.96","2","0.023529411764705882"
"E02000467","Havering 004","2025","85","85","1872250.0","14750.0","11310.36","65.96","0","0.0"
"E02000468","Havering 005","2019","111","111","2107450.0","12750.0","20426.26","85.55","2","0.018018018018018018"
"E02000468","Havering 005","2023","118","118","2054650.0","12875.0","16728.38","84.6","1","0.00847457627118644"
"E02000468","Havering 005","2024","108","108","2425500.0","16250.0","14505.13","82.53","1","0.009259259259259259"
"E02000468","Havering 005","2025","108","108","2425500.0","16250.0","14505.13","82.53","0","0.0"
"E02000469","Havering 006","2019","22","22","1998300.0","7050.0","11824.32","79.75","0","0.0"
"E02000469","Havering 006","2023","23","23","2001500.0","7000.0","11832.32","77.53","0","0.0"
"E02000469","Havering 006","2024","23","23","2253900.0","10000.0","11832.32","77.53","0","0.0"
"E02000469","Havering 006","2025","23","23","2253900.0","10000.0","11832.32","77.53","0","0.0"
"E02000470","Havering 007","2019","99","99","7879975.0","8600.0","58534.21","93.2","3","0.030303030303030304"
"E02000470","Havering 007","2023","108","108","8098625.0","9300.0","65216.74","101.21","1","0.009259259259259259"
"E02000470","Havering 007","2024","95","95","7477350.0","12625.0","46962.62","108.55","0","0.0"
"E02000470","Havering 007","2025","96","96","7254350.0","13000.0","47208.57","112.295","0","0.0"
"E02000471","Havering 008","2019","26","26","222100.0","10250.0","2021.95","65.15","0","0.0"
"E02000471","Havering 008","2023","26","26","222100.0","10250.0","2021.95","65.15","0","0.0"
"E02000471","Havering 008","2024","21","21","304400.0","13750.0","1488.55","65.5","0","0.0"
"E02000471","Havering 008","2025","21","21","304400.0","13750.0","1488.55","65.5","0","0.0"
"E02000472","Havering 009","2019","44","44","706700.0","10000.0","5598.8","71.54","2","0.045454545454545456"
"E02000472","Havering 009","2023","44","44","672200.0","9650.0","5666.490000000001","71.54","0","0.0"
"E02000472","Havering 009","2024","44","44","820350.0","13750.0","5617.55","74.4","0","0.0"
"E02000472","Havering 009","2025","44","44","819350.0","13000.0","5617.55","74.4","0","0.0"
"E02000473","Havering 010","2019","47","47","841375.0","11500.0","6563.15","76.57","0","0.0"
"E02000473","Havering 010","2023","49","49","680875.0","11000.0","6805.43","76.57","0","0.0"
"E02000473","Havering 010","2024","45","45","784675.0","14500.0","4339.58","68.03999999999999","0","0.0"
"E02000473","Havering 010","2025","45","45","784675.0","14500.0","4339.58","68.03999999999999","0","0.0"
"E02000474","Havering 011","2019","56","56","2226450.0","9200.0","18314.45","60.325","2","0.03571428571428571"
"E02000474","Havering 011","2023","65","65","2262150.0","9200.0","20531.77","57.62","0","0.0"
"E02000474","Havering 011","2024","53","53","2399500.0","10500.0","12134.53","53.41","0","0.0"
"E02000474","Havering 011","2025","54","54","2381900.0","10375.0","12170.49","53.334999999999994","0","0.0"
"E02000475","Havering 012","2019","103","103","1788925.0","12250.0","9556.4","70.09","1","0.009708737864077669"
"E02000475","Havering 012","2023","112","112","1811325.0","12250.0","10411.539999999999","69.175","1","0.008928571428571428"
"E02000475","Havering 012","2024","104","104","2011375.0","15125.0","9022.36","67.405","1","0.009615384615384616"
"E02000475","Havering 012","2025","105","105","2011375.0","15250.0","9260.66","68.31","1","0.009523809523809525"
"E02000476","Havering 013","2019","647","647","35274625.0","28000.0","251212.79","122.3","23","0.03554868624420402"
"E02000476","Havering 013","2023","689","689","34176000.0","27750.0","271458.66","122.7","11","0.015965166908563134"
"E02000476","Havering 013","2024","561","561","29611900.0","29000.0","193365.86","117.72999999999999","5","0.008912655971479501"
"E02000476","Havering 013","2025","569","569","29143800.0","26650.0","193992.26","116.66","4","0.007029876977152899"
"E02000477","Havering 014","2019","66","66","610725.0","8200.0","4675.45","54.3","1","0.015151515151515152"
"E02000477","Havering 014","2023","74","74","731400.0","7900.0","5370.72","50.5","0","0.0"
"E02000477","Havering 014","2024","70","70","866800.0","10375.0","5086.56","50.5","0","0.0"
"E02000477","Havering 014","2025","70","70","862800.0","10375.0","5086.56","50.5","0","0.0"
"E02000478","Havering 015","2019","12","12","93750.0","6050.0","827.83","63.15","0","0.0"
"E02000478","Havering 015","2023","12","12","93750.0","6050.0","827.83","63.15","0","0.0"
"E02000478","Havering 015","2024","12","12","130600.0","8700.0","827.83","63.15","0","0.0"
"E02000478","Havering 015","2025","12","12","130600.0","8700.0","827.83","63.15","0","0.0"
"E02000479","Havering 016","2019","125","125","7883425.0","9200.0","77131.06999999999","72.52000000000001","1","0.008"
"E02000479","Havering 016","2023","133","133","8049075.0","9150.0","79087.7","74.17","1","0.007518796992481203"
"E02000479","Havering 016","2024","120","120","7633275.0","10000.0","47117.86","70.435","1","0.008333333333333333"
"E02000479","Havering 016","2025","121","121","7637025.0","10000.0","49986.770000000004","71.37","1","0.008264462809917356"
"E02000480","Havering 017","2019","99","99","2158275.0","8900.0","19787.43","66.12","1","0.010101010101010102"
"E02000480","Havering 017","2023","109","109","1941125.0","8500.0","21703.05","66.12","1","0.009174311926605505"
"E02000480","Havering 017","2024","98","98","2139575.0","11750.0","17797.51","63.08","1","0.01020408163265306"
"E02000480","Havering 017","2025","99","99","2139575.0","11750.0","18039.75","63.09","1","0.010101010101010102"
"E02000481","Havering 018","2019","41","41","509300.0","9800.0","5234.71","76.0","2","0.04878048780487805"
"E02000481","Havering 018","2023","45","45","495900.0","9800.0","5767.95","76.0","2","0.044444444444444446"
"E02000481","Havering 018","2024","38","38","511400.0","10875.0","4411.62","75.95","0","0.0"
"E02000481","Havering 018","2025","38","38","511400.0","10875.0","4411.62","75.95","0","0.0"
"E02000482","Havering 019","2019","62","62","655865.0","8900.0","5516.49","65.39","0","0.0"
"E02000482","Havering 019","2023","66","66","645715.0","8800.0","5768.31","64.72","0","0.0"
"E02000482","Havering 019","2024","60","60","714225.0","10500.0","5284.29","65.055","0","0.0"
"E02000482","Havering 019","2025","60","60","714225.0","10500.0","5284.29","65.055","0","0.0"
"E02000483","Havering 020","2019","253","253","7773000.0","18375.0","40822.71","89.15","3","0.011857707509881422"
"E02000483","Havering 020","2023","273","273","7659565.0","18000.0","41833.56","87.0","2","0.007326007326007326"
"E02000483","Havering 020","2024","262","262","8616005.0","21250.0","41265.67","87.0","1","0.003816793893129771"
"E02000483","Havering 020","2025","262","262","8616005.0","21250.0","41265.67","87.0","1","0.003816793893129771"
"E02000484","Havering 021","2019","62","62","893100.0","9300.0","6886.72","73.9","1","0.016129032258064516"
"E02000484","Havering 021","2023","66","66","885550.0","9350.0","7365.33","73.9","0","0.0"
"E02000484","Havering 021","2024","58","58","1050400.0","12375.0","6295.0","70.16","0","0.0"
"E02000484","Havering 021","2025","58","58","1050400.0","12375.0","6295.0","70.16","0","0.0"
"E02000485","Havering 022","2019","209","209","4194565.0","13500.0","34912.47","79.275","0","0.0"
"E02000485","Havering 022","2023","209","209","4082515.0","13500.0","34040.270000000004","78.065","0","0.0"
"E02000485","Havering 022","2024","205","205","4676320.0","15625.0","32926.61","77.61500000000001","0","0.0"
"E02000485","Havering 022","2025","205","205","4630820.0","15500.0","32926.61","77.61500000000001","0","0.0"
"E02000486","Havering 023","2019","119","119","1588725.0","10000.0","12589.86","81.1","1","0.008403361344537815"
"E02000486","Havering 023","2023","120","120","1528575.0","10000.0","12744.98","81.1","0","0.0"
"E02000486","Havering 023","2024","113","113","1796975.0","12000.0","11663.02","80.63499999999999","0","0.0"
"E02000486","Havering 023","2025","113","113","1796975.0","12000.0","11663.02","80.63499999999999","0","0.0"
"E02000487","Havering 024","2019","38","38","487975.0","5950.0","4448.63","64.14","0","0.0"
"E02000487","Havering 024","2023","40","40","502075.0","5950.0","4518.79","60.09","0","0.0"
"E02000487","Havering 024","2024","40","40","479550.0","8200.0","4518.79","60.09","0","0.0"
"E02000487","Havering 024","2025","35","35","414200.0","9050.0","3736.6","52.905","0","0.0"
"E02000488","Havering 025","2019","22","22","641050.0","6700.0","5073.5199999999995","83.47","0","0.0"
"E02000488","Havering 025","2023","23","23","639550.0","6700.0","5135.09","80.6","0","0.0"
"E02000488","Havering 025","2024","21","21","718450.0","8800.0","4823.589999999999","79.44","0","0.0"
"E02000488","Havering 025","2025","21","21","718450.0","8800.0","4823.589999999999","79.44","0","0.0"
"E02000489","Havering 026","2019","62","62","679350.0","9200.0","5431.31","66.23","1","0.016129032258064516"
"E02000489","Havering 026","2023","63","63","672450.0","9200.0","5922.77","65.63","1","0.015873015873015872"
"E02000489","Havering 026","2024","60","60","760825.0","11000.0","5180.27","65.03","1","0.016666666666666666"
"E02000489","Havering 026","2025","60","60","760625.0","11000.0","5180.27","65.03","1","0.016666666666666666"
"E02000490","Havering 027","2019","46","46","430075.0","6950.0","3706.07","68.405","0","0.0"
"E02000490","Havering 027","2023","46","46","430325.0","6700.0","3719.7200000000003","68.405","0","0.0"
"E02000490","Havering 027","2024","46","46","496225.0","9200.0","3719.7200000000003","68.405","0","0.0"
"E02000490","Havering 027","2025","46","46","496225.0","9200.0","3719.7200000000003","68.405","0","0.0"
"E02000491","Havering 028","2019","64","64","906020.0","7650.0","12577.09","93.06","4","0.0625"
"E02000491","Havering 028","2023","69","69","880720.0","8250.0","16225.36","104.57499999999999","4","0.057971014492753624"
"E02000491","Havering 028","2024","52","52","918515.0","8900.0","11802.13","93.06","0","0.0"
"E02000491","Havering 028","2025","53","53","1010515.0","9450.0","12221.03","94.68","0","0.0"
"E02000492","Havering 029","2019","42","42","637810.0","5700.0","4859.74","60.53","1","0.023809523809523808"
"E02000492","Havering 029","2023","43","43","595460.0","5800.0","5332.59","61.365","1","0.023255813953488372"
"E02000492","Havering 029","2024","37","37","572300.0","7200.0","4420.1","61.365","0","0.0"
"E02000492","Havering 029","2025","37","37","572300.0","7200.0","4420.1","61.365","0","0.0"
"E02000493","Havering 030","2019","111","111","2947600.0","6900.0","18685.29","61.46","3","0.02702702702702703"
"E02000493","Havering 030","2023","117","117","2929300.0","6800.0","28498.88","61.46","2","0.017094017094017096"
"E02000493","Havering 030","2024","114","114","2764440.0","8500.0","18606.18","60.974999999999994","1","0.008771929824561403"
"E02000493","Havering 030","2025","118","118","2757405.0","8300.0","18870.53","60.64","1","0.00847457627118644"
"E02000494","Hillingdon 001","2019","7","7","188440.0","11750.0","939.28","132.845","2","0.2857142857142857"
"E02000494","Hillingdon 001","2023","6","6","154840.0","50000.0","675.68","127.09","1","0.16666666666666666"
"E02000494","Hillingdon 001","2024","4","4","123910.0","29980.0","389.78999999999996","17.89","1","0.25"
"E02000494","Hillingdon 001","2025","4","4","123910.0","29980.0","389.78999999999996","17.89","1","0.25"
"E02000495","Hillingdon 002","2019","241","241","4360250.0","14000.0","26940.329999999998","77.96000000000001","18","0.07468879668049792"
"E02000495","Hillingdon 002","2023","253","253","4469125.0","14000.0","28397.94","76.7","14","0.05533596837944664"
"E02000495","Hillingdon 002","2024","234","234","4837675.0","15250.0","27181.87","77.96000000000001","9","0.038461538461538464"
"E02000495","Hillingdon 002","2025","235","235","4848525.0","15250.0","27427.22","80.1","8","0.03404255319148936"
"E02000496","Hillingdon 003","2019","70","70","526225.0","5400.0","5099.4","57.3","2","0.02857142857142857"
"E02000496","Hillingdon 003","2023","81","81","646550.0","5550.0","8438.31","57.504999999999995","8","0.09876543209876543"
"E02000496","Hillingdon 003","2024","74","74","780600.0","7700.0","5858.12","57.5","7","0.0945945945945946"
"E02000496","Hillingdon 003","2025","75","75","795000.0","7800.0","5896.14","57.504999999999995","4","0.05333333333333334"
"E02000497","Hillingdon 004","2019","24","24","345675.0","5400.0","1796.6599999999999","62.0","2","0.08333333333333333"
"E02000497","Hillingdon 004","2023","27","27","331725.0","5400.0","1916.6599999999999","62.0","0","0.0"
"E02000497","Hillingdon 004","2024","26","26","347200.0","7200.0","1916.6599999999999","62.0","0","0.0"
"E02000497","Hillingdon 004","2025","26","26","347200.0","7200.0","1916.6599999999999","62.0","0","0.0"
"E02000498","Hillingdon 005","2019","13","13","284450.0","12150.0","3861.3999999999996","99.49000000000001","1","0.07692307692307693"
"E02000498","Hillingdon 005","2023","16","16","297600.0","12150.0","4363.56","108.2","0","0.0"
"E02000498","Hillingdon 005","2024","14","14","302650.0","17500.0","4247.07","108.2","0","0.0"
"E02000498","Hillingdon 005","2025","14","14","302650.0","17500.0","4247.07","108.2","0","0.0"
"E02000499","Hillingdon 006","2019","77","77","1738650.0","17250.0","10124.6","87.8","7","0.09090909090909091"
"E02000499","Hillingdon 006","2023","85","85","1741000.0","17250.0","10854.98","88.6","5","0.058823529411764705"
"E02000499","Hillingdon 006","2024","78","78","1701850.0","16000.0","10283.15","88.19999999999999","3","0.038461538461538464"
"E02000499","Hillingdon 006","2025","79","79","1706350.0","16250.0","10576.94","88.6","2","0.02531645569620253"
"E02000500","Hillingdon 007","2019","289","289","8528250.0","16500.0","39380.13","80.345","23","0.07958477508650519"
"E02000500","Hillingdon 007","2023","309","309","8295950.0","16750.0","41548.44","79.85","19","0.061488673139158574"
"E02000500","Hillingdon 007","2024","282","282","8113800.0","18000.0","37483.6","80.6","6","0.02127659574468085"
"E02000500","Hillingdon 007","2025","283","283","8105100.0","18000.0","37680.72","81.25","4","0.014134275618374558"
"E02000501","Hillingdon 008","2019","77","77","2779250.0","12000.0","13150.039999999999","71.7","4","0.05194805194805195"
"E02000501","Hillingdon 008","2023","82","82","2788050.0","12000.0","13740.4","71.405","6","0.07317073170731707"
"E02000501","Hillingdon 008","2024","76","76","2690450.0","12750.0","13252.7","72.5","3","0.039473684210526314"
"E02000501","Hillingdon 008","2025","76","76","2452450.0","12750.0","13252.7","72.5","3","0.039473684210526314"
"E02000502","Hillingdon 009","2019","51","51","697450.0","9000.0","4238.42","70.3","3","0.058823529411764705"
"E02000502","Hillingdon 009","2023","51","51","672250.0","8950.0","4233.28","70.3","2","0.0392156862745098"
"E02000502","Hillingdon 009","2024","46","46","592000.0","10500.0","3556.64","69.41","0","0.0"
"E02000502","Hillingdon 009","2025","49","49","625500.0","10500.0","3907.49","70.3","0","0.0"
"E02000503","Hillingdon 010","2019","10","10","849800.0","13500.0","3469.04","62.78","1","0.1"
"E02000503","Hillingdon 010","2023","10","10","857300.0","13500.0","3469.04","62.78","1","0.1"
"E02000503","Hillingdon 010","2024","10","10","805050.0","16000.0","3469.04","62.78","0","0.0"
"E02000503","Hillingdon 010","2025","10","10","806050.0","16500.0","3469.04","62.78","0","0.0"
"E02000504","Hillingdon 011","2019","69","69","1182225.0","14500.0","5495.37","64.04","4","0.057971014492753624"
"E02000504","Hillingdon 011","2023","74","74","1188975.0","13500.0","6172.86","68.31","3","0.04054054054054054"
"E02000504","Hillingdon 011","2024","66","66","1166125.0","15750.0","5524.97","64.4","1","0.015151515151515152"
"E02000504","Hillingdon 011","2025","66","66","1166125.0","15750.0","5524.97","64.4","1","0.015151515151515152"
"E02000506","Hillingdon 013","2019","36","36","499900.0","12000.0","3078.79","64.1","1","0.027777777777777776"
"E02000506","Hillingdon 013","2023","69","69","576880.0","6300.0","3856.63","35.9","6","0.08695652173913043"
"E02000506","Hillingdon 013","2024","35","35","500400.0","12750.0","2610.61","60.7","1","0.02857142857142857"
"E02000506","Hillingdon 013","2025","35","35","500400.0","12750.0","2610.61","60.7","0","0.0"
"E02000507","Hillingdon 014","2019","33","33","423250.0","8700.0","3012.3199999999997","80.1","1","0.030303030303030304"
"E02000507","Hillingdon 014","2023","33","33","422050.0","8700.0","2988.37","80.1","0","0.0"
"E02000507","Hillingdon 014","2024","31","31","448550.0","11000.0","2937.67","80.1","0","0.0"
"E02000507","Hillingdon 014","2025","32","32","479900.0","11250.0","3149.22","81.05","0","0.0"
"E02000508","Hillingdon 015","2019","195","195","14481985.0","39875.0","53180.2","112.2","19","0.09743589743589744"
"E02000508","Hillingdon 015","2023","217","217","13765035.0","36000.0","55520.119999999995","106.8","25","0.1152073732718894"
"E02000508","Hillingdon 015","2024","192","192","11487165.0","31375.0","47097.99","106.8","6","0.03125"
"E02000508","Hillingdon 015","2025","195","195","11298915.0","31375.0","54383.9","107.6","6","0.03076923076923077"
"E02000509","Hillingdon 016","2019","238","238","11872715.0","21750.0","88174.46","92.9","22","0.09243697478991597"
"E02000509","Hillingdon 016","2023","253","253","11500365.0","21000.0","83824.17","94.05","31","0.1225296442687747"
"E02000509","Hillingdon 016","2024","221","221","9971325.0","19250.0","70571.36","91.4","11","0.049773755656108594"
"E02000509","Hillingdon 016","2025","222","222","9601675.0","19500.0","70860.96","92.9","10","0.04504504504504504"
"E02000510","Hillingdon 017","2019","88","88","1104975.0","9700.0","7998.49","61.8","4","0.045454545454545456"
"E02000510","Hillingdon 017","2023","97","97","1183425.0","9750.0","9481.31","65.015","4","0.041237113402061855"
"E02000510","Hillingdon 017","2024","89","89","1307375.0","11250.0","8796.27","59.7","3","0.033707865168539325"
"E02000510","Hillingdon 017","2025","91","91","1317725.0","11250.0","8873.35","59.65","3","0.03296703296703297"
"E02000511","Hillingdon 018","2019","68","68","859200.0","11375.0","6167.9","70.81","4","0.058823529411764705"
"E02000511","Hillingdon 018","2023","70","70","859200.0","11375.0","6268.26","69.94","3","0.04285714285714286"
"E02000511","Hillingdon 018","2024","62","62","965200.0","13625.0","5799.14","73.0","1","0.016129032258064516"
"E02000511","Hillingdon 018","2025","62","62","965200.0","13625.0","5799.14","73.0","0","0.0"
"E02000512","Hillingdon 019","2019","64","64","798300.0","11250.0","6575.81","66.5","10","0.15625"
"E02000512","Hillingdon 019","2023","66","66","836300.0","11500.0","6886.23","66.5","6","0.09090909090909091"
"E02000512","Hillingdon 019","2024","63","63","978525.0","12500.0","5958.13","65.305","5","0.07936507936507936"
"E02000512","Hillingdon 019","2025","63","63","978525.0","12500.0","5958.13","65.305","3","0.047619047619047616"
"E02000513","Hillingdon 020","2019","54","54","4897125.0","14000.0","34465.5","63.2","4","0.07407407407407407"
"E02000513","Hillingdon 020","2023","60","60","4851300.0","13500.0","43404.490000000005","64.8","5","0.08333333333333333"
"E02000513","Hillingdon 020","2024","47","47","5025600.0","16750.0","26386.88","66.4","1","0.02127659574468085"
"E02000513","Hillingdon 020","2025","48","48","5040850.0","16500.0","26387.88","65.6","1","0.020833333333333332"
"E02000514","Hillingdon 021","2019","163","163","2666575.0","11625.0","17250.07","68.05","17","0.10429447852760736"
"E02000514","Hillingdon 021","2023","205","205","2658100.0","11000.0","20099.68","63.32","11","0.05365853658536585"
"E02000514","Hillingdon 021","2024","182","182","3056825.0","12000.0","18361.24","63.2","5","0.027472527472527472"
"E02000514","Hillingdon 021","2025","184","184","3073075.0","12250.0","18877.09","63.77","4","0.021739130434782608"
"E02000515","Hillingdon 022","2019","149","149","5331750.0","11000.0","33817.4","67.4","17","0.11409395973154363"
"E02000515","Hillingdon 022","2023","165","165","5317100.0","10750.0","35054.68","65.39","22","0.13333333333333333"
"E02000515","Hillingdon 022","2024","147","147","5429900.0","12000.0","32678.87","63.05","6","0.04081632653061224"
"E02000515","Hillingdon 022","2025","150","150","4295200.0","12000.0","33039.79","63.95","5","0.03333333333333333"
"E02000516","Hillingdon 023","2019","15","15","591950.0","12500.0","4310.9400000000005","113.06","0","0.0"
"E02000516","Hillingdon 023","2023","23","23","671250.0","12500.0","4741.6900000000005","74.1","0","0.0"
"E02000516","Hillingdon 023","2024","18","18","827700.0","13750.0","4027.33","79.14","0","0.0"
"E02000516","Hillingdon 023","2025","18","18","827700.0","13750.0","4027.33","79.14","0","0.0"
"E02000517","Hillingdon 024","2019","33","33","313125.0","8900.0","1889.5","45.6","3","0.09090909090909091"
"E02000517","Hillingdon 024","2023","36","36","294625.0","8750.0","1989.42","45.6","3","0.08333333333333333"
"E02000517","Hillingdon 024","2024","32","32","315025.0","9400.0","1836.43","45.6","1","0.03125"
"E02000517","Hillingdon 024","2025","32","32","315025.0","9400.0","1836.43","45.6","1","0.03125"
"E02000518","Hillingdon 025","2019","37","37","877650.0","10250.0","7465.0199999999995","57.8","3","0.08108108108108109"
"E02000518","Hillingdon 025","2023","44","44","1297000.0","10750.0","20591.39","63.699999999999996","4","0.09090909090909091"
"E02000518","Hillingdon 025","2024","37","37","1184100.0","11625.0","10085.81","65.6","3","0.08108108108108109"
"E02000518","Hillingdon 025","2025","37","37","1179400.0","11875.0","10271.89","65.6","3","0.08108108108108109"
"E02000519","Hillingdon 026","2019","51","51","9240100.0","79500.0","65878.07","425.875","1","0.0196078431372549"
"E02000519","Hillingdon 026","2023","65","65","9264500.0","30875.0","78236.17","283.14","5","0.07692307692307693"
"E02000519","Hillingdon 026","2024","61","61","9540900.0","38000.0","54942.01","187.175","4","0.06557377049180328"
"E02000519","Hillingdon 026","2025","64","64","8391350.0","24750.0","55716.04","165.29","4","0.0625"
"E02000520","Hillingdon 027","2019","295","295","5989200.0","12750.0","37695.33","65.0","21","0.0711864406779661"
"E02000520","Hillingdon 027","2023","398","398","5775110.0","10500.0","41964.64","54.0","25","0.06281407035175879"
"E02000520","Hillingdon 027","2024","331","331","6304385.0","11750.0","36357.26","55.6","11","0.03323262839879154"
"E02000520","Hillingdon 027","2025","342","342","6354335.0","12250.0","39679.03","55.2","8","0.023391812865497075"
"E02000521","Hillingdon 028","2019","30","30","273575.0","4500.0","2379.1","61.1","5","0.16666666666666666"
"E02000521","Hillingdon 028","2023","32","32","263175.0","4250.0","2448.6","61.1","4","0.125"
"E02000521","Hillingdon 028","2024","27","27","318100.0","5400.0","2164.09","61.75","2","0.07407407407407407"
"E02000521","Hillingdon 028","2025","27","27","318100.0","5400.0","2164.09","61.75","1","0.037037037037037035"
"E02000522","Hillingdon 029","2019","98","98","912525.0","8400.0","8917.9","57.73","4","0.04081632653061224"
"E02000522","Hillingdon 029","2023","110","110","948750.0","8100.0","10029.81","57.73","7","0.06363636363636363"
"E02000522","Hillingdon 029","2024","92","92","1063250.0","9450.0","8502.41","57.265","2","0.021739130434782608"
"E02000522","Hillingdon 029","2025","91","91","1063050.0","9500.0","8501.41","57.73","1","0.01098901098901099"
"E02000523","Hillingdon 030","2019","124","124","2958590.0","7400.0","17054.0","54.519999999999996","18","0.14516129032258066"
"E02000523","Hillingdon 030","2023","137","137","2954905.0","7900.0","17976.25","55.32","17","0.12408759124087591"
"E02000523","Hillingdon 030","2024","99","99","2794010.0","9300.0","15542.46","56.35","5","0.050505050505050504"
"E02000523","Hillingdon 030","2025","103","103","2745260.0","9100.0","15221.949999999999","55.9","5","0.04854368932038835"
"E02000524","Hillingdon 031","2019","54","54","855080.0","7200.0","12693.05","65.88","10","0.18518518518518517"
"E02000524","Hillingdon 031","2023","141","141","2944900.0","10025.0","25635.16","49.5","38","0.2695035460992908"
"E02000524","Hillingdon 031","2024","85","85","2569450.0","9400.0","22501.88","65.94","11","0.12941176470588237"
"E02000524","Hillingdon 031","2025","85","85","2284950.0","9800.0","22457.57","65.94","11","0.12941176470588237"
"E02000525","Hillingdon 032","2019","55","55","1398750.0","10575.0","8424.32","65.8","3","0.05454545454545454"
"E02000525","Hillingdon 032","2023","63","63","1199350.0","10500.0","9229.71","68.87","8","0.12698412698412698"
"E02000525","Hillingdon 032","2024","52","52","1160575.0","12500.0","6711.36","68.545","4","0.07692307692307693"
"E02000525","Hillingdon 032","2025","52","52","1160575.0","12500.0","6711.36","68.545","4","0.07692307692307693"
"E02000526","Hounslow 001","2019","181","181","7166425.0","33625.0","20919.59","95.6","6","0.03314917127071823"
"E02000526","Hounslow 001","2023","188","188","7019975.0","33250.0","21527.05","94.395","18","0.09574468085106383"
"E02000526","Hounslow 001","2024","184","184","6832575.0","32750.0","20115.78","93.82","14","0.07608695652173914"
"E02000526","Hounslow 001","2025","186","186","6756325.0","32125.0","20165.86","93.46","14","0.07526881720430108"
"E02000529","Hounslow 004","2019","60","60","465800.0","7500.0","4369.68","61.535","6","0.1"
"E02000529","Hounslow 004","2023","64","64","485600.0","7500.0","4687.68","60.085","5","0.078125"
"E02000529","Hounslow 004","2024","62","62","591100.0","9000.0","4391.51","57.2","3","0.04838709677419355"
"E02000529","Hounslow 004","2025","62","62","591350.0","9000.0","4391.51","57.2","3","0.04838709677419355"
"E02000530","Hounslow 005","2019","19","19","3464300.0","4350.0","11406.08","59.150000000000006","0","0.0"
"E02000530","Hounslow 005","2023","31","31","3423025.0","5800.0","22361.52","55.900000000000006","0","0.0"
"E02000530","Hounslow 005","2024","27","27","3749650.0","6450.0","12730.01","59.150000000000006","0","0.0"
"E02000530","Hounslow 005","2025","28","28","3749650.0","6450.0","12780.68","58.7","1","0.03571428571428571"
"E02000531","Hounslow 006","2019","102","102","1868750.0","10875.0","22239.929999999997","74.56","9","0.08823529411764706"
"E02000531","Hounslow 006","2023","114","114","1757940.0","11000.0","42940.6","74.4","18","0.15789473684210525"
"E02000531","Hounslow 006","2024","97","97","2755710.0","12375.0","24747.72","76.605","15","0.15463917525773196"
"E02000531","Hounslow 006","2025","104","104","2776060.0","12875.0","26877.93","82.5","16","0.15384615384615385"
"E02000532","Hounslow 007","2019","45","45","1267800.0","9450.0","7708.42","86.23","0","0.0"
"E02000532","Hounslow 007","2023","46","46","1212650.0","9500.0","7959.84","86.41499999999999","5","0.10869565217391304"
"E02000532","Hounslow 007","2024","41","41","1430800.0","13000.0","7282.360000000001","86.23","3","0.07317073170731707"
"E02000532","Hounslow 007","2025","41","41","1431800.0","13000.0","7282.360000000001","86.23","4","0.0975609756097561"
"E02000533","Hounslow 008","2019","47","47","687600.0","8500.0","2266.13","49.95","6","0.1276595744680851"
"E02000533","Hounslow 008","2023","49","49","679400.0","9150.0","2332.56","52.1","10","0.20408163265306123"
"E02000533","Hounslow 008","2024","42","42","836400.0","12375.0","2161.77","49.95","7","0.16666666666666666"
"E02000533","Hounslow 008","2025","42","42","836400.0","12375.0","2161.77","49.95","6","0.14285714285714285"
"E02000534","Hounslow 009","2019","51","51","6517000.0","14375.0","57033.74","62.8","0","0.0"
"E02000534","Hounslow 009","2023","53","53","6182850.0","14875.0","59294.340000000004","70.8","4","0.07547169811320754"
"E02000534","Hounslow 009","2024","42","42","6074450.0","15000.0","41668.090000000004","70.8","4","0.09523809523809523"
"E02000534","Hounslow 009","2025","41","41","4934450.0","14875.0","36593.79","66.8","4","0.0975609756097561"
"E02000535","Hounslow 010","2019","29","29","296425.0","8000.0","2575.01","74.4","0","0.0"
"E02000535","Hounslow 010","2023","27","27","276100.0","8000.0","2333.69","74.4","2","0.07407407407407407"
"E02000535","Hounslow 010","2024","27","27","310250.0","9600.0","2333.69","74.4","3","0.1111111111111111"
"E02000535","Hounslow 010","2025","27","27","310250.0","9600.0","2333.69","74.4","3","0.1111111111111111"
"E02000536","Hounslow 011","2019","59","59","633875.0","8800.0","4852.29","68.1","3","0.05084745762711865"
"E02000536","Hounslow 011","2023","63","63","611375.0","8600.0","4988.95","63.1","5","0.07936507936507936"
"E02000536","Hounslow 011","2024","61","61","742850.0","10250.0","5218.42","71.0","6","0.09836065573770492"
"E02000536","Hounslow 011","2025","61","61","724350.0","10250.0","5218.42","71.0","7","0.11475409836065574"
"E02000537","Hounslow 012","2019","59","59","567600.0","8750.0","3675.85","59.5","1","0.01694915254237288"
"E02000537","Hounslow 012","2023","61","61","531500.0","8800.0","3637.15","57.3","4","0.06557377049180328"
"E02000537","Hounslow 012","2024","55","55","608375.0","10875.0","3405.95","59.5","3","0.05454545454545454"
"E02000537","Hounslow 012","2025","55","55","608375.0","10875.0","3405.95","59.5","3","0.05454545454545454"
"E02000538","Hounslow 013","2019","54","54","371725.0","6400.0","4142.87","67.84","2","0.037037037037037035"
"E02000538","Hounslow 013","2023","65","65","423825.0","7100.0","5315.17","71.55","5","0.07692307692307693"
"E02000538","Hounslow 013","2024","53","53","508925.0","8500.0","4688.78","73.0","5","0.09433962264150944"
"E02000538","Hounslow 013","2025","55","55","508925.0","8500.0","4924.14","74.35499999999999","5","0.09090909090909091"
"E02000539","Hounslow 014","2019","67","67","976625.0","11875.0","4217.01","55.85","3","0.04477611940298507"
"E02000539","Hounslow 014","2023","73","73","1024600.0","11875.0","4990.51","58.535","16","0.2191780821917808"
"E02000539","Hounslow 014","2024","68","68","993770.0","12500.0","4237.39","57.58","13","0.19117647058823528"
"E02000539","Hounslow 014","2025","68","68","993770.0","12500.0","4237.39","57.58","10","0.14705882352941177"
"E02000540","Hounslow 015","2019","219","219","4073325.0","13875.0","25518.91","78.86500000000001","11","0.0502283105022831"
"E02000540","Hounslow 015","2023","234","234","4029075.0","13625.0","27524.46","77.1","27","0.11538461538461539"
"E02000540","Hounslow 015","2024","222","222","4515450.0","16375.0","24897.4","74.69","24","0.10810810810810811"
"E02000540","Hounslow 015","2025","221","221","4414750.0","16375.0","24878.32","75.04","26","0.11764705882352941"
"E02000541","Hounslow 016","2019","106","106","1639350.0","11375.0","12193.59","71.85","2","0.018867924528301886"
"E02000541","Hounslow 016","2023","116","116","1610480.0","10750.0","12296.92","66.1","9","0.07758620689655173"
"E02000541","Hounslow 016","2024","108","108","2011020.0","12375.0","11659.01","71.4","7","0.06481481481481481"
"E02000541","Hounslow 016","2025","108","108","2011020.0","12375.0","11659.01","71.4","8","0.07407407407407407"
"E02000542","Hounslow 017","2019","92","92","2176400.0","10050.0","12256.43","64.7","4","0.043478260869565216"
"E02000542","Hounslow 017","2023","115","115","2306550.0","9850.0","16894.96","73.2","15","0.13043478260869565"
"E02000542","Hounslow 017","2024","98","98","2272450.0","10375.0","12831.6","63.0","10","0.10204081632653061"
"E02000542","Hounslow 017","2025","97","97","2222450.0","10250.0","12831.6","63.0","11","0.1134020618556701"
"E02000543","Hounslow 018","2019","312","312","15572475.0","32500.0","101348.89","119.75","18","0.057692307692307696"
"E02000543","Hounslow 018","2023","423","423","15305465.0","20250.0","146973.6","104.7","54","0.1276595744680851"
"E02000543","Hounslow 018","2024","360","360","14797020.0","20750.0","89903.49","95.49000000000001","46","0.12777777777777777"
"E02000543","Hounslow 018","2025","371","371","14696970.0","21000.0","90557.41","90.0","44","0.11859838274932614"
"E02000544","Hounslow 019","2019","25","25","130045.0","5000.0","1104.1100000000001","38.2","1","0.04"
"E02000544","Hounslow 019","2023","27","27","133170.0","4850.0","1152.51","36.6","1","0.037037037037037035"
"E02000544","Hounslow 019","2024","27","27","150625.0","6300.0","1217.78","38.2","2","0.07407407407407407"
"E02000544","Hounslow 019","2025","28","28","151075.0","6400.0","1257.58","39.0","2","0.07142857142857142"
"E02000545","Hounslow 020","2019","70","70","4775985.0","9200.0","27893.899999999998","61.2","5","0.07142857142857142"
"E02000545","Hounslow 020","2023","72","72","4678760.0","9800.0","28083.739999999998","62.2","14","0.19444444444444445"
"E02000545","Hounslow 020","2024","58","58","4183350.0","10500.0","18861.46","62.2","8","0.13793103448275862"
"E02000545","Hounslow 020","2025","58","58","4175650.0","10500.0","18861.46","62.2","8","0.13793103448275862"
"E02000546","Hounslow 021","2019","40","40","395900.0","7900.0","3448.65","77.44","2","0.05"
"E02000546","Hounslow 021","2023","40","40","398200.0","8100.0","3477.9500000000003","77.44","4","0.1"
"E02000546","Hounslow 021","2024","38","38","448200.0","9400.0","3610.94","77.5","2","0.05263157894736842"
"E02000546","Hounslow 021","2025","38","38","447450.0","9400.0","3594.7400000000002","77.5","1","0.02631578947368421"
"E02000547","Hounslow 022","2019","59","59","2479925.0","6900.0","19946.82","62.8","3","0.05084745762711865"
"E02000547","Hounslow 022","2023","61","61","2472200.0","7100.0","20140.789999999997","64.8","5","0.08196721311475409"
"E02000547","Hounslow 022","2024","53","53","2348875.0","8400.0","11509.31","64.8","3","0.05660377358490566"
"E02000547","Hounslow 022","2025","54","54","2348875.0","8400.0","11696.689999999999","68.6","5","0.09259259259259259"
"E02000548","Hounslow 023","2019","71","71","1067200.0","10250.0","10357.65","80.93","4","0.056338028169014086"
"E02000548","Hounslow 023","2023","72","72","1023600.0","10250.0","10389.800000000001","79.38","5","0.06944444444444445"
"E02000548","Hounslow 023","2024","65","65","1151850.0","11500.0","9165.95","75.63","2","0.03076923076923077"
"E02000548","Hounslow 023","2025","64","64","1200400.0","11625.0","9133.66","78.5","2","0.03125"
"E02000549","Hounslow 024","2019","61","61","1216100.0","10500.0","7524.66","71.3","4","0.06557377049180328"
"E02000549","Hounslow 024","2023","64","64","1459650.0","10500.0","8566.15","71.3","3","0.046875"
"E02000549","Hounslow 024","2024","61","61","1542200.0","10250.0","8447.26","71.3","4","0.06557377049180328"
"E02000549","Hounslow 024","2025","61","61","1542200.0","10250.0","8447.26","71.3","3","0.04918032786885246"
"E02000550","Hounslow 025","2019","103","103","6332900.0","27250.0","38958.88","138.24","2","0.019417475728155338"
"E02000550","Hounslow 025","2023","103","103","6290000.0","29500.0","38942.49","138.24","13","0.1262135922330097"
"E02000550","Hounslow 025","2024","99","99","6406900.0","31000.0","38738.22","139.95499999999998","12","0.12121212121212122"
"E02000550","Hounslow 025","2025","98","98","6347750.0","31000.0","38735.72","140.69","13","0.1326530612244898"
"E02000551","Hounslow 026","2019","55","55","1191700.0","8500.0","7160.83","62.625","0","0.0"
"E02000551","Hounslow 026","2023","57","57","1173600.0","8450.0","7185.98","62.625","4","0.07017543859649122"
"E02000551","Hounslow 026","2024","53","53","1229150.0","9600.0","7002.43","63.275000000000006","3","0.05660377358490566"
"E02000551","Hounslow 026","2025","52","52","1228950.0","9700.0","7001.43","63.6","3","0.057692307692307696"
"E02000552","Hounslow 027","2019","70","70","794800.0","7350.0","15709.6","55.42","3","0.04285714285714286"
"E02000552","Hounslow 027","2023","72","72","797450.0","7400.0","15711.240000000002","55.075","8","0.1111111111111111"
"E02000552","Hounslow 027","2024","61","61","905050.0","9300.0","14734.87","54.73","5","0.08196721311475409"
"E02000552","Hounslow 027","2025","61","61","905050.0","9300.0","14734.87","54.73","6","0.09836065573770492"
"E02000553","Hounslow 028","2019","24","24","233675.0","7000.0","1983.89","55.8","3","0.125"
"E02000553","Hounslow 028","2023","24","24","211125.0","7000.0","1983.89","55.8","5","0.20833333333333334"
"E02000553","Hounslow 028","2024","21","21","243425.0","8300.0","1861.68","55.8","1","0.047619047619047616"
"E02000553","Hounslow 028","2025","21","21","243425.0","8300.0","1861.68","55.8","0","0.0"
"E02000554","Islington 001","2019","79","79","991850.0","12250.0","6635.51","74.61","1","0.012658227848101266"
"E02000554","Islington 001","2023","85","85","969450.0","11375.0","6962.83","69.1","1","0.011764705882352941"
"E02000554","Islington 001","2024","72","72","807575.0","10000.0","5734.9","69.4","2","0.027777777777777776"
"E02000554","Islington 001","2025","73","73","808075.0","10000.0","5802.3","69.1","2","0.0273972602739726"
"E02000555","Islington 002","2019","76","76","1807600.0","19875.0","7928.44","66.69","2","0.02631578947368421"
"E02000555","Islington 002","2023","85","85","1870100.0","18750.0","9453.539999999999","65.045","0","0.0"
"E02000555","Islington 002","2024","79","79","1740550.0","15875.0","8494.85","63.39","0","0.0"
"E02000555","Islington 002","2025","78","78","1708700.0","16000.0","8403.24","63.4","0","0.0"
"E02000556","Islington 003","2019","290","290","5940025.0","15500.0","28276.39","69.465","8","0.027586206896551724"
"E02000556","Islington 003","2023","313","313","6516075.0","16500.0","31616.09","69.86500000000001","11","0.03514376996805112"
"E02000556","Islington 003","2024","283","283","6532500.0","17500.0","28446.99","69.86500000000001","11","0.038869257950530034"
"E02000556","Islington 003","2025","284","284","6522500.0","17500.0","28524.75","69.89","19","0.06690140845070422"
"E02000557","Islington 004","2019","200","200","3650790.0","13625.0","21249.59","74.97","1","0.005"
"E02000557","Islington 004","2023","204","204","3814140.0","14500.0","22503.86","75.07","2","0.00980392156862745"
"E02000557","Islington 004","2024","177","177","3724425.0","14750.0","19558.420000000002","72.95","2","0.011299435028248588"
"E02000557","Islington 004","2025","178","178","3798425.0","14750.0","20180.15","73.25","4","0.02247191011235955"
"E02000558","Islington 005","2019","189","189","3727000.0","16375.0","17048.83","77.59","8","0.042328042328042326"
"E02000558","Islington 005","2023","218","218","3714645.0","15000.0","19148.62","70.97","10","0.045871559633027525"
"E02000558","Islington 005","2024","191","191","3413235.0","16000.0","15996.72","72.3","8","0.041884816753926704"
"E02000558","Islington 005","2025","200","200","3451735.0","16125.0","16913.28","73.275","13","0.065"
"E02000559","Islington 006","2019","161","161","2469525.0","12125.0","11357.13","56.195","4","0.024844720496894408"
"E02000559","Islington 006","2023","170","170","2365625.0","12250.0","11618.11","54.3","5","0.029411764705882353"
"E02000559","Islington 006","2024","156","156","2291325.0","12250.0","10850.97","53.65","3","0.019230769230769232"
"E02000559","Islington 006","2025","156","156","2255475.0","12375.0","10850.97","53.65","5","0.03205128205128205"
"E02000560","Islington 007","2019","292","292","11680970.0","21750.0","58030.39","84.055","3","0.010273972602739725"
"E02000560","Islington 007","2023","372","372","11735420.0","19000.0","61210.02","67.49","9","0.024193548387096774"
"E02000560","Islington 007","2024","325","325","10930310.0","18250.0","55901.68","67.12","8","0.024615384615384615"
"E02000560","Islington 007","2025","333","333","11031910.0","18250.0","57179.38","68.13","15","0.04504504504504504"
"E02000561","Islington 008","2019","14","14","332675.0","8500.0","1467.98","65.6","2","0.14285714285714285"
"E02000561","Islington 008","2023","13","13","321300.0","8700.0","1309.8799999999999","61.6","0","0.0"
"E02000561","Islington 008","2024","13","13","331000.0","9400.0","1309.8799999999999","61.6","0","0.0"
"E02000561","Islington 008","2025","13","13","331000.0","9400.0","1309.8799999999999","61.6","0","0.0"
"E02000562","Islington 009","2019","31","31","612950.0","15000.0","1847.4","57.4","1","0.03225806451612903"
"E02000562","Islington 009","2023","32","32","626050.0","15125.0","1952.11","57.9","2","0.0625"
"E02000562","Islington 009","2024","33","33","636500.0","15750.0","2047.64","58.75","2","0.06060606060606061"
"E02000562","Islington 009","2025","33","33","598500.0","15750.0","2047.64","58.75","2","0.06060606060606061"
"E02000563","Islington 010","2019","55","55","832950.0","10750.0","4399.41","50.4","2","0.03636363636363636"
"E02000563","Islington 010","2023","63","63","837900.0","11125.0","4780.37","48.89","4","0.06349206349206349"
"E02000563","Islington 010","2024","54","54","770200.0","9700.0","4188.61","49.644999999999996","3","0.05555555555555555"
"E02000563","Islington 010","2025","54","54","770200.0","9700.0","4188.61","49.644999999999996","3","0.05555555555555555"
"E02000564","Islington 011","2019","136","136","2800325.0","14250.0","14127.74","71.275","8","0.058823529411764705"
"E02000564","Islington 011","2023","153","153","2693350.0","14500.0","14998.31","67.11500000000001","12","0.0784313725490196"
"E02000564","Islington 011","2024","138","138","2698675.0","14375.0","14346.91","68.69999999999999","11","0.07971014492753623"
"E02000564","Islington 011","2025","138","138","2646675.0","14250.0","14346.91","68.69999999999999","13","0.09420289855072464"
"E02000565","Islington 012","2019","107","107","1723000.0","14500.0","7194.5199999999995","60.8","4","0.037383177570093455"
"E02000565","Islington 012","2023","115","115","1659100.0","13500.0","8104.24","61.14","8","0.06956521739130435"
"E02000565","Islington 012","2024","106","106","1825900.0","13625.0","7480.91","62.144999999999996","7","0.0660377358490566"
"E02000565","Islington 012","2025","106","106","1825900.0","13625.0","7480.91","62.144999999999996","12","0.11320754716981132"
"E02000566","Islington 013","2019","207","207","4947145.0","15750.0","18512.29","66.93","3","0.014492753623188406"
"E02000566","Islington 013","2023","208","208","4868545.0","16000.0","18988.71","68.005","8","0.038461538461538464"
"E02000566","Islington 013","2024","198","198","4864025.0","16000.0","17656.85","66.815","7","0.03535353535353535"
"E02000566","Islington 013","2025","199","199","4888775.0","16000.0","17844.59","69.08","10","0.05025125628140704"
"E02000567","Islington 014","2019","75","75","1142510.0","13250.0","5405.43","60.59","0","0.0"
"E02000567","Islington 014","2023","80","80","1163560.0","13250.0","6067.05","63.4","3","0.0375"
"E02000567","Islington 014","2024","73","73","1233725.0","13250.0","5346.08","63.5","3","0.0410958904109589"
"E02000567","Islington 014","2025","74","74","1198475.0","13250.0","5357.0","63.4","4","0.05405405405405406"
"E02000568","Islington 015","2019","117","117","2059500.0","13250.0","11829.17","68.1","4","0.03418803418803419"
"E02000568","Islington 015","2023","128","128","2275625.0","13250.0","17077.12","68.83","5","0.0390625"
"E02000568","Islington 015","2024","113","113","2364750.0","14250.0","15315.550000000001","67.465","4","0.035398230088495575"
"E02000568","Islington 015","2025","114","114","2322200.0","14250.0","19548.820000000003","67.95","6","0.05263157894736842"
"E02000569","Islington 016","2019","148","148","5435900.0","26125.0","16601.42","86.805","5","0.033783783783783786"
"E02000569","Islington 016","2023","157","157","5429550.0","25750.0","17871.6","86.43","7","0.044585987261146494"
"E02000569","Islington 016","2024","151","151","4927500.0","22500.0","16522.77","82.965","8","0.052980132450331126"
"E02000569","Islington 016","2025","154","154","4997500.0","22750.0","16864.57","82.965","11","0.07142857142857142"
"E02000570","Islington 017","2019","143","143","4057075.0","18000.0","12860.63","71.97","2","0.013986013986013986"
"E02000570","Islington 017","2023","163","163","4284975.0","18000.0","14760.47","71.56","6","0.03680981595092025"
"E02000570","Islington 017","2024","149","149","4532100.0","20750.0","13057.07","69.435","4","0.026845637583892617"
"E02000570","Islington 017","2025","155","155","4655950.0","20750.0","13441.41","69.3","6","0.03870967741935484"
"E02000571","Islington 018","2019","106","106","2367550.0","16500.0","10731.44","75.5","1","0.009433962264150943"
"E02000571","Islington 018","2023","115","115","2347000.0","16375.0","11544.89","75.35","4","0.034782608695652174"
"E02000571","Islington 018","2024","106","106","2195900.0","15750.0","10550.81","75.7","2","0.018867924528301886"
"E02000571","Islington 018","2025","109","109","2186400.0","15500.0","10908.32","76.14500000000001","2","0.01834862385321101"
"E02000572","Islington 019","2019","94","94","2732725.0","11750.0","10448.63","74.0","1","0.010638297872340425"
"E02000572","Islington 019","2023","94","94","2550375.0","11500.0","9929.58","72.4","4","0.0425531914893617"
"E02000572","Islington 019","2024","89","89","2331850.0","12750.0","9574.4","72.80000000000001","3","0.033707865168539325"
"E02000572","Islington 019","2025","90","90","2325600.0","12750.0","9601.61","72.4","3","0.03333333333333333"
"E02000573","Islington 020","2019","534","534","34499415.0","35750.0","76005.97","80.6","14","0.026217228464419477"
"E02000573","Islington 020","2023","608","608","34756225.0","35875.0","88786.51","80.6","22","0.03618421052631579"
"E02000573","Islington 020","2024","562","562","31384375.0","33000.0","80323.35","80.6","20","0.03558718861209965"
"E02000573","Islington 020","2025","575","575","31725025.0","33000.0","81849.21","80.6","25","0.043478260869565216"
"E02000574","Islington 021","2019","305","305","8362815.0","16250.0","30924.83","60.405","8","0.02622950819672131"
"E02000574","Islington 021","2023","333","333","8034465.0","16250.0","34235.18","56.88","18","0.05405405405405406"
"E02000574","Islington 021","2024","297","297","7960425.0","17250.0","32086.31","60.405","17","0.05723905723905724"
"E02000574","Islington 021","2025","303","303","8317175.0","17250.0","33426.85","61.1","21","0.06930693069306931"
"E02000577","Kensington and Chelsea 001","2019","178","178","3755130.0","20375.0","13197.14","68.6","14","0.07865168539325842"
"E02000577","Kensington and Chelsea 001","2023","198","198","6301855.0","21500.0","31540.25","68.35","19","0.09595959595959595"
"E02000577","Kensington and Chelsea 001","2024","176","176","5943040.0","21875.0","22118.31","68.6","15","0.08522727272727272"
"E02000577","Kensington and Chelsea 001","2025","183","183","5963360.0","21500.0","31143.21","69.19999999999999","21","0.11475409836065574"
"E02000578","Kensington and Chelsea 002","2019","52","52","332360.0","1462.5","2608.98","11.075","4","0.07692307692307693"
"E02000578","Kensington and Chelsea 002","2023","57","57","401010.0","1650.0","2973.93","11.9","9","0.15789473684210525"
"E02000578","Kensington and Chelsea 002","2024","53","53","298615.0","1500.0","2817.1","12.1","8","0.1509433962264151"
"E02000578","Kensington and Chelsea 002","2025","55","55","303935.0","1500.0","2883.1","12.1","9","0.16363636363636364"
"E02000579","Kensington and Chelsea 003","2019","35","35","624075.0","11250.0","2825.06","57.4","0","0.0"
"E02000579","Kensington and Chelsea 003","2023","35","35","593525.0","12250.0","2783.59","57.4","2","0.05714285714285714"
"E02000579","Kensington and Chelsea 003","2024","33","33","633525.0","12500.0","2761.54","57.4","2","0.06060606060606061"
"E02000579","Kensington and Chelsea 003","2025","35","35","557525.0","12500.0","2761.54","57.4","2","0.05714285714285714"
"E02000580","Kensington and Chelsea 004","2019","391","391","18883550.0","28750.0","35401.72","64.15","14","0.03580562659846547"
"E02000580","Kensington and Chelsea 004","2023","758","758","19209425.0","16625.0","39840.45","15.0","61","0.08047493403693931"
"E02000580","Kensington and Chelsea 004","2024","569","569","17521850.0","13375.0","34182.41","30.51","62","0.10896309314586995"
"E02000580","Kensington and Chelsea 004","2025","576","576","17253900.0","17500.0","34717.28","31.3","58","0.10069444444444445"
"E02000581","Kensington and Chelsea 005","2019","34","34","1099550.0","15500.0","4312.79","70.44999999999999","1","0.029411764705882353"
"E02000581","Kensington and Chelsea 005","2023","34","34","1035400.0","15500.0","4247.14","68.05","3","0.08823529411764706"
"E02000581","Kensington and Chelsea 005","2024","33","33","1036425.0","14750.0","4031.2799999999997","67.3","4","0.12121212121212122"
"E02000581","Kensington and Chelsea 005","2025","35","35","1039125.0","14750.0","4073.14","66.35","5","0.14285714285714285"
"E02000582","Kensington and Chelsea 006","2019","275","275","17427450.0","52000.0","27883.75","72.25","15","0.05454545454545454"
"E02000582","Kensington and Chelsea 006","2023","392","392","16908000.0","38250.0","30831.94","53.0","81","0.2066326530612245"
"E02000582","Kensington and Chelsea 006","2024","317","317","16338675.0","43750.0","25613.58","55.795","56","0.17665615141955837"
"E02000582","Kensington and Chelsea 006","2025","335","335","16337875.0","43750.0","26126.33","52.5","55","0.16417910447761194"
"E02000583","Kensington and Chelsea 007","2019","171","171","11841590.0","45250.0","25127.95","83.39","10","0.05847953216374269"
"E02000583","Kensington and Chelsea 007","2023","188","188","9057290.0","45250.0","43602.32","81.97","14","0.07446808510638298"
"E02000583","Kensington and Chelsea 007","2024","170","170","7709490.0","36500.0","16286.43","80.805","12","0.07058823529411765"
"E02000583","Kensington and Chelsea 007","2025","173","173","7753640.0","36500.0","16885.55","80.94","13","0.07514450867052024"
"E02000584","Kensington and Chelsea 008","2019","332","332","22389950.0","35750.0","46077.8","83.3","19","0.0572289156626506"
"E02000584","Kensington and Chelsea 008","2023","342","342","21519350.0","36000.0","47286.65","84.13","34","0.09941520467836257"
"E02000584","Kensington and Chelsea 008","2024","319","319","17536575.0","33250.0","43574.25","82.45","34","0.10658307210031348"
"E02000584","Kensington and Chelsea 008","2025","322","322","17402075.0","33500.0","43562.49","81.33000000000001","29","0.09006211180124224"
"E02000585","Kensington and Chelsea 009","2019","38","38","1406700.0","20500.0","4943.84","71.25","0","0.0"
"E02000585","Kensington and Chelsea 009","2023","41","41","1354350.0","20500.0","5326.68","71.4","3","0.07317073170731707"
"E02000585","Kensington and Chelsea 009","2024","35","35","1286100.0","21875.0","4159.14","71.25","1","0.02857142857142857"
"E02000585","Kensington and Chelsea 009","2025","35","35","1286100.0","21875.0","4159.14","71.25","2","0.05714285714285714"
"E02000586","Kensington and Chelsea 010","2019","170","170","19347050.0","38250.0","58606.82","95.02","8","0.047058823529411764"
"E02000586","Kensington and Chelsea 010","2023","199","199","17143425.0","35000.0","63852.43","89.65","26","0.1306532663316583"
"E02000586","Kensington and Chelsea 010","2024","168","168","16376740.0","32000.0","51543.840000000004","84.9","13","0.07738095238095238"
"E02000586","Kensington and Chelsea 010","2025","174","174","16631490.0","32250.0","55954.42","84.9","13","0.07471264367816093"
"E02000587","Kensington and Chelsea 011","2019","185","185","18403800.0","47000.0","37544.46","125.4","8","0.043243243243243246"
"E02000587","Kensington and Chelsea 011","2023","194","194","15122500.0","45000.0","41427.81","134.96","29","0.14948453608247422"
"E02000587","Kensington and Chelsea 011","2024","163","163","11466900.0","39250.0","29258.98","115.25","16","0.09815950920245399"
"E02000587","Kensington and Chelsea 011","2025","165","165","11541650.0","40125.0","29529.71","115.87","13","0.07878787878787878"
"E02000589","Kensington and Chelsea 013","2019","123","123","9534850.0","31000.0","21021.76","92.2","1","0.008130081300813009"
"E02000589","Kensington and Chelsea 013","2023","136","136","8704500.0","27500.0","44968.46","89.85","15","0.11029411764705882"
"E02000589","Kensington and Chelsea 013","2024","127","127","7319225.0","24250.0","20398.64","88.4","16","0.12598425196850394"
"E02000589","Kensington and Chelsea 013","2025","130","130","7283475.0","23750.0","20529.0","87.69999999999999","15","0.11538461538461539"
"E02000590","Kensington and Chelsea 014","2019","310","310","33659850.0","64500.0","50756.42","103.94","20","0.06451612903225806"
"E02000590","Kensington and Chelsea 014","2023","337","337","32321850.0","66500.0","55228.79","103.94","48","0.142433234421365"
"E02000590","Kensington and Chelsea 014","2024","297","297","24426150.0","54500.0","47670.14","101.545","34","0.11447811447811448"
"E02000590","Kensington and Chelsea 014","2025","301","301","23577650.0","54500.0","48501.61","101.545","35","0.11627906976744186"
"E02000591","Kensington and Chelsea 015","2019","64","64","5681550.0","41250.0","20957.69","86.12","2","0.03125"
"E02000591","Kensington and Chelsea 015","2023","64","64","2854800.0","36875.0","20971.31","86.12","6","0.09375"
"E02000591","Kensington and Chelsea 015","2024","62","62","2641450.0","31000.0","6927.6900000000005","86.12","7","0.11290322580645161"
"E02000591","Kensington and Chelsea 015","2025","66","66","2672700.0","29750.0","7481.2","88.49000000000001","5","0.07575757575757576"
"E02000592","Kensington and Chelsea 016","2019","191","191","17018450.0","65000.0","35473.35","117.1","9","0.04712041884816754"
"E02000592","Kensington and Chelsea 016","2023","201","201","16402400.0","62000.0","43651.58","117.1","18","0.08955223880597014"
"E02000592","Kensington and Chelsea 016","2024","184","184","14320075.0","54500.0","34412.36","114.7","17","0.09239130434782608"
"E02000592","Kensington and Chelsea 016","2025","184","184","14179325.0","54250.0","34414.55","114.7","20","0.10869565217391304"
"E02000593","Kensington and Chelsea 017","2019","92","92","4446150.0","39750.0","10616.93","108.5","3","0.03260869565217391"
"E02000593","Kensington and Chelsea 017","2023","96","96","4209900.0","38750.0","10962.1","108.5","10","0.10416666666666667"
"E02000593","Kensington and Chelsea 017","2024","90","90","3435850.0","32250.0","10329.22","95.065","9","0.1"
"E02000593","Kensington and Chelsea 017","2025","93","93","3435850.0","32250.0","10606.49","102.525","12","0.12903225806451613"
"E02000595","Kensington and Chelsea 019","2019","236","236","21164100.0","62000.0","45068.64","107.52","14","0.059322033898305086"
"E02000595","Kensington and Chelsea 019","2023","248","248","18731250.0","62750.0","46687.23","107.52","28","0.11290322580645161"
"E02000595","Kensington and Chelsea 019","2024","221","221","17987950.0","53500.0","39346.71","108.965","18","0.08144796380090498"
"E02000595","Kensington and Chelsea 019","2025","226","226","18072450.0","53000.0","39455.22","107.5","16","0.07079646017699115"
"E02000596","Kensington and Chelsea 020","2019","146","146","8243750.0","45000.0","17201.82","93.0","4","0.0273972602739726"
"E02000596","Kensington and Chelsea 020","2023","149","149","8127150.0","43750.0","17338.15","93.55","18","0.12080536912751678"
"E02000596","Kensington and Chelsea 020","2024","144","144","8127500.0","44500.0","17380.08","92.445","13","0.09027777777777778"
"E02000596","Kensington and Chelsea 020","2025","148","148","8020500.0","43625.0","17695.67","92.445","22","0.14864864864864866"
"E02000597","Kensington and Chelsea 021","2019","109","109","3796700.0","26125.0","15943.4","85.64","4","0.03669724770642202"
"E02000597","Kensington and Chelsea 021","2023","139","139","4296500.0","26250.0","19991.05","100.9","10","0.07194244604316546"
"E02000597","Kensington and Chelsea 021","2024","123","123","4212950.0","24750.0","17889.829999999998","93.78","10","0.08130081300813008"
"E02000597","Kensington and Chelsea 021","2025","124","124","4212950.0","24750.0","18132.23","94.94","19","0.1532258064516129"
"E02000598","Kingston upon Thames 001","2019","10","10","107800.0","10000.0","515.38","54.39","0","0.0"
"E02000598","Kingston upon Thames 001","2023","11","11","160300.0","10000.0","1230.5","56.394999999999996","0","0.0"
"E02000598","Kingston upon Thames 001","2024","10","10","120350.0","11250.0","515.38","54.39","0","0.0"
"E02000598","Kingston upon Thames 001","2025","10","10","120350.0","11250.0","515.38","54.39","0","0.0"
"E02000599","Kingston upon Thames 002","2019","13","13","269500.0","12250.0","2620.89","88.28","1","0.07692307692307693"
"E02000599","Kingston upon Thames 002","2023","14","14","293250.0","12250.0","3270.89","91.12","0","0.0"
"E02000599","Kingston upon Thames 002","2024","14","14","315300.0","13375.0","3270.89","91.12","0","0.0"
"E02000599","Kingston upon Thames 002","2025","14","14","315300.0","13375.0","3270.89","91.12","0","0.0"
"E02000600","Kingston upon Thames 003","2019","76","76","1328750.0","10250.0","6016.81","71.1","12","0.15789473684210525"
"E02000600","Kingston upon Thames 003","2023","76","76","1204900.0","12500.0","5972.61","68.24","13","0.17105263157894737"
"E02000600","Kingston upon Thames 003","2024","64","64","1054750.0","11750.0","5216.57","68.24","5","0.078125"
"E02000600","Kingston upon Thames 003","2025","63","63","1051000.0","11750.0","5222.81","69.66999999999999","1","0.015873015873015872"
"E02000601","Kingston upon Thames 004","2019","107","107","3226735.0","11500.0","15893.32","80.65","11","0.102803738317757"
"E02000601","Kingston upon Thames 004","2023","120","120","3230675.0","11625.0","33348.99","80.85","13","0.10833333333333334"
"E02000601","Kingston upon Thames 004","2024","102","102","3407450.0","13000.0","14458.369999999999","74.8","7","0.06862745098039216"
"E02000601","Kingston upon Thames 004","2025","104","104","3407500.0","12375.0","14539.369999999999","73.35","3","0.028846153846153848"
"E02000602","Kingston upon Thames 005","2019","117","117","4144575.0","14000.0","21417.39","66.14","13","0.1111111111111111"
"E02000602","Kingston upon Thames 005","2023","123","123","3589950.0","14275.0","20080.61","61.6","11","0.08943089430894309"
"E02000602","Kingston upon Thames 005","2024","107","107","4006950.0","12625.0","21032.27","61.6","11","0.102803738317757"
"E02000602","Kingston upon Thames 005","2025","108","108","3597200.0","12500.0","21102.41","62.55","3","0.027777777777777776"
"E02000603","Kingston upon Thames 006","2019","69","69","2549900.0","10375.0","18214.61","77.4","8","0.11594202898550725"
"E02000603","Kingston upon Thames 006","2023","73","73","1575900.0","10500.0","20997.1","78.1","9","0.1232876712328767"
"E02000603","Kingston upon Thames 006","2024","62","62","1838200.0","13750.0","12626.17","79.05","9","0.14516129032258066"
"E02000603","Kingston upon Thames 006","2025","62","62","1839950.0","13750.0","12578.61","77.75","0","0.0"
"E02000604","Kingston upon Thames 007","2019","213","213","6823350.0","18000.0","40053.6","82.9","24","0.11267605633802817"
"E02000604","Kingston upon Thames 007","2023","233","233","6045820.0","19625.0","41861.89","82.48","25","0.1072961373390558"
"E02000604","Kingston upon Thames 007","2024","188","188","5990455.0","19750.0","34816.54","84.83","11","0.05851063829787234"
"E02000604","Kingston upon Thames 007","2025","187","187","6048105.0","19875.0","35547.59","85.11500000000001","4","0.0213903743315508"
"E02000605","Kingston upon Thames 008","2019","105","105","1336875.0","4150.0","11002.07","44.2","17","0.1619047619047619"
"E02000605","Kingston upon Thames 008","2023","109","109","1073875.0","3500.0","11654.5","44.75","9","0.08256880733944955"
"E02000605","Kingston upon Thames 008","2024","94","94","1551930.0","5025.0","8977.69","41.3","7","0.07446808510638298"
"E02000605","Kingston upon Thames 008","2025","95","95","1551930.0","5025.0","9021.89","41.3","5","0.05263157894736842"
"E02000606","Kingston upon Thames 009","2019","613","613","64698202.0","48000.0","252721.93","116.81","66","0.10766721044045677"
"E02000606","Kingston upon Thames 009","2023","646","646","61850327.0","46750.0","257170.80000000002","115.215","77","0.11919504643962849"
"E02000606","Kingston upon Thames 009","2024","577","577","40585970.0","37000.0","237108.30000000002","113.88","52","0.09012131715771231"
"E02000606","Kingston upon Thames 009","2025","582","582","40874570.0","37000.0","239455.9","114.765","27","0.04639175257731959"
"E02000607","Kingston upon Thames 010","2019","40","40","442050.0","6450.0","2513.94","48.7","2","0.05"
"E02000607","Kingston upon Thames 010","2023","42","42","461250.0","6400.0","3358.34","48.8","2","0.047619047619047616"
"E02000607","Kingston upon Thames 010","2024","39","39","557100.0","9400.0","2540.54","48.7","4","0.10256410256410256"
"E02000607","Kingston upon Thames 010","2025","39","39","557100.0","9400.0","2540.54","48.7","1","0.02564102564102564"
"E02000608","Kingston upon Thames 011","2019","236","236","7645580.0","18250.0","37852.229999999996","77.18","15","0.0635593220338983"
"E02000608","Kingston upon Thames 011","2023","236","236","7513880.0","18250.0","37412.43","77.13","14","0.059322033898305086"
"E02000608","Kingston upon Thames 011","2024","227","227","8011015.0","21000.0","36071.58","77.16","17","0.07488986784140969"
"E02000608","Kingston upon Thames 011","2025","229","229","7958315.0","21000.0","36076.71","77.1","9","0.039301310043668124"
"E02000609","Kingston upon Thames 012","2019","24","24","625950.0","9000.0","1744.53","64.12","4","0.16666666666666666"
"E02000609","Kingston upon Thames 012","2023","25","25","523250.0","9000.0","2102.58","69.75","2","0.08"
"E02000609","Kingston upon Thames 012","2024","21","21","469850.0","11250.0","2087.48","75.38","2","0.09523809523809523"
"E02000609","Kingston upon Thames 012","2025","21","21","459600.0","11250.0","2087.48","75.38","0","0.0"
"E02000610","Kingston upon Thames 013","2019","88","88","1093925.0","9700.0","7368.860000000001","54.55","10","0.11363636363636363"
"E02000610","Kingston upon Thames 013","2023","94","94","1145375.0","9850.0","9775.76","58.15","8","0.0851063829787234"
"E02000610","Kingston upon Thames 013","2024","84","84","1228100.0","10750.0","7718.35","53.6","5","0.05952380952380952"
"E02000610","Kingston upon Thames 013","2025","85","85","1224750.0","10750.0","7763.52","54.45","3","0.03529411764705882"
"E02000611","Kingston upon Thames 014","2019","23","23","231550.0","8200.0","1824.29","59.22","0","0.0"
"E02000611","Kingston upon Thames 014","2023","25","25","318500.0","9050.0","2268.31","60.31","0","0.0"
"E02000611","Kingston upon Thames 014","2024","23","23","376550.0","13000.0","2176.69","62.53","0","0.0"
"E02000611","Kingston upon Thames 014","2025","24","24","376550.0","13000.0","2237.0","61.42","0","0.0"
"E02000612","Kingston upon Thames 015","2019","27","27","318950.0","9300.0","2502.34","74.83","3","0.1111111111111111"
"E02000612","Kingston upon Thames 015","2023","27","27","304950.0","9250.0","2502.34","74.83","2","0.07407407407407407"
"E02000612","Kingston upon Thames 015","2024","26","26","375250.0","11000.0","2417.28","71.745","0","0.0"
"E02000612","Kingston upon Thames 015","2025","26","26","375250.0","11000.0","2417.28","71.745","0","0.0"
"E02000613","Kingston upon Thames 016","2019","80","80","947140.0","8250.0","8423.460000000001","60.58","8","0.1"
"E02000613","Kingston upon Thames 016","2023","90","90","936490.0","8250.0","10421.12","59.93","5","0.05555555555555555"
"E02000613","Kingston upon Thames 016","2024","82","82","1078500.0","11000.0","8403.22","57.05","6","0.07317073170731707"
"E02000613","Kingston upon Thames 016","2025","82","82","1068700.0","10875.0","8311.380000000001","55.67","2","0.024390243902439025"
"E02000614","Kingston upon Thames 017","2019","176","176","3761125.0","12500.0","34700.54","88.52","25","0.14204545454545456"
"E02000614","Kingston upon Thames 017","2023","205","205","3710415.0","13375.0","55709.58","92.45","29","0.14146341463414633"
"E02000614","Kingston upon Thames 017","2024","169","169","3880520.0","15000.0","35480.1","87.97999999999999","15","0.08875739644970414"
"E02000614","Kingston upon Thames 017","2025","171","171","3801720.0","15000.0","36988.63","87.845","5","0.029239766081871343"
"E02000615","Kingston upon Thames 018","2019","96","96","1869875.0","14250.0","10245.03","76.49","5","0.052083333333333336"
"E02000615","Kingston upon Thames 018","2023","111","111","1849475.0","14000.0","10995.66","71.5","2","0.018018018018018018"
"E02000615","Kingston upon Thames 018","2024","97","97","1809950.0","14125.0","10153.92","75.74000000000001","5","0.05154639175257732"
"E02000615","Kingston upon Thames 018","2025","97","97","1806000.0","14125.0","10122.71","75.265","2","0.020618556701030927"
"E02000616","Kingston upon Thames 019","2019","6","6","135550.0","12125.0","436.94","53.9","1","0.16666666666666666"
"E02000616","Kingston upon Thames 019","2023","7","7","144550.0","10500.0","552.98","68.57","1","0.14285714285714285"
"E02000616","Kingston upon Thames 019","2024","7","7","149900.0","13000.0","552.98","68.57","1","0.14285714285714285"
"E02000616","Kingston upon Thames 019","2025","7","7","149900.0","13000.0","552.98","68.57","0","0.0"
"E02000617","Kingston upon Thames 020","2019","27","27","1434800.0","9750.0","15570.53","65.535","1","0.037037037037037035"
"E02000617","Kingston upon Thames 020","2023","32","32","1342750.0","9750.0","15788.910000000002","60.4","2","0.0625"
"E02000617","Kingston upon Thames 020","2024","26","26","1366450.0","9750.0","15397.87","62.87","1","0.038461538461538464"
"E02000617","Kingston upon Thames 020","2025","26","26","1416450.0","9750.0","15641.83","62.87","1","0.038461538461538464"
"E02000619","Lambeth 002","2019","78","78","1326725.0","7900.0","7539.78","61.72","3","0.038461538461538464"
"E02000619","Lambeth 002","2023","80","80","1335825.0","8550.0","8090.6","63.0","4","0.05"
"E02000619","Lambeth 002","2024","83","83","1725450.0","10500.0","7726.64","62.07","3","0.03614457831325301"
"E02000619","Lambeth 002","2025","84","84","1781950.0","10500.0","7969.11","62.535","1","0.011904761904761904"
"E02000620","Lambeth 003","2019","163","163","4460400.0","15250.0","23812.31","86.18","6","0.03680981595092025"
"E02000620","Lambeth 003","2023","171","171","4615100.0","16000.0","29090.57","90.88","6","0.03508771929824561"
"E02000620","Lambeth 003","2024","172","172","5827100.0","18500.0","24974.36","89.895","4","0.023255813953488372"
"E02000620","Lambeth 003","2025","179","179","5963950.0","18500.0","26504.9","91.06","4","0.0223463687150838"
"E02000622","Lambeth 005","2019","119","119","2032100.0","13250.0","10760.789999999999","71.47","5","0.04201680672268908"
"E02000622","Lambeth 005","2023","129","129","1941425.0","13250.0","11286.33","70.0","4","0.031007751937984496"
"E02000622","Lambeth 005","2024","119","119","2152200.0","14750.0","10308.43","68.95","3","0.025210084033613446"
"E02000622","Lambeth 005","2025","122","122","2151200.0","14750.0","10510.18","67.9","1","0.00819672131147541"
"E02000623","Lambeth 006","2019","36","36","639400.0","9900.0","9678.17","52.5","0","0.0"
"E02000623","Lambeth 006","2023","35","35","568400.0","9900.0","9585.32","50.3","0","0.0"
"E02000623","Lambeth 006","2024","35","35","652600.0","10500.0","9726.92","53.5","2","0.05714285714285714"
"E02000623","Lambeth 006","2025","35","35","552650.0","14000.0","9726.92","53.5","1","0.02857142857142857"
"E02000624","Lambeth 007","2019","59","59","922100.0","11250.0","5573.3099999999995","69.16","1","0.01694915254237288"
"E02000624","Lambeth 007","2023","62","62","893650.0","11250.0","5833.13","69.28","1","0.016129032258064516"
"E02000624","Lambeth 007","2024","55","55","1114600.0","13750.0","5395.14","69.4","2","0.03636363636363636"
"E02000624","Lambeth 007","2025","55","55","1108600.0","13750.0","5395.14","69.4","1","0.01818181818181818"
"E02000625","Lambeth 008","2019","124","124","2477900.0","11750.0","17578.4","68.0","9","0.07258064516129033"
"E02000625","Lambeth 008","2023","131","131","2485450.0","11750.0","18669.94","68.91","8","0.061068702290076333"
"E02000625","Lambeth 008","2024","115","115","2779850.0","13500.0","16554.35","65.5","2","0.017391304347826087"
"E02000625","Lambeth 008","2025","115","115","2803850.0","13500.0","16554.35","65.5","1","0.008695652173913044"
"E02000626","Lambeth 009","2019","85","85","808700.0","9100.0","8444.51","98.66499999999999","3","0.03529411764705882"
"E02000626","Lambeth 009","2023","86","86","790700.0","9100.0","8439.18","95.45","1","0.011627906976744186"
"E02000626","Lambeth 009","2024","83","83","1101775.0","14500.0","8334.13","98.66499999999999","1","0.012048192771084338"
"E02000626","Lambeth 009","2025","85","85","1092725.0","14500.0","8547.21","101.635","1","0.011764705882352941"
"E02000627","Lambeth 010","2019","82","82","1547225.0","11250.0","6596.78","67.6","2","0.024390243902439025"
"E02000627","Lambeth 010","2023","86","86","1561525.0","11250.0","6998.15","67.7","2","0.023255813953488372"
"E02000627","Lambeth 010","2024","78","78","1477525.0","12250.0","6290.73","67.6","1","0.01282051282051282"
"E02000627","Lambeth 010","2025","78","78","1481775.0","12250.0","6381.35","67.7","1","0.01282051282051282"
"E02000628","Lambeth 011","2019","492","492","12753590.0","12500.0","47217.4","48.75","23","0.046747967479674794"
"E02000628","Lambeth 011","2023","610","610","13181230.0","11500.0","51276.62","37.97","18","0.029508196721311476"
"E02000628","Lambeth 011","2024","561","561","14872725.0","13250.0","46262.7","37.86","12","0.0213903743315508"
"E02000628","Lambeth 011","2025","593","593","14882125.0","12250.0","46896.35","33.36","12","0.02023608768971332"
"E02000629","Lambeth 012","2019","138","138","5259450.0","23000.0","29825.43","81.06","8","0.057971014492753624"
"E02000629","Lambeth 012","2023","141","141","4524050.0","23250.0","22677.12","78.39","3","0.02127659574468085"
"E02000629","Lambeth 012","2024","133","133","4726200.0","26125.0","15875.32","80.955","2","0.015037593984962405"
"E02000629","Lambeth 012","2025","136","136","4786200.0","26125.0","16119.800000000001","80.85","2","0.014705882352941176"
"E02000630","Lambeth 013","2019","114","114","3679950.0","21125.0","12144.96","75.57","5","0.043859649122807015"
"E02000630","Lambeth 013","2023","115","115","3633950.0","23000.0","12071.78","74.145","6","0.05217391304347826"
"E02000630","Lambeth 013","2024","112","112","3732250.0","21375.0","11683.77","66.30000000000001","7","0.0625"
"E02000630","Lambeth 013","2025","116","116","3783000.0","21000.0","11901.47","66.7","4","0.034482758620689655"
"E02000631","Lambeth 014","2019","69","69","1073200.0","12000.0","6718.92","77.7","8","0.11594202898550725"
"E02000631","Lambeth 014","2023","76","76","1073700.0","11000.0","6870.24","73.86","6","0.07894736842105263"
"E02000631","Lambeth 014","2024","71","71","1211850.0","12750.0","6578.3","72.07","3","0.04225352112676056"
"E02000631","Lambeth 014","2025","71","71","1211850.0","12750.0","6578.3","72.07","2","0.028169014084507043"
"E02000632","Lambeth 015","2019","113","113","3270250.0","11500.0","21286.54","67.24","9","0.07964601769911504"
"E02000632","Lambeth 015","2023","120","120","2485750.0","11375.0","13356.91","67.22","10","0.08333333333333333"
"E02000632","Lambeth 015","2024","110","110","2537050.0","12250.0","11797.92","61.87","6","0.05454545454545454"
"E02000632","Lambeth 015","2025","110","110","2537050.0","12250.0","11797.92","61.87","6","0.05454545454545454"
"E02000633","Lambeth 016","2019","143","143","7273115.0","14000.0","33204.77","63.47","6","0.04195804195804196"
"E02000633","Lambeth 016","2023","151","151","7232065.0","14500.0","34017.409999999996","63.45","9","0.059602649006622516"
"E02000633","Lambeth 016","2024","137","137","7308750.0","16750.0","31166.44","63.41","3","0.021897810218978103"
"E02000633","Lambeth 016","2025","137","137","7308750.0","16750.0","31166.44","63.41","3","0.021897810218978103"
"E02000634","Lambeth 017","2019","115","115","5527380.0","24500.0","16377.14","70.75999999999999","4","0.034782608695652174"
"E02000634","Lambeth 017","2023","119","119","5310730.0","24250.0","16697.420000000002","70.52","3","0.025210084033613446"
"E02000634","Lambeth 017","2024","111","111","5174950.0","25000.0","16040.85","70.75999999999999","1","0.009009009009009009"
"E02000634","Lambeth 017","2025","114","114","5112950.0","25000.0","16487.61","73.2","1","0.008771929824561403"
"E02000635","Lambeth 018","2019","144","144","2147575.0","7900.0","10951.2","65.79","5","0.034722222222222224"
"E02000635","Lambeth 018","2023","160","160","2337550.0","8700.0","12762.12","67.1","5","0.03125"
"E02000635","Lambeth 018","2024","140","140","2452725.0","11000.0","11382.35","67.7","0","0.0"
"E02000635","Lambeth 018","2025","141","141","2470275.0","11000.0","11438.99","67.1","0","0.0"
"E02000636","Lambeth 019","2019","56","56","2876000.0","25375.0","8604.44","94.185","1","0.017857142857142856"
"E02000636","Lambeth 019","2023","57","57","2870950.0","25250.0","8911.16","93.77","1","0.017543859649122806"
"E02000636","Lambeth 019","2024","57","57","3060500.0","28250.0","8911.16","93.77","2","0.03508771929824561"
"E02000636","Lambeth 019","2025","58","58","3075000.0","28125.0","9000.49","93.655","2","0.034482758620689655"
"E02000637","Lambeth 020","2019","81","81","1228950.0","6800.0","8133.4400000000005","70.35","0","0.0"
"E02000637","Lambeth 020","2023","82","82","1236350.0","6800.0","8197.79","70.4","0","0.0"
"E02000637","Lambeth 020","2024","81","81","1543700.0","10500.0","8197.79","71.03999999999999","0","0.0"
"E02000637","Lambeth 020","2025","83","83","1550550.0","10500.0","8326.42","71.03999999999999","0","0.0"
"E02000638","Lambeth 021","2019","91","91","1043700.0","9150.0","7567.42","60.97","4","0.04395604395604396"
"E02000638","Lambeth 021","2023","94","94","1033950.0","9100.0","7709.71","60.74","3","0.031914893617021274"
"E02000638","Lambeth 021","2024","88","88","1307650.0","11250.0","7273.23","60.4","1","0.011363636363636364"
"E02000638","Lambeth 021","2025","89","89","1298250.0","11375.0","7430.02","60.57","1","0.011235955056179775"
"E02000639","Lambeth 022","2019","19","19","417700.0","6650.0","1623.14","52.1","3","0.15789473684210525"
"E02000639","Lambeth 022","2023","13","13","321800.0","11000.0","953.9499999999999","41.8","2","0.15384615384615385"
"E02000639","Lambeth 022","2024","7","7","286650.0","41125.0","676.05","41.8","0","0.0"
"E02000639","Lambeth 022","2025","7","7","294150.0","44875.0","668.22","41.8","0","0.0"
"E02000640","Lambeth 023","2019","22","22","354600.0","11000.0","2298.04","63.400000000000006","0","0.0"
"E02000640","Lambeth 023","2023","24","24","358200.0","10500.0","2455.74","63.400000000000006","0","0.0"
"E02000640","Lambeth 023","2024","24","24","438800.0","11500.0","2577.75","63.400000000000006","0","0.0"
"E02000640","Lambeth 023","2025","24","24","438800.0","11500.0","2577.75","63.400000000000006","0","0.0"
"E02000641","Lambeth 024","2019","7","7","52600.0","5200.0","573.66","41.9","0","0.0"
"E02000641","Lambeth 024","2023","7","7","44800.0","5200.0","573.66","41.9","0","0.0"
"E02000641","Lambeth 024","2024","8","8","147450.0","9950.0","797.5","65.08","0","0.0"
"E02000641","Lambeth 024","2025","8","8","147450.0","9950.0","797.5","65.08","0","0.0"
"E02000642","Lambeth 025","2019","102","102","1261750.0","8800.0","8265.03","64.5","3","0.029411764705882353"
"E02000642","Lambeth 025","2023","112","112","1383100.0","8950.0","9112.56","68.74","3","0.026785714285714284"
"E02000642","Lambeth 025","2024","101","101","1715100.0","11500.0","8291.39","65.67","2","0.019801980198019802"
"E02000642","Lambeth 025","2025","101","101","1716950.0","11500.0","8351.37","65.67","1","0.009900990099009901"
"E02000643","Lambeth 026","2019","95","95","1480850.0","13000.0","10801.95","86.65","1","0.010526315789473684"
"E02000643","Lambeth 026","2023","99","99","1582450.0","13000.0","11658.68","86.805","3","0.030303030303030304"
"E02000643","Lambeth 026","2024","97","97","2026650.0","16750.0","11309.2","86.65","3","0.030927835051546393"
"E02000643","Lambeth 026","2025","97","97","2026650.0","16750.0","11309.2","86.65","3","0.030927835051546393"
"E02000644","Lambeth 027","2019","62","62","1333375.0","11625.0","10244.43","77.1","0","0.0"
"E02000644","Lambeth 027","2023","63","63","1329125.0","11750.0","10309.85","76.9","0","0.0"
"E02000644","Lambeth 027","2024","62","62","1597325.0","14000.0","10833.9","77.1","0","0.0"
"E02000644","Lambeth 027","2025","63","63","1613075.0","14125.0","11150.2","77.85","0","0.0"
"E02000645","Lambeth 028","2019","201","201","2562800.0","9150.0","17905.03","59.3","9","0.04477611940298507"
"E02000645","Lambeth 028","2023","211","211","2591450.0","9100.0","18596.46","58.5","6","0.02843601895734597"
"E02000645","Lambeth 028","2024","201","201","2805300.0","10250.0","17754.01","58.5","7","0.03482587064676617"
"E02000645","Lambeth 028","2025","203","203","2792390.0","10375.0","17828.61","58.5","6","0.029556650246305417"
"E02000646","Lambeth 029","2019","209","209","6136000.0","19500.0","34236.69","95.75","9","0.0430622009569378"
"E02000646","Lambeth 029","2023","227","227","6106900.0","19500.0","35531.66","94.69","6","0.02643171806167401"
"E02000646","Lambeth 029","2024","210","210","6422200.0","21250.0","33636.36","95.45","6","0.02857142857142857"
"E02000646","Lambeth 029","2025","218","218","6435450.0","21250.0","35096.15","96.19999999999999","4","0.01834862385321101"
"E02000647","Lambeth 030","2019","6","6","45100.0","7900.0","332.18","48.150000000000006","0","0.0"
"E02000647","Lambeth 030","2023","6","6","40200.0","8900.0","332.18","48.150000000000006","0","0.0"
"E02000647","Lambeth 030","2024","5","5","41900.0","8800.0","233.1","37.6","0","0.0"
"E02000647","Lambeth 030","2025","5","5","41900.0","8800.0","233.1","37.6","0","0.0"
"E02000648","Lambeth 031","2019","25","25","281250.0","8500.0","1871.03","67.17","0","0.0"
"E02000648","Lambeth 031","2023","25","25","269300.0","8900.0","1816.83","61.9","0","0.0"
"E02000648","Lambeth 031","2024","23","23","276450.0","9000.0","1739.3600000000001","67.17","0","0.0"
"E02000648","Lambeth 031","2025","23","23","255950.0","9000.0","1739.3600000000001","67.17","0","0.0"
"E02000649","Lambeth 032","2019","214","214","4634100.0","9750.0","55227.5","77.14500000000001","7","0.03271028037383177"
"E02000649","Lambeth 032","2023","227","227","4549650.0","9950.0","56175.71","75.0","4","0.01762114537444934"
"E02000649","Lambeth 032","2024","204","204","5307250.0","11750.0","29334.77","74.345","4","0.0196078431372549"
"E02000649","Lambeth 032","2025","205","205","5307250.0","11750.0","29381.969999999998","73.69","3","0.014634146341463415"
"E02000650","Lambeth 033","2019","85","85","1522475.0","12625.0","8067.82","71.225","1","0.011764705882352941"
"E02000650","Lambeth 033","2023","89","89","1561700.0","12250.0","8222.56","70.9","2","0.02247191011235955"
"E02000650","Lambeth 033","2024","88","88","1726750.0","14000.0","7894.02","69.985","2","0.022727272727272728"
"E02000650","Lambeth 033","2025","90","90","1712000.0","13750.0","8024.92","69.985","1","0.011111111111111112"
"E02000651","Lambeth 034","2019","100","100","2974500.0","9800.0","15552.560000000001","60.91","3","0.03"
"E02000651","Lambeth 034","2023","103","103","3018650.0","10000.0","23400.13","61.55","3","0.02912621359223301"
"E02000651","Lambeth 034","2024","93","93","3015650.0","10500.0","15333.9","61.55","2","0.021505376344086023"
"E02000651","Lambeth 034","2025","96","96","3030950.0","10500.0","22658.440000000002","62.19","1","0.010416666666666666"
"E02000652","Lambeth 035","2019","35","35","903800.0","7600.0","5087.55","58.7","0","0.0"
"E02000652","Lambeth 035","2023","35","35","878800.0","7600.0","4984.030000000001","58.7","0","0.0"
"E02000652","Lambeth 035","2024","35","35","943350.0","10250.0","4984.030000000001","58.7","0","0.0"
"E02000652","Lambeth 035","2025","35","35","943350.0","10250.0","4984.030000000001","58.7","0","0.0"
"E02000653","Lewisham 001","2019","23","23","828250.0","8700.0","10446.26","133.375","4","0.17391304347826086"
"E02000653","Lewisham 001","2023","31","31","892550.0","10500.0","11614.14","133.375","3","0.0967741935483871"
"E02000653","Lewisham 001","2024","27","27","1195660.0","17500.0","5617.360000000001","120.11","1","0.037037037037037035"
"E02000653","Lewisham 001","2025","27","27","1195660.0","17500.0","5617.360000000001","120.11","1","0.037037037037037035"
"E02000654","Lewisham 002","2019","132","132","1500400.0","10875.0","12555.07","89.1","11","0.08333333333333333"
"E02000654","Lewisham 002","2023","139","139","1487050.0","11375.0","12699.15","82.2","7","0.050359712230215826"
"E02000654","Lewisham 002","2024","123","123","1585885.0","11375.0","11657.75","87.0","1","0.008130081300813009"
"E02000654","Lewisham 002","2025","125","125","1605385.0","11500.0","11876.34","87.0","1","0.008"
"E02000655","Lewisham 003","2019","74","74","1637450.0","11750.0","11448.67","74.89","2","0.02702702702702703"
"E02000655","Lewisham 003","2023","85","85","3086600.0","12000.0","18244.62","80.18","4","0.047058823529411764"
"E02000655","Lewisham 003","2024","77","77","3089400.0","12000.0","16853.59","83.75","2","0.025974025974025976"
"E02000655","Lewisham 003","2025","77","77","3083400.0","12000.0","16853.59","83.75","2","0.025974025974025976"
"E02000657","Lewisham 005","2019","163","163","2355975.0","9900.0","11834.42","59.379999999999995","12","0.0736196319018405"
"E02000657","Lewisham 005","2023","169","169","2133375.0","9450.0","12173.49","58.57","12","0.07100591715976332"
"E02000657","Lewisham 005","2024","151","151","2034645.0","9600.0","10882.79","60.19","2","0.013245033112582781"
"E02000657","Lewisham 005","2025","156","156","2044645.0","9600.0","11232.06","63.6","3","0.019230769230769232"
"E02000658","Lewisham 006","2019","64","64","746235.0","10250.0","4288.1","61.985","2","0.03125"
"E02000658","Lewisham 006","2023","71","71","691685.0","10000.0","4624.14","58.97","3","0.04225352112676056"
"E02000658","Lewisham 006","2024","63","63","660030.0","9400.0","4033.29","59.435","1","0.015873015873015872"
"E02000658","Lewisham 006","2025","63","63","676280.0","9400.0","4040.59","59.435","1","0.015873015873015872"
"E02000659","Lewisham 007","2019","30","30","1100800.0","11750.0","7201.2699999999995","69.1","2","0.06666666666666667"
"E02000659","Lewisham 007","2023","33","33","1220100.0","13000.0","7823.84","76.675","3","0.09090909090909091"
"E02000659","Lewisham 007","2024","30","30","1188150.0","14875.0","5442.1900000000005","71.34","2","0.06666666666666667"
"E02000659","Lewisham 007","2025","30","30","1188150.0","14875.0","5442.1900000000005","71.34","2","0.06666666666666667"
"E02000660","Lewisham 008","2019","53","53","771500.0","11750.0","5059.64","67.27","1","0.018867924528301886"
"E02000660","Lewisham 008","2023","57","57","776275.0","12750.0","5430.87","68.1","2","0.03508771929824561"
"E02000660","Lewisham 008","2024","47","47","725875.0","12250.0","4244.35","68.65","1","0.02127659574468085"
"E02000660","Lewisham 008","2025","47","47","725875.0","12250.0","4244.35","68.65","1","0.02127659574468085"
"E02000661","Lewisham 009","2019","174","174","4893500.0","21250.0","16038.62","76.1","4","0.022988505747126436"
"E02000661","Lewisham 009","2023","187","187","4700990.0","20625.0","16893.43","74.8","11","0.058823529411764705"
"E02000661","Lewisham 009","2024","178","178","4724170.0","21250.0","15848.83","74.3","5","0.028089887640449437"
"E02000661","Lewisham 009","2025","181","181","4671670.0","21125.0","15769.619999999999","72.69","5","0.027624309392265192"
"E02000662","Lewisham 010","2019","24","24","319350.0","9300.0","2599.02","66.345","2","0.08333333333333333"
"E02000662","Lewisham 010","2023","25","25","298450.0","8900.0","2612.33","65.5","1","0.04"
"E02000662","Lewisham 010","2024","23","23","329500.0","9300.0","2132.5299999999997","55.08","1","0.043478260869565216"
"E02000662","Lewisham 010","2025","23","23","329500.0","9300.0","2132.5299999999997","55.08","1","0.043478260869565216"
"E02000663","Lewisham 011","2019","63","63","1804600.0","6200.0","9965.56","57.65","2","0.031746031746031744"
"E02000663","Lewisham 011","2023","65","65","1418450.0","6200.0","10006.31","54.385000000000005","5","0.07692307692307693"
"E02000663","Lewisham 011","2024","61","61","1291650.0","8550.0","7980.49","53.760000000000005","1","0.01639344262295082"
"E02000663","Lewisham 011","2025","63","63","1307100.0","8800.0","8328.38","53.760000000000005","1","0.015873015873015872"
"E02000665","Lewisham 013","2019","119","119","3301350.0","9600.0","19085.67","81.63499999999999","4","0.03361344537815126"
"E02000665","Lewisham 013","2023","123","123","3240900.0","9800.0","34130.49","83.33500000000001","4","0.032520325203252036"
"E02000665","Lewisham 013","2024","115","115","2696210.0","8100.0","18687.32","83.33500000000001","2","0.017391304347826087"
"E02000665","Lewisham 013","2025","114","114","2690260.0","8050.0","18637.63","83.92","2","0.017543859649122806"
"E02000666","Lewisham 014","2019","65","65","848050.0","10500.0","5392.16","65.97999999999999","4","0.06153846153846154"
"E02000666","Lewisham 014","2023","66","66","857500.0","10750.0","5495.11","66.16","2","0.030303030303030304"
"E02000666","Lewisham 014","2024","63","63","925800.0","11750.0","5424.75","66.16","1","0.015873015873015872"
"E02000666","Lewisham 014","2025","65","65","994800.0","11750.0","5662.76","67.515","1","0.015384615384615385"
"E02000667","Lewisham 015","2019","80","80","933800.0","10000.0","5226.84","55.93","2","0.025"
"E02000667","Lewisham 015","2023","81","81","911250.0","9900.0","5201.94","56.0","2","0.024691358024691357"
"E02000667","Lewisham 015","2024","84","84","895775.0","9700.0","5422.62","55.76","0","0.0"
"E02000667","Lewisham 015","2025","86","86","912225.0","9700.0","5551.0","55.76","0","0.0"
"E02000668","Lewisham 016","2019","75","75","824625.0","8450.0","5461.04","55.94","2","0.02666666666666667"
"E02000668","Lewisham 016","2023","76","76","819925.0","8500.0","5645.42","56.2","2","0.02631578947368421"
"E02000668","Lewisham 016","2024","70","70","855650.0","10250.0","5423.3","56.2","1","0.014285714285714285"
"E02000668","Lewisham 016","2025","70","70","855650.0","10250.0","5423.3","56.2","1","0.014285714285714285"
"E02000669","Lewisham 017","2019","131","131","1272950.0","7800.0","10972.69","62.4","10","0.07633587786259542"
"E02000669","Lewisham 017","2023","138","138","1238150.0","7950.0","11652.08","64.435","8","0.057971014492753624"
"E02000669","Lewisham 017","2024","121","121","1247570.0","8100.0","9759.97","61.785","2","0.01652892561983471"
"E02000669","Lewisham 017","2025","123","123","1252570.0","8100.0","9860.75","61.785","2","0.016260162601626018"
"E02000670","Lewisham 018","2019","66","66","1355675.0","7900.0","10292.119999999999","63.45","0","0.0"
"E02000670","Lewisham 018","2023","67","67","632775.0","7100.0","9278.4","60.2","0","0.0"
"E02000670","Lewisham 018","2024","61","61","670250.0","7600.0","7473.13","57.93","0","0.0"
"E02000670","Lewisham 018","2025","61","61","640000.0","7850.0","7086.99","56.2","0","0.0"
"E02000671","Lewisham 019","2019","136","136","1442265.0","7900.0","10582.6","53.915000000000006","10","0.07352941176470588"
"E02000671","Lewisham 019","2023","139","139","1427065.0","7850.0","11241.68","54.2","7","0.050359712230215826"
"E02000671","Lewisham 019","2024","129","129","1582795.0","9200.0","10009.67","53.61","1","0.007751937984496124"
"E02000671","Lewisham 019","2025","130","130","1582795.0","9200.0","10163.57","53.63","0","0.0"
"E02000672","Lewisham 020","2019","227","227","5454800.0","14625.0","40833.04","90.00999999999999","6","0.02643171806167401"
"E02000672","Lewisham 020","2023","250","250","5916450.0","14375.0","44963.97","90.00999999999999","10","0.04"
"E02000672","Lewisham 020","2024","234","234","5621700.0","13750.0","44895.39","93.31","4","0.017094017094017096"
"E02000672","Lewisham 020","2025","238","238","5613450.0","13750.0","45062.85","91.965","4","0.01680672268907563"
"E02000673","Lewisham 021","2019","108","108","2427250.0","11000.0","13242.58","63.0","8","0.07407407407407407"
"E02000673","Lewisham 021","2023","111","111","2286000.0","11375.0","12938.1","63.33","10","0.09009009009009009"
"E02000673","Lewisham 021","2024","104","104","2428225.0","11750.0","12514.36","63.9","3","0.028846153846153848"
"E02000673","Lewisham 021","2025","105","105","2383225.0","11750.0","12703.1","64.14","3","0.02857142857142857"
"E02000674","Lewisham 022","2019","35","35","332300.0","8750.0","3182.89","77.465","2","0.05714285714285714"
"E02000674","Lewisham 022","2023","39","39","323250.0","9300.0","3397.26","77.275","0","0.0"
"E02000674","Lewisham 022","2024","34","34","346750.0","9550.0","3432.58","77.6","0","0.0"
"E02000674","Lewisham 022","2025","34","34","346750.0","9550.0","3432.58","77.6","0","0.0"
"E02000675","Lewisham 023","2019","41","41","518900.0","8500.0","4239.6","74.8","3","0.07317073170731707"
"E02000675","Lewisham 023","2023","41","41","503300.0","8600.0","4229.68","74.8","2","0.04878048780487805"
"E02000675","Lewisham 023","2024","38","38","554050.0","9700.0","3593.57","75.8","0","0.0"
"E02000675","Lewisham 023","2025","38","38","554050.0","9700.0","3593.57","75.8","0","0.0"
"E02000676","Lewisham 024","2019","43","43","429800.0","6700.0","3914.66","55.400000000000006","2","0.046511627906976744"
"E02000676","Lewisham 024","2023","42","42","298800.0","6600.0","3208.18","54.13","4","0.09523809523809523"
"E02000676","Lewisham 024","2024","36","36","306700.0","7400.0","2683.1","51.1","0","0.0"
"E02000676","Lewisham 024","2025","36","36","289200.0","7350.0","2683.1","51.1","0","0.0"
"E02000677","Lewisham 025","2019","64","64","2509950.0","9300.0","20409.05","83.035","3","0.046875"
"E02000677","Lewisham 025","2023","64","64","2216450.0","9300.0","19384.73","83.035","0","0.0"
"E02000677","Lewisham 025","2024","54","54","1853200.0","9650.0","11255.1","74.21000000000001","0","0.0"
"E02000677","Lewisham 025","2025","54","54","1851200.0","9650.0","11244.27","74.21000000000001","0","0.0"
"E02000678","Lewisham 026","2019","16","16","184000.0","8550.0","1352.83","69.945","0","0.0"
"E02000678","Lewisham 026","2023","17","17","183400.0","8400.0","1400.03","68.6","1","0.058823529411764705"
"E02000678","Lewisham 026","2024","17","17","191650.0","8900.0","1352.83","66.2","0","0.0"
"E02000678","Lewisham 026","2025","17","17","191650.0","8900.0","1352.83","66.2","0","0.0"
"E02000679","Lewisham 027","2019","56","56","589550.0","7100.0","5099.18","55.0","4","0.07142857142857142"
"E02000679","Lewisham 027","2023","57","57","454500.0","7100.0","4789.64","53.8","2","0.03508771929824561"
"E02000679","Lewisham 027","2024","50","50","539825.0","9000.0","2928.84","52.2","0","0.0"
"E02000679","Lewisham 027","2025","50","50","539825.0","9000.0","2928.84","52.2","0","0.0"
"E02000680","Lewisham 028","2019","73","73","645050.0","6800.0","5896.29","69.6","2","0.0273972602739726"
"E02000680","Lewisham 028","2023","77","77","653200.0","6800.0","6341.92","71.3","3","0.03896103896103896"
"E02000680","Lewisham 028","2024","76","76","702410.0","7200.0","6315.5","71.43","1","0.013157894736842105"
"E02000680","Lewisham 028","2025","76","76","702410.0","7200.0","6315.5","71.43","1","0.013157894736842105"
"E02000681","Lewisham 029","2019","90","90","9088300.0","10750.0","42203.57","71.95","13","0.14444444444444443"
"E02000681","Lewisham 029","2023","100","100","8915100.0","11250.0","58382.78","74.2","13","0.13"
"E02000681","Lewisham 029","2024","84","84","6728625.0","11500.0","66981.33","91.82","3","0.03571428571428571"
"E02000681","Lewisham 029","2025","86","86","6725825.0","11500.0","79547.54000000001","95.38","3","0.03488372093023256"
"E02000682","Lewisham 030","2019","18","18","304950.0","9800.0","2623.42","68.22999999999999","2","0.1111111111111111"
"E02000682","Lewisham 030","2023","19","19","304650.0","10025.0","2753.96","87.91","0","0.0"
"E02000682","Lewisham 030","2024","18","18","316200.0","10375.0","2645.86","78.74","0","0.0"
"E02000682","Lewisham 030","2025","17","17","303950.0","10250.0","2557.95","69.57","0","0.0"
"E02000683","Lewisham 031","2019","26","26","187825.0","6750.0","1538.5","53.474999999999994","1","0.038461538461538464"
"E02000683","Lewisham 031","2023","26","26","187825.0","6750.0","1538.5","53.474999999999994","0","0.0"
"E02000683","Lewisham 031","2024","26","26","201400.0","7550.0","1538.5","53.474999999999994","0","0.0"
"E02000683","Lewisham 031","2025","26","26","201400.0","7550.0","1538.5","53.474999999999994","0","0.0"
"E02000685","Lewisham 033","2019","66","66","902975.0","12250.0","6585.32","90.13","3","0.045454545454545456"
"E02000685","Lewisham 033","2023","72","72","909825.0","12250.0","7645.37","97.8","2","0.027777777777777776"
"E02000685","Lewisham 033","2024","67","67","922825.0","13250.0","6877.61","95.62","1","0.014925373134328358"
"E02000685","Lewisham 033","2025","68","68","922825.0","13250.0","6983.69","95.94","1","0.014705882352941176"
"E02000686","Lewisham 034","2019","21","21","1310850.0","7800.0","7634.52","80.36","0","0.0"
"E02000686","Lewisham 034","2023","19","19","595650.0","7800.0","4517.5","72.08","0","0.0"
"E02000686","Lewisham 034","2024","21","21","352240.0","7850.0","4671.91","76.33","0","0.0"
"E02000686","Lewisham 034","2025","22","22","762240.0","8000.0","6781.35","77.205","0","0.0"
"E02000687","Lewisham 035","2019","143","143","2075950.0","10500.0","15729.19","68.50999999999999","13","0.09090909090909091"
"E02000687","Lewisham 035","2023","147","147","1907500.0","10250.0","14573.66","67.65","8","0.05442176870748299"
"E02000687","Lewisham 035","2024","137","137","2049930.0","11250.0","14026.58","68.05","4","0.029197080291970802"
"E02000687","Lewisham 035","2025","140","140","2075680.0","11375.0","14274.63","68.16","3","0.02142857142857143"
"E02000689","Merton 001","2019","86","86","4657300.0","13750.0","26053.59","77.715","0","0.0"
"E02000689","Merton 001","2023","90","90","4511010.0","13750.0","32533.73","77.715","0","0.0"
"E02000689","Merton 001","2024","81","81","4470675.0","15000.0","28999.9","77.53","0","0.0"
"E02000689","Merton 001","2025","85","85","4595455.0","15000.0","29400.21","77.53","0","0.0"
"E02000690","Merton 002","2019","31","31","2219520.0","57500.0","3354.32","93.84","0","0.0"
"E02000690","Merton 002","2023","31","31","2078520.0","56750.0","3357.88","93.84","0","0.0"
"E02000690","Merton 002","2024","30","30","2071440.0","55000.0","3013.31","91.36","0","0.0"
"E02000690","Merton 002","2025","32","32","2192940.0","55000.0","3814.72","94.265","0","0.0"
"E02000691","Merton 003","2019","272","272","15322080.0","35750.0","56994.3","88.98","0","0.0"
"E02000691","Merton 003","2023","275","275","12435730.0","32750.0","57232.2","86.88","0","0.0"
"E02000691","Merton 003","2024","210","210","10768890.0","36125.0","40989.06","89.55","0","0.0"
"E02000691","Merton 003","2025","240","240","10584115.0","35125.0","47106.98","95.93","0","0.0"
"E02000692","Merton 004","2019","179","179","10516030.0","44375.0","40423.31","92.85","0","0.0"
"E02000692","Merton 004","2023","192","192","10589955.0","46750.0","56042.659999999996","95.09","0","0.0"
"E02000692","Merton 004","2024","167","167","9726550.0","45500.0","38748.32","87.06","0","0.0"
"E02000692","Merton 004","2025","169","169","9728300.0","45625.0","39217.159999999996","87.465","0","0.0"
"E02000693","Merton 005","2019","154","154","14277400.0","9700.0","80043.65","58.23","0","0.0"
"E02000693","Merton 005","2023","164","164","13655975.0","9700.0","94325.23","57.52","0","0.0"
"E02000693","Merton 005","2024","147","147","11965700.0","10750.0","65914.34","57.875","0","0.0"
"E02000693","Merton 005","2025","148","148","11903100.0","10875.0","66267.89","59.89","0","0.0"
"E02000694","Merton 006","2019","163","163","1474200.0","6600.0","10381.64","49.05","0","0.0"
"E02000694","Merton 006","2023","175","175","1460750.0","7500.0","10844.05","49.0","0","0.0"
"E02000694","Merton 006","2024","143","143","1629850.0","8600.0","9208.59","49.515","0","0.0"
"E02000694","Merton 006","2025","144","144","1588400.0","8400.0","9063.19","48.27","0","0.0"
"E02000695","Merton 007","2019","58","58","526700.0","7300.0","3913.68","52.74","0","0.0"
"E02000695","Merton 007","2023","58","58","526900.0","7300.0","3913.68","52.74","0","0.0"
"E02000695","Merton 007","2024","55","55","567300.0","8100.0","3791.3","54.05","0","0.0"
"E02000695","Merton 007","2025","55","55","567300.0","8100.0","3791.3","54.05","0","0.0"
"E02000696","Merton 008","2019","73","73","1148275.0","8800.0","8208.960000000001","66.82499999999999","0","0.0"
"E02000696","Merton 008","2023","76","76","1183525.0","8850.0","8450.07","66.22","1","0.013157894736842105"
"E02000696","Merton 008","2024","72","72","1320050.0","10500.0","8290.13","66.35","0","0.0"
"E02000696","Merton 008","2025","72","72","1320050.0","10500.0","8290.13","66.35","0","0.0"
"E02000697","Merton 009","2019","172","172","6184030.0","9800.0","27054.34","61.41","0","0.0"
"E02000697","Merton 009","2023","180","180","6319180.0","9500.0","30035.55","66.19","0","0.0"
"E02000697","Merton 009","2024","156","156","6611205.0","11500.0","29543.31","67.53999999999999","0","0.0"
"E02000697","Merton 009","2025","156","156","6484455.0","11375.0","30841.46","67.53999999999999","0","0.0"
"E02000698","Merton 010","2019","18","18","366350.0","16500.0","2171.54","98.62","0","0.0"
"E02000698","Merton 010","2023","18","18","360600.0","16500.0","2159.4","98.62","0","0.0"
"E02000698","Merton 010","2024","18","18","377600.0","17375.0","2159.4","98.62","0","0.0"
"E02000698","Merton 010","2025","20","20","377600.0","14500.0","2267.75","96.175","0","0.0"
"E02000699","Merton 011","2019","57","57","1189075.0","7000.0","8150.42","67.57","0","0.0"
"E02000699","Merton 011","2023","63","63","1118565.0","6800.0","8387.18","63.59","0","0.0"
"E02000699","Merton 011","2024","45","45","1154100.0","8700.0","7262.71","67.57","0","0.0"
"E02000699","Merton 011","2025","44","44","1137700.0","9300.0","7163.0","65.58","0","0.0"
"E02000700","Merton 012","2019","19","19","948370.0","6400.0","6756.99","82.505","0","0.0"
"E02000700","Merton 012","2023","19","19","443370.0","6200.0","6756.99","82.505","0","0.0"
"E02000700","Merton 012","2024","18","18","447725.0","6500.0","3228.0899999999997","82.27","0","0.0"
"E02000700","Merton 012","2025","19","19","1072725.0","6500.0","6583.86","82.505","0","0.0"
"E02000701","Merton 013","2019","101","101","1624675.0","9900.0","12535.3","66.42","0","0.0"
"E02000701","Merton 013","2023","110","110","1961025.0","9900.0","14789.78","65.14500000000001","0","0.0"
"E02000701","Merton 013","2024","104","104","2074025.0","10500.0","13850.3","65.14500000000001","0","0.0"
"E02000701","Merton 013","2025","104","104","2052350.0","10750.0","13866.41","65.14500000000001","0","0.0"
"E02000702","Merton 014","2019","22","22","293850.0","7450.0","1077.91","48.165","0","0.0"
"E02000702","Merton 014","2023","25","25","292200.0","7450.0","1154.34","45.815","0","0.0"
"E02000702","Merton 014","2024","22","22","278925.0","8400.0","1069.67","48.165","0","0.0"
"E02000702","Merton 014","2025","22","22","278925.0","8400.0","1069.67","48.165","0","0.0"
"E02000703","Merton 015","2019","48","48","721600.0","7500.0","5790.6","58.11","0","0.0"
"E02000703","Merton 015","2023","48","48","717500.0","7550.0","5790.6","58.11","0","0.0"
"E02000703","Merton 015","2024","47","47","786650.0","8750.0","5735.25","57.015","0","0.0"
"E02000703","Merton 015","2025","47","47","786650.0","8750.0","5735.25","57.015","0","0.0"
"E02000704","Merton 016","2019","173","173","3918420.0","12500.0","18543.03","71.065","0","0.0"
"E02000704","Merton 016","2023","180","180","3513120.0","12250.0","18687.7","68.33","0","0.0"
"E02000704","Merton 016","2024","164","164","3842600.0","14500.0","19214.760000000002","68.32499999999999","0","0.0"
"E02000704","Merton 016","2025","165","165","3777470.0","14375.0","19167.09","66.12","0","0.0"
"E02000705","Merton 017","2019","53","53","722500.0","7400.0","5062.91","54.51","0","0.0"
"E02000705","Merton 017","2023","53","53","707850.0","7400.0","5062.91","54.51","0","0.0"
"E02000705","Merton 017","2024","49","49","747800.0","8400.0","4717.78","53.64","0","0.0"
"E02000705","Merton 017","2025","49","49","747800.0","8400.0","4717.78","53.64","0","0.0"
"E02000706","Merton 018","2019","98","98","2652400.0","9300.0","17855.14","64.375","0","0.0"
"E02000706","Merton 018","2023","98","98","2596550.0","9500.0","17834.29","64.375","0","0.0"
"E02000706","Merton 018","2024","97","97","2845500.0","11500.0","17494.8","62.57","0","0.0"
"E02000706","Merton 018","2025","100","100","2862500.0","11500.0","18543.3","64.375","0","0.0"
"E02000707","Merton 019","2019","16","16","238250.0","11625.0","1596.42","74.60499999999999","0","0.0"
"E02000707","Merton 019","2023","16","16","222500.0","11500.0","1598.5","74.60499999999999","0","0.0"
"E02000707","Merton 019","2024","15","15","260750.0","13500.0","1502.96","67.8","0","0.0"
"E02000707","Merton 019","2025","15","15","260750.0","13500.0","1502.96","67.8","0","0.0"
"E02000708","Merton 020","2019","70","70","8164100.0","10750.0","71397.91","91.57","0","0.0"
"E02000708","Merton 020","2023","72","72","7757950.0","10750.0","73061.47","92.8","0","0.0"
"E02000708","Merton 020","2024","64","64","6882950.0","13250.0","40588.44","93.3","0","0.0"
"E02000708","Merton 020","2025","65","65","6876300.0","13375.0","40854.1","91.57","0","0.0"
"E02000709","Merton 021","2019","15","15","123400.0","7300.0","1229.26","62.21","0","0.0"
"E02000709","Merton 021","2023","15","15","115250.0","7400.0","1229.26","62.21","0","0.0"
"E02000709","Merton 021","2024","13","13","130250.0","8200.0","1115.06","62.21","0","0.0"
"E02000709","Merton 021","2025","13","13","130250.0","8200.0","1115.06","62.21","0","0.0"
"E02000710","Merton 022","2019","70","70","1078100.0","7400.0","11499.58","60.8","0","0.0"
"E02000710","Merton 022","2023","75","75","1092625.0","7400.0","11959.8","60.885","0","0.0"
"E02000710","Merton 022","2024","71","71","1164200.0","8350.0","9229.04","61.135","1","0.014084507042253521"
"E02000710","Merton 022","2025","71","71","1141400.0","8300.0","9229.04","61.135","1","0.014084507042253521"
"E02000711","Merton 023","2019","208","208","3832695.0","9900.0","30589.28","72.8","0","0.0"
"E02000711","Merton 023","2023","228","228","3799345.0","9900.0","32271.87","72.32","0","0.0"
"E02000711","Merton 023","2024","195","195","3996850.0","11750.0","27510.899999999998","72.69999999999999","0","0.0"
"E02000711","Merton 023","2025","195","195","3954500.0","11750.0","27655.45","72.96000000000001","0","0.0"
"E02000712","Merton 024","2019","31","31","398900.0","5600.0","2134.15","56.05","0","0.0"
"E02000712","Merton 024","2023","33","33","392600.0","5450.0","2163.0","54.4","0","0.0"
"E02000712","Merton 024","2024","30","30","343350.0","6250.0","1956.29","54.0","0","0.0"
"E02000712","Merton 024","2025","30","30","336750.0","5900.0","1956.29","54.0","0","0.0"
"E02000713","Merton 025","2019","38","38","660095.0","8250.0","10075.72","68.59","0","0.0"
"E02000713","Merton 025","2023","42","42","558795.0","8200.0","10728.359999999999","68.1","0","0.0"
"E02000713","Merton 025","2024","35","35","606585.0","9000.0","9179.94","68.345","0","0.0"
"E02000713","Merton 025","2025","35","35","606585.0","9000.0","9179.94","68.345","0","0.0"
"E02000714","Newham 001","2019","97","97","1207875.0","9800.0","7980.16","67.11","0","0.0"
"E02000714","Newham 001","2023","99","99","1211825.0","9800.0","8172.73","67.11","0","0.0"
"E02000714","Newham 001","2024","96","96","1270450.0","10750.0","7398.43","61.36","0","0.0"
"E02000714","Newham 001","2025","99","99","1286550.0","10750.0","7751.7699999999995","61.28","0","0.0"
"E02000715","Newham 002","2019","75","75","1124150.0","11500.0","8286.25","63.8","0","0.0"
"E02000715","Newham 002","2023","77","77","1094200.0","11500.0","8673.37","64.0","0","0.0"
"E02000715","Newham 002","2024","70","70","1168500.0","12250.0","8052.7699999999995","60.870000000000005","1","0.014285714285714285"
"E02000715","Newham 002","2025","70","70","1168500.0","12250.0","8052.7699999999995","60.870000000000005","0","0.0"
"E02000716","Newham 003","2019","77","77","1394750.0","13000.0","10666.21","86.1","0","0.0"
"E02000716","Newham 003","2023","116","116","1440375.0","12000.0","13309.46","72.07","0","0.0"
"E02000716","Newham 003","2024","101","101","1617925.0","13125.0","9686.17","69.33","0","0.0"
"E02000716","Newham 003","2025","101","101","1617925.0","13125.0","9686.17","69.33","0","0.0"
"E02000717","Newham 004","2019","219","219","3110100.0","12000.0","20852.35","70.3","0","0.0"
"E02000717","Newham 004","2023","227","227","3065500.0","12000.0","21081.24","69.4","0","0.0"
"E02000717","Newham 004","2024","215","215","3351500.0","13000.0","19202.79","67.8","0","0.0"
"E02000717","Newham 004","2025","216","216","3337000.0","13000.0","19240.66","67.66","0","0.0"
"E02000718","Newham 005","2019","35","35","274650.0","7400.0","3143.32","102.99","0","0.0"
"E02000718","Newham 005","2023","35","35","272725.0","7400.0","3143.32","102.99","0","0.0"
"E02000718","Newham 005","2024","34","34","320375.0","7500.0","3126.82","109.27","0","0.0"
"E02000718","Newham 005","2025","34","34","320375.0","7500.0","3126.82","109.27","0","0.0"
"E02000719","Newham 006","2019","54","54","897750.0","14000.0","4672.56","63.435","1","0.018518518518518517"
"E02000719","Newham 006","2023","59","59","925100.0","13000.0","4885.86","62.06","1","0.01694915254237288"
"E02000719","Newham 006","2024","58","58","1009150.0","14500.0","4783.36","61.555","1","0.017241379310344827"
"E02000719","Newham 006","2025","58","58","1009150.0","14500.0","4783.36","61.555","0","0.0"
"E02000720","Newham 007","2019","131","131","1808750.0","9700.0","10233.38","67.185","0","0.0"
"E02000720","Newham 007","2023","138","138","1797575.0","9600.0","10866.45","69.12","2","0.014492753623188406"
"E02000720","Newham 007","2024","132","132","2018100.0","12000.0","10420.38","68.2","2","0.015151515151515152"
"E02000720","Newham 007","2025","132","132","2008600.0","12000.0","10216.63","68.2","0","0.0"
"E02000721","Newham 008","2019","256","256","4205270.0","13000.0","27139.66","86.58","0","0.0"
"E02000721","Newham 008","2023","270","270","3867920.0","12250.0","29050.45","86.5","0","0.0"
"E02000721","Newham 008","2024","243","243","4328035.0","14750.0","25647.91","85.535","0","0.0"
"E02000721","Newham 008","2025","248","248","4706350.0","14875.0","27310.92","85.59","0","0.0"
"E02000722","Newham 009","2019","22","22","413275.0","4600.0","1995.23","24.11","0","0.0"
"E02000722","Newham 009","2023","24","24","403400.0","4700.0","2097.03","24.11","0","0.0"
"E02000722","Newham 009","2024","17","17","346635.0","5200.0","1548.22","22.634999999999998","0","0.0"
"E02000722","Newham 009","2025","17","17","346635.0","5200.0","1548.22","22.634999999999998","0","0.0"
"E02000723","Newham 010","2019","154","154","3082375.0","17750.0","17484.48","99.4","0","0.0"
"E02000723","Newham 010","2023","157","157","3044875.0","17750.0","17767.14","99.25","0","0.0"
"E02000723","Newham 010","2024","151","151","3675200.0","22250.0","17230.94","99.52000000000001","0","0.0"
"E02000723","Newham 010","2025","152","152","3639200.0","22250.0","17461.28","99.64","0","0.0"
"E02000724","Newham 011","2019","46","46","627925.0","11500.0","3841.44","65.55","0","0.0"
"E02000724","Newham 011","2023","48","48","642050.0","13250.0","4027.5499999999997","65.55","0","0.0"
"E02000724","Newham 011","2024","39","39","766750.0","16000.0","3893.15","88.32","0","0.0"
"E02000724","Newham 011","2025","39","39","766750.0","16000.0","3893.15","88.32","0","0.0"
"E02000725","Newham 012","2019","387","387","15503720.0","14000.0","63494.98","68.3","0","0.0"
"E02000725","Newham 012","2023","452","452","14806150.0","11750.0","65964.83","55.415","0","0.0"
"E02000725","Newham 012","2024","415","415","15615925.0","14375.0","59270.94","53.35","1","0.0024096385542168677"
"E02000725","Newham 012","2025","416","416","15583125.0","14250.0","59284.47","53.0","0","0.0"
"E02000727","Newham 014","2019","295","295","4997075.0","9900.0","26797.08","69.66499999999999","0","0.0"
"E02000727","Newham 014","2023","382","382","5287625.0","9800.0","29994.46","59.75","0","0.0"
"E02000727","Newham 014","2024","350","350","6727525.0","13375.0","23812.59","56.400000000000006","1","0.002857142857142857"
"E02000727","Newham 014","2025","359","359","7026815.0","13250.0","26696.68","56.78","0","0.0"
"E02000728","Newham 015","2019","17","17","106775.0","5400.0","1186.3899999999999","48.0","0","0.0"
"E02000728","Newham 015","2023","17","17","106775.0","5400.0","1186.3899999999999","48.0","0","0.0"
"E02000728","Newham 015","2024","17","17","136750.0","7000.0","1186.3899999999999","48.0","0","0.0"
"E02000728","Newham 015","2025","17","17","136750.0","7000.0","1186.3899999999999","48.0","0","0.0"
"E02000729","Newham 016","2019","58","58","460010.0","7500.0","3326.22","54.94","0","0.0"
"E02000729","Newham 016","2023","61","61","446810.0","7300.0","3380.61","54.94","0","0.0"
"E02000729","Newham 016","2024","54","54","479490.0","8100.0","3093.2599999999998","55.16","0","0.0"
"E02000729","Newham 016","2025","54","54","479490.0","8100.0","3093.2599999999998","55.16","0","0.0"
"E02000730","Newham 017","2019","251","251","6517275.0","21250.0","28915.74","77.25","0","0.0"
"E02000730","Newham 017","2023","262","262","6322675.0","21750.0","30440.05","77.75","0","0.0"
"E02000730","Newham 017","2024","240","240","7251475.0","23250.0","26208.55","77.5","0","0.0"
"E02000730","Newham 017","2025","240","240","7187575.0","23250.0","26202.55","77.5","0","0.0"
"E02000731","Newham 018","2019","325","325","11942350.0","24250.0","60895.14","102.4","1","0.003076923076923077"
"E02000731","Newham 018","2023","358","358","11984950.0","23625.0","64234.76","100.37","1","0.002793296089385475"
"E02000731","Newham 018","2024","338","338","12064550.0","26500.0","61428.86","99.67","1","0.0029585798816568047"
"E02000731","Newham 018","2025","356","356","12991850.0","27125.0","64879.15","99.485","0","0.0"
"E02000732","Newham 019","2019","90","90","1139925.0","9050.0","6696.44","61.555","0","0.0"
"E02000732","Newham 019","2023","92","92","1061125.0","9050.0","6799.39","61.555","0","0.0"
"E02000732","Newham 019","2024","86","86","1405625.0","11000.0","6445.33","60.355000000000004","0","0.0"
"E02000732","Newham 019","2025","87","87","1405625.0","11000.0","6609.61","61.61","0","0.0"
"E02000733","Newham 020","2019","43","43","529900.0","8500.0","4129.21","67.6","0","0.0"
"E02000733","Newham 020","2023","44","44","399250.0","8500.0","4171.32","66.185","0","0.0"
"E02000733","Newham 020","2024","41","41","495060.0","10500.0","3062.02","63.8","0","0.0"
"E02000733","Newham 020","2025","41","41","495060.0","10500.0","3062.02","63.8","0","0.0"
"E02000734","Newham 021","2019","76","76","1280450.0","11750.0","10601.35","64.95","0","0.0"
"E02000734","Newham 021","2023","79","79","884850.0","11625.0","10865.18","64.9","0","0.0"
"E02000734","Newham 021","2024","72","72","1034110.0","13500.0","5339.11","64.75","1","0.013888888888888888"
"E02000734","Newham 021","2025","72","72","1034110.0","13500.0","5339.11","64.75","0","0.0"
"E02000735","Newham 022","2019","137","137","1748875.0","9900.0","12472.75","71.3","0","0.0"
"E02000735","Newham 022","2023","142","142","1745975.0","10000.0","12897.33","71.55000000000001","0","0.0"
"E02000735","Newham 022","2024","133","133","1951660.0","12500.0","12223.5","71.7","0","0.0"
"E02000735","Newham 022","2025","135","135","1951860.0","12250.0","12257.2","71.55000000000001","0","0.0"
"E02000736","Newham 023","2019","43","43","459100.0","8800.0","3626.54","65.5","0","0.0"
"E02000736","Newham 023","2023","43","43","460000.0","8900.0","3605.73","65.5","0","0.0"
"E02000736","Newham 023","2024","43","43","564100.0","11500.0","3582.63","65.5","0","0.0"
"E02000736","Newham 023","2025","43","43","556900.0","11500.0","3582.63","65.5","0","0.0"
"E02000737","Newham 024","2019","55","55","728600.0","8700.0","5623.36","66.88","0","0.0"
"E02000737","Newham 024","2023","57","57","748050.0","8800.0","5698.07","62.265","0","0.0"
"E02000737","Newham 024","2024","55","55","912400.0","10500.0","5650.3099999999995","66.88","0","0.0"
"E02000737","Newham 024","2025","57","57","921650.0","10500.0","6081.11","67.775","0","0.0"
"E02000738","Newham 025","2019","81","81","975975.0","10500.0","8186.5","88.47","0","0.0"
"E02000738","Newham 025","2023","82","82","952375.0","10500.0","8235.9","88.14","0","0.0"
"E02000738","Newham 025","2024","77","77","1237425.0","13875.0","7826.82","88.47","0","0.0"
"E02000738","Newham 025","2025","77","77","1237425.0","14000.0","7826.82","88.47","0","0.0"
"E02000739","Newham 026","2019","72","72","789250.0","8550.0","6177.28","64.0","0","0.0"
"E02000739","Newham 026","2023","74","74","822550.0","8900.0","7477.73","65.2","0","0.0"
"E02000739","Newham 026","2024","70","70","992650.0","10625.0","6738.42","60.62","0","0.0"
"E02000739","Newham 026","2025","72","72","1019150.0","10750.0","7408.86","64.0","0","0.0"
"E02000740","Newham 027","2019","59","59","271620.0","3500.0","2772.92","27.8","0","0.0"
"E02000740","Newham 027","2023","61","61","290570.0","3550.0","2848.51","27.8","0","0.0"
"E02000740","Newham 027","2024","59","59","333350.0","7650.0","2687.27","26.71","0","0.0"
"E02000740","Newham 027","2025","60","60","424350.0","8400.0","2991.27","27.255000000000003","0","0.0"
"E02000741","Newham 028","2019","69","69","665075.0","8650.0","4772.87","61.23","0","0.0"
"E02000741","Newham 028","2023","69","69","663125.0","8650.0","4732.9","59.0","0","0.0"
"E02000741","Newham 028","2024","68","68","833000.0","11000.0","4333.6900000000005","58.25","0","0.0"
"E02000741","Newham 028","2025","68","68","821950.0","11000.0","4333.6900000000005","58.25","0","0.0"
"E02000742","Newham 029","2019","24","24","215525.0","8550.0","1870.79","82.6","0","0.0"
"E02000742","Newham 029","2023","25","25","215125.0","8550.0","1960.69","89.9","0","0.0"
"E02000742","Newham 029","2024","24","24","271250.0","10875.0","1870.79","82.6","0","0.0"
"E02000742","Newham 029","2025","24","24","271250.0","10875.0","1870.79","82.6","0","0.0"
"E02000743","Newham 030","2019","234","234","2586800.0","8950.0","21440.2","60.77","0","0.0"
"E02000743","Newham 030","2023","249","249","2639425.0","9200.0","23058.63","61.86","0","0.0"
"E02000743","Newham 030","2024","226","226","3162790.0","11000.0","20675.56","60.86","0","0.0"
"E02000743","Newham 030","2025","227","227","3157540.0","11000.0","20677.28","60.635000000000005","0","0.0"
"E02000744","Newham 031","2019","109","109","1053200.0","8150.0","8151.7","52.72","0","0.0"
"E02000744","Newham 031","2023","113","113","1105900.0","8100.0","8874.2","54.0","1","0.008849557522123894"
"E02000744","Newham 031","2024","104","104","1274600.0","9900.0","7879.29","53.55","0","0.0"
"E02000744","Newham 031","2025","103","103","1257200.0","9900.0","7801.79","53.3","0","0.0"
"E02000745","Newham 032","2019","11","11","83750.0","4400.0","899.76","41.6","0","0.0"
"E02000745","Newham 032","2023","11","11","85150.0","5300.0","945.02","75.45","0","0.0"
"E02000745","Newham 032","2024","11","11","100150.0","6400.0","945.02","75.45","0","0.0"
"E02000745","Newham 032","2025","11","11","100150.0","6400.0","945.02","75.45","0","0.0"
"E02000746","Newham 033","2019","102","102","23177850.0","125000.0","149772.24","413.315","0","0.0"
"E02000746","Newham 033","2023","114","114","22843600.0","100500.0","158898.08","405.48","0","0.0"
"E02000746","Newham 033","2024","110","110","17368650.0","106500.0","113792.72","365.5","0","0.0"
"E02000746","Newham 033","2025","117","117","17224575.0","86250.0","116237.6","327.9","0","0.0"
"E02000747","Newham 034","2019","71","71","2087100.0","15000.0","16095.68","94.75","0","0.0"
"E02000747","Newham 034","2023","88","88","3290675.0","14750.0","23890.94","92.39","0","0.0"
"E02000747","Newham 034","2024","78","78","3526860.0","17875.0","18158.28","92.56","1","0.01282051282051282"
"E02000747","Newham 034","2025","100","100","4541610.0","18375.0","22222.17","85.23","0","0.0"
"E02000748","Newham 035","2019","14","14","229745.0","6700.0","1195.54","30.68","0","0.0"
"E02000748","Newham 035","2023","15","15","229745.0","6700.0","1209.94","30.68","0","0.0"
"E02000748","Newham 035","2024","11","11","277400.0","10250.0","1139.1599999999999","37.8","0","0.0"
"E02000748","Newham 035","2025","11","11","277400.0","10250.0","1139.1599999999999","37.8","0","0.0"
"E02000749","Newham 036","2019","33","33","623250.0","5600.0","2583.46","60.45","0","0.0"
"E02000749","Newham 036","2023","37","37","683725.0","5600.0","2860.08","54.4","1","0.02702702702702703"
"E02000749","Newham 036","2024","37","37","750000.0","6700.0","2860.08","54.4","0","0.0"
"E02000749","Newham 036","2025","37","37","750000.0","6700.0","2860.08","54.4","0","0.0"
"E02000751","Redbridge 001","2019","108","108","3320500.0","17375.0","17648.13","71.1","7","0.06481481481481481"
"E02000751","Redbridge 001","2023","113","113","3128800.0","17500.0","21496.93","75.76","5","0.04424778761061947"
"E02000751","Redbridge 001","2024","97","97","3351875.0","19000.0","16059.48","70.1","0","0.0"
"E02000751","Redbridge 001","2025","98","98","3412125.0","19250.0","16241.08","70.705","0","0.0"
"E02000752","Redbridge 002","2019","59","59","910030.0","14250.0","8444.0","85.5","0","0.0"
"E02000752","Redbridge 002","2023","60","60","837100.0","14250.0","8453.96","84.21000000000001","1","0.016666666666666666"
"E02000752","Redbridge 002","2024","54","54","810225.0","13375.0","6839.94","82.92","0","0.0"
"E02000752","Redbridge 002","2025","54","54","810225.0","13375.0","6839.94","82.92","0","0.0"
"E02000753","Redbridge 003","2019","5","5","59700.0","13750.0","234.98","51.67","1","0.2"
"E02000753","Redbridge 003","2023","5","5","59700.0","13750.0","234.98","51.67","0","0.0"
"E02000753","Redbridge 003","2024","5","5","56900.0","12750.0","234.98","51.67","0","0.0"
"E02000753","Redbridge 003","2025","5","5","56900.0","12750.0","234.98","51.67","0","0.0"
"E02000754","Redbridge 004","2019","69","69","869325.0","11000.0","5963.400000000001","58.55","4","0.057971014492753624"
"E02000754","Redbridge 004","2023","72","72","821625.0","11000.0","6169.35","56.9","6","0.08333333333333333"
"E02000754","Redbridge 004","2024","65","65","985175.0","14450.0","5320.64","60.6","0","0.0"
"E02000754","Redbridge 004","2025","65","65","921175.0","14500.0","5341.87","60.6","0","0.0"
"E02000755","Redbridge 005","2019","64","64","1017650.0","10500.0","7285.07","65.55","2","0.03125"
"E02000755","Redbridge 005","2023","65","65","1028150.0","10500.0","7843.01","67.13499999999999","1","0.015384615384615385"
"E02000755","Redbridge 005","2024","62","62","1200800.0","13750.0","7194.22","65.32499999999999","0","0.0"
"E02000755","Redbridge 005","2025","62","62","1200800.0","13750.0","7194.22","65.32499999999999","0","0.0"
"E02000756","Redbridge 006","2019","138","138","3614350.0","18750.0","21120.13","77.01","0","0.0"
"E02000756","Redbridge 006","2023","152","152","3616225.0","17500.0","21843.88","75.41","1","0.006578947368421052"
"E02000756","Redbridge 006","2024","143","143","3918475.0","18375.0","20977.45","72.81","1","0.006993006993006993"
"E02000756","Redbridge 006","2025","142","142","3897525.0","18775.0","20976.45","73.0","0","0.0"
"E02000757","Redbridge 007","2019","244","244","6944035.0","15625.0","39683.58","68.08000000000001","9","0.036885245901639344"
"E02000757","Redbridge 007","2023","254","254","6773670.0","14750.0","39968.2","65.83500000000001","9","0.03543307086614173"
"E02000757","Redbridge 007","2024","233","233","8029845.0","17500.0","32161.46","61.980000000000004","0","0.0"
"E02000757","Redbridge 007","2025","236","236","7986545.0","17250.0","32695.62","62.2","0","0.0"
"E02000758","Redbridge 008","2019","20","20","192450.0","6100.0","1210.29","56.99","0","0.0"
"E02000758","Redbridge 008","2023","20","20","190350.0","6100.0","1210.29","56.99","0","0.0"
"E02000758","Redbridge 008","2024","20","20","204900.0","7250.0","1210.29","56.99","0","0.0"
"E02000758","Redbridge 008","2025","20","20","204900.0","7250.0","1210.29","56.99","0","0.0"
"E02000759","Redbridge 009","2019","94","94","1321140.0","10250.0","9454.52","60.86","2","0.02127659574468085"
"E02000759","Redbridge 009","2023","104","104","1274975.0","10750.0","10293.33","60.86","4","0.038461538461538464"
"E02000759","Redbridge 009","2024","92","92","1408850.0","12500.0","7812.64","58.489999999999995","3","0.03260869565217391"
"E02000759","Redbridge 009","2025","91","91","1408650.0","12500.0","7811.64","60.86","1","0.01098901098901099"
"E02000760","Redbridge 010","2019","80","80","2200450.0","24500.0","12772.62","100.755","4","0.05"
"E02000760","Redbridge 010","2023","82","82","2143700.0","23875.0","12717.35","97.455","2","0.024390243902439025"
"E02000760","Redbridge 010","2024","79","79","2603550.0","28250.0","12560.78","98.81","0","0.0"
"E02000760","Redbridge 010","2025","78","78","2603350.0","28250.0","12559.78","100.755","0","0.0"
"E02000762","Redbridge 012","2019","88","88","1196850.0","12250.0","7824.14","65.0","1","0.011363636363636364"
"E02000762","Redbridge 012","2023","92","92","1097300.0","11250.0","8403.55","64.93","2","0.021739130434782608"
"E02000762","Redbridge 012","2024","82","82","1349700.0","14125.0","6727.12","60.99","1","0.012195121951219513"
"E02000762","Redbridge 012","2025","84","84","1378950.0","14375.0","6849.69","60.52","0","0.0"
"E02000763","Redbridge 013","2019","31","31","2199550.0","9250.0","21203.73","43.08","0","0.0"
"E02000763","Redbridge 013","2023","33","33","2192050.0","9500.0","28576.52","46.025000000000006","0","0.0"
"E02000763","Redbridge 013","2024","31","31","2059650.0","11000.0","13668.92","43.08","0","0.0"
"E02000763","Redbridge 013","2025","31","31","2059650.0","11000.0","13668.92","43.08","0","0.0"
"E02000764","Redbridge 014","2019","156","156","3687660.0","18250.0","16152.25","80.815","3","0.019230769230769232"
"E02000764","Redbridge 014","2023","167","167","3618060.0","18250.0","16843.21","78.45","6","0.03592814371257485"
"E02000764","Redbridge 014","2024","147","147","3891490.0","20250.0","15433.34","80.33","1","0.006802721088435374"
"E02000764","Redbridge 014","2025","147","147","3895540.0","20250.0","15531.47","80.33","0","0.0"
"E02000765","Redbridge 015","2019","136","136","1890820.0","12000.0","10955.27","60.45","3","0.022058823529411766"
"E02000765","Redbridge 015","2023","145","145","1953120.0","12000.0","12226.27","61.7","8","0.05517241379310345"
"E02000765","Redbridge 015","2024","133","133","2375525.0","14250.0","10718.65","59.08","0","0.0"
"E02000765","Redbridge 015","2025","132","132","2406325.0","14250.0","11000.19","59.2","0","0.0"
"E02000767","Redbridge 017","2019","42","42","3730800.0","12875.0","21783.579999999998","137.88","1","0.023809523809523808"
"E02000767","Redbridge 017","2023","45","45","3727500.0","12875.0","26494.55","147.01","1","0.022222222222222223"
"E02000767","Redbridge 017","2024","42","42","3939850.0","15375.0","25270.54","127.655","0","0.0"
"E02000767","Redbridge 017","2025","43","43","4320850.0","15750.0","27178.39","147.01","0","0.0"
"E02000768","Redbridge 018","2023","1","1","0.0","","20.8","20.8","0","0.0"
"E02000770","Redbridge 020","2019","59","59","647900.0","10000.0","4667.07","66.9","2","0.03389830508474576"
"E02000770","Redbridge 020","2023","66","66","719325.0","10250.0","6039.76","68.4","3","0.045454545454545456"
"E02000770","Redbridge 020","2024","58","58","822550.0","12500.0","5670.13","69.275","1","0.017241379310344827"
"E02000770","Redbridge 020","2025","58","58","821800.0","12500.0","5656.06","69.275","0","0.0"
"E02000772","Redbridge 022","2019","112","112","4734270.0","8500.0","36051.72","68.59","3","0.026785714285714284"
"E02000772","Redbridge 022","2023","120","120","4672070.0","8300.0","46359.159999999996","66.9","0","0.0"
"E02000772","Redbridge 022","2024","106","106","4612420.0","11750.0","26032.37","64.0","0","0.0"
"E02000772","Redbridge 022","2025","106","106","4354670.0","11750.0","24858.56","64.0","0","0.0"
"E02000773","Redbridge 023","2019","78","78","1136600.0","10375.0","9336.8","70.455","4","0.05128205128205128"
"E02000773","Redbridge 023","2023","88","88","1142200.0","9975.0","11480.98","68.36500000000001","2","0.022727272727272728"
"E02000773","Redbridge 023","2024","81","81","1333100.0","11750.0","9710.14","69.33","1","0.012345679012345678"
"E02000773","Redbridge 023","2025","81","81","1321450.0","11625.0","9753.14","70.2","0","0.0"
"E02000774","Redbridge 024","2019","128","128","2437635.0","10500.0","18478.96","77.09","5","0.0390625"
"E02000774","Redbridge 024","2023","141","141","1881135.0","10500.0","19897.69","77.44999999999999","1","0.0070921985815602835"
"E02000774","Redbridge 024","2024","130","130","2375890.0","13250.0","14297.6","77.09","0","0.0"
"E02000774","Redbridge 024","2025","131","131","2373640.0","13250.0","14429.32","77.095","0","0.0"
"E02000776","Redbridge 026","2019","88","88","1316675.0","8250.0","13307.17","64.2","2","0.022727272727272728"
"E02000776","Redbridge 026","2023","99","99","1315700.0","8100.0","23879.81","64.45","4","0.04040404040404041"
"E02000776","Redbridge 026","2024","77","77","1365325.0","9800.0","12053.429999999998","61.85","0","0.0"
"E02000776","Redbridge 026","2025","80","80","1471575.0","10200.0","12605.8","64.2","0","0.0"
"E02000777","Redbridge 027","2019","12","12","66875.0","5950.0","669.17","51.96","1","0.08333333333333333"
"E02000777","Redbridge 027","2023","13","13","68325.0","6100.0","745.04","53.86","1","0.07692307692307693"
"E02000777","Redbridge 027","2024","11","11","71875.0","6500.0","672.48","60.85","1","0.09090909090909091"
"E02000777","Redbridge 027","2025","11","11","71875.0","6500.0","672.48","60.85","0","0.0"
"E02000779","Redbridge 029","2019","167","167","3010075.0","12500.0","22045.05","93.285","9","0.05389221556886228"
"E02000779","Redbridge 029","2023","181","181","2946425.0","12000.0","23492.27","92.96000000000001","12","0.06629834254143646"
"E02000779","Redbridge 029","2024","147","147","3441950.0","14625.0","21467.05","92.81","1","0.006802721088435374"
"E02000779","Redbridge 029","2025","152","152","3400650.0","14375.0","21616.55","89.04","0","0.0"
"E02000781","Redbridge 031","2019","65","65","677025.0","10250.0","5264.9","63.57","1","0.015384615384615385"
"E02000781","Redbridge 031","2023","75","75","722125.0","9150.0","5931.8","63.5","2","0.02666666666666667"
"E02000781","Redbridge 031","2024","64","64","787975.0","10750.0","4544.5599999999995","63.535","2","0.03125"
"E02000781","Redbridge 031","2025","68","68","803145.0","10750.0","4662.16","62.629999999999995","1","0.014705882352941176"
"E02000782","Redbridge 032","2019","197","197","5069290.0","18750.0","29335.920000000002","70.12","11","0.05583756345177665"
"E02000782","Redbridge 032","2023","234","234","5229850.0","18000.0","31515.4","68.515","9","0.038461538461538464"
"E02000782","Redbridge 032","2024","202","202","6478720.0","22375.0","23895.829999999998","69.8","0","0.0"
"E02000782","Redbridge 032","2025","203","203","6527720.0","22500.0","24120.11","69.96000000000001","0","0.0"
"E02000783","Redbridge 033","2019","53","53","526875.0","9300.0","3555.83","40.4","2","0.03773584905660377"
"E02000783","Redbridge 033","2023","66","66","529575.0","8500.0","3930.2799999999997","28.740000000000002","1","0.015151515151515152"
"E02000783","Redbridge 033","2024","51","51","609750.0","9700.0","3470.84","33.99","0","0.0"
"E02000783","Redbridge 033","2025","52","52","601550.0","8900.0","3523.74","34.375","0","0.0"
"E02000784","Richmond upon Thames 001","2019","119","119","3275705.0","22750.0","9565.23","71.75","12","0.10084033613445378"
"E02000784","Richmond upon Thames 001","2023","120","120","3202430.0","22750.0","9551.619999999999","71.75","8","0.06666666666666667"
"E02000784","Richmond upon Thames 001","2024","117","117","3115705.0","23125.0","9236.63","71.75","3","0.02564102564102564"
"E02000784","Richmond upon Thames 001","2025","117","117","3113705.0","23125.0","9180.88","71.6","2","0.017094017094017096"
"E02000785","Richmond upon Thames 002","2019","155","155","3874685.0","14750.0","14868.119999999999","76.815","8","0.05161290322580645"
"E02000785","Richmond upon Thames 002","2023","156","156","3712985.0","14750.0","14667.89","75.11500000000001","6","0.038461538461538464"
"E02000785","Richmond upon Thames 002","2024","151","151","3712550.0","17500.0","14278.16","75.315","1","0.006622516556291391"
"E02000785","Richmond upon Thames 002","2025","152","152","3718050.0","17500.0","14639.6","75.83","1","0.006578947368421052"
"E02000786","Richmond upon Thames 003","2019","109","109","2449300.0","13750.0","9006.31","65.69","6","0.05504587155963303"
"E02000786","Richmond upon Thames 003","2023","115","115","2548700.0","14250.0","9371.6","65.69","7","0.06086956521739131"
"E02000786","Richmond upon Thames 003","2024","109","109","2477325.0","14625.0","8682.11","64.5","1","0.009174311926605505"
"E02000786","Richmond upon Thames 003","2025","109","109","2444775.0","14500.0","8526.98","62.4","0","0.0"
"E02000787","Richmond upon Thames 004","2019","56","56","7933825.0","13875.0","31876.96","85.7","4","0.07142857142857142"
"E02000787","Richmond upon Thames 004","2023","63","63","7947125.0","13875.0","48231.47","81.32499999999999","5","0.07936507936507936"
"E02000787","Richmond upon Thames 004","2024","58","58","8099100.0","14500.0","31786.54","81.3","1","0.017241379310344827"
"E02000787","Richmond upon Thames 004","2025","60","60","6613600.0","13750.0","39776.69","81.3","1","0.016666666666666666"
"E02000788","Richmond upon Thames 005","2019","292","292","7150890.0","16875.0","32422.98","68.1","22","0.07534246575342465"
"E02000788","Richmond upon Thames 005","2023","303","303","7088365.0","17000.0","33467.44","68.2","10","0.033003300330033"
"E02000788","Richmond upon Thames 005","2024","288","288","7042105.0","18000.0","31491.27","68.37","3","0.010416666666666666"
"E02000788","Richmond upon Thames 005","2025","290","290","7046355.0","18000.0","31647.41","68.37","2","0.006896551724137931"
"E02000789","Richmond upon Thames 006","2019","66","66","2151400.0","18000.0","7929.38","62.22","4","0.06060606060606061"
"E02000789","Richmond upon Thames 006","2023","68","68","2156350.0","18000.0","8134.75","60.15","3","0.04411764705882353"
"E02000789","Richmond upon Thames 006","2024","66","66","2143875.0","17500.0","7924.16","58.349999999999994","0","0.0"
"E02000789","Richmond upon Thames 006","2025","66","66","2143875.0","17500.0","7924.16","58.349999999999994","0","0.0"
"E02000790","Richmond upon Thames 007","2019","90","90","1526400.0","12625.0","8068.05","62.785","6","0.06666666666666667"
"E02000790","Richmond upon Thames 007","2023","91","91","1478750.0","13125.0","7954.4800000000005","60.4","2","0.02197802197802198"
"E02000790","Richmond upon Thames 007","2024","82","82","1595900.0","16000.0","6533.29","60.4","0","0.0"
"E02000790","Richmond upon Thames 007","2025","82","82","1615900.0","16000.0","6707.53","60.4","0","0.0"
"E02000791","Richmond upon Thames 008","2019","380","380","27364600.0","37000.0","66830.79","87.48","16","0.042105263157894736"
"E02000791","Richmond upon Thames 008","2023","399","399","25426700.0","35700.0","70070.87","88.64","20","0.05012531328320802"
"E02000791","Richmond upon Thames 008","2024","378","378","20127225.0","31750.0","57829.17","85.55000000000001","3","0.007936507936507936"
"E02000791","Richmond upon Thames 008","2025","383","383","20347725.0","31875.0","59274.93","86.8","2","0.005221932114882507"
"E02000792","Richmond upon Thames 009","2019","92","92","1777380.0","20000.0","6709.62","73.52","1","0.010869565217391304"
"E02000792","Richmond upon Thames 009","2023","93","93","2156880.0","20000.0","8488.44","73.88","4","0.043010752688172046"
"E02000792","Richmond upon Thames 009","2024","86","86","2118725.0","19125.0","7830.09","74.66999999999999","0","0.0"
"E02000792","Richmond upon Thames 009","2025","86","86","2092225.0","19125.0","7830.09","74.66999999999999","0","0.0"
"E02000793","Richmond upon Thames 010","2019","151","151","2701470.0","15000.0","13699.87","67.85","7","0.046357615894039736"
"E02000793","Richmond upon Thames 010","2023","153","153","2688220.0","15500.0","13893.300000000001","67.85","3","0.0196078431372549"
"E02000793","Richmond upon Thames 010","2024","145","145","2573235.0","16625.0","13139.16","67.8","0","0.0"
"E02000793","Richmond upon Thames 010","2025","145","145","2573235.0","16625.0","13139.16","67.8","0","0.0"
"E02000794","Richmond upon Thames 011","2019","22","22","538800.0","12750.0","3154.54","61.48","8","0.36363636363636365"
"E02000794","Richmond upon Thames 011","2023","27","27","667300.0","13500.0","4252.83","88.55","5","0.18518518518518517"
"E02000794","Richmond upon Thames 011","2024","21","21","791030.0","14500.0","3863.0","88.55","2","0.09523809523809523"
"E02000794","Richmond upon Thames 011","2025","22","22","799330.0","14250.0","3880.68","84.125","2","0.09090909090909091"
"E02000795","Richmond upon Thames 012","2019","62","62","1256100.0","14250.0","5682.7","58.66","5","0.08064516129032258"
"E02000795","Richmond upon Thames 012","2023","62","62","1206500.0","14250.0","5679.849999999999","58.66","6","0.0967741935483871"
"E02000795","Richmond upon Thames 012","2024","59","59","1097450.0","15250.0","5635.48","61.2","1","0.01694915254237288"
"E02000795","Richmond upon Thames 012","2025","59","59","1089200.0","15250.0","5668.78","61.2","1","0.01694915254237288"
"E02000796","Richmond upon Thames 013","2019","50","50","711550.0","10500.0","6820.78","58.150000000000006","4","0.08"
"E02000796","Richmond upon Thames 013","2023","57","57","748875.0","10500.0","10189.41","61.86","3","0.05263157894736842"
"E02000796","Richmond upon Thames 013","2024","53","53","756650.0","11500.0","7016.62","57.6","1","0.018867924528301886"
"E02000796","Richmond upon Thames 013","2025","54","54","828150.0","11500.0","7401.33","58.150000000000006","1","0.018518518518518517"
"E02000797","Richmond upon Thames 014","2019","328","328","9201625.0","17500.0","39533.81","78.19","24","0.07317073170731707"
"E02000797","Richmond upon Thames 014","2023","336","336","8951625.0","17000.0","39713.4","74.9","17","0.050595238095238096"
"E02000797","Richmond upon Thames 014","2024","315","315","8713960.0","17500.0","36860.35","74.9","5","0.015873015873015872"
"E02000797","Richmond upon Thames 014","2025","333","333","8800710.0","17375.0","39238.35","74.9","5","0.015015015015015015"
"E02000798","Richmond upon Thames 015","2019","61","61","2445825.0","8900.0","18169.14","51.5","0","0.0"
"E02000798","Richmond upon Thames 015","2023","62","62","2463325.0","9100.0","18468.899999999998","51.4","1","0.016129032258064516"
"E02000798","Richmond upon Thames 015","2024","62","62","2564500.0","9850.0","18468.899999999998","51.4","0","0.0"
"E02000798","Richmond upon Thames 015","2025","62","62","2555100.0","9900.0","18468.899999999998","51.4","0","0.0"
"E02000799","Richmond upon Thames 016","2019","59","59","850850.0","7900.0","4600.29","45.45","2","0.03389830508474576"
"E02000799","Richmond upon Thames 016","2023","63","63","877350.0","8100.0","4876.76","45.655","1","0.015873015873015872"
"E02000799","Richmond upon Thames 016","2024","56","56","864800.0","10000.0","4125.09","44.5","1","0.017857142857142856"
"E02000799","Richmond upon Thames 016","2025","57","57","864800.0","10000.0","4158.29","44.05","1","0.017543859649122806"
"E02000800","Richmond upon Thames 017","2019","14","14","177550.0","12250.0","1254.81","84.15","0","0.0"
"E02000800","Richmond upon Thames 017","2023","14","14","164500.0","12375.0","1254.81","84.15","0","0.0"
"E02000800","Richmond upon Thames 017","2024","12","12","182900.0","14125.0","1254.81","84.15","0","0.0"
"E02000800","Richmond upon Thames 017","2025","12","12","182900.0","14125.0","1254.81","84.15","0","0.0"
"E02000801","Richmond upon Thames 018","2019","72","72","2075700.0","11000.0","8758.21","51.4","2","0.027777777777777776"
"E02000801","Richmond upon Thames 018","2023","76","76","1866600.0","11000.0","10946.44","49.4","2","0.02631578947368421"
"E02000801","Richmond upon Thames 018","2024","71","71","2022800.0","12500.0","7624.76","50.3","0","0.0"
"E02000801","Richmond upon Thames 018","2025","72","72","2079300.0","12500.0","8014.76","51.2","0","0.0"
"E02000802","Richmond upon Thames 019","2019","113","113","1908150.0","12625.0","10342.2","69.61","10","0.08849557522123894"
"E02000802","Richmond upon Thames 019","2023","118","118","1759800.0","13250.0","11332.49","72.7","9","0.07627118644067797"
"E02000802","Richmond upon Thames 019","2024","106","106","1797875.0","13625.0","9539.85","71.17500000000001","1","0.009433962264150943"
"E02000802","Richmond upon Thames 019","2025","106","106","1797875.0","13625.0","9539.85","71.17500000000001","0","0.0"
"E02000803","Richmond upon Thames 020","2019","12","12","3089150.0","8500.0","11844.36","63.625","2","0.16666666666666666"
"E02000803","Richmond upon Thames 020","2023","18","18","3104050.0","17300.0","30613.68","82.525","1","0.05555555555555555"
"E02000803","Richmond upon Thames 020","2024","16","16","2588950.0","21000.0","20896.02","82.525","1","0.0625"
"E02000803","Richmond upon Thames 020","2025","16","16","2588950.0","21000.0","20896.02","82.525","1","0.0625"
"E02000804","Richmond upon Thames 021","2019","194","194","6245450.0","21250.0","22600.0","81.84","14","0.07216494845360824"
"E02000804","Richmond upon Thames 021","2023","197","197","6193700.0","21250.0","23147.38","81.805","5","0.025380710659898477"
"E02000804","Richmond upon Thames 021","2024","196","196","6125240.0","20250.0","22735.31","81.84","1","0.00510204081632653"
"E02000804","Richmond upon Thames 021","2025","196","196","6111740.0","20250.0","22646.13","81.84","1","0.00510204081632653"
"E02000805","Richmond upon Thames 022","2019","63","63","969650.0","11750.0","4616.6","64.22","7","0.1111111111111111"
"E02000805","Richmond upon Thames 022","2023","70","70","1088025.0","11875.0","5592.7300000000005","66.08","5","0.07142857142857142"
"E02000805","Richmond upon Thames 022","2024","66","66","1071150.0","13000.0","5357.45","66.13","2","0.030303030303030304"
"E02000805","Richmond upon Thames 022","2025","66","66","1071150.0","13000.0","5357.45","66.13","2","0.030303030303030304"
"E02000806","Richmond upon Thames 023","2019","97","97","1550910.0","9500.0","8310.35","55.85","8","0.08247422680412371"
"E02000806","Richmond upon Thames 023","2023","104","104","1544910.0","9800.0","8606.07","55.16","6","0.057692307692307696"
"E02000806","Richmond upon Thames 023","2024","96","96","1510850.0","10750.0","7637.0199999999995","54.94","1","0.010416666666666666"
"E02000806","Richmond upon Thames 023","2025","97","97","1443600.0","10750.0","8203.1","55.85","1","0.010309278350515464"
"E02000807","Southwark 001","2019","5","5","234750.0","15500.0","179.61","62.8","0","0.0"
"E02000807","Southwark 001","2023","6","6","307750.0","23750.0","532.55","67.6","0","0.0"
"E02000807","Southwark 001","2024","6","6","235250.0","23750.0","532.55","67.6","0","0.0"
"E02000807","Southwark 001","2025","6","6","235250.0","23750.0","532.55","67.6","0","0.0"
"E02000810","Southwark 004","2019","100","100","1607525.0","10750.0","12458.52","97.265","2","0.02"
"E02000810","Southwark 004","2023","105","105","1662775.0","10500.0","13219.78","98.0","1","0.009523809523809525"
"E02000810","Southwark 004","2024","95","95","2269950.0","16250.0","11774.67","96.3","1","0.010526315789473684"
"E02000810","Southwark 004","2025","95","95","2269950.0","16250.0","11774.67","96.3","1","0.010526315789473684"
"E02000812","Southwark 006","2019","202","202","7595785.0","14000.0","21683.02","62.485","10","0.04950495049504951"
"E02000812","Southwark 006","2023","262","262","11246610.0","16250.0","28391.55","64.0","9","0.03435114503816794"
"E02000812","Southwark 006","2024","237","237","11030120.0","19000.0","21797.16","62.035","5","0.02109704641350211"
"E02000812","Southwark 006","2025","248","248","11444620.0","20000.0","23689.12","63.45","5","0.020161290322580645"
"E02000813","Southwark 007","2019","167","167","8888620.0","19625.0","51009.840000000004","79.97","3","0.017964071856287425"
"E02000813","Southwark 007","2023","184","184","7966995.0","18500.0","51226.03","74.425","6","0.03260869565217391"
"E02000813","Southwark 007","2024","163","163","6973165.0","19000.0","37916.83","69.14","4","0.024539877300613498"
"E02000813","Southwark 007","2025","163","163","6967865.0","19000.0","37858.26","69.14","4","0.024539877300613498"
"E02000814","Southwark 008","2019","50","50","934400.0","12250.0","3591.99","58.96","2","0.04"
"E02000814","Southwark 008","2023","54","54","1764750.0","13000.0","15770.880000000001","62.0","2","0.037037037037037035"
"E02000814","Southwark 008","2024","49","49","1580100.0","15750.0","15780.66","63.57","0","0.0"
"E02000814","Southwark 008","2025","51","51","1359350.0","15250.0","15923.66","65.14","0","0.0"
"E02000815","Southwark 009","2019","158","158","4159575.0","11750.0","20639.8","64.35","12","0.0759493670886076"
"E02000815","Southwark 009","2023","213","213","4497675.0","9300.0","23368.51","56.8","14","0.06572769953051644"
"E02000815","Southwark 009","2024","128","128","4674335.0","10750.0","18519.15","54.37","2","0.015625"
"E02000815","Southwark 009","2025","126","126","4693325.0","10750.0","25748.3","54.7","2","0.015873015873015872"
"E02000816","Southwark 010","2019","143","143","1845445.0","10250.0","15715.07","85.75999999999999","6","0.04195804195804196"
"E02000816","Southwark 010","2023","152","152","1780990.0","10125.0","15936.4","78.01","3","0.019736842105263157"
"E02000816","Southwark 010","2024","141","141","2032465.0","11750.0","14501.98","79.89","2","0.014184397163120567"
"E02000816","Southwark 010","2025","143","143","2094715.0","11750.0","14697.16","82.61500000000001","2","0.013986013986013986"
"E02000817","Southwark 011","2019","109","109","1743400.0","11125.0","20566.71","93.11500000000001","21","0.1926605504587156"
"E02000817","Southwark 011","2023","117","117","1723850.0","11250.0","22220.75","97.67","4","0.03418803418803419"
"E02000817","Southwark 011","2024","108","108","2071660.0","11000.0","19963.56","98.54","4","0.037037037037037035"
"E02000817","Southwark 011","2025","108","108","2006910.0","10750.0","19963.56","98.54","4","0.037037037037037035"
"E02000818","Southwark 012","2019","172","172","4895810.0","21750.0","27446.9","93.695","12","0.06976744186046512"
"E02000818","Southwark 012","2023","195","195","5219810.0","22625.0","29310.98","93.18","1","0.005128205128205128"
"E02000818","Southwark 012","2024","175","175","5296560.0","23500.0","24787.49","93.18","1","0.005714285714285714"
"E02000818","Southwark 012","2025","178","178","5364810.0","23750.0","25051.64","93.355","1","0.0056179775280898875"
"E02000819","Southwark 013","2019","71","71","3165565.0","12375.0","19388.06","72.5","2","0.028169014084507043"
"E02000819","Southwark 013","2023","73","73","3147065.0","12500.0","20758.370000000003","72.99","2","0.0273972602739726"
"E02000819","Southwark 013","2024","67","67","3105450.0","13500.0","13887.470000000001","70.1","2","0.029850746268656716"
"E02000819","Southwark 013","2025","67","67","3105450.0","13500.0","13887.470000000001","70.1","2","0.029850746268656716"
"E02000820","Southwark 014","2019","81","81","1207925.0","9900.0","7834.09","82.1","9","0.1111111111111111"
"E02000820","Southwark 014","2023","97","97","1409825.0","10000.0","9364.58","78.4","5","0.05154639175257732"
"E02000820","Southwark 014","2024","75","75","1511980.0","13750.0","8052.38","85.8","4","0.05333333333333334"
"E02000820","Southwark 014","2025","75","75","1511980.0","13750.0","8052.38","85.8","4","0.05333333333333334"
"E02000821","Southwark 015","2019","99","99","2983945.0","12250.0","14337.75","65.9","4","0.04040404040404041"
"E02000821","Southwark 015","2023","110","110","3108795.0","12250.0","15594.05","66.33500000000001","2","0.01818181818181818"
"E02000821","Southwark 015","2024","104","104","2807655.0","13500.0","14917.9","65.4","2","0.019230769230769232"
"E02000821","Southwark 015","2025","109","109","2968105.0","13500.0","15429.67","65.65","2","0.01834862385321101"
"E02000822","Southwark 016","2019","187","187","3153825.0","10250.0","14887.79","47.33","4","0.0213903743315508"
"E02000822","Southwark 016","2023","196","196","2989675.0","10250.0","16104.28","49.13","3","0.015306122448979591"
"E02000822","Southwark 016","2024","182","182","3048230.0","11875.0","13172.83","41.515","1","0.005494505494505495"
"E02000822","Southwark 016","2025","192","192","3027280.0","10250.0","13314.77","36.965","1","0.005208333333333333"
"E02000823","Southwark 017","2019","155","155","2354650.0","11250.0","17026.45","74.45","2","0.012903225806451613"
"E02000823","Southwark 017","2023","164","164","2371800.0","12000.0","17462.18","74.45","5","0.03048780487804878"
"E02000823","Southwark 017","2024","151","151","2667125.0","14000.0","17071.86","80.2","4","0.026490066225165563"
"E02000823","Southwark 017","2025","151","151","2666375.0","14000.0","16958.15","80.2","4","0.026490066225165563"
"E02000824","Southwark 018","2019","108","108","2707600.0","8200.0","16081.45","76.05","7","0.06481481481481481"
"E02000824","Southwark 018","2023","118","118","2288900.0","8100.0","15980.66","74.7","2","0.01694915254237288"
"E02000824","Southwark 018","2024","113","113","2529700.0","10750.0","14676.03","60.92","2","0.017699115044247787"
"E02000824","Southwark 018","2025","112","112","2493200.0","10750.0","14640.82","62.96","2","0.017857142857142856"
"E02000825","Southwark 019","2019","6","6","59000.0","5100.0","534.39","44.974999999999994","4","0.6666666666666666"
"E02000825","Southwark 019","2023","8","8","53100.0","4000.0","626.5899999999999","45.14","2","0.25"
"E02000825","Southwark 019","2024","4","4","62500.0","31250.0","406.59","44.974999999999994","0","0.0"
"E02000825","Southwark 019","2025","5","5","62500.0","31250.0","454.59","46.08","0","0.0"
"E02000826","Southwark 020","2019","37","37","335450.0","7500.0","2734.66","55.33","1","0.02702702702702703"
"E02000826","Southwark 020","2023","39","39","332950.0","7600.0","2897.99","57.33","1","0.02564102564102564"
"E02000826","Southwark 020","2024","34","34","415850.0","8800.0","2707.62","58.765","0","0.0"
"E02000826","Southwark 020","2025","34","34","415850.0","8800.0","2707.62","58.765","0","0.0"
"E02000827","Southwark 021","2019","242","242","4679925.0","11250.0","27063.48","81.84","11","0.045454545454545456"
"E02000827","Southwark 021","2023","257","257","4993525.0","11125.0","30736.99","81.2","9","0.03501945525291829"
"E02000827","Southwark 021","2024","243","243","6078325.0","14250.0","28256.46","78.3","6","0.024691358024691357"
"E02000827","Southwark 021","2025","248","248","6238325.0","14500.0","28967.86","79.30000000000001","6","0.024193548387096774"
"E02000828","Southwark 022","2019","281","281","8757750.0","12500.0","40298.95","66.7","11","0.03914590747330961"
"E02000828","Southwark 022","2023","335","335","8401015.0","11750.0","43457.700000000004","62.205","8","0.023880597014925373"
"E02000828","Southwark 022","2024","311","311","8466395.0","15000.0","39077.2","62.21","2","0.006430868167202572"
"E02000828","Southwark 022","2025","322","322","8429745.0","15000.0","39877.45","61.040000000000006","2","0.006211180124223602"
"E02000829","Southwark 023","2019","89","89","1771270.0","9250.0","14897.68","91.52000000000001","3","0.033707865168539325"
"E02000829","Southwark 023","2023","92","92","1465520.0","9300.0","13454.210000000001","84.9","4","0.043478260869565216"
"E02000829","Southwark 023","2024","73","73","1712050.0","13250.0","9603.61","91.52000000000001","2","0.0273972602739726"
"E02000829","Southwark 023","2025","74","74","1714550.0","13250.0","9643.539999999999","85.15","2","0.02702702702702703"
"E02000830","Southwark 024","2019","123","123","1994075.0","15125.0","8777.45","70.34","8","0.06504065040650407"
"E02000830","Southwark 024","2023","136","136","2140925.0","15625.0","9797.2","70.1","1","0.007352941176470588"
"E02000830","Southwark 024","2024","124","124","2407425.0","18375.0","8788.32","70.0","1","0.008064516129032258"
"E02000830","Southwark 024","2025","127","127","2465925.0","18750.0","9103.38","70.1","1","0.007874015748031496"
"E02000831","Southwark 025","2019","365","365","8439745.0","10000.0","44984.13","61.04","18","0.049315068493150684"
"E02000831","Southwark 025","2023","392","392","6734345.0","10500.0","48581.71","63.61","8","0.02040816326530612"
"E02000831","Southwark 025","2024","383","383","8008280.0","14000.0","35362.52","58.7","4","0.010443864229765013"
"E02000831","Southwark 025","2025","399","399","8145280.0","13500.0","36552.71","56.8","6","0.015037593984962405"
"E02000832","Southwark 026","2019","91","91","953700.0","7650.0","7017.4","56.1","2","0.02197802197802198"
"E02000832","Southwark 026","2023","94","94","1033750.0","7800.0","7763.8","56.885000000000005","1","0.010638297872340425"
"E02000832","Southwark 026","2024","85","85","1314825.0","11250.0","7028.63","56.3","1","0.011764705882352941"
"E02000832","Southwark 026","2025","86","86","1336075.0","11375.0","7145.78","56.5","1","0.011627906976744186"
"E02000833","Southwark 027","2019","13","13","2601400.0","11750.0","9748.050000000001","93.2","1","0.07692307692307693"
"E02000833","Southwark 027","2023","18","18","2519650.0","12875.0","26711.59","95.3","0","0.0"
"E02000833","Southwark 027","2024","16","16","2167900.0","15125.0","9748.050000000001","93.4","0","0.0"
"E02000833","Southwark 027","2025","17","17","2168400.0","15500.0","17982.82","94.35","0","0.0"
"E02000834","Southwark 028","2019","101","101","2212400.0","15000.0","8913.119999999999","62.019999999999996","5","0.04950495049504951"
"E02000834","Southwark 028","2023","109","109","2236750.0","14750.0","9585.47","62.1","6","0.05504587155963303"
"E02000834","Southwark 028","2024","101","101","2513500.0","17250.0","9334.02","63.879999999999995","4","0.039603960396039604"
"E02000834","Southwark 028","2025","102","102","2513500.0","17250.0","9449.9","64.0","4","0.0392156862745098"
"E02000835","Southwark 029","2019","17","17","169400.0","7950.0","703.05","42.82","1","0.058823529411764705"
"E02000835","Southwark 029","2023","17","17","161900.0","8000.0","703.05","42.82","0","0.0"
"E02000835","Southwark 029","2024","13","13","165600.0","8700.0","509.68","42.82","0","0.0"
"E02000835","Southwark 029","2025","14","14","143800.0","8700.0","571.58","43.71","0","0.0"
"E02000836","Southwark 030","2019","156","156","4166950.0","22000.0","14921.54","75.0","3","0.019230769230769232"
"E02000836","Southwark 030","2023","159","159","4185850.0","22250.0","15255.7","75.21","4","0.025157232704402517"
"E02000836","Southwark 030","2024","155","155","4601050.0","22750.0","15083.05","75.22","2","0.012903225806451613"
"E02000836","Southwark 030","2025","158","158","4611050.0","22375.0","15322.24","75.21","2","0.012658227848101266"
"E02000837","Southwark 031","2019","116","116","3011800.0","18750.0","11053.97","69.23","1","0.008620689655172414"
"E02000837","Southwark 031","2023","123","123","3055150.0","18000.0","12132.95","68.61500000000001","0","0.0"
"E02000837","Southwark 031","2024","117","117","2955450.0","17750.0","11301.0","69.6","0","0.0"
"E02000837","Southwark 031","2025","117","117","2921950.0","17875.0","11450.59","69.6","0","0.0"
"E02000838","Southwark 032","2019","78","78","1254200.0","9600.0","5958.7","62.6","2","0.02564102564102564"
"E02000838","Southwark 032","2023","80","80","1262250.0","9700.0","6305.67","63.1","1","0.0125"
"E02000838","Southwark 032","2024","74","74","1434050.0","12500.0","5793.66","61.795","1","0.013513513513513514"
"E02000838","Southwark 032","2025","75","75","1451050.0","12500.0","5845.96","60.99","1","0.013333333333333334"
"E02000839","Southwark 033","2019","29","29","487450.0","9800.0","2576.16","70.5","1","0.034482758620689655"
"E02000839","Southwark 033","2023","31","31","455400.0","9500.0","2765.18","70.5","1","0.03225806451612903"
"E02000839","Southwark 033","2024","28","28","483250.0","10625.0","2624.74","70.06","1","0.03571428571428571"
"E02000839","Southwark 033","2025","27","27","469750.0","10250.0","2488.44","69.62","1","0.037037037037037035"
"E02000841","Sutton 002","2019","5","5","28700.0","6700.0","241.28","57.2","0","0.0"
"E02000841","Sutton 002","2023","5","5","28700.0","6700.0","241.28","57.2","0","0.0"
"E02000841","Sutton 002","2024","5","5","32500.0","7600.0","241.28","57.2","0","0.0"
"E02000841","Sutton 002","2025","5","5","32500.0","7600.0","241.28","57.2","0","0.0"
"E02000864","Tower Hamlets 001","2019","129","129","2497580.0","13875.0","15655.27","72.3","11","0.08527131782945736"
"E02000864","Tower Hamlets 001","2023","157","157","3470430.0","14500.0","20769.04","75.59","35","0.2229299363057325"
"E02000864","Tower Hamlets 001","2024","145","145","3688525.0","15000.0","19388.21","75.05","20","0.13793103448275862"
"E02000864","Tower Hamlets 001","2025","151","151","3727925.0","14875.0","19814.99","74.235","19","0.12582781456953643"
"E02000865","Tower Hamlets 002","2019","135","135","1809490.0","10750.0","11608.55","63.5","11","0.08148148148148149"
"E02000865","Tower Hamlets 002","2023","153","153","1955540.0","10500.0","13183.15","63.5","19","0.12418300653594772"
"E02000865","Tower Hamlets 002","2024","130","130","2365055.0","12000.0","11851.59","65.52","8","0.06153846153846154"
"E02000865","Tower Hamlets 002","2025","133","133","2217555.0","12000.0","11741.42","63.5","9","0.06766917293233082"
"E02000866","Tower Hamlets 003","2019","188","188","3178975.0","12750.0","14108.93","56.05","12","0.06382978723404255"
"E02000866","Tower Hamlets 003","2023","205","205","3209975.0","12750.0","14824.3","59.400000000000006","31","0.15121951219512195"
"E02000866","Tower Hamlets 003","2024","180","180","3148750.0","12750.0","13520.91","62.31","20","0.1111111111111111"
"E02000866","Tower Hamlets 003","2025","185","185","3200400.0","12875.0","13901.04","60.65","20","0.10810810810810811"
"E02000867","Tower Hamlets 004","2019","55","55","1053450.0","12250.0","5537.15","72.0","6","0.10909090909090909"
"E02000867","Tower Hamlets 004","2023","66","66","865200.0","12250.0","7833.55","72.0","12","0.18181818181818182"
"E02000867","Tower Hamlets 004","2024","50","50","986275.0","12750.0","4850.02","71.755","9","0.18"
"E02000867","Tower Hamlets 004","2025","52","52","1007175.0","12500.0","5057.75","71.755","7","0.1346153846153846"
"E02000868","Tower Hamlets 005","2019","104","104","2117450.0","15250.0","9493.11","71.8","9","0.08653846153846154"
"E02000868","Tower Hamlets 005","2023","113","113","2253710.0","15250.0","10176.75","67.85","21","0.18584070796460178"
"E02000868","Tower Hamlets 005","2024","105","105","2469405.0","17750.0","9752.93","74.62","8","0.0761904761904762"
"E02000868","Tower Hamlets 005","2025","123","123","2552600.0","15750.0","10748.09","71.8","11","0.08943089430894309"
"E02000869","Tower Hamlets 006","2019","165","165","2681545.0","13750.0","11174.84","50.05","8","0.048484848484848485"
"E02000869","Tower Hamlets 006","2023","181","181","2774195.0","13750.0","12146.43","50.355","22","0.12154696132596685"
"E02000869","Tower Hamlets 006","2024","176","176","3263145.0","15500.0","11726.18","49.785","5","0.028409090909090908"
"E02000869","Tower Hamlets 006","2025","178","178","3391445.0","15750.0","12290.28","50.355","6","0.033707865168539325"
"E02000870","Tower Hamlets 007","2019","138","138","1658825.0","10750.0","9345.29","52.535","10","0.07246376811594203"
"E02000870","Tower Hamlets 007","2023","144","144","1653125.0","11000.0","9645.05","52.535","19","0.13194444444444445"
"E02000870","Tower Hamlets 007","2024","129","129","1947395.0","13500.0","8635.46","51.735","11","0.08527131782945736"
"E02000870","Tower Hamlets 007","2025","130","130","1947145.0","13500.0","8899.19","52.4","11","0.08461538461538462"
"E02000871","Tower Hamlets 008","2019","46","46","618100.0","9200.0","3629.15","56.2","10","0.21739130434782608"
"E02000871","Tower Hamlets 008","2023","43","43","559700.0","11750.0","3832.69","74.7","7","0.16279069767441862"
"E02000871","Tower Hamlets 008","2024","39","39","633575.0","12750.0","3623.61","73.6","2","0.05128205128205128"
"E02000871","Tower Hamlets 008","2025","39","39","664325.0","12750.0","3715.04","73.6","3","0.07692307692307693"
"E02000872","Tower Hamlets 009","2019","317","317","10770050.0","26000.0","31532.13","74.34","27","0.08517350157728706"
"E02000872","Tower Hamlets 009","2023","357","357","10126850.0","23750.0","35631.35","73.22","62","0.17366946778711484"
"E02000872","Tower Hamlets 009","2024","307","307","11177875.0","25000.0","29643.95","71.7","26","0.08469055374592833"
"E02000872","Tower Hamlets 009","2025","312","312","11118975.0","25250.0","30199.27","71.75","28","0.08974358974358974"
"E02000873","Tower Hamlets 010","2019","89","89","1247585.0","8900.0","6834.28","49.9","4","0.0449438202247191"
"E02000873","Tower Hamlets 010","2023","90","90","1080585.0","9000.0","6983.0599999999995","50.2","23","0.25555555555555554"
"E02000873","Tower Hamlets 010","2024","83","83","1465510.0","9700.0","6498.71","48.5","7","0.08433734939759036"
"E02000873","Tower Hamlets 010","2025","83","83","1465510.0","9700.0","6498.71","48.5","5","0.060240963855421686"
"E02000875","Tower Hamlets 012","2019","64","64","1056800.0","12500.0","6451.37","86.495","8","0.125"
"E02000875","Tower Hamlets 012","2023","71","71","1001900.0","12500.0","7122.39","85.21","15","0.2112676056338028"
"E02000875","Tower Hamlets 012","2024","68","68","1083925.0","10750.0","6338.58","84.785","12","0.17647058823529413"
"E02000875","Tower Hamlets 012","2025","68","68","1083925.0","10750.0","6338.58","84.785","11","0.16176470588235295"
"E02000876","Tower Hamlets 013","2019","249","249","7503100.0","18000.0","34628.7","77.85","21","0.08433734939759036"
"E02000876","Tower Hamlets 013","2023","290","290","7302980.0","18000.0","39811.25","77.48","51","0.17586206896551723"
"E02000876","Tower Hamlets 013","2024","247","247","7239060.0","19500.0","31823.36","77.49000000000001","26","0.10526315789473684"
"E02000876","Tower Hamlets 013","2025","248","248","7098860.0","19750.0","32086.57","77.85","31","0.125"
"E02000877","Tower Hamlets 014","2019","121","121","1844700.0","12500.0","9864.19","67.24000000000001","8","0.06611570247933884"
"E02000877","Tower Hamlets 014","2023","129","129","1702200.0","11750.0","10301.21","66.17500000000001","23","0.17829457364341086"
"E02000877","Tower Hamlets 014","2024","118","118","1888700.0","13250.0","9178.41","67.2","14","0.11864406779661017"
"E02000877","Tower Hamlets 014","2025","120","120","1912700.0","13375.0","9425.5","67.28","13","0.10833333333333334"
"E02000878","Tower Hamlets 015","2019","797","797","31363650.0","25750.0","95476.72","75.39","89","0.11166875784190715"
"E02000878","Tower Hamlets 015","2023","907","907","32671240.0","25250.0","106922.92","73.405","189","0.20837927232635062"
"E02000878","Tower Hamlets 015","2024","771","771","36680995.0","27250.0","83770.88","71.65","86","0.11154345006485085"
"E02000878","Tower Hamlets 015","2025","785","785","36799670.0","27250.0","85807.57","71.73","94","0.1197452229299363"
"E02000879","Tower Hamlets 016","2019","82","82","1165600.0","13000.0","7534.61","77.13","5","0.06097560975609756"
"E02000879","Tower Hamlets 016","2023","94","94","1142250.0","11500.0","8608.57","77.9","17","0.18085106382978725"
"E02000879","Tower Hamlets 016","2024","81","81","1364950.0","12500.0","6818.8","66.85","4","0.04938271604938271"
"E02000879","Tower Hamlets 016","2025","81","81","1364950.0","12500.0","6818.8","66.85","4","0.04938271604938271"
"E02000880","Tower Hamlets 017","2019","124","124","2499850.0","14125.0","12779.06","62.13","10","0.08064516129032258"
"E02000880","Tower Hamlets 017","2023","136","136","2193600.0","13000.0","13487.52","58.79","27","0.19852941176470587"
"E02000880","Tower Hamlets 017","2024","112","112","2091475.0","12500.0","10897.85","55.0","9","0.08035714285714286"
"E02000880","Tower Hamlets 017","2025","113","113","2122225.0","12625.0","11069.25","55.5","9","0.07964601769911504"
"E02000881","Tower Hamlets 018","2019","39","39","418520.0","6600.0","3459.35","62.6","4","0.10256410256410256"
"E02000881","Tower Hamlets 018","2023","43","43","412870.0","7800.0","3750.25","66.3","6","0.13953488372093023"
"E02000881","Tower Hamlets 018","2024","40","40","419400.0","10200.0","3585.35","62.6","5","0.125"
"E02000881","Tower Hamlets 018","2025","44","44","532250.0","10200.0","4089.18","60.5","4","0.09090909090909091"
"E02000882","Tower Hamlets 019","2019","84","84","1129300.0","8800.0","7946.34","59.74","16","0.19047619047619047"
"E02000882","Tower Hamlets 019","2023","88","88","1139850.0","8650.0","8162.540000000001","60.965","15","0.17045454545454544"
"E02000882","Tower Hamlets 019","2024","73","73","887525.0","9000.0","5526.38","59.74","13","0.1780821917808219"
"E02000882","Tower Hamlets 019","2025","73","73","868925.0","8900.0","5526.38","59.74","11","0.1506849315068493"
"E02000883","Tower Hamlets 020","2019","140","140","2552650.0","12625.0","16541.39","74.495","7","0.05"
"E02000883","Tower Hamlets 020","2023","164","164","2195450.0","12000.0","15607.59","72.4","20","0.12195121951219512"
"E02000883","Tower Hamlets 020","2024","153","153","2298750.0","11375.0","14270.18","71.6","30","0.19607843137254902"
"E02000883","Tower Hamlets 020","2025","156","156","2412200.0","11500.0","14718.99","71.63499999999999","32","0.20512820512820512"
"E02000885","Tower Hamlets 022","2019","145","145","2428945.0","13000.0","15074.54","69.87","12","0.08275862068965517"
"E02000885","Tower Hamlets 022","2023","161","161","2503995.0","13000.0","17660.01","72.23","22","0.13664596273291926"
"E02000885","Tower Hamlets 022","2024","147","147","2130960.0","11000.0","14423.66","66.24000000000001","29","0.19727891156462585"
"E02000885","Tower Hamlets 022","2025","147","147","2130960.0","11000.0","14423.66","66.24000000000001","28","0.19047619047619047"
"E02000886","Tower Hamlets 023","2019","90","90","944110.0","9300.0","5950.14","54.75","5","0.05555555555555555"
"E02000886","Tower Hamlets 023","2023","93","93","966400.0","9500.0","6142.87","54.5","10","0.10752688172043011"
"E02000886","Tower Hamlets 023","2024","79","79","867515.0","9200.0","5510.25","57.7","8","0.10126582278481013"
"E02000886","Tower Hamlets 023","2025","79","79","858515.0","9400.0","5510.25","57.7","8","0.10126582278481013"
"E02000887","Tower Hamlets 024","2019","47","47","1575400.0","11500.0","8012.35","70.7","2","0.0425531914893617"
"E02000887","Tower Hamlets 024","2023","55","55","1620000.0","11250.0","8760.41","70.7","5","0.09090909090909091"
"E02000887","Tower Hamlets 024","2024","50","50","1687150.0","11500.0","7974.03","68.3","7","0.14"
"E02000887","Tower Hamlets 024","2025","50","50","1687150.0","11500.0","7974.03","68.3","4","0.08"
"E02000888","Tower Hamlets 025","2019","128","128","2261050.0","16500.0","14191.1","84.0","20","0.15625"
"E02000888","Tower Hamlets 025","2023","140","140","2144250.0","16500.0","15322.03","76.8","23","0.16428571428571428"
"E02000888","Tower Hamlets 025","2024","107","107","2150025.0","15625.0","11174.38","79.555","12","0.11214953271028037"
"E02000888","Tower Hamlets 025","2025","113","113","2141650.0","15500.0","11585.58","75.15","6","0.05309734513274336"
"E02000889","Tower Hamlets 026","2019","82","82","1799100.0","15150.0","11905.08","81.215","23","0.2804878048780488"
"E02000889","Tower Hamlets 026","2023","110","110","1763050.0","16500.0","19777.21","75.775","17","0.15454545454545454"
"E02000889","Tower Hamlets 026","2024","62","62","1844050.0","18750.0","8739.98","92.47","13","0.20967741935483872"
"E02000889","Tower Hamlets 026","2025","65","65","1789800.0","17500.0","10099.38","97.2","17","0.26153846153846155"
"E02000890","Tower Hamlets 027","2019","121","121","6232400.0","27375.0","18049.41","68.9","20","0.1652892561983471"
"E02000890","Tower Hamlets 027","2023","126","126","5905525.0","27500.0","19856.39","72.96","21","0.16666666666666666"
"E02000890","Tower Hamlets 027","2024","103","103","5430075.0","29000.0","16630.1","72.96","21","0.20388349514563106"
"E02000890","Tower Hamlets 027","2025","103","103","5430075.0","29000.0","16630.1","72.96","20","0.1941747572815534"
"E02000893","Tower Hamlets 030","2019","31","31","442000.0","11000.0","1884.38","60.9","1","0.03225806451612903"
"E02000893","Tower Hamlets 030","2023","36","36","454900.0","11250.0","2293.58","61.1","7","0.19444444444444445"
"E02000893","Tower Hamlets 030","2024","34","34","490650.0","11750.0","2124.28","61.1","6","0.17647058823529413"
"E02000893","Tower Hamlets 030","2025","34","34","490650.0","11750.0","2124.28","61.1","5","0.14705882352941177"
"E02000894","Tower Hamlets 031","2019","19","19","527450.0","16250.0","2549.69","60.7","0","0.0"
"E02000894","Tower Hamlets 031","2023","20","20","399650.0","14000.0","2579.28","60.39","5","0.25"
"E02000894","Tower Hamlets 031","2024","20","20","442650.0","13250.0","2172.0","60.39","1","0.05"
"E02000894","Tower Hamlets 031","2025","21","21","452650.0","17250.0","2301.86","60.7","2","0.09523809523809523"
"E02000895","Waltham Forest 001","2019","39","39","1081350.0","11750.0","5302.23","55.7","0","0.0"
"E02000895","Waltham Forest 001","2023","40","40","653700.0","10875.0","2706.28","54.0","2","0.05"
"E02000895","Waltham Forest 001","2024","29","29","601100.0","10000.0","2225.93","61.894999999999996","2","0.06896551724137931"
"E02000895","Waltham Forest 001","2025","29","29","601100.0","10000.0","2225.93","61.894999999999996","0","0.0"
"E02000896","Waltham Forest 002","2019","168","168","3465900.0","17000.0","17495.34","73.7","5","0.02976190476190476"
"E02000896","Waltham Forest 002","2023","178","178","3383900.0","16750.0","18168.0","72.72","10","0.056179775280898875"
"E02000896","Waltham Forest 002","2024","165","165","3652700.0","19500.0","16785.32","72.71000000000001","10","0.06060606060606061"
"E02000896","Waltham Forest 002","2025","165","165","3628200.0","19375.0","16784.02","72.71000000000001","11","0.06666666666666667"
"E02000897","Waltham Forest 003","2019","34","34","388150.0","8800.0","3338.09","80.0","0","0.0"
"E02000897","Waltham Forest 003","2023","34","34","373900.0","8800.0","3338.09","80.0","1","0.029411764705882353"
"E02000897","Waltham Forest 003","2024","33","33","500750.0","14250.0","3229.99","79.9","1","0.030303030303030304"
"E02000897","Waltham Forest 003","2025","33","33","500750.0","14250.0","3229.99","79.9","1","0.030303030303030304"
"E02000898","Waltham Forest 004","2019","6","6","264200.0","34000.0","1622.6","219.775","0","0.0"
"E02000898","Waltham Forest 004","2023","9","9","246700.0","41500.0","2211.67","265.3","1","0.1111111111111111"
"E02000898","Waltham Forest 004","2024","5","5","210650.0","38300.0","573.39","174.25","0","0.0"
"E02000898","Waltham Forest 004","2025","5","5","210650.0","38300.0","573.39","174.25","0","0.0"
"E02000899","Waltham Forest 005","2019","220","220","3972850.0","13750.0","28033.27","78.56","16","0.07272727272727272"
"E02000899","Waltham Forest 005","2023","230","230","3835250.0","13750.0","28540.239999999998","77.57","24","0.10434782608695652"
"E02000899","Waltham Forest 005","2024","210","210","4246300.0","16000.0","25691.44","75.32","14","0.06666666666666667"
"E02000899","Waltham Forest 005","2025","209","209","4258650.0","16000.0","25744.3","75.52","18","0.0861244019138756"
"E02000900","Waltham Forest 006","2019","64","64","7461950.0","11000.0","86883.83","117.21000000000001","1","0.015625"
"E02000900","Waltham Forest 006","2023","70","70","7244900.0","11250.0","107648.62","114.33","2","0.02857142857142857"
"E02000900","Waltham Forest 006","2024","61","61","6914250.0","15750.0","56769.14","114.33","1","0.01639344262295082"
"E02000900","Waltham Forest 006","2025","63","63","7635750.0","15750.0","64617.75","118.5","1","0.015873015873015872"
"E02000901","Waltham Forest 007","2019","146","146","2916800.0","9450.0","18764.12","55.01","3","0.02054794520547945"
"E02000901","Waltham Forest 007","2023","155","155","3039450.0","9700.0","20607.68","55.055","4","0.025806451612903226"
"E02000901","Waltham Forest 007","2024","138","138","3173650.0","10250.0","18773.02","56.94","6","0.043478260869565216"
"E02000901","Waltham Forest 007","2025","138","138","3160150.0","10250.0","18463.52","56.94","5","0.036231884057971016"
"E02000902","Waltham Forest 008","2019","49","49","724700.0","9350.0","5672.71","57.265","2","0.04081632653061224"
"E02000902","Waltham Forest 008","2023","51","51","703800.0","9500.0","5874.84","57.615","3","0.058823529411764705"
"E02000902","Waltham Forest 008","2024","43","43","818200.0","11625.0","5132.84","57.615","1","0.023255813953488372"
"E02000902","Waltham Forest 008","2025","43","43","818200.0","11625.0","5132.84","57.615","1","0.023255813953488372"
"E02000903","Waltham Forest 009","2019","50","50","519345.0","8150.0","3880.77","48.95","1","0.02"
"E02000903","Waltham Forest 009","2023","51","51","515445.0","8100.0","4412.9","51.325","2","0.0392156862745098"
"E02000903","Waltham Forest 009","2024","45","45","629860.0","10500.0","3709.44","51.325","1","0.022222222222222223"
"E02000903","Waltham Forest 009","2025","46","46","629860.0","10500.0","3720.44","48.95","3","0.06521739130434782"
"E02000904","Waltham Forest 010","2019","36","36","1279250.0","8100.0","9888.4","62.76","1","0.027777777777777776"
"E02000904","Waltham Forest 010","2023","37","37","299250.0","7500.0","10056.21","63.18","5","0.13513513513513514"
"E02000904","Waltham Forest 010","2024","34","34","329100.0","8750.0","2520.23","62.76","3","0.08823529411764706"
"E02000904","Waltham Forest 010","2025","35","35","334300.0","8600.0","2540.08","58.879999999999995","2","0.05714285714285714"
"E02000905","Waltham Forest 011","2019","168","168","1710775.0","8000.0","11833.41","50.33","9","0.05357142857142857"
"E02000905","Waltham Forest 011","2023","178","178","1650775.0","8250.0","12183.46","52.28","10","0.056179775280898875"
"E02000905","Waltham Forest 011","2024","160","160","1885850.0","9700.0","10890.96","50.4","5","0.03125"
"E02000905","Waltham Forest 011","2025","161","161","1904350.0","9800.0","10933.07","51.28","5","0.031055900621118012"
"E02000906","Waltham Forest 012","2019","91","91","823325.0","7500.0","6891.56","61.25","3","0.03296703296703297"
"E02000906","Waltham Forest 012","2023","91","91","809525.0","7450.0","6886.400000000001","61.25","3","0.03296703296703297"
"E02000906","Waltham Forest 012","2024","88","88","977850.0","9600.0","6640.09","57.44","1","0.011363636363636364"
"E02000906","Waltham Forest 012","2025","88","88","977550.0","9500.0","6625.49","57.44","4","0.045454545454545456"
"E02000907","Waltham Forest 013","2019","192","192","1816960.0","7800.0","12367.44","50.2","11","0.057291666666666664"
"E02000907","Waltham Forest 013","2023","213","213","1761710.0","8000.0","13470.6","47.67","21","0.09859154929577464"
"E02000907","Waltham Forest 013","2024","180","180","2004900.0","9250.0","11762.210000000001","49.67","23","0.12777777777777777"
"E02000907","Waltham Forest 013","2025","183","183","2031975.0","9500.0","11917.73","49.305","25","0.1366120218579235"
"E02000908","Waltham Forest 014","2019","71","71","817475.0","7700.0","5846.82","63.15","2","0.028169014084507043"
"E02000908","Waltham Forest 014","2023","78","78","876575.0","8000.0","6169.1","67.8","2","0.02564102564102564"
"E02000908","Waltham Forest 014","2024","72","72","1011600.0","9350.0","6018.07","69.84","1","0.013888888888888888"
"E02000908","Waltham Forest 014","2025","76","76","1173650.0","9550.0","6932.62","72.9","2","0.02631578947368421"
"E02000909","Waltham Forest 015","2019","86","86","1221300.0","9450.0","9403.4","59.225","5","0.05813953488372093"
"E02000909","Waltham Forest 015","2023","92","92","1219525.0","10250.0","10296.67","59.225","7","0.07608695652173914"
"E02000909","Waltham Forest 015","2024","78","78","1272200.0","10875.0","7994.87","58.95","3","0.038461538461538464"
"E02000909","Waltham Forest 015","2025","81","81","1269900.0","11125.0","8346.0","59.555","3","0.037037037037037035"
"E02000910","Waltham Forest 016","2019","186","186","2717125.0","11500.0","16476.74","64.9","5","0.026881720430107527"
"E02000910","Waltham Forest 016","2023","232","232","2740975.0","11000.0","19199.25","59.7","11","0.04741379310344827"
"E02000910","Waltham Forest 016","2024","195","195","3461225.0","13750.0","15972.55","61.34","9","0.046153846153846156"
"E02000910","Waltham Forest 016","2025","195","195","3453425.0","13750.0","16036.88","63.5","13","0.06666666666666667"
"E02000911","Waltham Forest 017","2019","486","486","15425300.0","18750.0","81308.08","80.97","19","0.03909465020576132"
"E02000911","Waltham Forest 017","2023","598","598","15287050.0","17200.0","95284.59","75.5","37","0.061872909698996656"
"E02000911","Waltham Forest 017","2024","522","522","15306000.0","19000.0","78697.42","73.125","27","0.05172413793103448"
"E02000911","Waltham Forest 017","2025","531","531","15398300.0","19125.0","84516.65","74.12","26","0.04896421845574388"
"E02000912","Waltham Forest 018","2019","29","29","268850.0","8800.0","1752.33","49.195","1","0.034482758620689655"
"E02000912","Waltham Forest 018","2023","29","29","267850.0","8800.0","1747.14","49.195","1","0.034482758620689655"
"E02000912","Waltham Forest 018","2024","25","25","305100.0","10250.0","1550.49","55.21","0","0.0"
"E02000912","Waltham Forest 018","2025","25","25","305100.0","10250.0","1550.49","55.21","0","0.0"
"E02000913","Waltham Forest 019","2019","64","64","733050.0","9350.0","5024.92","72.935","1","0.015625"
"E02000913","Waltham Forest 019","2023","62","62","675300.0","9400.0","4984.09","74.465","1","0.016129032258064516"
"E02000913","Waltham Forest 019","2024","59","59","780675.0","11500.0","4666.87","74.94","0","0.0"
"E02000913","Waltham Forest 019","2025","59","59","771075.0","11500.0","4665.32","74.94","0","0.0"
"E02000914","Waltham Forest 020","2019","290","290","5665025.0","13500.0","31150.39","73.7","10","0.034482758620689655"
"E02000914","Waltham Forest 020","2023","318","318","5623235.0","13375.0","34863.6","74.69999999999999","28","0.0880503144654088"
"E02000914","Waltham Forest 020","2024","285","285","6392835.0","15750.0","30839.37","68.0","27","0.09473684210526316"
"E02000914","Waltham Forest 020","2025","288","288","6289885.0","15625.0","31069.04","67.92","28","0.09722222222222222"
"E02000915","Waltham Forest 021","2019","36","36","504825.0","9100.0","3174.8","60.2","2","0.05555555555555555"
"E02000915","Waltham Forest 021","2023","40","40","550425.0","9500.0","3816.4","71.89","5","0.125"
"E02000915","Waltham Forest 021","2024","38","38","610050.0","11000.0","3621.06","71.89","4","0.10526315789473684"
"E02000915","Waltham Forest 021","2025","38","38","611800.0","11000.0","3739.86","71.89","4","0.10526315789473684"
"E02000916","Waltham Forest 022","2019","201","201","2645525.0","9700.0","20731.63","60.75","8","0.03980099502487562"
"E02000916","Waltham Forest 022","2023","219","219","2758275.0","9600.0","21960.98","59.43","11","0.0502283105022831"
"E02000916","Waltham Forest 022","2024","202","202","2954575.0","10750.0","19409.53","60.385000000000005","9","0.04455445544554455"
"E02000916","Waltham Forest 022","2025","202","202","2952075.0","10750.0","19338.09","60.385000000000005","10","0.04950495049504951"
"E02000917","Waltham Forest 023","2019","101","101","1021150.0","8600.0","6379.99","48.8","5","0.04950495049504951"
"E02000917","Waltham Forest 023","2023","115","115","1055775.0","8600.0","7334.84","52.9","8","0.06956521739130435"
"E02000917","Waltham Forest 023","2024","106","106","1202900.0","10750.0","6222.75","48.5","8","0.07547169811320754"
"E02000917","Waltham Forest 023","2025","107","107","1191175.0","10750.0","6268.1","47.25","6","0.056074766355140186"
"E02000918","Waltham Forest 024","2019","217","217","6820775.0","15500.0","38941.88","77.82","10","0.04608294930875576"
"E02000918","Waltham Forest 024","2023","243","243","6776330.0","14500.0","46852.0","75.94","22","0.09053497942386832"
"E02000918","Waltham Forest 024","2024","219","219","6542990.0","16000.0","34427.19","75.92","14","0.0639269406392694"
"E02000918","Waltham Forest 024","2025","225","225","6782340.0","16000.0","38556.56","74.845","13","0.057777777777777775"
"E02000919","Waltham Forest 025","2019","129","129","1960550.0","12500.0","12096.51","73.76","3","0.023255813953488372"
"E02000919","Waltham Forest 025","2023","136","136","1953550.0","12625.0","12821.51","73.78999999999999","6","0.04411764705882353"
"E02000919","Waltham Forest 025","2024","130","130","2071525.0","12875.0","11838.54","70.13","4","0.03076923076923077"
"E02000919","Waltham Forest 025","2025","133","133","2076075.0","12750.0","12005.53","69.45","4","0.03007518796992481"
"E02000920","Waltham Forest 026","2019","255","255","8067120.0","9550.0","60413.47","84.94999999999999","1","0.00392156862745098"
"E02000920","Waltham Forest 026","2023","264","264","8032020.0","9500.0","70975.85","83.68","5","0.01893939393939394"
"E02000920","Waltham Forest 026","2024","254","254","8856400.0","12500.0","52213.83","83.68","4","0.015748031496062992"
"E02000920","Waltham Forest 026","2025","256","256","8832250.0","12500.0","52719.83","84.3","4","0.015625"
"E02000921","Waltham Forest 027","2019","121","121","1567675.0","11000.0","10019.21","61.995000000000005","4","0.03305785123966942"
"E02000921","Waltham Forest 027","2023","125","125","1567225.0","11000.0","10225.63","61.965","7","0.056"
"E02000921","Waltham Forest 027","2024","121","121","1693025.0","12250.0","9939.09","61.995000000000005","5","0.04132231404958678"
"E02000921","Waltham Forest 027","2025","121","121","1680525.0","12250.0","9951.87","62.36","5","0.04132231404958678"
"E02000922","Waltham Forest 028","2019","101","101","959775.0","9800.0","6834.47","61.54","4","0.039603960396039604"
"E02000922","Waltham Forest 028","2023","112","112","1078275.0","9900.0","7520.05","59.5","7","0.0625"
"E02000922","Waltham Forest 028","2024","101","101","1261550.0","11250.0","6975.22","58.394999999999996","5","0.04950495049504951"
"E02000922","Waltham Forest 028","2025","106","106","1254050.0","11000.0","7130.79","56.52","7","0.0660377358490566"
"E02000923","Wandsworth 001","2019","78","78","2344000.0","15625.0","7757.29","81.26","7","0.08974358974358974"
"E02000923","Wandsworth 001","2023","85","85","2466100.0","16000.0","9141.0","86.85","8","0.09411764705882353"
"E02000923","Wandsworth 001","2024","77","77","2289625.0","16625.0","8193.29","86.85","7","0.09090909090909091"
"E02000923","Wandsworth 001","2025","77","77","2289625.0","16625.0","8193.29","86.85","7","0.09090909090909091"
"E02000925","Wandsworth 003","2019","84","84","1382400.0","12000.0","6407.31","67.87","6","0.07142857142857142"
"E02000925","Wandsworth 003","2023","86","86","1379350.0","11875.0","6396.58","62.78","6","0.06976744186046512"
"E02000925","Wandsworth 003","2024","82","82","1322635.0","11750.0","5523.08","61.7","5","0.06097560975609756"
"E02000925","Wandsworth 003","2025","83","83","1355485.0","12250.0","5841.12","62.22","4","0.04819277108433735"
"E02000926","Wandsworth 004","2019","147","147","3864590.0","12250.0","22246.9","64.5","10","0.06802721088435375"
"E02000926","Wandsworth 004","2023","156","156","4758840.0","12375.0","29019.24","65.8","12","0.07692307692307693"
"E02000926","Wandsworth 004","2024","148","148","5160340.0","14250.0","23703.6","63.69","13","0.08783783783783784"
"E02000926","Wandsworth 004","2025","152","152","4568090.0","13875.0","24094.84","63.69","11","0.07236842105263158"
"E02000927","Wandsworth 005","2019","141","141","1901840.0","12000.0","10175.46","65.925","15","0.10638297872340426"
"E02000927","Wandsworth 005","2023","148","148","1919790.0","12000.0","10801.59","65.25","13","0.08783783783783784"
"E02000927","Wandsworth 005","2024","131","131","1985175.0","12625.0","10228.87","65.25","6","0.04580152671755725"
"E02000927","Wandsworth 005","2025","131","131","1985175.0","12625.0","10228.87","65.25","5","0.03816793893129771"
"E02000928","Wandsworth 006","2019","127","127","2730930.0","14500.0","10148.58","64.91","9","0.07086614173228346"
"E02000928","Wandsworth 006","2023","129","129","2679280.0","14500.0","10318.89","66.475","6","0.046511627906976744"
"E02000928","Wandsworth 006","2024","122","122","2544180.0","15000.0","9671.53","64.5","6","0.04918032786885246"
"E02000928","Wandsworth 006","2025","125","125","2559930.0","15000.0","9823.35","63.870000000000005","6","0.048"
"E02000929","Wandsworth 007","2019","54","54","783025.0","11000.0","4847.19","63.56","5","0.09259259259259259"
"E02000929","Wandsworth 007","2023","54","54","691775.0","10125.0","5413.78","63.56","6","0.1111111111111111"
"E02000929","Wandsworth 007","2024","50","50","751075.0","10625.0","4785.93","62.265","7","0.14"
"E02000929","Wandsworth 007","2025","50","50","751075.0","10625.0","4785.93","62.265","7","0.14"
"E02000930","Wandsworth 008","2019","288","288","16267590.0","34375.0","46013.06","90.47","11","0.03819444444444445"
"E02000930","Wandsworth 008","2023","299","299","16084090.0","33750.0","47130.29","89.9","22","0.07357859531772576"
"E02000930","Wandsworth 008","2024","293","293","14921575.0","32125.0","46005.1","88.02","19","0.06484641638225255"
"E02000930","Wandsworth 008","2025","293","293","14865575.0","32125.0","46005.1","88.02","15","0.051194539249146756"
"E02000931","Wandsworth 009","2019","59","59","965150.0","14500.0","3490.7799999999997","53.019999999999996","2","0.03389830508474576"
"E02000931","Wandsworth 009","2023","59","59","937150.0","14250.0","3490.7799999999997","53.019999999999996","2","0.03389830508474576"
"E02000931","Wandsworth 009","2024","57","57","986225.0","14000.0","3281.04","50.364999999999995","1","0.017543859649122806"
"E02000931","Wandsworth 009","2025","57","57","986225.0","14000.0","3281.04","50.364999999999995","0","0.0"
"E02000932","Wandsworth 010","2019","425","425","22106325.0","27000.0","97305.21","108.47","36","0.08470588235294117"
"E02000932","Wandsworth 010","2023","549","549","19240425.0","25500.0","120565.85","108.86","65","0.11839708561020036"
"E02000932","Wandsworth 010","2024","430","430","19118760.0","25625.0","81630.69","101.34","28","0.06511627906976744"
"E02000932","Wandsworth 010","2025","442","442","19699760.0","25750.0","84588.43000000001","103.15","20","0.04524886877828054"
"E02000933","Wandsworth 011","2019","71","71","1715475.0","16875.0","6901.78","74.33500000000001","3","0.04225352112676056"
"E02000933","Wandsworth 011","2023","78","78","2033350.0","17750.0","8468.76","79.22","1","0.01282051282051282"
"E02000933","Wandsworth 011","2024","72","72","2085150.0","16250.0","8661.46","80.6","1","0.013888888888888888"
"E02000933","Wandsworth 011","2025","71","71","1950650.0","16125.0","8313.69","80.335","1","0.014084507042253521"
"E02000934","Wandsworth 012","2019","209","209","11065825.0","23000.0","40875.79","74.905","8","0.03827751196172249"
"E02000934","Wandsworth 012","2023","213","213","10225600.0","22875.0","41659.86","71.655","14","0.06572769953051644"
"E02000934","Wandsworth 012","2024","195","195","8901600.0","24500.0","40119.92","75.96","7","0.035897435897435895"
"E02000934","Wandsworth 012","2025","199","199","9065600.0","24500.0","40894.1","76.34","7","0.035175879396984924"
"E02000935","Wandsworth 013","2019","11","11","64325.0","4200.0","864.95","62.26","2","0.18181818181818182"
"E02000935","Wandsworth 013","2023","11","11","64325.0","4200.0","864.95","62.26","2","0.18181818181818182"
"E02000935","Wandsworth 013","2024","11","11","79200.0","4400.0","864.95","62.26","2","0.18181818181818182"
"E02000935","Wandsworth 013","2025","11","11","79200.0","4400.0","864.95","62.26","2","0.18181818181818182"
"E02000936","Wandsworth 014","2019","19","19","998800.0","19250.0","4453.85","47.01","1","0.05263157894736842"
"E02000936","Wandsworth 014","2023","18","18","830300.0","17875.0","3133.76","44.78","1","0.05555555555555555"
"E02000936","Wandsworth 014","2024","18","18","845150.0","17125.0","3133.76","44.78","1","0.05555555555555555"
"E02000936","Wandsworth 014","2025","18","18","845150.0","17125.0","3133.76","44.78","1","0.05555555555555555"
"E02000937","Wandsworth 015","2019","88","88","3108850.0","28125.0","7632.7300000000005","67.93","5","0.056818181818181816"
"E02000937","Wandsworth 015","2023","92","92","3053850.0","27750.0","8093.28","67.46000000000001","2","0.021739130434782608"
"E02000937","Wandsworth 015","2024","87","87","3072700.0","29000.0","7307.16","67.2","4","0.04597701149425287"
"E02000937","Wandsworth 015","2025","88","88","3081700.0","29000.0","7524.74","67.67","4","0.045454545454545456"
"E02000938","Wandsworth 016","2019","23","23","254275.0","3800.0","1463.17","72.12","2","0.08695652173913043"
"E02000938","Wandsworth 016","2023","23","23","254275.0","3800.0","1463.17","72.12","1","0.043478260869565216"
"E02000938","Wandsworth 016","2024","23","23","235475.0","5100.0","1463.17","72.12","0","0.0"
"E02000938","Wandsworth 016","2025","23","23","235475.0","5100.0","1463.17","72.12","0","0.0"
"E02000939","Wandsworth 017","2019","19","19","472650.0","22250.0","1337.19","70.0","0","0.0"
"E02000939","Wandsworth 017","2023","20","20","433500.0","21500.0","1357.99","64.8","1","0.05"
"E02000939","Wandsworth 017","2024","19","19","404200.0","21750.0","1258.47","64.775","1","0.05263157894736842"
"E02000939","Wandsworth 017","2025","19","19","404200.0","21750.0","1258.47","64.775","1","0.05263157894736842"
"E02000940","Wandsworth 018","2019","211","211","15399525.0","27625.0","86866.55","97.29","13","0.061611374407582936"
"E02000940","Wandsworth 018","2023","224","224","15216225.0","23250.0","86967.04","93.98","19","0.08482142857142858"
"E02000940","Wandsworth 018","2024","212","212","11279505.0","21375.0","67941.69","94.34","13","0.06132075471698113"
"E02000940","Wandsworth 018","2025","214","214","11240255.0","21250.0","68139.23","94.34","11","0.0514018691588785"
"E02000941","Wandsworth 019","2019","48","48","626925.0","10000.0","6767.84","66.69","3","0.0625"
"E02000941","Wandsworth 019","2023","50","50","632775.0","10125.0","6947.8","66.69","2","0.04"
"E02000941","Wandsworth 019","2024","46","46","661525.0","10000.0","6670.85","72.43","1","0.021739130434782608"
"E02000941","Wandsworth 019","2025","46","46","642875.0","10000.0","6670.85","72.43","1","0.021739130434782608"
"E02000942","Wandsworth 020","2019","112","112","2264685.0","15750.0","9539.68","60.76","9","0.08035714285714286"
"E02000942","Wandsworth 020","2023","117","117","2133135.0","15625.0","10090.85","59.83","13","0.1111111111111111"
"E02000942","Wandsworth 020","2024","104","104","2449115.0","17250.0","8577.02","59.5","7","0.0673076923076923"
"E02000942","Wandsworth 020","2025","108","108","2592815.0","17500.0","9284.960000000001","59.5","7","0.06481481481481481"
"E02000943","Wandsworth 021","2019","211","211","8459275.0","23625.0","40377.95","88.6","13","0.061611374407582936"
"E02000943","Wandsworth 021","2023","223","223","8537575.0","23750.0","42442.32","88.6","10","0.04484304932735426"
"E02000943","Wandsworth 021","2024","205","205","9238200.0","23500.0","38483.57","87.8","7","0.03414634146341464"
"E02000943","Wandsworth 021","2025","209","209","9326950.0","23500.0","38996.68","88.69","6","0.028708133971291867"
"E02000944","Wandsworth 022","2019","4","4","59500.0","12250.0","486.69","124.46","0","0.0"
"E02000944","Wandsworth 022","2023","12","12","145500.0","19000.0","2024.6100000000001","78.61","0","0.0"
"E02000944","Wandsworth 022","2024","5","5","152350.0","17750.0","1035.29","202.34","0","0.0"
"E02000944","Wandsworth 022","2025","5","5","152350.0","17750.0","1035.29","202.34","0","0.0"
"E02000945","Wandsworth 023","2019","58","58","3116550.0","9950.0","14120.760000000002","74.245","2","0.034482758620689655"
"E02000945","Wandsworth 023","2023","60","60","3191650.0","9950.0","14466.460000000001","74.245","6","0.1"
"E02000945","Wandsworth 023","2024","60","60","2553950.0","9900.0","14436.310000000001","74.245","5","0.08333333333333333"
"E02000945","Wandsworth 023","2025","60","60","2548200.0","9900.0","14365.060000000001","72.11500000000001","5","0.08333333333333333"
"E02000946","Wandsworth 024","2019","126","126","2512100.0","14500.0","10596.05","77.08500000000001","5","0.03968253968253968"
"E02000946","Wandsworth 024","2023","131","131","2567200.0","14250.0","11174.66","76.93","10","0.07633587786259542"
"E02000946","Wandsworth 024","2024","123","123","2561175.0","15250.0","10692.26","77.24","8","0.06504065040650407"
"E02000946","Wandsworth 024","2025","123","123","2559675.0","15250.0","10683.14","76.93","6","0.04878048780487805"
"E02000947","Wandsworth 025","2019","56","56","989850.0","9400.0","5127.47","52.33","1","0.017857142857142856"
"E02000947","Wandsworth 025","2023","57","57","962400.0","9900.0","5134.83","50.99","2","0.03508771929824561"
"E02000947","Wandsworth 025","2024","52","52","948600.0","9550.0","4899.33","52.2","0","0.0"
"E02000947","Wandsworth 025","2025","52","52","933100.0","9300.0","4899.33","52.2","0","0.0"
"E02000948","Wandsworth 026","2019","37","37","718250.0","8300.0","2869.59","70.175","2","0.05405405405405406"
"E02000948","Wandsworth 026","2023","38","38","708750.0","8300.0","3147.9900000000002","73.38499999999999","4","0.10526315789473684"
"E02000948","Wandsworth 026","2024","33","33","715150.0","10750.0","2835.78","75.06","1","0.030303030303030304"
"E02000948","Wandsworth 026","2025","33","33","705050.0","10750.0","2835.78","75.06","1","0.030303030303030304"
"E02000949","Wandsworth 027","2019","109","109","3075575.0","21750.0","11610.44","70.345","4","0.03669724770642202"
"E02000949","Wandsworth 027","2023","117","117","3190525.0","21625.0","13216.94","70.245","9","0.07692307692307693"
"E02000949","Wandsworth 027","2024","104","104","3186175.0","21625.0","10805.41","70.345","6","0.057692307692307696"
"E02000949","Wandsworth 027","2025","106","106","3219025.0","21750.0","11006.99","71.68","5","0.04716981132075472"
"E02000950","Wandsworth 028","2019","7","7","116300.0","11000.0","679.58","63.93","0","0.0"
"E02000950","Wandsworth 028","2023","7","7","116300.0","11000.0","679.58","63.93","1","0.14285714285714285"
"E02000950","Wandsworth 028","2024","7","7","115050.0","10500.0","681.58","63.93","0","0.0"
"E02000950","Wandsworth 028","2025","7","7","115050.0","10500.0","681.58","63.93","0","0.0"
"E02000951","Wandsworth 029","2019","150","150","2737300.0","13125.0","13679.74","64.72999999999999","5","0.03333333333333333"
"E02000951","Wandsworth 029","2023","154","154","2705300.0","13625.0","14032.84","65.56","11","0.07142857142857142"
"E02000951","Wandsworth 029","2024","144","144","2703855.0","14375.0","13460.98","66.41499999999999","7","0.04861111111111111"
"E02000951","Wandsworth 029","2025","145","145","2703355.0","14375.0","13497.31","66.13","7","0.04827586206896552"
"E02000952","Wandsworth 030","2019","59","59","1136600.0","16375.0","6558.5199999999995","94.56","6","0.1016949152542373"
"E02000952","Wandsworth 030","2023","59","59","1124600.0","16375.0","6429.07","92.15","6","0.1016949152542373"
"E02000952","Wandsworth 030","2024","58","58","1174075.0","16750.0","6305.48","94.56","4","0.06896551724137931"
"E02000952","Wandsworth 030","2025","58","58","1174075.0","16750.0","6305.48","94.56","4","0.06896551724137931"
"E02000953","Wandsworth 031","2019","76","76","1033300.0","9400.0","7731.42","70.83","4","0.05263157894736842"
"E02000953","Wandsworth 031","2023","79","79","1003350.0","9300.0","7960.57","67.8","6","0.0759493670886076"
"E02000953","Wandsworth 031","2024","67","67","1124550.0","11000.0","6262.7","64.975","5","0.07462686567164178"
"E02000953","Wandsworth 031","2025","68","68","1223300.0","11000.0","6541.82","62.99","4","0.058823529411764705"
"E02000954","Wandsworth 032","2019","106","106","1796200.0","13250.0","8242.13","58.7","7","0.0660377358490566"
"E02000954","Wandsworth 032","2023","125","125","1795550.0","13250.0","9860.18","59.125","17","0.136"
"E02000954","Wandsworth 032","2024","105","105","1883700.0","13000.0","8272.19","55.36","4","0.0380952380952381"
"E02000954","Wandsworth 032","2025","111","111","2378950.0","13250.0","11990.65","57.3","3","0.02702702702702703"
"E02000955","Wandsworth 033","2019","108","108","2976550.0","24750.0","11219.2","73.32","5","0.046296296296296294"
"E02000955","Wandsworth 033","2023","114","114","3209050.0","25375.0","11568.96","73.32","4","0.03508771929824561"
"E02000955","Wandsworth 033","2024","106","106","3182275.0","25500.0","10887.62","73.91","2","0.018867924528301886"
"E02000955","Wandsworth 033","2025","106","106","3142200.0","25500.0","10887.62","73.91","2","0.018867924528301886"
"E02000956","Wandsworth 034","2019","117","117","3009000.0","10750.0","12937.619999999999","59.38","6","0.05128205128205128"
"E02000956","Wandsworth 034","2023","127","127","3305950.0","11250.0","14434.029999999999","62.98","5","0.03937007874015748"
"E02000956","Wandsworth 034","2024","121","121","3542270.0","12250.0","14165.64","62.84","2","0.01652892561983471"
"E02000956","Wandsworth 034","2025","124","124","3532620.0","12750.0","14299.67","61.61","2","0.016129032258064516"
"E02000957","Wandsworth 035","2019","233","233","8208555.0","20875.0","42098.03","87.515","11","0.04721030042918455"
"E02000957","Wandsworth 035","2023","241","241","8241055.0","21000.0","43624.9","86.66499999999999","8","0.03319502074688797"
"E02000957","Wandsworth 035","2024","231","231","8257025.0","21500.0","41866.61","85.17","4","0.017316017316017316"
"E02000957","Wandsworth 035","2025","236","236","8190925.0","21500.0","41847.35","83.45","4","0.01694915254237288"
"E02000958","Wandsworth 036","2019","24","24","184550.0","5900.0","1968.21","55.144999999999996","1","0.041666666666666664"
"E02000958","Wandsworth 036","2023","24","24","184550.0","6100.0","1968.21","55.144999999999996","1","0.041666666666666664"
"E02000958","Wandsworth 036","2024","23","23","208600.0","6800.0","1836.43","54.29","0","0.0"
"E02000958","Wandsworth 036","2025","25","25","212950.0","6800.0","1982.73","56.0","0","0.0"
"E02000959","Wandsworth 037","2019","96","96","806550.0","7100.0","7475.59","53.334999999999994","3","0.03125"
"E02000959","Wandsworth 037","2023","101","101","783600.0","7100.0","8357.4","53.334999999999994","5","0.04950495049504951"
"E02000959","Wandsworth 037","2024","92","92","865100.0","7950.0","6449.16","53.3","3","0.03260869565217391"
"E02000959","Wandsworth 037","2025","92","92","865100.0","7950.0","6449.16","53.3","2","0.021739130434782608"
"E02000960","Westminster 001","2019","130","130","9140050.0","77500.0","15206.75","91.8","0","0.0"
"E02000960","Westminster 001","2023","137","137","8483250.0","74750.0","15399.78","91.5","0","0.0"
"E02000960","Westminster 001","2024","120","120","7855000.0","65500.0","13766.92","91.99","0","0.0"
"E02000960","Westminster 001","2025","121","121","7822250.0","65500.0","13847.96","91.52","0","0.0"
"E02000961","Westminster 002","2019","94","94","2315900.0","20750.0","7747.93","64.75","0","0.0"
"E02000961","Westminster 002","2023","97","97","2304650.0","20500.0","7844.17","64.75","0","0.0"
"E02000961","Westminster 002","2024","92","92","2248650.0","20375.0","7249.81","63.989999999999995","0","0.0"
"E02000961","Westminster 002","2025","94","94","2251650.0","20125.0","7421.27","63.489999999999995","0","0.0"
"E02000962","Westminster 003","2019","32","32","804675.0","13625.0","2513.45","50.5","0","0.0"
"E02000962","Westminster 003","2023","33","33","845725.0","15500.0","2558.76","52.35","0","0.0"
"E02000962","Westminster 003","2024","31","31","843375.0","12500.0","2556.72","54.6","0","0.0"
"E02000962","Westminster 003","2025","31","31","843375.0","12500.0","2556.72","54.6","0","0.0"
"E02000963","Westminster 004","2019","63","63","878600.0","13000.0","5100.42","68.63","0","0.0"
"E02000963","Westminster 004","2023","65","65","860150.0","13000.0","5207.53","68.63","0","0.0"
"E02000963","Westminster 004","2024","63","63","1251475.0","16000.0","6445.1900000000005","68.36","0","0.0"
"E02000963","Westminster 004","2025","63","63","1251475.0","16000.0","6445.1900000000005","68.36","0","0.0"
"E02000964","Westminster 005","2019","171","171","3008200.0","15000.0","16214.35","74.24","0","0.0"
"E02000964","Westminster 005","2023","177","177","3020575.0","15000.0","16821.05","74.0","0","0.0"
"E02000964","Westminster 005","2024","161","161","3619750.0","18000.0","15690.08","74.16999999999999","0","0.0"
"E02000964","Westminster 005","2025","164","164","3593650.0","18000.0","16804.63","74.24","0","0.0"
"E02000965","Westminster 006","2019","76","76","1500525.0","18750.0","6027.43","61.0","0","0.0"
"E02000965","Westminster 006","2023","84","84","1427400.0","18625.0","7063.2","61.0","0","0.0"
"E02000965","Westminster 006","2024","75","75","1587200.0","20125.0","6119.05","61.915","0","0.0"
"E02000965","Westminster 006","2025","76","76","1549450.0","20250.0","6212.61","62.3","0","0.0"
"E02000967","Westminster 008","2019","250","250","15901450.0","41500.0","31676.93","93.5","0","0.0"
"E02000967","Westminster 008","2023","262","262","14610850.0","41500.0","33181.8","94.0","0","0.0"
"E02000967","Westminster 008","2024","237","237","13404925.0","40500.0","30954.07","97.05","0","0.0"
"E02000967","Westminster 008","2025","239","239","13445425.0","40500.0","31319.7","98.18","0","0.0"
"E02000968","Westminster 009","2019","293","293","8500585.0","20500.0","35272.1","78.0","0","0.0"
"E02000968","Westminster 009","2023","353","353","8682135.0","19500.0","38688.54","64.245","0","0.0"
"E02000968","Westminster 009","2024","307","307","7496215.0","17000.0","29980.52","70.0","0","0.0"
"E02000968","Westminster 009","2025","312","312","7674515.0","17250.0","31047.76","71.5","0","0.0"
"E02000969","Westminster 010","2019","66","66","1196250.0","14750.0","5265.7","82.30000000000001","0","0.0"
"E02000969","Westminster 010","2023","68","68","1155600.0","14750.0","5352.05","82.03999999999999","0","0.0"
"E02000969","Westminster 010","2024","63","63","1494400.0","16500.0","4931.63","81.84","0","0.0"
"E02000969","Westminster 010","2025","63","63","1465650.0","16375.0","4931.63","81.84","0","0.0"
"E02000973","Westminster 014","2019","166","166","7450800.0","33250.0","19782.67","88.65","0","0.0"
"E02000973","Westminster 014","2023","176","176","7160700.0","33250.0","21199.43","86.65","0","0.0"
"E02000973","Westminster 014","2024","160","160","7129250.0","35500.0","18262.72","86.65","0","0.0"
"E02000973","Westminster 014","2025","161","161","7123250.0","35500.0","18518.03","86.8","0","0.0"
"E02000974","Westminster 015","2019","379","379","20829790.0","39125.0","42381.44","82.0","0","0.0"
"E02000974","Westminster 015","2023","414","414","20755840.0","37750.0","44445.6","80.9","0","0.0"
"E02000974","Westminster 015","2024","364","364","21958015.0","40750.0","39394.93","81.6","0","0.0"
"E02000974","Westminster 015","2025","369","369","21782365.0","40750.0","39554.62","81.6","0","0.0"
"E02000975","Westminster 016","2019","167","167","6585225.0","28250.0","20241.34","90.88","0","0.0"
"E02000975","Westminster 016","2023","180","180","6461375.0","28000.0","20985.73","90.595","0","0.0"
"E02000975","Westminster 016","2024","167","167","6478950.0","28625.0","19017.19","85.03","0","0.0"
"E02000975","Westminster 016","2025","168","168","6470950.0","28625.0","19107.39","85.3","0","0.0"
"E02000976","Westminster 017","2019","322","322","22375875.0","50750.0","53693.72","102.225","0","0.0"
"E02000976","Westminster 017","2023","340","340","21962025.0","49875.0","58185.42","106.4","0","0.0"
"E02000976","Westminster 017","2024","310","310","17907025.0","39250.0","51987.71","106.5","0","0.0"
"E02000976","Westminster 017","2025","312","312","17252275.0","39250.0","52449.64","107.5","0","0.0"
"E02000980","Westminster 021","2019","89","89","2357200.0","13000.0","8818.26","77.70500000000001","0","0.0"
"E02000980","Westminster 021","2023","91","91","2322425.0","19250.0","9497.46","87.69","0","0.0"
"E02000980","Westminster 021","2024","87","87","2955275.0","19500.0","9474.4","89.08500000000001","0","0.0"
"E02000980","Westminster 021","2025","87","87","2948075.0","21250.0","9781.61","90.3","0","0.0"
"E02000981","Westminster 022","2019","220","220","8470175.0","20000.0","26421.98","79.5","0","0.0"
"E02000981","Westminster 022","2023","233","233","8536405.0","21375.0","27758.9","80.71000000000001","0","0.0"
"E02000981","Westminster 022","2024","202","202","8925720.0","23000.0","24834.88","82.475","0","0.0"
"E02000981","Westminster 022","2025","203","203","8919720.0","23000.0","25023.38","82.7","0","0.0"
"E02006783","Lewisham 037","2019","50","50","727125.0","10875.0","4959.81","81.9","2","0.04"
"E02006783","Lewisham 037","2023","50","50","727125.0","10875.0","4959.81","81.9","0","0.0"
"E02006783","Lewisham 037","2024","48","48","700175.0","10375.0","4771.63","81.9","0","0.0"
"E02006783","Lewisham 037","2025","48","48","700175.0","10375.0","4771.63","81.9","0","0.0"
"E02006784","Lewisham 038","2019","108","108","1635275.0","10750.0","13259.28","76.41","5","0.046296296296296294"
"E02006784","Lewisham 038","2023","114","114","2349250.0","10875.0","16957.27","76.41","4","0.03508771929824561"
"E02006784","Lewisham 038","2024","107","107","2312700.0","10625.0","15458.59","76.8","3","0.028037383177570093"
"E02006784","Lewisham 038","2025","107","107","2312700.0","10625.0","15458.59","76.8","3","0.028037383177570093"
"E02006786","Greenwich 033","2019","65","65","860450.0","6400.0","7299.07","60.0","0","0.0"
"E02006786","Greenwich 033","2023","68","68","862250.0","6400.0","7388.48","59.61","0","0.0"
"E02006786","Greenwich 033","2024","64","64","939800.0","8500.0","7024.12","57.35","0","0.0"
"E02006786","Greenwich 033","2025","64","64","939800.0","8500.0","7024.12","57.35","2","0.03125"
"E02006788","Croydon 045","2019","17","17","134200.0","6200.0","1044.55","50.8","1","0.058823529411764705"
"E02006788","Croydon 045","2023","17","17","134200.0","6200.0","1044.55","50.8","1","0.058823529411764705"
"E02006788","Croydon 045","2024","16","16","134250.0","6650.0","1015.9499999999999","52.795","1","0.0625"
"E02006788","Croydon 045","2025","17","17","134250.0","6650.0","1044.55","50.8","1","0.058823529411764705"
"E02006791","Ealing 040","2019","56","56","1992800.0","10125.0","8091.16","43.0","1","0.017857142857142856"
"E02006791","Ealing 040","2023","60","60","2044300.0","11000.0","14441.02","44.16","5","0.08333333333333333"
"E02006791","Ealing 040","2024","56","56","2049300.0","13125.0","8980.93","40.6","5","0.08928571428571429"
"E02006791","Ealing 040","2025","55","55","2039300.0","13500.0","8907.91","40.185","4","0.07272727272727272"
"E02006792","Hounslow 029","2019","328","328","19598990.0","34125.0","54316.86","83.05","20","0.06097560975609756"
"E02006792","Hounslow 029","2023","392","392","20651820.0","35250.0","79183.53","82.5","82","0.20918367346938777"
"E02006792","Hounslow 029","2024","324","324","18583995.0","32000.0","61843.19","82.0","39","0.12037037037037036"
"E02006792","Hounslow 029","2025","328","328","18756795.0","31875.0","62414.71","81.95","44","0.13414634146341464"
"E02006793","Enfield 037","2019","56","56","597465.0","8800.0","4413.67","58.425","0","0.0"
"E02006793","Enfield 037","2023","57","57","576565.0","8800.0","4775.17","58.47","0","0.0"
"E02006793","Enfield 037","2024","52","52","587600.0","9900.0","3847.5","57.405","0","0.0"
"E02006793","Enfield 037","2025","53","53","598100.0","9950.0","3925.2799999999997","57.71","0","0.0"
"E02006794","Haringey 037","2019","178","178","5360700.0","10125.0","44540.74","64.6","0","0.0"
"E02006794","Haringey 037","2023","183","183","4728750.0","10000.0","63407.700000000004","64.69999999999999","4","0.02185792349726776"
"E02006794","Haringey 037","2024","173","173","4925850.0","12750.0","28930.170000000002","61.275","4","0.023121387283236993"
"E02006794","Haringey 037","2025","175","175","4928100.0","12750.0","29218.93","61.275","3","0.017142857142857144"
"E02006795","Harrow 032","2019","79","79","1252600.0","15000.0","7981.76","80.8","2","0.02531645569620253"
"E02006795","Harrow 032","2023","89","89","1242725.0","14250.0","8001.45","74.3","0","0.0"
"E02006795","Harrow 032","2024","83","83","1390700.0","16875.0","7611.35","73.94999999999999","0","0.0"
"E02006795","Harrow 032","2025","83","83","1390700.0","16875.0","7611.35","73.94999999999999","0","0.0"
"E02006796","Hillingdon 033","2019","84","84","9192250.0","15625.0","42750.09","87.97","3","0.03571428571428571"
"E02006796","Hillingdon 033","2023","112","112","9850900.0","13625.0","57692.03","91.15","6","0.05357142857142857"
"E02006796","Hillingdon 033","2024","90","90","9377000.0","16375.0","52090.11","92.5","2","0.022222222222222223"
"E02006796","Hillingdon 033","2025","91","91","8813350.0","16750.0","51631.74","95.425","2","0.02197802197802198"
"E02006798","Lewisham 039","2019","295","295","6229925.0","13250.0","34938.05","68.0","10","0.03389830508474576"
"E02006798","Lewisham 039","2023","315","315","4852525.0","13250.0","60384.94","69.72","12","0.0380952380952381"
"E02006798","Lewisham 039","2024","293","293","4855098.0","13250.0","29516.44","70.41","6","0.020477815699658702"
"E02006798","Lewisham 039","2025","294","294","4872598.0","13250.0","29365.170000000002","71.1","6","0.02040816326530612"
"E02006799","Barking and Dagenham 023","2019","178","178","2012100.0","10000.0","17614.42","66.9","11","0.06179775280898876"
"E02006799","Barking and Dagenham 023","2023","192","192","1934550.0","9950.0","19018.19","66.095","30","0.15625"
"E02006799","Barking and Dagenham 023","2024","197","197","2110100.0","11125.0","18334.11","66.8","33","0.16751269035532995"
"E02006799","Barking and Dagenham 023","2025","199","199","2096850.0","11250.0","18474.48","66.8","25","0.12562814070351758"
"E02006800","Redbridge 034","2019","192","192","1883875.0","9200.0","17242.37","71.9","4","0.020833333333333332"
"E02006800","Redbridge 034","2023","209","209","1830250.0","9100.0","18685.19","71.73","5","0.023923444976076555"
"E02006800","Redbridge 034","2024","182","182","2104425.0","10000.0","16199.38","65.86","1","0.005494505494505495"
"E02006800","Redbridge 034","2025","187","187","2144900.0","10250.0","16522.31","65.63","0","0.0"
"E02006853","Tower Hamlets 032","2019","136","136","1553175.0","3200.0","5881.89","6.835","7","0.051470588235294115"
"E02006853","Tower Hamlets 032","2023","152","152","1839825.0","3200.0","8184.12","19.2","42","0.27631578947368424"
"E02006853","Tower Hamlets 032","2024","138","138","2251300.0","3000.0","7257.55","9.67","7","0.050724637681159424"
"E02006853","Tower Hamlets 032","2025","139","139","2357300.0","3000.0","7529.99","12.135","3","0.02158273381294964"
"E02006882","Harrow 033","2019","140","140","3133400.0","14000.0","16956.77","82.1","3","0.02142857142857143"
"E02006882","Harrow 033","2023","151","151","3083725.0","14000.0","19421.53","86.2","2","0.013245033112582781"
"E02006882","Harrow 033","2024","134","134","3086300.0","15500.0","16819.75","86.85","2","0.014925373134328358"
"E02006882","Harrow 033","2025","133","133","3075850.0","15500.0","16898.21","87.5","2","0.015037593984962405"
"E02006918","Hackney 028","2019","62","62","972500.0","12000.0","7283.8","49.87","0","0.0"
"E02006918","Hackney 028","2023","63","63","807800.0","10875.0","3702.33","48.8","0","0.0"
"E02006918","Hackney 028","2024","55","55","952850.0","12500.0","3335.29","49.685","0","0.0"
"E02006918","Hackney 028","2025","55","55","926350.0","12500.0","3335.29","49.685","0","0.0"
"E02006921","Hackney 029","2019","35","35","521150.0","13000.0","3096.23","72.7","0","0.0"
"E02006921","Hackney 029","2023","36","36","519650.0","13000.0","3214.7599999999998","77.7","0","0.0"
"E02006921","Hackney 029","2024","35","35","658250.0","14750.0","3075.09","72.7","0","0.0"
"E02006921","Hackney 029","2025","35","35","658250.0","14750.0","3075.09","72.7","0","0.0"
"E02006924","Redbridge 035","2019","96","96","1734480.0","14250.0","12097.63","92.705","3","0.03125"
"E02006924","Redbridge 035","2023","102","102","1730000.0","14250.0","13323.45","92.95","3","0.029411764705882353"
"E02006924","Redbridge 035","2024","89","89","2034250.0","17000.0","11522.94","93.09","1","0.011235955056179775"
"E02006924","Redbridge 035","2025","89","89","2034250.0","17000.0","11522.94","93.09","0","0.0"
"E02006925","Redbridge 036","2019","72","72","1120100.0","11500.0","7286.27","67.33","1","0.013888888888888888"
"E02006925","Redbridge 036","2023","75","75","1109550.0","11250.0","7761.3","69.0","0","0.0"
"E02006925","Redbridge 036","2024","66","66","1171450.0","15500.0","6933.360000000001","63.89","0","0.0"
"E02006925","Redbridge 036","2025","68","68","1199150.0","15500.0","7096.43","63.89","0","0.0"
"E02006927","Greenwich 034","2019","44","44","1293400.0","8600.0","9092.16","80.7","1","0.022727272727272728"
"E02006927","Greenwich 034","2023","62","62","1686125.0","11000.0","16022.64","99.7","5","0.08064516129032258"
"E02006927","Greenwich 034","2024","56","56","1708140.0","10000.0","10426.75","98.06","2","0.03571428571428571"
"E02006927","Greenwich 034","2025","59","59","1715940.0","10000.0","11155.91","98.88","10","0.1694915254237288"
"E02006928","Greenwich 035","2019","82","82","3631950.0","22125.0","16761.34","110.89","12","0.14634146341463414"
"E02006928","Greenwich 035","2023","95","95","3787150.0","24500.0","18366.52","119.425","9","0.09473684210526316"
"E02006928","Greenwich 035","2024","89","89","3953750.0","26125.0","15706.04","124.44999999999999","6","0.06741573033707865"
"E02006928","Greenwich 035","2025","90","90","3880250.0","25850.0","15692.74","124.21","6","0.06666666666666667"
"E02006930","Greenwich 037","2019","203","203","6891900.0","11250.0","33838.78","77.46000000000001","12","0.059113300492610835"
"E02006930","Greenwich 037","2023","277","277","6561525.0","10250.0","38318.21","63.7","21","0.07581227436823104"
"E02006930","Greenwich 037","2024","224","224","6322900.0","11250.0","32853.43","67.69","9","0.04017857142857143"
"E02006930","Greenwich 037","2025","226","226","6887100.0","11250.0","36480.74","68.38","10","0.04424778761061947"
"E02006931","Greenwich 038","2019","267","267","7765920.0","17000.0","26316.55","67.53","9","0.033707865168539325"
"E02006931","Greenwich 038","2023","287","287","7468350.0","16625.0","31459.17","69.15","16","0.05574912891986063"
"E02006931","Greenwich 038","2024","262","262","7299330.0","17000.0","25614.59","67.85499999999999","7","0.026717557251908396"
"E02006931","Greenwich 038","2025","263","263","7349330.0","17000.0","25854.77","67.86","18","0.06844106463878327"
"E02006941","Southwark 035","2019","199","199","10386950.0","25250.0","28786.14","89.2","8","0.04020100502512563"
"E02006941","Southwark 035","2023","240","240","12448200.0","27000.0","34950.36","100.1","8","0.03333333333333333"
"E02006941","Southwark 035","2024","217","217","13038070.0","29500.0","30043.34","85.97","7","0.03225806451612903"
"E02006941","Southwark 035","2025","222","222","13103070.0","29875.0","31568.44","86.34","7","0.03153153153153153"
"E02006942","Southwark 036","2019","135","135","3620925.0","17750.0","13837.26","70.225","2","0.014814814814814815"
"E02006942","Southwark 036","2023","148","148","3963975.0","19750.0","16258.99","77.055","1","0.006756756756756757"
"E02006942","Southwark 036","2024","140","140","4645935.0","24500.0","14579.15","76.33000000000001","1","0.007142857142857143"
"E02006942","Southwark 036","2025","141","141","4668935.0","24500.0","14882.86","76.51","1","0.0070921985815602835"
"E02006953","Barnet 042","2019","24","24","643450.0","21250.0","2539.81","100.0","3","0.125"
"E02006953","Barnet 042","2023","27","27","724700.0","21250.0","3063.66","100.0","4","0.14814814814814814"
"E02006953","Barnet 042","2024","26","26","901450.0","26750.0","2965.51","100.0","22","0.8461538461538461"
"E02006953","Barnet 042","2025","26","26","892150.0","27500.0","2965.51","100.0","19","0.7307692307692307"
"E02006954","Barnet 043","2019","83","83","3343750.0","12750.0","14341.27","61.12","4","0.04819277108433735"
"E02006954","Barnet 043","2023","90","90","3362650.0","12750.0","21090.09","62.364999999999995","7","0.07777777777777778"
"E02006954","Barnet 043","2024","86","86","3664200.0","14500.0","14455.32","60.68","72","0.8372093023255814"
"E02006954","Barnet 043","2025","87","87","3564200.0","14500.0","20211.32","60.93","68","0.7816091954022989"
"E02006955","Brent 035","2019","149","149","8816300.0","45250.0","32296.65","136.5","11","0.0738255033557047"
"E02006955","Brent 035","2023","257","257","10150400.0","29250.0","47719.63","112.23","22","0.08560311284046693"
"E02006955","Brent 035","2024","202","202","10401300.0","29750.0","37951.1","115.31","12","0.0594059405940594"
"E02006955","Brent 035","2025","209","209","10588300.0","30875.0","40035.36","119.02","12","0.05741626794258373"
"E02006956","Brent 036","2019","52","52","873175.0","12875.0","6657.97","109.48","3","0.057692307692307696"
"E02006956","Brent 036","2023","63","63","874575.0","14000.0","8226.289999999999","109.71000000000001","9","0.14285714285714285"
"E02006956","Brent 036","2024","49","49","1019375.0","16000.0","5557.97","111.09","5","0.10204081632653061"
"E02006956","Brent 036","2025","51","51","1056475.0","18250.0","6388.97","117.315","5","0.09803921568627451"
"E02006968","Ealing 041","2019","74","74","2181400.0","28000.0","6114.04","66.74000000000001","11","0.14864864864864866"
"E02006968","Ealing 041","2023","76","76","1675450.0","26250.0","6352.38","68.06","11","0.14473684210526316"
"E02006968","Ealing 041","2024","57","57","1525300.0","27250.0","4834.79","69.61","1","0.017543859649122806"
"E02006968","Ealing 041","2025","63","63","1824550.0","28000.0","5811.15","77.8","3","0.047619047619047616"
"E02006969","Ealing 042","2019","345","345","21089025.0","39250.0","86851.45","119.25999999999999","39","0.11304347826086956"
"E02006969","Ealing 042","2023","404","404","22227525.0","39000.0","98044.82","114.65","49","0.12128712871287128"
"E02006969","Ealing 042","2024","357","357","20865775.0","39250.0","89714.29","121.61000000000001","28","0.0784313725490196"
"E02006969","Ealing 042","2025","356","356","20763350.0","40500.0","88888.6","125.29","32","0.0898876404494382"
"E02006970","Ealing 043","2019","212","212","2396100.0","9200.0","15816.99","48.555","7","0.0330188679245283"
"E02006970","Ealing 043","2023","242","242","2258525.0","9200.0","15387.06","45.69","8","0.03305785123966942"
"E02006970","Ealing 043","2024","204","204","2558725.0","10875.0","12850.43","47.645","7","0.03431372549019608"
"E02006970","Ealing 043","2025","216","216","2597850.0","11250.0","13206.99","44.545","8","0.037037037037037035"
"E02006971","Ealing 044","2019","65","65","543840.0","7900.0","3662.69","47.8","0","0.0"
"E02006971","Ealing 044","2023","90","90","632905.0","6400.0","4920.82","44.25","0","0.0"
"E02006971","Ealing 044","2024","89","89","713655.0","7300.0","4718.85","45.085","0","0.0"
"E02006971","Ealing 044","2025","89","89","690155.0","7100.0","4718.85","45.085","0","0.0"
"E02006972","Hounslow 030","2019","46","46","2582700.0","10500.0","15893.849999999999","80.52","7","0.15217391304347827"
"E02006972","Hounslow 030","2023","47","47","3011000.0","11750.0","22755.260000000002","80.52","10","0.2127659574468085"
"E02006972","Hounslow 030","2024","38","38","3799000.0","13625.0","22172.24","77.3","8","0.21052631578947367"
"E02006972","Hounslow 030","2025","38","38","3719000.0","13625.0","22172.24","77.3","7","0.18421052631578946"
"E02006973","Hounslow 031","2019","78","78","2925720.0","9600.0","19868.14","75.7","11","0.14102564102564102"
"E02006973","Hounslow 031","2023","83","83","3850150.0","7800.0","34364.159999999996","75.5","26","0.3132530120481928"
"E02006973","Hounslow 031","2024","52","52","4504800.0","10750.0","30675.199999999997","71.75","7","0.1346153846153846"
"E02006973","Hounslow 031","2025","56","56","4562500.0","11500.0","31078.309999999998","70.65","6","0.10714285714285714"
"E02006987","Croydon 046","2019","458","458","13566110.0","17250.0","112842.03","86.77","87","0.18995633187772926"
"E02006987","Croydon 046","2023","461","461","11660205.0","21875.0","112881.35","87.425","90","0.19522776572668113"
"E02006987","Croydon 046","2024","341","341","10858150.0","21500.0","49808.78","93.4","15","0.04398826979472141"
"E02006987","Croydon 046","2025","342","342","10879950.0","21500.0","50014.63","94.7","8","0.023391812865497075"
"E02006988","Croydon 047","2019","129","129","2614800.0","15250.0","14513.08","76.81","12","0.09302325581395349"
"E02006988","Croydon 047","2023","135","135","2533725.0","15250.0","14837.17","76.81","10","0.07407407407407407"
"E02006988","Croydon 047","2024","123","123","2483545.0","15125.0","13715.19","76.62","5","0.04065040650406504"
"E02006988","Croydon 047","2025","122","122","2428395.0","15125.0","13554.25","76.81","2","0.01639344262295082"
"E02006991","Greenwich 039","2019","96","96","2426425.0","10875.0","13335.26","89.345","3","0.03125"
"E02006991","Greenwich 039","2023","119","119","2485955.0","10000.0","14314.36","74.8","4","0.03361344537815126"
"E02006991","Greenwich 039","2024","114","114","2334815.0","13000.0","15124.1","79.61","1","0.008771929824561403"
"E02006991","Greenwich 039","2025","115","115","2315865.0","12500.0","15230.05","80.19","9","0.0782608695652174"
"E02006992","Greenwich 040","2019","114","114","14900275.0","61000.0","50018.81","235.62","5","0.043859649122807015"
"E02006992","Greenwich 040","2023","214","214","23685975.0","44750.0","113253.26","187.685","33","0.1542056074766355"
"E02006992","Greenwich 040","2024","195","195","18466650.0","37875.0","101244.64","181.53","19","0.09743589743589744"
"E02006992","Greenwich 040","2025","202","202","18474650.0","38000.0","101543.77","172.4","13","0.06435643564356436"
"E02006993","Greenwich 041","2019","54","54","8937150.0","47500.0","34077.17","211.66","4","0.07407407407407407"
"E02006993","Greenwich 041","2023","74","74","9406000.0","43500.0","72600.51000000001","223.58","7","0.0945945945945946"
"E02006993","Greenwich 041","2024","60","60","7830150.0","39875.0","34452.44","220.57999999999998","2","0.03333333333333333"
"E02006993","Greenwich 041","2025","60","60","7783100.0","38875.0","34228.86","218.12","6","0.1"
"E02006994","Greenwich 042","2019","254","254","10982860.0","19500.0","82594.16","140.715","33","0.12992125984251968"
"E02006994","Greenwich 042","2023","293","293","10717435.0","17375.0","87066.05","123.14","25","0.08532423208191127"
"E02006994","Greenwich 042","2024","265","265","10141900.0","17250.0","75495.99","120.08","5","0.018867924528301886"
"E02006994","Greenwich 042","2025","271","271","10118450.0","17375.0","82909.81","119.64","26","0.0959409594095941"
"E02006995","Newham 038","2019","31","31","1066950.0","25000.0","5610.36","133.16","0","0.0"
"E02006995","Newham 038","2023","48","48","2040000.0","28250.0","10124.93","151.335","0","0.0"
"E02006995","Newham 038","2024","45","45","2192900.0","25000.0","9697.4","151.0","1","0.022222222222222223"
"E02006995","Newham 038","2025","47","47","2213350.0","24750.0","9902.16","144.8","0","0.0"
"E02006996","Newham 039","2019","378","378","79751350.0","146000.0","158527.55","140.36","1","0.0026455026455026454"
"E02006996","Newham 039","2023","407","407","81509825.0","147000.0","172174.93","141.62","19","0.04668304668304668"
"E02006996","Newham 039","2024","375","375","73053955.0","150000.0","160671.3","140.01","9","0.024"
"E02006996","Newham 039","2025","389","389","70315205.0","149000.0","171331.3","142.28","1","0.002570694087403599"
"E02006997","Newham 040","2019","29","29","1864425.0","6500.0","19093.79","61.0","1","0.034482758620689655"
"E02006997","Newham 040","2023","41","41","2031675.0","8450.0","21001.25","67.4","1","0.024390243902439025"
"E02006997","Newham 040","2024","28","28","2026050.0","9300.0","13021.43","69.7","0","0.0"
"E02006997","Newham 040","2025","40","40","2826050.0","19375.0","15651.98","99.465","0","0.0"
"E02006998","Newham 041","2019","54","54","557150.0","6550.0","8456.15","65.7","0","0.0"
"E02006998","Newham 041","2023","55","55","419250.0","6500.0","8817.65","65.91","0","0.0"
"E02006998","Newham 041","2024","53","53","542750.0","7900.0","4676.1","67.2","1","0.018867924528301886"
"E02006998","Newham 041","2025","53","53","542750.0","7900.0","4676.1","67.2","0","0.0"
"E02006999","Newham 042","2019","24","24","554350.0","19500.0","4461.75","126.625","0","0.0"
"E02006999","Newham 042","2023","41","41","1113100.0","25250.0","7317.39","153.93","0","0.0"
"E02006999","Newham 042","2024","40","40","1237450.0","28125.0","7137.86","127.42","0","0.0"
"E02006999","Newham 042","2025","55","55","1804850.0","28500.0","9655.67","139.885","0","0.0"
"E02007008","Lewisham 040","2019","54","54","3555400.0","19750.0","17409.07","102.52","6","0.1111111111111111"
"E02007008","Lewisham 040","2023","67","67","3508450.0","22125.0","26570.43","105.08","3","0.04477611940298507"
"E02007008","Lewisham 040","2024","50","50","3480750.0","23375.0","16670.05","108.24","0","0.0"
"E02007008","Lewisham 040","2025","52","52","3602500.0","24250.0","17053.0","111.7","0","0.0"
"E02007009","Lewisham 041","2019","324","324","13875315.0","20000.0","83674.62","93.91","26","0.08024691358024691"
"E02007009","Lewisham 041","2023","344","344","13911185.0","18500.0","88730.21","91.145","25","0.07267441860465117"
"E02007009","Lewisham 041","2024","313","313","10222390.0","16250.0","78561.92","91.145","6","0.019169329073482427"
"E02007009","Lewisham 041","2025","316","316","10258640.0","16250.0","79039.21","91.145","6","0.0189873417721519"
"E02007017","Redbridge 037","2019","3","3","29450.0","9800.0","369.36","137.1","0","0.0"
"E02007017","Redbridge 037","2023","6","6","81700.0","11250.0","2593.86","347.08500000000004","0","0.0"
"E02007017","Redbridge 037","2024","5","5","97250.0","13250.0","1481.61","140.21","0","0.0"
"E02007017","Redbridge 037","2025","7","7","136000.0","21500.0","3344.03","499.82","0","0.0"
"E02007018","Redbridge 038","2019","81","81","1864150.0","10625.0","12701.8","82.7","2","0.024691358024691357"
"E02007018","Redbridge 038","2023","85","85","1732750.0","10625.0","12490.97","81.1","1","0.011764705882352941"
"E02007018","Redbridge 038","2024","76","76","2146150.0","14000.0","11185.94","78.85","0","0.0"
"E02007018","Redbridge 038","2025","77","77","2111150.0","14000.0","11460.41","79.975","0","0.0"
"E02007019","Redbridge 039","2019","438","438","15432010.0","16750.0","130925.28","93.035","22","0.0502283105022831"
"E02007019","Redbridge 039","2023","516","516","15404640.0","18000.0","137508.85","87.135","28","0.05426356589147287"
"E02007019","Redbridge 039","2024","439","439","15404975.0","20875.0","114731.28","88.045","7","0.015945330296127564"
"E02007019","Redbridge 039","2025","445","445","15373625.0","20875.0","120939.12","88.045","5","0.011235955056179775"
"E02007020","Redbridge 040","2019","51","51","660600.0","8400.0","4386.5199999999995","64.565","1","0.0196078431372549"
"E02007020","Redbridge 040","2023","52","52","666000.0","8150.0","4399.05","64.3","1","0.019230769230769232"
"E02007020","Redbridge 040","2024","49","49","755650.0","10000.0","4067.45","62.05","0","0.0"
"E02007020","Redbridge 040","2025","49","49","751950.0","10000.0","4038.53","62.05","0","0.0"
"E02007083","Wandsworth 038","2019","97","97","3321625.0","14625.0","17311.41","105.37","9","0.09278350515463918"
"E02007083","Wandsworth 038","2023","114","114","4206775.0","20000.0","23143.02","122.45","11","0.09649122807017543"
"E02007083","Wandsworth 038","2024","192","192","14110650.0","58500.0","50697.99","189.1","5","0.026041666666666668"
"E02007083","Wandsworth 038","2025","226","226","16238850.0","59250.0","58995.09","185.03500000000003","5","0.022123893805309734"
"E02007084","Wandsworth 039","2019","127","127","2493085.0","10000.0","15409.11","71.29","7","0.05511811023622047"
"E02007084","Wandsworth 039","2023","129","129","2376185.0","9950.0","15006.66","65.52","13","0.10077519379844961"
"E02007084","Wandsworth 039","2024","127","127","2601015.0","12250.0","15161.94","65.52","11","0.08661417322834646"
"E02007084","Wandsworth 039","2025","133","133","2758115.0","12750.0","15843.15","70.745","9","0.06766917293233082"
"E02007108","Hackney 030","2019","309","309","8059850.0","18375.0","39629.92","87.5","0","0.0"
"E02007108","Hackney 030","2023","336","336","8217700.0","17750.0","44037.4","88.57","0","0.0"
"E02007108","Hackney 030","2024","309","309","9312750.0","21250.0","40132.89","88.5","0","0.0"
"E02007108","Hackney 030","2025","311","311","9177000.0","22000.0","40386.67","88.535","0","0.0"
"E02007109","Hackney 031","2019","88","88","1182250.0","10750.0","4927.04","43.78","0","0.0"
"E02007109","Hackney 031","2023","88","88","1175250.0","10875.0","4923.31","43.78","0","0.0"
"E02007109","Hackney 031","2024","86","86","1379425.0","13375.0","5018.55","42.75","0","0.0"
"E02007109","Hackney 031","2025","86","86","1379425.0","13375.0","5018.55","42.75","0","0.0"
"E02007110","Hackney 032","2019","96","96","2239775.0","13125.0","8365.26","63.94","0","0.0"
"E02007110","Hackney 032","2023","104","104","2559525.0","13750.0","9822.43","66.82","0","0.0"
"E02007110","Hackney 032","2024","94","94","2639400.0","15250.0","9162.92","68.45","0","0.0"
"E02007110","Hackney 032","2025","97","97","2667850.0","15750.0","9350.12","68.4","0","0.0"
"E02007111","Hackney 033","2019","535","535","20706875.0","23000.0","67950.56","78.76","1","0.001869158878504673"
"E02007111","Hackney 033","2023","615","615","21963050.0","23750.0","80682.56999999999","81.09","6","0.00975609756097561"
"E02007111","Hackney 033","2024","552","552","24870525.0","26250.0","69651.17","80.555","1","0.0018115942028985507"
"E02007111","Hackney 033","2025","560","560","24923475.0","26750.0","72478.42","81.22","0","0.0"
"E02007112","Tower Hamlets 034","2019","27","27","390850.0","9700.0","2801.14","52.8","4","0.14814814814814814"
"E02007112","Tower Hamlets 034","2023","44","44","965600.0","23750.0","6114.67","107.14","12","0.2727272727272727"
"E02007112","Tower Hamlets 034","2024","37","37","1257100.0","24750.0","5174.05","106.0","6","0.16216216216216217"
"E02007112","Tower Hamlets 034","2025","38","38","1284650.0","25250.0","5277.52","104.735","4","0.10526315789473684"
"E02007113","Tower Hamlets 035","2019","55","55","1959975.0","12875.0","7091.23","71.6","4","0.07272727272727272"
"E02007113","Tower Hamlets 035","2023","89","89","2611200.0","18250.0","11470.869999999999","84.0","30","0.33707865168539325"
"E02007113","Tower Hamlets 035","2024","80","80","2588975.0","17250.0","10944.66","97.82","11","0.1375"
"E02007113","Tower Hamlets 035","2025","83","83","2856775.0","16500.0","12431.93","97.82","12","0.14457831325301204"
"E02007114","Tower Hamlets 036","2019","63","63","3701900.0","16750.0","13524.76","50.8","13","0.20634920634920634"
"E02007114","Tower Hamlets 036","2023","81","81","4048200.0","15375.0","14896.52","49.6","21","0.25925925925925924"
"E02007114","Tower Hamlets 036","2024","68","68","3581000.0","16000.0","14573.14","52.4","14","0.20588235294117646"
"E02007114","Tower Hamlets 036","2025","68","68","3405600.0","16375.0","15718.740000000002","52.5","19","0.27941176470588236"
"E02007115","Camden 029","2019","290","290","14076920.0","22000.0","40798.53","71.9","38","0.1310344827586207"
"E02007115","Camden 029","2023","305","305","13491420.0","22250.0","34144.7","72.7","52","0.17049180327868851"
"E02007115","Camden 029","2024","279","279","12099075.0","21500.0","32534.55","73.0","47","0.16845878136200718"
"E02007115","Camden 029","2025","281","281","12108325.0","21500.0","32678.23","73.5","50","0.17793594306049823"
