MSOA21CD,MSOA21NM,retail_units_2019,total_rateable_value_2019,median_rateable_value_2019,total_floor_area_2019,median_floor_area_2019,vacancy_proxy_2019,retail_units,total_rateable_value,median_rateable_value,total_floor_area,median_floor_area,vacancy_proxy,retail_units_pct_change_2019,total_rateable_value_pct_change_2019,median_rateable_value_pct_change_2019,total_floor_area_pct_change_2019,median_floor_area_pct_change_2019,vacancy_proxy_change_2019
E02000002,Barking and Dagenham 001,30,1002900.0,7150.0,7371.55,87.01,0.0333333333333333,31.333333333333332,978650.0,7633.333333333333,11577.066666666666,90.58333333333333,0.20194892473118276,0.044444444444444446,-0.02417987835277695,0.0675990675990676,0.5705064289961631,0.04106807646630655,0.16861559139784946
E02000003,Barking and Dagenham 002,164,4554450.0,10750.0,34545.94,76.5,0.0609756097560975,172.33333333333334,4250900.0,12750.0,33158.43666666667,76.95166666666667,0.14342255688989636,0.05081300813008131,-0.06664910142827345,0.18604651162790697,-0.04016400576546289,0.005904139433551216,0.08244694713379887
E02000004,Barking and Dagenham 003,21,227250.0,8700.0,2375.9700000000003,69.62,0.0,18.0,224800.0,9566.666666666666,1985.4466666666667,66.04,0.07254901960784314,-0.14285714285714285,-0.010781078107810782,0.0996168582375479,-0.16436374757818217,-0.05142200517092787,0.07254901960784314
E02000005,Barking and Dagenham 004,82,1043350.0,10000.0,8280.4,64.7,0.0853658536585365,85.33333333333333,2136233.3333333335,10500.0,12829.553333333335,63.449999999999996,0.17937361883879657,0.04065040650406504,1.0474752799476048,0.049999999999999996,0.5493881132956541,-0.01931993817619787,0.0940077651802601
E02000007,Barking and Dagenham 006,46,1390850.0,9000.0,8895.800000000001,83.25,0.0434782608695652,52.666666666666664,1534316.6666666667,10316.666666666666,15913.763333333334,82.345,0.18565137919574606,0.14492753623188406,0.10315035170339482,0.14629629629629629,0.7889074994192015,-0.010870870870870885,0.14217311832618085
E02000008,Barking and Dagenham 007,46,478325.0,9500.0,4031.64,67.0,0.0434782608695652,45.333333333333336,487125.0,9633.333333333334,3581.023333333333,63.595,0.11102872698617376,-0.014492753623188406,0.018397533058067215,0.014035087719298246,-0.11177006544896533,-0.050820895522388033,0.06755046611660856
E02000009,Barking and Dagenham 008,102,1179200.0,9300.0,8181.26,58.26,0.0686274509803921,104.33333333333333,1325866.6666666667,10766.666666666666,9256.896666666666,59.26666666666667,0.08928409400235911,0.022875816993464054,0.12437810945273632,0.15770609318996417,0.13147567326630202,0.017278864858679504,0.02065664302196701
E02000010,Barking and Dagenham 009,16,191500.0,9450.0,2080.91,100.15,0.1875,18.333333333333332,192400.0,10816.666666666666,2144.9366666666665,81.73,0.3109243697478991,0.14583333333333334,0.004699738903394257,0.14462081128747795,0.030768590023915878,-0.18392411382925614,0.12342436974789912
E02000011,Barking and Dagenham 010,71,808550.0,9100.0,5539.58,62.0,0.056338028169014,74.66666666666667,1215825.0,9366.666666666666,7451.143333333333,63.373333333333335,0.1781743494072261,0.051643192488262914,0.5037103456805392,0.029304029304029307,0.34507369391421977,0.02215053763440859,0.12183632123821209
E02000012,Barking and Dagenham 011,44,607300.0,12500.0,3226.75,69.54,0.0227272727272727,46.333333333333336,679916.6666666666,14250.0,3307.0633333333335,69.50333333333334,0.09410225442834137,0.05303030303030303,0.11957297326966354,0.14,0.024889853051315875,-0.0005272744703287566,0.07137498170106867
E02000013,Barking and Dagenham 012,44,415200.0,8300.0,3924.32,69.155,0.0454545454545454,42.333333333333336,442133.3333333333,8783.333333333334,3816.4266666666667,68.76833333333333,0.11821173406539258,-0.03787878787878788,0.06486833654463713,0.05823293172690763,-0.02749351055299604,-0.005591304557395275,0.07275718861084716
E02000014,Barking and Dagenham 013,130,2258920.0,10875.0,15115.07,67.465,0.0153846153846153,128.33333333333334,2244823.3333333335,12000.0,15266.966666666667,69.28833333333334,0.10629163778770073,-0.012820512820512822,-0.00624044528653811,0.10344827586206896,0.01004935251154423,0.027026359346821804,0.09090702240308542
E02000015,Barking and Dagenham 014,82,1542395.0,12000.0,14333.2,90.065,0.0853658536585365,81.33333333333333,1399045.0,12433.333333333334,14229.019999999999,89.70666666666666,0.15144359011665862,-0.008130081300813009,-0.0929398759721083,0.036111111111111115,-0.0072684397064159785,-0.00397860804233975,0.06607773645812211
E02000016,Barking and Dagenham 015,276,9651901.0,17875.0,61079.2,101.19,0.072463768115942,317.0,9521507.666666666,17416.666666666668,74181.21,98.37,0.16281638109959026,0.14855072463768115,-0.01350960120015045,-0.025641025641025644,0.21450853973202008,-0.02786836643937146,0.09035261298364827
E02000017,Barking and Dagenham 016,91,1310975.0,13125.0,8438.99,80.2,0.1208791208791208,91.0,1437391.6666666667,14541.666666666666,8837.323333333334,80.75666666666666,0.17838629704755463,-2.3129646346357427e-18,0.09642950221527236,0.10793650793650794,0.047201541100692544,0.006940980881130395,0.057507176168433836
E02000018,Barking and Dagenham 017,53,929800.0,8500.0,9664.98,70.33,0.0566037735849056,48.333333333333336,945900.0,9000.0,8719.616666666667,70.005,0.07359098228663442,-0.0880503144654088,0.017315551731555173,0.0588235294117647,-0.09781327362636372,-0.004621072088724557,0.016987208701728835
E02000019,Barking and Dagenham 018,28,4710510.0,77750.0,24867.97,312.77,0.1428571428571428,29.0,4290291.666666667,44916.666666666664,24958.460000000003,250.39499999999998,0.3562448304383788,0.03571428571428571,-0.08920867025721914,-0.42229367631296894,0.003638817322041131,-0.19942769447197617,0.21338768758123602
E02000020,Barking and Dagenham 019,82,934550.0,9250.0,8215.3,66.47,0.0975609756097561,85.0,1001441.6666666666,10175.0,8614.503333333332,69.02,0.10245098039215683,0.036585365853658534,0.07157633798797995,0.10000000000000002,0.04859266652871275,0.03836317135549868,0.004890004782400735
E02000021,Barking and Dagenham 020,68,760425.0,7700.0,6770.24,80.19,0.0441176470588235,67.33333333333333,894741.6666666666,9300.0,6723.419999999999,79.09,0.12395382395382389,-0.00980392156862745,0.17663368072678653,0.20779220779220778,-0.006915559861984212,-0.013717421124828462,0.0798361768950004
E02000022,Barking and Dagenham 021,24,1341725.0,11700.0,10749.82,102.35,0.1666666666666666,19.666666666666668,1470375.0,15500.0,9394.503333333334,90.94166666666666,0.3532509157509158,-0.18055555555555558,0.09588402988689933,0.3247863247863248,-0.12607808006707708,-0.11146393095587032,0.18658424908424912
E02000023,Barking and Dagenham 022,34,234630.0,5600.0,2933.35,67.81,0.0294117647058823,37.0,276323.3333333333,6066.666666666667,3026.236666666666,67.63333333333333,0.08989252410305038,0.08823529411764706,0.17769821989231271,0.08333333333333333,0.031665729171993326,-0.002605318782873791,0.060480759397168064
E02000024,Barnet 001,273,8166400.0,19500.0,41301.23,87.035,0.0989010989010989,277.0,8019141.666666667,19416.666666666668,42907.9,84.28,0.6096500059168358,0.01465201465201465,-0.01803222146029258,-0.004273504273504273,0.038901262746896356,-0.03165393232607566,0.5107489070157368
E02000025,Barnet 002,58,523800.0,6300.0,3958.79,52.13,0.0689655172413793,58.0,497733.3333333333,6866.666666666667,3558.39,51.718333333333334,0.6143512394858176,0.0,-0.04976454117347589,0.08994708994708994,-0.10114201561588258,-0.007896924355777267,0.5453857222444383
E02000026,Barnet 003,12,233850.0,7300.0,615.63,59.1,0.1666666666666666,10.666666666666666,177883.33333333334,7500.0,615.63,59.1,0.7222222222222222,-0.1111111111111111,-0.23932720404817906,0.0273972602739726,0.0,0.0,0.5555555555555556
E02000027,Barnet 004,21,114700.0,6200.0,1389.0,65.31,0.1904761904761904,18.666666666666668,127133.33333333333,6716.666666666667,1096.9133333333332,62.70000000000001,0.7228163992869875,-0.1111111111111111,0.10839872130194711,0.08333333333333333,-0.21028557715382767,-0.03996325218190169,0.532340208810797
E02000028,Barnet 005,50,742000.0,11625.0,4119.71,71.525,0.04,51.666666666666664,845150.0,13583.333333333334,4240.403333333334,71.50333333333333,0.5824534942182001,0.03333333333333333,0.13901617250673856,0.16845878136200718,0.029296560518418436,-0.0003029243854130814,0.5424534942182001
E02000029,Barnet 006,175,3582860.0,11250.0,21860.89,59.69,0.0628571428571428,175.66666666666666,4061053.3333333335,11750.0,24513.216666666664,60.35166666666667,0.5999789262947157,0.003809523809523809,0.13346693237618365,0.044444444444444446,0.12132747873790446,0.011085050538895401,0.5371217834375729
E02000030,Barnet 007,15,776150.0,18250.0,2751.1800000000003,98.0,0.0,14.0,673516.6666666666,18583.333333333332,2645.52,86.96999999999998,0.7142857142857143,-0.06666666666666667,-0.13223388949730508,0.0182648401826484,-0.03840533880007862,-0.11255102040816328,0.7142857142857143
E02000031,Barnet 008,136,4964400.0,20750.0,20220.31,63.14,0.0808823529411764,131.0,4755183.333333333,20791.666666666668,19486.203333333335,62.41,0.6174519851685206,-0.03676470588235294,-0.04214339430075471,0.0020080321285140556,-0.036305411077608055,-0.011561609122584757,0.5365696322273442
E02000032,Barnet 009,41,466900.0,9500.0,3195.93,61.510000000000005,0.024390243902439,42.0,559700.0,11550.0,3261.0500000000006,61.52,0.5158730158730158,0.02439024390243903,0.1987577639751553,0.21578947368421053,0.020375915617676342,0.0001625751910258171,0.49148277197057677
E02000033,Barnet 010,43,528550.0,9350.0,3850.26,62.885000000000005,0.0697674418604651,46.333333333333336,593658.3333333334,9233.333333333334,4305.509999999999,62.26166666666668,0.6153253160653716,0.07751937984496124,0.12318292183016429,-0.0124777183600713,0.11823876829097239,-0.009912273727173964,0.5455578742049064
E02000034,Barnet 011,58,2111050.0,11500.0,10088.78,72.14500000000001,0.0172413793103448,60.333333333333336,2054733.3333333333,11166.666666666666,11853.74,72.60666666666667,0.5273672687465791,0.040229885057471264,-0.02667708802096903,-0.028985507246376812,0.17494285731277714,0.006399149860235132,0.5101258894362343
E02000035,Barnet 012,70,2218700.0,27500.0,11024.2,99.27,0.1,66.33333333333333,2057816.6666666667,27458.333333333332,11065.24,102.08333333333333,0.6099618544600939,-0.05238095238095238,-0.072512432205045,-0.0015151515151515152,0.003722719108869547,0.028340216916826158,0.5099618544600939
E02000036,Barnet 013,53,887950.0,11250.0,3754.55,61.28,0.0,56.0,899450.0,12166.666666666666,3890.35,58.86333333333334,0.6539184952978055,0.05660377358490567,0.012951179683540738,0.08148148148148147,0.03616944773674605,-0.03943646649260226,0.6539184952978055
E02000037,Barnet 014,35,567650.0,13000.0,4131.21,67.7,0.0571428571428571,33.333333333333336,617616.6666666666,13916.666666666666,3739.94,67.87833333333334,0.5902777777777778,-0.047619047619047616,0.08802372353856543,0.07051282051282051,-0.09471075060333416,0.0026341703594289063,0.5331349206349207
E02000038,Barnet 015,123,5317775.0,12250.0,27482.96,69.655,0.048780487804878,122.33333333333333,5495408.333333333,12416.666666666666,28119.646666666667,69.71833333333333,0.594250103142032,-0.005420054200542007,0.03340369484104411,0.013605442176870748,0.023166597290345304,0.0009092431746943159,0.545469615337154
E02000039,Barnet 016,157,4993450.0,19250.0,22698.31,72.1,0.0955414012738853,160.33333333333334,5127050.0,19916.666666666668,24203.36666666667,71.98,0.61846653619116,0.021231422505307854,0.026755049114339787,0.03463203463203463,0.0663069923120561,-0.0016643550624133123,0.5229251349172747
E02000040,Barnet 017,23,1220200.0,10500.0,10498.53,58.76,0.0869565217391304,23.0,1308783.3333333333,11583.333333333334,11141.923333333334,59.4,0.6612121212121213,0.0,0.07259738840627218,0.10317460317460318,0.06128413533450239,0.010891763104152496,0.5742555994729909
E02000041,Barnet 018,260,10281495.0,23250.0,46421.17,89.72999999999999,0.0538461538461538,259.0,9405308.333333334,22250.0,45952.613333333335,87.23666666666666,0.5776353276353275,-0.0038461538461538464,-0.08521977267573116,-0.04301075268817204,-0.01009359881852749,-0.027787064898398814,0.5237891737891739
E02000042,Barnet 019,240,7254750.0,21000.0,36817.34,81.88499999999999,0.0666666666666666,236.33333333333334,6673466.666666667,19916.666666666668,34732.82,83.11,0.5678737143126323,-0.015277777777777779,-0.08012451612162147,-0.05158730158730159,-0.05661788711514726,0.014960004884899661,0.5012070476459658
E02000043,Barnet 020,20,206500.0,9700.0,998.19,53.24,0.0,20.333333333333332,226966.66666666666,11233.333333333334,1017.3166666666666,53.29999999999999,0.6,0.016666666666666666,0.09911218724778047,0.15807560137457044,0.019161348707827795,0.001126972201352276,0.6
E02000044,Barnet 021,42,611000.0,11125.0,3459.31,49.03,0.0476190476190476,43.333333333333336,650450.0,11666.666666666666,3668.2833333333333,48.46,0.6017943409247758,0.031746031746031744,0.06456628477905074,0.04868913857677903,0.060408964022690505,-0.011625535386498067,0.5541752933057281
E02000045,Barnet 022,37,3770800.0,14250.0,17469.56,58.775,0.1621621621621621,43.0,3446383.3333333335,12875.0,21671.62,56.18333333333334,0.47642538340212753,0.16216216216216217,-0.08603390969201936,-0.09649122807017545,0.24053610966732974,-0.04409471147029632,0.3142632212399655
E02000046,Barnet 023,192,6552955.0,22000.0,28896.28,80.355,0.0677083333333333,186.66666666666666,6352085.0,21375.0,27700.319999999996,79.71,0.5712962962962963,-0.02777777777777778,-0.030653346467357095,-0.028409090909090908,-0.04138802641724122,-0.008026880716819182,0.503587962962963
E02000047,Barnet 024,153,3138100.0,16750.0,18438.06,77.9,0.0457516339869281,149.33333333333334,2592983.3333333335,17083.333333333332,15893.789999999999,75.06666666666666,0.5890673112895336,-0.02396514161220044,-0.1737091445991736,0.019900497512437807,-0.13799011392738722,-0.03637141634574253,0.5433156773026054
E02000048,Barnet 025,53,1180250.0,12750.0,6613.15,58.89,0.1320754716981132,53.0,1234050.0,13833.333333333334,6542.0199999999995,58.11833333333333,0.5386138436452902,0.0,0.04558356280449057,0.0849673202614379,-0.010755842525876446,-0.01310352634855949,0.40653837194717696
E02000049,Barnet 026,25,361750.0,7850.0,4008.15,120.865,0.04,24.666666666666668,353083.3333333333,7016.666666666667,3751.5066666666667,119.73,0.5673076923076923,-0.013333333333333334,-0.0239576134531214,-0.10615711252653927,-0.06403037145150088,-0.009390642452322765,0.5273076923076924
E02000050,Barnet 027,63,1544050.0,14125.0,7405.3,65.92,0.0317460317460317,61.0,1768483.3333333333,14666.666666666666,7254.153333333333,66.43666666666667,0.5872528248587571,-0.031746031746031744,0.1453536694623447,0.038348082595870206,-0.020410606817639596,0.007837783171521022,0.5555067931127253
E02000051,Barnet 028,126,2459050.0,16500.0,11419.87,68.86,0.0793650793650793,120.0,2219516.6666666665,16125.0,10170.013333333334,64.90333333333332,0.605247571665482,-0.047619047619047616,-0.097408890967379,-0.022727272727272724,-0.10944578761988245,-0.0574595798237971,0.5258824923004028
E02000052,Barnet 029,134,3182525.0,18250.0,12902.3,75.8,0.044776119402985,134.33333333333334,3126958.3333333335,19333.333333333332,13088.923333333334,75.46333333333334,0.6170573692093912,0.0024875621890547268,-0.017459930924868357,0.0593607305936073,0.014464346150169673,-0.004441512752858297,0.5722812498064062
E02000054,Barnet 031,24,354750.0,11750.0,2385.41,54.075,0.0833333333333333,21.333333333333332,373483.3333333333,12500.0,2136.0833333333335,54.07500000000001,0.6555555555555556,-0.1111111111111111,0.052807141179234206,0.06382978723404255,-0.10452151481995403,0.0,0.5722222222222223
E02000055,Barnet 032,322,4569050.0,13000.0,28496.66,63.32,0.0807453416149068,320.0,4868216.666666667,14041.666666666666,28280.173333333336,63.696666666666665,0.6271539827494074,-0.006211180124223603,0.06547677671871979,0.08012820512820513,-0.0075969136967864405,0.005948620762265717,0.5464086411345006
E02000056,Barnet 033,91,1893850.0,15500.0,8178.75,63.150000000000006,0.0439560439560439,94.66666666666667,1956250.0,16583.333333333332,9243.35,63.64000000000001,0.5953752955082742,0.040293040293040296,0.03294875518124455,0.06989247311827956,0.13016659024912122,0.007759303246239031,0.5514192515522304
E02000057,Barnet 034,76,1328550.0,11500.0,9006.6,90.46,0.0394736842105263,71.66666666666667,1208383.3333333333,12166.666666666666,8553.57,89.87,0.6506681724073028,-0.05701754385964911,-0.09044948753653732,0.057971014492753624,-0.05029978016121519,-0.006522219765642205,0.6111944881967766
E02000058,Barnet 035,175,5263775.0,20750.0,21417.56,72.355,0.0628571428571428,180.66666666666666,5320821.666666667,21041.666666666668,21942.193333333333,72.39999999999999,0.5802946593001842,0.03238095238095238,0.010837595958540528,0.014056224899598393,0.024495476297642333,0.0006219335222168057,0.5174375164430414
E02000059,Barnet 036,119,5001000.0,12875.0,40800.21,68.4,0.2100840336134453,117.0,5627750.0,14500.0,41692.996666666666,67.11333333333333,0.6169317149751494,-0.016806722689075626,0.1253249350129974,0.1262135922330097,0.02188191351629475,-0.018810916179337295,0.40684768136170407
E02000060,Barnet 037,65,1130400.0,17750.0,6916.66,69.74,0.1076923076923077,60.333333333333336,1203383.3333333333,18666.666666666668,6462.82,67.30166666666666,0.6540923386898619,-0.0717948717948718,0.06456416607690492,0.051643192488262914,-0.06561548493058787,-0.03496319663512085,0.5464000309975542
E02000061,Barnet 038,196,6174160.0,27500.0,25227.89,99.34,0.0612244897959183,195.66666666666666,6505453.333333333,29708.333333333332,25970.456666666665,101.67999999999999,0.5721410997004707,-0.001700680272108842,0.05365804147176836,0.0803030303030303,0.029434354861491267,0.023555466076102215,0.5109166099045523
E02000062,Barnet 039,230,51034750.0,112500.0,134261.14,133.37,0.108695652173913,237.0,38775283.333333336,87500.0,138318.08,135.01166666666666,0.5771562745246955,0.030434782608695653,-0.2402180213808565,-0.22222222222222224,0.03021678499080212,0.01230911499337678,0.46846062235078256
E02000063,Barnet 040,20,150100.0,8450.0,4153.469999999999,54.735,0.1,19.0,169533.33333333334,9566.666666666666,2104.236666666666,53.88333333333333,0.5687830687830687,-0.05000000000000001,0.12946924272707083,0.13214990138067062,-0.4933786287931136,-0.015559818519533466,0.46878306878306875
E02000064,Barnet 041,88,1246625.0,10875.0,7890.4,69.65,0.0568181818181818,91.66666666666667,1415791.6666666667,11333.333333333334,8340.893333333333,68.73666666666666,0.6223167513490093,0.041666666666666664,0.13569972258431098,0.0421455938697318,0.05709385244516557,-0.013113184972481498,0.5654985695308276
E02000093,Brent 001,82,1342000.0,12750.0,9293.8,81.95,0.0853658536585365,85.0,1575650.0,14558.333333333334,10420.523333333333,82.53333333333333,0.09345546263108984,0.03658536585365854,0.17410581222056631,0.14183006535947715,0.12123386917443184,0.0071181614805775305,0.008089608972553342
E02000094,Brent 002,128,8129250.0,14875.0,47828.91,55.0,0.0234375,147.66666666666666,8866508.333333334,15166.666666666666,80262.62333333334,59.18333333333334,0.03386857782212944,0.15364583333333334,0.09069204826193478,0.019607843137254905,0.6781194330653433,0.07606060606060604,0.010431077822129436
E02000095,Brent 003,151,4209400.0,18875.0,20273.66,67.9,0.0132450331125827,156.33333333333334,4435405.0,19916.666666666668,22220.63666666667,67.86666666666667,0.0247984732289806,0.03532008830022075,0.053690549722050646,0.05518763796909493,0.09603478931118835,-0.0004909180166912545,0.011553440116397902
E02000096,Brent 004,62,2386300.0,16250.0,11355.76,81.0,0.0161290322580645,63.666666666666664,2520966.6666666665,17833.333333333332,15188.230000000001,85.02,0.06802879034130484,0.02688172043010753,0.056433250918437185,0.09743589743589744,0.3374912819573503,0.04962962962962958,0.05189975808324033
E02000097,Brent 005,64,937310.0,11750.0,6657.07,60.1,0.03125,65.0,1102223.3333333333,13416.666666666666,7276.53,60.15,0.035824592074592036,0.015625,0.17594321338013394,0.14184397163120568,0.09305294972112362,0.0008319467554076459,0.004574592074592034
E02000098,Brent 006,46,585900.0,14125.0,3481.18,66.1,0.0,49.0,746483.3333333334,16250.0,3749.86,69.905,0.0,0.06521739130434782,0.2740797633270751,0.1504424778761062,0.07718072607564107,0.05756429652042371,0.0
E02000099,Brent 007,105,1612865.0,11625.0,12793.0,93.89,0.0285714285714285,109.66666666666667,1787095.0,14583.333333333334,13640.383333333333,95.39333333333333,0.042350597851499604,0.044444444444444446,0.10802516019629665,0.25448028673835127,0.06623804684853694,0.0160116448326055,0.013779169280071099
E02000100,Brent 008,36,713600.0,10000.0,3497.29,64.0,0.0555555555555555,38.333333333333336,818033.3333333334,12000.0,3840.32,67.7,0.024390243902439,0.06481481481481481,0.14634715994020928,0.19999999999999998,0.0980845168687756,0.05781249999999997,-0.031165311653116496
E02000101,Brent 009,76,3815095.0,17875.0,27475.18,77.3,0.0394736842105263,68.33333333333333,3551183.3333333335,20875.0,31453.76,89.69833333333334,0.09330024813895776,-0.10087719298245613,-0.06917564743909828,0.16783216783216784,0.14480633065916212,0.16039241052177666,0.053826563928431465
E02000102,Brent 010,13,182355.0,5250.0,8891.74,48.0,0.0,14.333333333333334,210751.66666666666,4800.0,8818.76,44.30666666666667,0.0698412698412698,0.10256410256410257,0.15572189776351988,-0.0857142857142857,-0.008207617406716815,-0.07694444444444444,0.0698412698412698
E02000103,Brent 011,91,2668810.0,10000.0,20374.51,74.25,0.1318681318681318,180.66666666666666,5917558.333333333,10541.666666666666,42253.829999999994,74.45166666666667,0.11784219257772725,0.9853479853479854,1.2173022183420077,0.05416666666666667,1.073857481725941,0.0027160493827160675,-0.014025939290404549
E02000104,Brent 012,178,827097.0,960.0,5883.58,19.5,0.0505617977528089,172.0,856391.6666666666,1270.0,5890.63,20.846666666666668,0.046317568932523735,-0.033707865168539325,0.035418659077069155,0.3229166666666667,0.0011982500450406358,0.06905982905982905,-0.0042442288202851645
E02000105,Brent 013,104,1593425.0,12500.0,8375.4,60.255,0.048076923076923,109.33333333333333,1832991.6666666667,13833.333333333334,9527.839999999998,60.38,0.060897430990888866,0.05128205128205129,0.15034699886512806,0.10666666666666667,0.13759820426487093,0.002074516637623434,0.012820507913965865
E02000106,Brent 014,175,7930550.0,13750.0,49125.46000000001,58.4,0.0514285714285714,173.0,4781316.666666667,15291.666666666666,49790.26666666666,60.343333333333334,0.06836186444620176,-0.011428571428571429,-0.3971015040991272,0.11212121212121212,0.013532833416046613,0.03327625570776259,0.016933293017630368
E02000107,Brent 015,125,3442750.0,16500.0,21335.78,72.1,0.08,131.0,3379583.3333333335,14833.333333333334,22500.309999999998,73.5,0.07602400222678997,0.04800000000000001,-0.01834773557959964,-0.101010101010101,0.05458108398193088,0.019417475728155418,-0.003975997773210037
E02000108,Brent 016,11,208375.0,12500.0,846.1800000000001,67.7,0.0909090909090909,9.666666666666666,205816.66666666666,15000.0,819.4266666666666,72.73333333333333,0.0,-0.12121212121212122,-0.012277544491101779,0.20000000000000004,-0.03161659851725803,0.07434761201378629,-0.0909090909090909
E02000110,Brent 018,38,483900.0,10250.0,3230.1,55.2,0.0526315789473684,37.0,522866.6666666667,11583.333333333334,3123.4833333333336,55.5,0.08112059427848896,-0.02631578947368421,0.08052627953433905,0.13008130081300814,-0.033007234038161866,0.0054347826086956425,0.02848901533112057
E02000111,Brent 019,142,3608155.0,19750.0,23387.04,78.77,0.0492957746478873,187.0,4106003.3333333335,14958.333333333334,23088.2,60.56333333333333,0.07030209933435737,0.3169014084507042,0.13797864374821298,-0.24261603375527427,-0.012778017226634977,-0.23113706571875922,0.021006324686470068
E02000112,Brent 020,280,6290225.0,14000.0,40150.67,72.55000000000001,0.0928571428571428,285.6666666666667,6257691.666666667,15208.333333333334,37867.82,71.68333333333334,0.07576086826242766,0.02023809523809524,-0.005172046044987792,0.0863095238095238,-0.05685708358042347,-0.01194578451642562,-0.01709627459471514
E02000113,Brent 021,30,3561300.0,8650.0,49696.69,63.650000000000006,0.0666666666666666,26.333333333333332,5208016.666666667,9791.666666666666,48686.65666666667,63.13333333333333,0.08499999999999996,-0.12222222222222223,0.4623920104081843,0.13198458574181118,-0.020323955847629596,-0.008117308195862814,0.01833333333333337
E02000114,Brent 022,188,3809325.0,15500.0,18247.48,64.15,0.0531914893617021,191.33333333333334,3893758.3333333335,16000.0,18566.903333333332,65.095,0.0642156862745098,0.017730496453900707,0.022164906731070032,0.03225806451612903,0.017505065539643472,0.014731098986749699,0.011024196912807697
E02000115,Brent 023,15,356750.0,16250.0,1510.19,67.15,0.1333333333333333,15.333333333333334,400533.3333333333,16583.333333333332,1450.0933333333332,58.69166666666666,0.041666666666666664,0.022222222222222223,0.12272833450128473,0.020512820512820513,-0.03979410979192468,-0.12596177711590972,-0.09166666666666663
E02000116,Brent 024,176,2611625.0,12750.0,12816.91,54.25,0.0795454545454545,173.33333333333334,2720566.6666666665,13291.666666666666,12110.196666666665,54.23333333333333,0.05303371751121407,-0.015151515151515154,0.04171413072959045,0.04248366013071895,-0.055139135199773835,-0.00030721966205839803,-0.026511737034240437
E02000117,Brent 025,115,1868450.0,10750.0,13245.77,62.3,0.0695652173913043,120.0,2117866.6666666665,11875.0,13713.156666666668,62.56999999999999,0.11108049777287964,0.043478260869565216,0.1334885421962946,0.10465116279069768,0.03528573021173295,0.004333868378812211,0.041515280381575335
E02000118,Brent 026,57,1846500.0,26750.0,12227.95,105.08,0.0350877192982456,106.66666666666667,2264385.6666666665,11458.333333333334,12522.36,35.964999999999996,0.04091109458081934,0.871345029239766,0.22631230255438217,-0.5716510903426791,0.024076807641509757,-0.6577369623144271,0.0058233752825737365
E02000119,Brent 027,44,1058700.0,13000.0,7000.65,88.63499999999999,0.0,50.0,1376408.3333333333,15333.333333333334,8964.62,97.86666666666667,0.013696715583507999,0.13636363636363638,0.3000928812065111,0.1794871794871795,0.28054109261282884,0.1041537391173541,0.013696715583507999
E02000120,Brent 028,226,5924225.0,18125.0,21163.72,68.95,0.0575221238938053,233.33333333333334,5947600.0,19208.333333333332,21601.036666666667,67.40333333333334,0.08540005420009687,0.03244837758112095,0.003945663778806511,0.059770114942528735,0.020663506541698042,-0.02243171380227218,0.02787793030629156
E02000121,Brent 029,229,7971100.0,16000.0,47513.78,60.0,0.0611353711790393,248.66666666666666,8190966.666666667,15666.666666666666,44328.14333333333,53.708333333333336,0.061019160374839364,0.0858806404657933,0.027582976837157564,-0.020833333333333332,-0.06704658452067307,-0.10486111111111111,-0.00011621080419993203
E02000122,Brent 030,40,391250.0,9950.0,2290.2,54.925,0.05,38.666666666666664,425533.3333333333,10916.666666666666,2231.4133333333334,54.92499999999999,0.0776315789473684,-0.03333333333333333,0.08762513312034077,0.09715242881072028,-0.025668791663027924,0.0,0.027631578947368396
E02000123,Brent 031,414,6604975.0,13250.0,39712.01,64.56,0.0628019323671497,432.0,6884475.0,12583.333333333334,39788.043333333335,62.166666666666664,0.0713635363713552,0.043478260869565216,0.04231658711804359,-0.05031446540880503,0.0019146181050349875,-0.03707145807517558,0.008561604004205497
E02000124,Brent 032,217,4790820.0,16500.0,16776.83,57.9,0.0414746543778801,224.66666666666666,5397963.333333333,18875.0,18280.09,60.18666666666667,0.06235687227860917,0.03533026113671275,0.12673056665316862,0.14393939393939395,0.08960333984429707,0.03949337938975248,0.020882217900729066
E02000125,Brent 033,84,1150825.0,11500.0,5088.28,47.0,0.0714285714285714,86.0,1152708.3333333333,12166.666666666666,5252.143333333333,46.53333333333333,0.07276933822245497,0.023809523809523808,0.0016365071434260928,0.057971014492753624,0.03220407157887021,-0.009929078014184387,0.0013407667938835726
E02000126,Brent 034,65,1240500.0,14500.0,8873.74,73.17500000000001,0.3384615384615385,53.0,1018941.6666666666,16458.333333333332,6448.446666666667,78.64999999999999,0.16106719367588931,-0.18461538461538463,-0.17860405750369476,0.13505747126436782,-0.27331129076729016,0.07482063546293118,-0.1773943447856492
E02000166,Camden 001,76,1930240.0,21375.0,5865.04,64.8,0.2236842105263158,84.0,1963660.0,22458.333333333332,6526.420000000001,66.82333333333334,0.10708168867111294,0.10526315789473684,0.017313909151193633,0.050682261208576995,0.11276649434615964,0.031224279835391024,-0.11660252185520287
E02000167,Camden 002,229,15807250.0,47125.0,22427.27,81.2,0.0829694323144104,230.66666666666666,13077450.0,43666.666666666664,22024.62,79.48166666666667,0.108379764949458,0.0072780203784570605,-0.1726929098989388,-0.07338638373121131,-0.017953589536309992,-0.021161740558292286,0.025410332635047606
E02000168,Camden 003,169,4568875.0,19000.0,15118.09,62.535,0.1775147928994082,169.0,4552925.0,19750.0,15328.24,63.30166666666667,0.14901557952405411,0.0,-0.003491012557795957,0.039473684210526314,0.013900565481486063,0.012259801178007046,-0.02849921337535409
E02000169,Camden 004,21,1077050.0,43000.0,2186.68,79.8,0.0476190476190476,23.333333333333332,1050350.0,38625.0,2299.43,78.1,0.08514492753623187,0.1111111111111111,-0.024789935471890814,-0.10174418604651163,0.05156218559642937,-0.021303258145363446,0.037525879917184264
E02000170,Camden 005,156,3169500.0,16500.0,12513.52,63.2,0.0897435897435897,165.0,3064650.0,16458.333333333332,12437.836666666668,57.305,0.15181166846377994,0.05769230769230769,-0.0330809275911027,-0.0025252525252525255,-0.006048125014650849,-0.09327531645569624,0.06206807872019026
E02000171,Camden 006,69,1347750.0,11500.0,11526.58,51.0,0.1739130434782608,68.0,1365950.0,11666.666666666666,11491.18,50.70000000000001,0.23020611229566448,-0.014492753623188406,0.013503988128362085,0.014492753623188406,-0.0030711624783760876,-0.005882352941176415,0.056293068817403695
E02000172,Camden 007,170,3736875.0,13875.0,19842.29,67.3,0.188235294117647,173.0,3601641.6666666665,13625.0,20470.556666666667,69.75,0.19174473067915687,0.017647058823529415,-0.03618888331382059,-0.018018018018018018,0.03166301201457425,0.036404160475482956,0.003509436561509862
E02000173,Camden 008,151,7914065.0,25500.0,23105.97,81.5,0.1390728476821192,158.0,7887271.666666667,25500.0,26422.75,80.58,0.17131102619921137,0.04635761589403973,-0.00338553364589921,0.0,0.1435464514149373,-0.011288343558282172,0.03223817851709221
E02000174,Camden 009,85,2416100.0,19750.0,9762.06,80.4,0.1058823529411764,84.66666666666667,2113283.3333333335,18208.333333333332,9426.34,76.885,0.12109936044534397,-0.00392156862745098,-0.12533283666514908,-0.07805907172995781,-0.03439028237892405,-0.04371890547263682,0.015217007504167565
E02000175,Camden 010,244,11658250.0,30750.0,37271.41,85.31,0.1475409836065573,246.0,10875533.333333334,32083.333333333332,37615.26666666666,83.33333333333333,0.1796227962113858,0.00819672131147541,-0.06713843558567252,0.043360433604336036,0.00922574881569175,-0.02317039815574574,0.03208181260482851
E02000176,Camden 011,43,1800900.0,44750.0,4613.34,94.13,0.1162790697674418,42.333333333333336,1892833.3333333333,47833.333333333336,4553.55,95.02,0.07032115171650054,-0.015503875968992248,0.05104854979917448,0.06890130353817504,-0.012960241386934404,0.00945500903006486,-0.04595791805094127
E02000178,Camden 013,138,3905325.0,21875.0,17182.52,82.515,0.1376811594202898,140.0,4013058.3333333335,23250.0,17090.44,81.205,0.17979367233098573,0.014492753623188406,0.027586265761065553,0.06285714285714285,-0.0053589345451075035,-0.015875901351269435,0.04211251291069593
E02000179,Camden 014,48,1848000.0,35500.0,5307.54,96.805,0.0625,49.0,1742416.6666666667,32208.333333333332,5464.063333333333,97.05833333333334,0.09471088435374148,0.020833333333333332,-0.05713383838383838,-0.09272300469483569,0.02949074963793645,0.002616944717042821,0.03221088435374147
E02000180,Camden 015,74,1509450.0,14625.0,6213.27,74.8,0.1216216216216216,75.33333333333333,1631758.3333333333,16083.333333333334,6848.07,74.05,0.07523623849269763,0.018018018018018018,0.08102840990647807,0.09971509971509973,0.10216842339058174,-0.010026737967914439,-0.046385383128923964
E02000181,Camden 016,18,218750.0,9825.0,954.69,32.89,0.1111111111111111,18.0,227183.33333333334,10208.333333333334,954.69,32.89,0.12962962962962962,0.0,0.038552380952380956,0.039016115351993216,0.0,0.0,0.0185185185185185
E02000182,Camden 017,106,5659090.0,30625.0,25374.51,115.2,0.0660377358490566,102.33333333333333,5214393.333333333,29833.333333333332,23776.436666666665,115.93,0.10815639387067956,-0.03459119496855346,-0.07858094970510571,-0.025850340136054428,-0.06297947559709853,0.0063368055555555495,0.042118658021622964
E02000183,Camden 018,164,12426400.0,39250.0,21323.98,64.83,0.1341463414634146,164.33333333333334,10076300.0,37708.333333333336,18713.963333333333,64.79,0.11322254335260114,0.0020325203252032514,-0.18912154767269684,-0.03927813163481953,-0.12239819520871176,-0.0006169983032546894,-0.020923798110813453
E02000184,Camden 019,138,7357285.0,17250.0,30249.21,66.4,0.1231884057971014,207.66666666666666,8728475.0,19291.666666666668,29445.903333333335,50.13666666666666,0.19102396074873132,0.5048309178743962,0.18637173903144977,0.11835748792270533,-0.02655628582256082,-0.24492971887550205,0.06783555495162992
E02000185,Camden 020,122,5165960.0,18000.0,28147.12,77.7,0.1475409836065573,119.66666666666667,5268743.333333333,21083.333333333332,28596.59,82.11,0.1966745309515784,-0.01912568306010929,0.019896269683337336,0.17129629629629628,0.015968596431890806,0.05675675675675671,0.04913354734502115
E02000192,Camden 027,463,15738600.0,27000.0,48096.67,78.14,0.1555075593952483,455.6666666666667,16056591.666666666,28583.333333333332,48381.736666666664,80.38333333333333,0.16511464183698532,-0.01583873290136789,0.020204571351115516,0.05864197530864198,0.005926952254005694,0.028709154509000894,0.009607082441737034
E02000194,Croydon 001,163,3824900.0,14500.0,20400.19,80.555,0.0674846625766871,168.33333333333334,3836566.6666666665,14333.333333333334,21565.92,79.265,0.02741037294423247,0.032719836400818,0.0030501886759566692,-0.011494252873563218,0.05714309523587774,-0.016013903544162506,-0.040074289632454636
E02000195,Croydon 002,53,653700.0,9000.0,3731.6,60.54,0.0188679245283018,53.666666666666664,896166.6666666666,8983.333333333334,5453.756666666667,61.04666666666666,0.0,0.012578616352201257,0.3709142828004692,-0.001851851851851852,0.4615062350376961,0.008369122343354235,-0.0188679245283018
E02000196,Croydon 003,74,1421150.0,15750.0,7416.28,79.55,0.0675675675675675,79.66666666666667,1327873.3333333333,14833.333333333334,7516.69,72.68666666666667,0.045463906909689995,0.07657657657657659,-0.06563463861426778,-0.0582010582010582,0.01353913282670024,-0.08627697464906763,-0.022103660657877503
E02000197,Croydon 004,156,2564600.0,12875.0,15415.51,64.465,0.0769230769230769,152.66666666666666,2340416.6666666665,12500.0,14520.263333333334,65.31333333333333,0.036509009009009004,-0.021367521367521364,-0.08741454157893369,-0.02912621359223301,-0.05807441120447306,0.013159595646216228,-0.040414067914067896
E02000198,Croydon 005,89,694275.0,6800.0,6150.57,50.7,0.0337078651685393,83.33333333333333,600458.3333333334,6666.666666666667,5390.116666666666,49.9,0.0181159420289855,-0.06367041198501873,-0.13512897146903843,-0.0196078431372549,-0.12363948923975067,-0.01577909270216971,-0.015591923139553798
E02000199,Croydon 006,81,872875.0,10750.0,6719.91,63.35,0.0246913580246913,79.66666666666667,938675.0,11125.0,6662.123333333333,63.38333333333333,0.04166030048382983,-0.016460905349794237,0.07538307317771731,0.03488372093023256,-0.008599321518690958,0.0005261773217574024,0.01696894245913853
E02000200,Croydon 007,60,1130800.0,10000.0,8529.24,78.975,0.05,62.333333333333336,1150008.3333333333,10958.333333333334,8592.763333333334,84.715,0.030769230769230767,0.03888888888888889,0.016986499233580945,0.09583333333333333,0.007447713199925577,0.07268122823678391,-0.019230769230769235
E02000201,Croydon 008,173,1451400.0,6800.0,13076.61,53.25,0.0578034682080924,170.66666666666666,1552883.3333333333,7450.0,12873.906666666668,53.29,0.03663030680235264,-0.01348747591522158,0.06992099582012769,0.09558823529411764,-0.01550121425456094,0.0007511737089201716,-0.021173161405739768
E02000202,Croydon 009,53,530875.0,8800.0,3801.84,62.36,0.0,53.333333333333336,473925.0,8250.0,3558.523333333333,61.76500000000001,0.0,0.00628930817610063,-0.10727572404049918,-0.0625,-0.06399971241995102,-0.009541372674791515,0.0
E02000203,Croydon 010,150,4405375.0,12000.0,27978.46,61.97,0.0933333333333333,149.66666666666666,4099258.3333333335,11541.666666666666,34570.03666666667,62.5,0.04604830643992439,-0.0022222222222222227,-0.0694870849057496,-0.03819444444444445,0.23559469201187874,0.00855252541552366,-0.0472850268934089
E02000204,Croydon 011,138,1988445.0,9300.0,12775.19,60.575,0.0869565217391304,140.0,1835431.6666666667,8583.333333333334,13239.82,61.85999999999999,0.0378077590972968,0.014492753623188406,-0.07695125252814804,-0.07706093189964158,0.03636971348371334,0.021213371853074644,-0.0491487626418336
E02000206,Croydon 013,86,1154175.0,7350.0,8669.75,62.25,0.0232558139534883,80.66666666666667,1126641.6666666667,8016.666666666667,8275.946666666667,61.163333333333334,0.024050884516000764,-0.06201550387596899,-0.023855423426545657,0.09070294784580497,-0.04542268615973163,-0.017456492637215482,0.0007950705625124679
E02000207,Croydon 014,78,690600.0,7000.0,4732.31,45.99,0.0769230769230769,75.0,644141.6666666666,7766.666666666667,4473.433333333333,47.248333333333335,0.03777974986322626,-0.038461538461538464,-0.06727242011777199,0.10952380952380952,-0.05470408038921098,0.02736102051170543,-0.03914332705985064
E02000208,Croydon 015,90,1210500.0,8700.0,7430.35,50.295,0.0555555555555555,90.66666666666667,1247050.0,9416.666666666666,8593.800000000001,56.84666666666667,0.03598484848484847,0.007407407407407407,0.030194134655101196,0.08237547892720307,0.15658078017859187,0.13026477118335156,-0.01957070707070703
E02000209,Croydon 016,64,2789025.0,8200.0,18458.87,45.33,0.09375,61.0,2520466.6666666665,9000.0,17434.803333333333,43.03999999999999,0.0351611351611351,-0.046875,-0.0962911172661892,0.09756097560975609,-0.05547829670324702,-0.05051842047209362,-0.058588864838864906
E02000210,Croydon 017,44,468000.0,9800.0,3664.11,52.72,0.0909090909090909,43.666666666666664,458966.6666666667,10191.666666666666,3490.346666666667,53.35,0.026143790849673203,-0.007575757575757579,-0.0193019943019943,0.039965986394557826,-0.04742306681113107,0.011949924127465905,-0.0647653000594177
E02000211,Croydon 018,27,324390.0,10000.0,1972.96,51.455,0.037037037037037,27.333333333333332,364663.3333333333,11500.0,2087.9666666666667,54.94833333333333,0.060846560846560795,0.012345679012345678,0.12415097053957684,0.15,0.0582914335144486,0.06789103747611185,0.023809523809523798
E02000212,Croydon 019,147,16847000.0,12500.0,88952.68,75.99,0.0408163265306122,153.33333333333334,15528600.0,13416.666666666666,89291.43666666666,75.65166666666666,0.049479382439859665,0.04308390022675737,-0.0782572564848341,0.07333333333333333,0.0038082794882253455,-0.004452340220204353,0.00866305590924747
E02000213,Croydon 020,380,17966420.0,19750.0,108867.56,98.05,0.1210526315789473,369.0,12265828.333333334,16000.0,104270.03666666667,105.02499999999999,0.0654506894132835,-0.028947368421052635,-0.3172914618864897,-0.189873417721519,-0.042230425053462445,0.07113717491075981,-0.0556019421656638
E02000214,Croydon 021,98,1370400.0,11250.0,8886.94,63.57,0.0306122448979591,98.66666666666667,1430416.6666666667,11750.0,9032.423333333334,63.57,0.03347755352013213,0.006802721088435375,0.043794999027048066,0.044444444444444446,0.016370464224281133,0.0,0.0028653086221730345
E02000215,Croydon 022,120,1396100.0,9200.0,8465.15,63.5,0.0583333333333333,117.66666666666667,1286441.6666666667,9700.0,7392.23,59.76666666666667,0.0336527820813598,-0.019444444444444445,-0.07854618819091279,0.05434782608695652,-0.12674553906309985,-0.05879265091863519,-0.024680551251973496
E02000216,Croydon 023,6,26150.0,3750.0,237.54,34.355000000000004,0.1666666666666666,5.333333333333333,30983.333333333332,4650.0,215.80666666666664,35.525,0.05555555555555553,-0.1111111111111111,0.18483110261312938,0.24,-0.09149336252139989,0.03405617814000864,-0.11111111111111106
E02000217,Croydon 024,281,23097775.0,18625.0,142034.33,118.865,0.0782918149466192,287.0,19788266.666666668,16041.666666666666,156406.46,117.69500000000001,0.07537933936034501,0.021352313167259787,-0.14328256004456416,-0.13870246085011184,0.10118771989842185,-0.009843099314348146,-0.0029124755862742027
E02000218,Croydon 025,39,646800.0,10375.0,4125.89,72.47,0.0512820512820512,39.333333333333336,710283.3333333334,11291.666666666666,4205.150000000001,72.74666666666667,0.008130081300813,0.008547008547008546,0.09814986600700887,0.08835341365461848,0.019210400665068534,0.003817671680235557,-0.04315196998123819
E02000219,Croydon 026,59,940750.0,11750.0,6525.2,62.8,0.0508474576271186,59.0,912166.6666666666,12541.666666666666,6469.21,62.916666666666664,0.027887695496514,0.0,-0.030383559216936838,0.0673758865248227,-0.00858057990559673,0.0018577494692144827,-0.022959762130604595
E02000221,Croydon 028,59,5129000.0,16250.0,34944.82,124.73,0.1016949152542373,63.0,5421666.666666667,18791.666666666668,37679.316666666666,133.8033333333333,0.07198067632850237,0.06779661016949153,0.05706115552089427,0.1564102564102564,0.0782518458148208,0.07274379326010845,-0.029714238925734927
E02000222,Croydon 029,83,1595255.0,11000.0,11555.61,85.66,0.0963855421686747,77.66666666666667,1478045.0,11666.666666666666,10205.906666666668,83.63666666666667,0.041397243053821565,-0.06425702811244981,-0.07347414676650442,0.06060606060606061,-0.11680069968901108,-0.023620515215191762,-0.05498829911485314
E02000223,Croydon 030,10,118900.0,8550.0,795.47,65.06,0.0,10.0,120233.33333333333,9150.0,795.4699999999999,65.06,0.0,0.0,0.011213905242500702,0.07017543859649122,0.0,0.0,0.0
E02000224,Croydon 031,140,1957760.0,9600.0,17675.03,67.74,0.05,134.66666666666666,1954630.0,10575.0,15612.546666666667,67.76,0.04578598987646446,-0.03809523809523809,-0.0015987659365805822,0.1015625,-0.11668909944330123,0.00029524653085334407,-0.0042140101235355375
E02000225,Croydon 032,12,443250.0,12875.0,3605.56,197.18,0.0833333333333333,10.666666666666666,487800.0,14291.666666666666,3423.193333333333,197.17999999999998,0.0,-0.1111111111111111,0.10050761421319798,0.11003236245954691,-0.050579290503185804,0.0,-0.0833333333333333
E02000226,Croydon 033,76,2378450.0,12875.0,12935.32,70.77,0.0789473684210526,77.66666666666667,2461933.3333333335,14000.0,13096.556666666665,70.86999999999999,0.0256452408351142,0.021929824561403508,0.03509988998437358,0.08737864077669903,0.012464837875419209,0.00141302811925956,-0.05330212758593841
E02000227,Croydon 034,28,505575.0,13000.0,3189.79,94.615,0.0,28.333333333333332,487758.3333333333,13250.0,3263.22,95.25,0.035303776683087,0.011904761904761904,-0.03524040284164895,0.019230769230769232,0.02302032422197077,0.006711409395973208,0.035303776683087
E02000228,Croydon 035,38,546600.0,14000.0,3204.96,69.39,0.0526315789473684,40.333333333333336,594716.6666666666,14958.333333333334,3441.8700000000003,69.7,0.024807171148634535,0.06140350877192982,0.08802902793023541,0.06845238095238095,0.07391979931106785,0.0044675025219772626,-0.027824407798733863
E02000229,Croydon 036,66,1369000.0,18750.0,8477.34,80.03,0.0303030303030303,66.33333333333333,1430866.6666666667,19666.666666666668,8311.43,79.13833333333334,0.029877369007803734,0.005050505050505051,0.04519113708302897,0.04888888888888889,-0.019570997506293306,-0.011141655212628644,-0.0004256612952265656
E02000230,Croydon 037,166,5986000.0,16250.0,38070.85,77.99,0.0783132530120482,162.66666666666666,5219966.666666667,14666.666666666666,33576.47666666667,75.3,0.03957847707847703,-0.020080321285140562,-0.12797082080409847,-0.09743589743589744,-0.11805287597553853,-0.034491601487370085,-0.038734775933571164
E02000231,Croydon 038,21,354400.0,10250.0,3314.42,83.92,0.1904761904761904,21.0,368366.6666666667,11916.666666666666,3358.9466666666667,86.11333333333334,0.0,0.0,0.03940933032355154,0.16260162601626016,0.013434225797173155,0.02613600254210364,-0.19047619047619038
E02000232,Croydon 039,38,1306450.0,13500.0,8406.789999999999,72.24000000000001,0.0263157894736842,38.666666666666664,1381833.3333333333,13875.0,8026.256666666667,73.46000000000001,0.016666666666666666,0.017543859649122806,0.05770089428093944,0.027777777777777776,-0.04526499809479389,0.01688815060908082,-0.00964912280701753
E02000233,Croydon 040,35,320160.0,8300.0,2647.55,59.7,0.0285714285714285,33.666666666666664,312116.6666666667,7641.666666666667,2447.956666666667,58.84166666666667,0.037443693693693665,-0.0380952380952381,-0.025122855239047143,-0.07931726907630522,-0.07538793727534264,-0.014377442769402582,0.008872265122265167
E02000234,Croydon 041,177,3422095.0,10250.0,30173.03,75.22,0.0564971751412429,169.33333333333334,3467686.6666666665,11250.0,27597.26,73.97666666666667,0.0265924136697083,-0.04331450094161959,0.013322735536759403,0.09756097560975609,-0.08536663371229204,-0.016529291855003122,-0.0299047614715346
E02000235,Croydon 042,17,207300.0,9000.0,1639.14,67.4,0.0588235294117647,16.333333333333332,186466.66666666666,9383.333333333334,1557.0733333333335,63.26666666666667,0.061274509803921566,-0.0392156862745098,-0.10049847242321917,0.04259259259259259,-0.0500669050030301,-0.061325420375865504,0.002450980392156868
E02000236,Croydon 043,26,555150.0,10250.0,5403.39,63.14,0.0,26.333333333333332,543666.6666666666,9441.666666666666,5419.79,63.053333333333335,0.012345679012345666,0.012820512820512822,-0.020685100123089856,-0.07886178861788617,0.0030351316488352567,-0.0013726111287086793,0.012345679012345666
E02000237,Croydon 044,31,378100.0,8900.0,1838.86,55.885000000000005,0.032258064516129,32.333333333333336,442750.0,8816.666666666666,1847.2233333333334,55.34666666666667,0.030934343434343436,0.04301075268817204,0.17098651150489289,-0.009363295880149813,0.004548107704411093,-0.009632877039157805,-0.0013237210817855633
E02000238,Ealing 001,61,885350.0,12500.0,4957.75,62.74,0.0327868852459016,58.666666666666664,889316.6666666666,13000.0,4786.416666666667,63.72,0.0171757255090588,-0.03825136612021858,0.004480337343047006,0.04,-0.034558687576689694,0.015620019126553983,-0.0156111597368428
E02000239,Ealing 002,84,939500.0,9600.0,7386.99,63.55,0.0714285714285714,80.0,1024433.3333333334,10866.666666666666,7485.113333333334,62.30666666666667,0.07417307313226887,-0.047619047619047616,0.09040269646975341,0.13194444444444445,0.013283263322860043,-0.019564647259375765,0.0027445017036974695
E02000240,Ealing 003,22,383850.0,9050.0,1630.26,59.74,0.0454545454545454,22.666666666666668,320983.3333333333,8666.666666666666,1612.9333333333334,59.376666666666665,0.028693528693528664,0.030303030303030304,-0.16377925404889063,-0.0423572744014733,-0.010628161561141528,-0.0060819105010601685,-0.016761016761016732
E02000241,Ealing 004,54,939550.0,9750.0,6596.63,58.05,0.0,55.666666666666664,993200.0,10208.333333333334,8380.14,59.51833333333334,0.006060606060606034,0.030864197530864196,0.057101804055132765,0.04700854700854701,0.27036683882527895,0.025294286534596616,0.006060606060606034
E02000242,Ealing 005,62,780225.0,11750.0,4838.66,61.1,0.032258064516129,59.0,944316.6666666666,13625.0,5396.913333333334,64.75666666666666,0.0101010101010101,-0.04838709677419354,0.21031326433614236,0.15957446808510636,0.11537354005723355,0.059847244953627886,-0.022157054415118897
E02000243,Ealing 006,75,3464023.0,10000.0,19377.54,94.16,0.0533333333333333,64.33333333333333,5215983.0,12625.0,21424.61666666667,101.80166666666668,0.024354134280849798,-0.14222222222222222,0.5057587666132702,0.2625,0.10564172060368171,0.08115618804871151,-0.0289791990524835
E02000244,Ealing 007,62,3490675.0,7200.0,20590.64,74.435,0.064516129032258,87.0,2592908.3333333335,7150.0,16361.536666666667,59.52666666666667,0.044698981167026836,0.40322580645161293,-0.2571899895196965,-0.0069444444444444475,-0.2053896009707971,-0.20028660352432773,-0.01981714786523116
E02000245,Ealing 008,18,285700.0,8600.0,1646.29,70.765,0.0,19.666666666666668,694333.3333333334,9500.0,4274.416666666667,72.40833333333333,0.05096073517126146,0.0925925925925926,1.4302881810757204,0.10465116279069768,1.5963935070167874,0.02322240278857247,0.05096073517126146
E02000246,Ealing 009,35,443700.0,12250.0,5719.63,74.67500000000001,0.0857142857142857,34.333333333333336,480033.3333333333,13083.333333333334,4399.713333333333,75.16333333333334,0.048321048321048304,-0.019047619047619046,0.08188716099466607,0.06802721088435375,-0.23076958940817263,0.006539448722240771,-0.037393237393237404
E02000247,Ealing 010,61,1047450.0,14750.0,6324.38,71.935,0.0655737704918032,68.0,1140300.0,13291.666666666666,6978.123333333333,72.06166666666667,0.07360232554682833,0.11475409836065574,0.08864384934841758,-0.09887005649717513,0.10336876236616604,0.0017608489145292993,0.008028555055025135
E02000248,Ealing 011,72,2932150.0,18000.0,17342.62,102.16,0.0138888888888888,74.33333333333333,3390450.0,19166.666666666668,21957.106666666663,106.28166666666668,0.06242438434219253,0.032407407407407406,0.15630168988626092,0.06481481481481481,0.2660778283019905,0.04034521012790398,0.04853549545330373
E02000249,Ealing 012,181,4447075.0,20375.0,25129.06,74.74000000000001,0.0165745856353591,186.33333333333334,4777108.333333333,21500.0,25123.236666666664,74.92,0.0411477411477411,0.029465930018416204,0.07421357484039134,0.05521472392638036,-0.00023173701417143872,0.002408348943002309,0.024573155512381997
E02000250,Ealing 013,70,974550.0,12000.0,5436.76,68.7,0.0142857142857142,68.33333333333333,1026516.6666666666,13041.666666666666,5235.843333333333,68.07333333333334,0.034384945343849435,-0.023809523809523808,0.05332375626357464,0.08680555555555554,-0.03695522087910201,-0.009121785540999561,0.02009923105813523
E02000251,Ealing 014,58,750150.0,10250.0,6495.89,72.1,0.0172413793103448,60.333333333333336,818183.3333333334,10833.333333333334,6634.063333333334,70.19999999999999,0.0278898753475024,0.040229885057471264,0.0906929725166078,0.056910569105691054,0.02127088564204954,-0.0263522884882109,0.010648496037157599
E02000252,Ealing 015,164,9071710.0,11750.0,57228.52,82.64,0.0853658536585365,168.66666666666666,9045566.666666666,12583.333333333334,57093.613333333335,90.32833333333333,0.11988736864173256,0.028455284552845527,-0.002881852851704179,0.07092198581560283,-0.0023573327890825204,0.09303404323975474,0.03452151498319607
E02000253,Ealing 016,19,335350.0,15000.0,1667.12,67.56,0.1052631578947368,19.0,346616.6666666667,15916.666666666666,1665.89,67.56,0.0701754385964912,0.0,0.03359673972466577,0.06111111111111111,-0.0007377993185852193,0.0,-0.0350877192982456
E02000254,Ealing 017,44,740175.0,13125.0,4647.58,67.98500000000001,0.0227272727272727,45.0,793025.0,14500.0,4771.306666666667,68.05000000000001,0.0222721400046981,0.022727272727272724,0.07140203330293511,0.10476190476190476,0.026621740059701412,0.0009560932558652308,-0.00045513272257460016
E02000255,Ealing 018,14,428150.0,10375.0,1582.85,54.92,0.1428571428571428,9.333333333333334,351016.6666666667,12583.333333333334,997.65,55.39333333333334,0.0714285714285714,-0.3333333333333333,-0.18015493012573472,0.21285140562248994,-0.36971285971507095,0.008618596746783209,-0.0714285714285714
E02000256,Ealing 019,67,1776950.0,13750.0,7744.04,69.02,0.0597014925373134,76.33333333333333,1643375.0,14500.0,8403.730000000001,66.43666666666667,0.05714531596342733,0.13930348258706468,-0.07517093896845718,0.054545454545454536,0.08518680172106552,-0.03742876460929196,-0.002556176573886064
E02000258,Ealing 021,23,220450.0,8600.0,1455.21,56.24,0.0434782608695652,22.666666666666668,324583.3333333333,9650.0,1900.2766666666666,64.67,0.0,-0.014492753623188406,0.4723671278445604,0.12209302325581395,0.3058436010381091,0.14989331436699857,-0.04347826086956521
E02000259,Ealing 022,69,885450.0,12000.0,4437.28,55.78,0.0579710144927536,68.33333333333333,900850.0,12791.666666666666,4371.45,55.218333333333334,0.0778836907897487,-0.00966183574879227,0.017392286408041108,0.06597222222222222,-0.014835665092128497,-0.010069319947412466,0.019912676296995096
E02000260,Ealing 023,648,15334160.0,15500.0,44878.91,17.99,0.1404320987654321,655.3333333333334,17109021.666666668,16250.0,46269.12333333333,19.608333333333334,0.09367552877714252,0.011316872427983538,0.11574560762811048,0.04838709677419354,0.030976985255063694,0.08995738373170287,-0.04675656998828959
E02000261,Ealing 024,80,1296150.0,9400.0,16142.23,66.33500000000001,0.05,80.33333333333333,1818166.6666666667,9966.666666666666,13595.253333333334,66.17166666666667,0.041177367698642636,0.004166666666666666,0.4027440239684193,0.060283687943262415,-0.1577834454512583,-0.0024622496922189767,-0.008822632301357368
E02000262,Ealing 025,295,5207595.0,12000.0,31889.13,81.05000000000001,0.1084745762711864,281.6666666666667,6315858.333333333,13291.666666666666,35945.200000000004,81.0,0.0947257709294647,-0.04519774011299435,0.2128167288994888,0.1076388888888889,0.12719287105041743,-0.0006169031462061273,-0.013748805341721695
E02000263,Ealing 026,118,2859825.0,17500.0,14030.67,87.29,0.0338983050847457,124.0,3244725.0,16375.0,14057.003333333334,85.05166666666666,0.05077643557422967,0.05084745762711864,0.13458865490021243,-0.0642857142857143,0.0018768407590894322,-0.02564249436743429,0.01687813048948397
E02000264,Ealing 027,85,1524425.0,14500.0,9377.93,84.42,0.0352941176470588,84.33333333333333,1628175.0,15541.666666666666,9565.146666666666,84.47333333333334,0.035720956917370435,-0.00784313725490196,0.0680584482673795,0.07183908045977011,0.01996353850654312,0.0006317618257917192,0.00042683927031163135
E02000265,Ealing 028,266,7348410.0,18000.0,52967.42,84.91,0.1240601503759398,262.3333333333333,7103383.333333333,17125.0,45325.78333333333,80.74333333333333,0.09786675673615243,-0.013784461152882205,-0.03334417468087201,-0.04861111111111111,-0.1442705094313951,-0.0490715659718133,-0.02619339363978737
E02000266,Ealing 029,60,1461350.0,9150.0,14444.13,73.3,0.0333333333333333,69.0,1612650.0,9783.333333333334,14364.703333333333,60.166666666666664,0.08188345760839544,0.15,0.10353440312040237,0.0692167577413479,-0.005498888937351413,-0.17917235106866755,0.04855012427506213
E02000267,Ealing 030,187,3378215.0,11125.0,21982.37,65.5,0.0267379679144385,180.33333333333334,2800321.6666666665,12333.333333333334,18044.573333333334,65.83999999999999,0.06254841649578487,-0.035650623885918005,-0.1710646993555275,0.10861423220973783,-0.1791343092972535,0.005190839694656468,0.03581044858134637
E02000268,Ealing 031,93,2237540.0,11000.0,10618.85,59.82,0.032258064516129,93.66666666666667,2239173.3333333335,11458.333333333334,10031.87,59.666666666666664,0.04283094976164279,0.00716845878136201,0.000729968328312939,0.041666666666666664,-0.05527717219849609,-0.00256324529142985,0.010572885245513801
E02000269,Ealing 032,180,2699900.0,13000.0,12207.15,56.77,0.0444444444444444,179.33333333333334,2790425.0,13875.0,12595.226666666667,56.580000000000005,0.05114273957603203,-0.003703703703703707,0.03352901959331827,0.0673076923076923,0.03179093127115402,-0.0033468381187247635,0.0066982951315876366
E02000270,Ealing 033,92,1149075.0,9600.0,16383.28,66.88,0.0978260869565217,75.66666666666667,1092233.3333333333,10616.666666666666,11002.12,64.36,0.14311536416799572,-0.17753623188405795,-0.04946732516734475,0.10590277777777778,-0.3284543754364206,-0.037679425837320514,0.04528927721147402
E02000271,Ealing 034,84,696785.0,8600.0,6524.43,54.48,0.1309523809523809,79.33333333333333,657225.0,8666.666666666666,5791.490000000001,48.339999999999996,0.1293349653202774,-0.05555555555555555,-0.056775045387027566,0.007751937984496124,-0.11233778276416491,-0.11270190895741554,-0.0016174156321035055
E02000272,Ealing 035,32,598725.0,14500.0,3857.49,94.0,0.03125,33.0,614891.6666666666,15333.333333333334,3590.9466666666667,90.83333333333333,0.0,0.03125,0.02700182331899732,0.0574712643678161,-0.06909760837573994,-0.033687943262411396,-0.03125
E02000275,Ealing 038,116,1758625.0,10250.0,14116.0,66.2,0.043103448275862,111.33333333333333,1706066.6666666667,11125.0,13113.730000000001,65.79166666666667,0.041388994219182865,-0.040229885057471264,-0.029886037861018316,0.08536585365853659,-0.07100240861433833,-0.0061681772406848,-0.0017144540566791367
E02000276,Ealing 039,115,1741570.0,12500.0,7395.23,60.82,0.017391304347826,115.0,1667320.0,12083.333333333334,7381.099999999999,57.76500000000001,0.040554166578756705,1.1564823173178713e-18,-0.04263394523332396,-0.03333333333333333,-0.0019106910806018888,-0.05023018743834264,0.023162862230930698
E02000277,Enfield 001,33,458525.0,11000.0,3212.2,65.9,0.0,33.0,463641.6666666667,11916.666666666666,3208.6,65.9,0.0,0.0,0.011158969885320684,0.08333333333333333,-0.0011207272274453364,0.0,0.0
E02000278,Enfield 002,96,1777700.0,11625.0,12705.92,73.4,0.0,95.0,1769766.6666666667,11708.333333333334,11243.743333333334,73.63333333333334,0.0,-0.010416666666666666,-0.004462695242916878,0.007168458781362008,-0.1150783781628301,0.003178928247048086,0.0
E02000279,Enfield 003,70,900900.0,10000.0,5272.46,69.3,0.0,70.0,790500.0,9650.0,5410.116666666667,69.51333333333334,0.0,0.0,-0.12254412254412254,-0.035,0.026108622287635514,0.0030784030784031494,0.0
E02000280,Enfield 004,168,3188155.0,9800.0,64634.2,72.41,0.0,176.66666666666666,3186626.6666666665,10400.0,65299.64666666667,69.29166666666667,0.0,0.05158730158730159,-0.0004793786165770899,0.06122448979591836,0.010295581389831823,-0.043064954196013396,0.0
E02000281,Enfield 005,38,983500.0,9900.0,11756.06,84.77,0.0,34.666666666666664,853150.0,10666.666666666666,11463.753333333334,95.46999999999998,0.0,-0.08771929824561403,-0.13253685815963395,0.07744107744107744,-0.024864339469742928,0.12622389996461011,0.0
E02000282,Enfield 006,153,2575835.0,14250.0,14445.28,59.4,0.0,151.33333333333334,2505588.3333333335,14416.666666666666,14273.243333333334,59.193333333333335,0.0,-0.010893246187363833,-0.02727141554745031,0.011695906432748537,-0.011909541848040805,-0.003479236812570091,0.0
E02000283,Enfield 007,28,396600.0,9100.0,2982.77,56.9,0.0,29.0,475183.3333333333,9000.0,3380.53,60.80833333333334,0.0,0.03571428571428571,0.19814254496554043,-0.01098901098901099,0.13335255483996422,0.06868775629759814,0.0
E02000284,Enfield 008,195,4415500.0,12375.0,20419.02,78.1,0.0,193.0,3970733.3333333335,12000.0,19770.460000000003,73.51,0.0,-0.010256410256410256,-0.10072849431925414,-0.030303030303030304,-0.03176254296239487,-0.058770806658130524,0.0
E02000285,Enfield 009,27,219280.0,6700.0,1660.29,51.18,0.0,25.333333333333332,207360.0,8133.333333333333,1425.67,50.62166666666667,0.0,-0.06172839506172839,-0.05435972272893105,0.2139303482587065,-0.1413126622457522,-0.010909209326559881,0.0
E02000286,Enfield 010,35,892625.0,17625.0,4566.55,64.33,0.0,32.666666666666664,764358.3333333334,17666.666666666668,3348.4733333333334,66.76833333333333,0.0,-0.06666666666666667,-0.14369602763385148,0.002364066193853428,-0.2667389312865658,0.03790351831701134,0.0
E02000287,Enfield 011,104,2354300.0,21000.0,11974.24,98.9,0.0,104.0,2629958.3333333335,23375.0,12109.93,94.77,0.0,0.0,0.11708717382378342,0.1130952380952381,0.011331825652400478,-0.041759352881698686,0.0
E02000288,Enfield 012,140,12856320.0,12250.0,57764.96,68.14,0.0,145.33333333333334,11157175.0,11666.666666666666,74489.95,73.90666666666668,0.0,0.03809523809523809,-0.13216418072978894,-0.047619047619047616,0.28953521304264734,0.08462968398395465,0.0
E02000289,Enfield 013,8,189750.0,6100.0,343.45,41.91,0.0,8.333333333333334,185250.0,6666.666666666667,345.6499999999999,41.89166666666666,0.0,0.041666666666666664,-0.023715415019762848,0.09289617486338797,0.006405590333381827,-0.00043744531933508085,0.0
E02000290,Enfield 014,36,1461530.0,6800.0,13276.3,66.28999999999999,0.0,49.333333333333336,1483066.6666666667,6500.0,15399.13,63.065,0.0,0.3703703703703704,0.01473569934703131,-0.04411764705882353,0.159896206021256,-0.04864987177553164,0.0
E02000291,Enfield 015,268,13365350.0,19875.0,70114.8,96.495,0.0,265.3333333333333,11012183.333333334,20541.666666666668,67447.26,96.27500000000002,0.0,-0.009950248756218904,-0.17606472458010203,0.033542976939203356,-0.038045319960978395,-0.002279910876211191,0.0
E02000292,Enfield 016,60,6161500.0,7500.0,32763.63,79.22,0.0,63.666666666666664,5915500.0,8300.0,35098.276666666665,76.51666666666667,0.0,0.06111111111111111,-0.03992534285482432,0.10666666666666667,0.071257265042569,-0.03412437936548003,0.0
E02000293,Enfield 017,26,324625.0,8900.0,1801.88,57.1,0.0,26.666666666666668,317233.3333333333,10100.0,1896.8500000000001,59.42666666666667,0.0,0.025641025641025644,-0.02276986266204595,0.1348314606741573,0.052706062556885,0.040747227086981926,0.0
E02000294,Enfield 018,59,1322460.0,11750.0,7343.1,64.94,0.0,64.0,1282860.0,12125.0,7623.389999999999,64.18333333333334,0.0,0.0847457627118644,-0.029944194909486865,0.031914893617021274,0.03817052743391747,-0.01165178113130067,0.0
E02000295,Enfield 019,22,823475.0,11500.0,3993.08,78.865,0.0,22.333333333333332,883225.0,13000.0,4380.900000000001,82.31166666666667,0.0,0.015151515151515147,0.0725583654634324,0.13043478260869565,0.0971230228294951,0.04370337496565863,0.0
E02000296,Enfield 020,240,8130440.0,17625.0,35959.24,74.82,0.0,237.0,7586473.333333333,18416.666666666668,35708.48,75.06166666666667,0.0,-0.012499999999999999,-0.06690494815368746,0.04491725768321512,-0.006973451051801906,0.0032299741602067563,0.0
E02000297,Enfield 021,83,1310900.0,13000.0,6237.03,61.8,0.0,83.0,1351550.0,14583.333333333334,6193.38,60.95000000000001,0.0,0.0,0.031009230299794036,0.1217948717948718,-0.006998523335626082,-0.013754045307443277,0.0
E02000298,Enfield 022,133,2635880.0,14250.0,11188.45,61.28,0.0,133.66666666666666,2552550.0,15333.333333333334,11545.776666666667,60.64666666666667,0.0,0.005012531328320802,-0.031613730518840005,0.07602339181286549,0.03193710180290084,-0.010335073977371658,0.0
E02000299,Enfield 023,132,1527200.0,9700.0,10774.79,61.4,0.0,132.0,1659233.3333333333,10566.666666666666,10936.843333333332,61.66833333333333,0.0,-2.3129646346357427e-18,0.08645451370700193,0.08934707903780069,0.015040045637393648,0.004370249728555956,0.0
E02000300,Enfield 024,30,1363350.0,8500.0,4810.41,47.85,0.0,32.333333333333336,1152766.6666666667,9400.0,4836.013333333333,47.333333333333336,0.0,0.07777777777777778,-0.15446021442280655,0.10588235294117647,0.0053224846392164425,-0.01079763148728669,0.0
E02000301,Enfield 025,43,456375.0,6400.0,3345.03,58.66,0.0,41.333333333333336,460391.6666666667,6766.666666666667,3211.7099999999996,55.693333333333335,0.0,-0.03875968992248062,0.008801241668949147,0.057291666666666664,-0.03985614478793921,-0.050573928855551675,0.0
E02000302,Enfield 026,16,1995950.0,11925.0,8360.81,72.975,0.0,22.333333333333332,1926216.6666666667,13666.666666666666,13206.383333333331,64.0,0.0,0.3958333333333333,-0.03493741493190377,0.14605171208944792,0.5795578817522864,-0.12298732442617327,0.0
E02000303,Enfield 027,37,725450.0,8900.0,5726.98,75.4,0.0,39.0,901150.0,10366.666666666666,6800.34,75.63333333333333,0.0,0.05405405405405406,0.24219449996553863,0.1647940074906367,0.18742164282047444,0.0030946065428822923,0.0
E02000304,Enfield 028,35,614450.0,14000.0,2501.4,72.62,0.0,35.666666666666664,635366.6666666666,15166.666666666666,2764.1666666666665,73.69333333333334,0.0,0.019047619047619046,0.03404128353269862,0.08333333333333333,0.10504783987633592,0.014780134031029095,0.0
E02000305,Enfield 029,204,4922885.0,20750.0,24863.17,84.9,0.0,198.33333333333334,4469733.333333333,20166.666666666668,24281.213333333333,85.20333333333333,0.0,-0.027777777777777776,-0.09205002080419646,-0.028112449799196786,-0.023406374435225485,0.0035728307813112773,0.0
E02000306,Enfield 030,258,7989671.0,13500.0,56168.24,70.0,0.0,248.0,8176481.0,17041.666666666668,55291.456666666665,72.04166666666667,0.0,-0.03875968992248062,0.023381438359602044,0.2623456790123457,-0.015609948492837417,0.029166666666666664,0.0
E02000307,Enfield 031,63,580650.0,10000.0,4498.3,65.2,0.0,62.666666666666664,601116.6666666666,10458.333333333334,4360.376666666667,65.0,0.0,-0.005291005291005291,0.03524785441602801,0.04583333333333334,-0.030661212754448008,-0.0030674846625766577,0.0
E02000308,Enfield 032,65,1445050.0,9900.0,9660.15,62.84,0.0,63.333333333333336,1359166.6666666667,10566.666666666666,10448.0,68.025,0.0,-0.025641025641025644,-0.059432776259183646,0.06734006734006734,0.08155670460603617,0.08251113940165503,0.0
E02000309,Enfield 033,201,11107825.0,13500.0,77316.71,89.81,0.0,219.66666666666666,9256251.666666666,13708.333333333334,75786.59,83.50999999999999,0.0,0.09286898839137646,-0.16669089883332996,0.015432098765432098,-0.01979028854176555,-0.07014809041309439,0.0
E02000311,Enfield 035,71,941750.0,12250.0,5109.8,65.22,0.0,72.0,1074246.6666666667,13500.0,5963.233333333334,66.76,0.0,0.014084507042253521,0.1406919741615786,0.10204081632653061,0.16701893094315493,0.023612388837779923,0.0
E02000312,Enfield 036,138,3007950.0,12750.0,16259.7,72.45,0.0,138.33333333333334,3158600.0,14000.0,16362.19,73.35,0.0,0.0024154589371980684,0.050083944214498244,0.09803921568627451,0.00630331432929258,0.012422360248447084,0.0
E02000313,Greenwich 001,6,53025.0,8200.0,429.34,62.2,0.0,6.0,63708.333333333336,9816.666666666666,429.34,62.20000000000001,0.0,0.0,0.20147729058620148,0.19715447154471544,0.0,0.0,0.0
E02000314,Greenwich 002,47,4434510.0,20875.0,30519.19,223.64,0.0851063829787234,49.666666666666664,4364053.333333333,24083.333333333332,33350.18,188.51999999999998,0.099249816345647,0.05673758865248227,-0.015888264242648376,0.15369261477045906,0.09276098087793296,-0.15703809694151308,0.0141434333669236
E02000315,Greenwich 003,25,2618100.0,7400.0,12090.99,66.14,0.2,33.333333333333336,2453583.3333333335,8966.666666666666,16816.986666666668,67.76333333333334,0.058651847835908495,0.3333333333333333,-0.06283819054530639,0.2117117117117117,0.3908692891704209,0.02454389678459835,-0.1413481521640915
E02000317,Greenwich 005,29,352950.0,7500.0,3262.2,73.05,0.1379310344827586,28.666666666666668,351216.6666666667,8000.0,3344.093333333333,73.05,0.13810131971051506,-0.011494252873563218,-0.0049109883364027,0.06666666666666667,0.02510371324055344,0.0,0.00017028522775647723
E02000318,Greenwich 006,166,2068600.0,9400.0,17059.87,66.955,0.036144578313253,172.66666666666666,2201950.0,10133.333333333334,17378.86,65.86666666666667,0.0320261463396879,0.040160642570281124,0.06446388862032293,0.07801418439716312,0.018698266751153533,-0.016254698429293238,-0.004118431973565096
E02000319,Greenwich 007,58,515725.0,7400.0,4337.4,58.035,0.0344827586206896,61.0,631975.0,8400.0,4524.633333333333,57.07333333333333,0.016666666666666666,0.05172413793103448,0.22541082941490134,0.13513513513513514,0.043167181568066954,-0.016570460354383757,-0.017816091954022933
E02000320,Greenwich 008,21,194500.0,6600.0,2023.99,56.1,0.0952380952380952,22.0,196600.0,7233.333333333333,2248.693333333333,65.03333333333333,0.045634920634920605,0.047619047619047616,0.010796915167095114,0.09595959595959595,0.11101998198278316,0.1592394533571004,-0.0496031746031746
E02000321,Greenwich 009,16,134550.0,5150.0,943.85,52.23,0.125,15.333333333333334,116766.66666666667,5833.333333333333,943.85,52.23,0.043055555555555534,-0.041666666666666664,-0.1321689582559148,0.13268608414239483,0.0,0.0,-0.08194444444444447
E02000323,Greenwich 011,168,4905375.0,7500.0,29118.56,68.68,0.0476190476190476,174.0,3930591.6666666665,8616.666666666666,29395.006666666668,64.81,0.0379790498494267,0.03571428571428572,-0.1987173933355418,0.14888888888888888,0.009493830280984559,-0.056348281887012325,-0.009639997769620904
E02000324,Greenwich 012,54,479875.0,7150.0,4198.86,58.85,0.1111111111111111,54.666666666666664,510900.0,7966.666666666667,4521.176666666667,58.63333333333333,0.08479722402949463,0.012345679012345678,0.06465225319093514,0.1142191142191142,0.07676289913611485,-0.003681676578872792,-0.02631388708161647
E02000326,Greenwich 014,35,263800.0,6600.0,2773.64,61.97,0.0857142857142857,34.0,323350.0,9033.333333333334,2743.9166666666665,61.84166666666667,0.0589225589225589,-0.02857142857142857,0.22573919636087947,0.3686868686868687,-0.010716363094465525,-0.002070894518853198,-0.0267917267917268
E02000327,Greenwich 015,10,108900.0,7550.0,1297.55,79.215,0.1,11.666666666666666,132200.0,5733.333333333333,1541.75,77.7,0.027777777777777766,0.16666666666666666,0.21395775941230485,-0.24061810154525387,0.18820084004469964,-0.01912516568831661,-0.07222222222222224
E02000328,Greenwich 016,34,361450.0,9900.0,3362.81,59.255,0.0294117647058823,32.0,406833.3333333333,11800.0,3017.8700000000003,58.86833333333333,0.052814674256799456,-0.05882352941176471,0.1255590906994974,0.19191919191919193,-0.102574929894939,-0.006525469018085734,0.023402909550917162
E02000329,Greenwich 017,15,210150.0,6100.0,5209.49,111.0,0.0,15.333333333333334,222766.66666666666,6550.0,5249.86,94.0,0.019607843137254898,0.022222222222222223,0.060036481878023636,0.07377049180327869,0.0077493190312295825,-0.15315315315315314,0.019607843137254898
E02000331,Greenwich 019,56,595820.0,8400.0,4300.5,44.9,0.3214285714285714,53.666666666666664,563200.0,8516.666666666666,3340.0833333333335,44.876666666666665,0.292262768677863,-0.041666666666666664,-0.05474807827867476,0.013888888888888888,-0.22332674495213736,-0.0005196733481810927,-0.029165802750708385
E02000332,Greenwich 020,7,99000.0,9400.0,346.26,63.9,0.0,7.0,86333.33333333333,10633.333333333334,346.26,63.9,0.0,0.0,-0.12794612794612795,0.13120567375886524,0.0,0.0,0.0
E02000333,Greenwich 021,49,1464200.0,16500.0,7680.91,88.95,0.0204081632653061,48.333333333333336,1445200.0,16166.666666666666,7680.413333333334,92.64999999999999,0.03443877551020407,-0.013605442176870748,-0.012976369348449665,-0.020202020202020204,-6.466247705887596e-05,0.041596402473299585,0.014030612244897966
E02000334,Greenwich 022,8,46850.0,4900.0,650.24,69.85,0.25,8.0,63583.333333333336,7000.0,650.24,69.85,0.08333333333333333,0.0,0.35716826752045533,0.4285714285714286,0.0,0.0,-0.16666666666666666
E02000335,Greenwich 023,31,235450.0,7950.0,2149.13,50.99,0.032258064516129,28.0,251383.33333333334,8366.666666666666,2000.78,58.85666666666666,0.023456790123456767,-0.09677419354838708,0.06767183407659093,0.05241090146750524,-0.06902793223304317,0.1542786167222331,-0.008801274392672231
E02000337,Greenwich 025,12,770275.0,7100.0,10478.740000000002,84.7,0.0,15.333333333333334,788675.0,7666.666666666667,12380.513333333334,87.7,0.19583333333333333,0.27777777777777773,0.023887572620168118,0.07981220657276995,0.1814887413308596,0.03541912632821723,0.19583333333333333
E02000339,Greenwich 027,173,3787100.0,10250.0,34132.4,78.0,0.0462427745664739,176.0,3957210.0,11083.333333333334,34480.44,77.86666666666666,0.020817369093231133,0.017341040462427747,0.044918275197380585,0.08130081300813008,0.010196763192743504,-0.0017094017094017337,-0.025425405473242773
E02000340,Greenwich 028,184,5818275.0,13500.0,38782.77,78.38,0.0978260869565217,188.33333333333334,5694666.666666667,14041.666666666666,39060.473333333335,78.57,0.04372426313669617,0.023550724637681163,-0.021244842042243334,0.040123456790123455,0.007160482176320464,0.00242408777749429,-0.054101823819825534
E02000341,Greenwich 029,23,363175.0,4650.0,2851.84,52.605,0.1304347826086956,22.0,393141.6666666667,5433.333333333333,2845.06,52.50333333333333,0.0734126984126984,-0.043478260869565216,0.08251302172965283,0.16845878136200718,-0.0023774124775584743,-0.0019326426512055238,-0.05702208419599719
E02000342,Greenwich 030,54,492150.0,8600.0,3916.48,62.57,0.0,52.0,516783.3333333333,9066.666666666666,3922.876666666667,62.593333333333334,0.0,-0.037037037037037035,0.05005249077178368,0.054263565891472874,0.0016332693302829788,0.0003729156677854152,0.0
E02000343,Greenwich 031,46,387850.0,7100.0,3246.62,64.005,0.0434782608695652,48.0,425580.0,7666.666666666667,3653.27,66.40833333333333,0.07385730211817167,0.043478260869565216,0.09727987624081474,0.07981220657276995,0.12525334039708994,0.03754914980600479,0.030379041248606464
E02000344,Greenwich 032,44,652350.0,8500.0,6356.22,59.625,0.0681818181818181,41.333333333333336,662800.0,9000.0,6174.076666666667,60.22666666666667,0.040133779264214,-0.06060606060606061,0.016019008201119032,0.0588235294117647,-0.028655920237709475,0.010090845562543636,-0.02804803891760409
E02000345,Hackney 001,114,2750250.0,16500.0,15160.36,67.05000000000001,0.0,118.0,3010358.3333333335,17666.666666666668,15232.26,66.59,0.0,0.03508771929824561,0.09457625064388087,0.0707070707070707,0.0047426314414696635,-0.006860551826994898,0.0
E02000346,Hackney 002,35,836200.0,17125.0,3719.42,61.57,0.0,35.666666666666664,1000200.0,17625.0,3775.7066666666665,63.156666666666666,0.0,0.019047619047619046,0.19612532886869172,0.029197080291970805,0.015133183847660764,0.025770126143684683,0.0
E02000347,Hackney 003,24,301100.0,12000.0,2268.86,98.1,0.0,25.333333333333332,319833.3333333333,12333.333333333334,2316.2733333333335,94.56666666666668,0.0,0.05555555555555555,0.06221631794531163,0.027777777777777776,0.020897425726282542,-0.036017669045191866,0.0
E02000348,Hackney 004,35,1355330.0,9700.0,6640.3,65.45,0.0,33.333333333333336,1481510.0,10750.0,6955.256666666667,65.76666666666667,0.0,-0.047619047619047616,0.09309909763673792,0.10824742268041236,0.04743108996079493,0.004838298955946029,0.0
E02000350,Hackney 006,124,1497050.0,10625.0,8565.94,58.6,0.0,141.66666666666666,1704300.0,11333.333333333334,9521.96,55.403333333333336,0.0,0.1424731182795699,0.13843892989546105,0.06666666666666667,0.11160713243380167,-0.054550625711035285,0.0
E02000351,Hackney 007,96,1523725.0,14750.0,8054.68,62.795,0.0,95.66666666666667,1706815.0,14500.0,7958.643333333333,62.826666666666675,0.0,-0.0034722222222222225,0.12015947759602291,-0.01694915254237288,-0.011923089019882462,0.0005042864346949007,0.0
E02000352,Hackney 008,24,669850.0,20125.0,2194.92,58.29,0.0,25.666666666666668,796366.6666666666,22833.333333333332,2470.2766666666666,60.5,0.0,0.06944444444444443,0.18887313080042797,0.13457556935817808,0.1254518008249351,0.03791387888145481,0.0
E02000353,Hackney 009,304,6330675.0,18500.0,29053.21,78.82,0.0,303.3333333333333,6666971.666666667,20166.666666666668,28944.303333333333,77.87833333333333,0.0,-0.0021929824561403495,0.05312177084855354,0.0900900900900901,-0.0037485244028685936,-0.011947052355578061,0.0
E02000354,Hackney 010,98,1158525.0,11500.0,6533.14,61.225,0.0,90.66666666666667,1211168.3333333333,12416.666666666666,6248.579999999999,61.52333333333333,0.0,-0.07482993197278913,0.04543996317156154,0.07971014492753624,-0.04355639095442626,0.00487273717163466,0.0
E02000355,Hackney 011,143,1659900.0,9900.0,9979.62,57.78,0.0,141.0,1749733.3333333333,10583.333333333334,10234.596666666666,58.68333333333334,0.0,-0.013986013986013986,0.05411972608791694,0.06902356902356903,0.02554973703073525,0.015634014076381642,0.0
E02000356,Hackney 012,105,1248950.0,11500.0,6318.28,58.95,0.0,104.0,1234190.0,11583.333333333334,6395.84,58.43166666666667,0.0,-0.009523809523809525,-0.011817927058729333,0.007246376811594203,0.012275492697379682,-0.008792762227876769,0.0
E02000357,Hackney 013,12,142350.0,8250.0,925.68,52.9,0.0,12.0,141556.66666666666,8050.0,925.68,52.9,0.0,0.0,-0.005573117901885025,-0.024242424242424242,0.0,0.0,0.0
E02000358,Hackney 014,205,3416135.0,15750.0,18424.15,73.2,0.0,195.66666666666666,3882848.3333333335,17916.666666666668,18370.670000000002,76.15500000000002,0.0,-0.04552845528455285,0.13662028383929012,0.13756613756613756,-0.0029027119297227156,0.04036885245901644,0.0
E02000359,Hackney 015,78,988325.0,10500.0,6749.9400000000005,69.15,0.0,78.66666666666667,1019591.6666666666,11333.333333333334,6588.906666666667,67.91000000000001,0.0,0.008547008547008546,0.03163601716709247,0.07936507936507936,-0.0238570021856985,-0.01793203181489522,0.0
E02000360,Hackney 016,103,1414400.0,9300.0,7874.41,50.74,0.0,108.0,1649585.0,10725.0,8289.733333333334,50.913333333333334,0.0,0.04854368932038835,0.1662789875565611,0.1532258064516129,0.05274342247017027,0.003416108264354198,0.0
E02000361,Hackney 017,301,8112950.0,17750.0,44308.66,73.91499999999999,0.0,313.0,8474791.666666666,17833.333333333332,45116.753333333334,73.78,0.0,0.03986710963455149,0.04460050495401385,0.004694835680751173,0.018237819273553533,-0.0018264222417640659,0.0
E02000362,Hackney 018,76,1137580.0,11250.0,9468.18,76.81,0.0,93.33333333333333,1702660.0,11291.666666666666,10269.333333333334,61.59166666666667,0.0,0.2280701754385965,0.4967386909052551,0.0037037037037037043,0.0846153467016188,-0.19812958382155102,0.0
E02000363,Hackney 019,95,2193650.0,11875.0,10863.48,60.0,0.0,92.33333333333333,2053016.6666666667,12450.0,10385.73,60.0,0.0,-0.028070175438596492,-0.06410928513360532,0.04842105263157895,-0.0439776204310221,0.0,0.0
E02000364,Hackney 020,204,6372125.0,12125.0,25075.76,34.89,0.0,206.66666666666666,6256475.0,13333.333333333334,26979.543333333335,35.815,0.0,0.013071895424836602,-0.018149361476744414,0.09965635738831614,0.07592126154235546,0.026511894525652033,0.0
E02000366,Hackney 022,103,1816650.0,13750.0,7216.1,64.0,0.0,99.33333333333333,1853343.3333333333,14500.0,7178.91,63.99,0.0,-0.03559870550161812,0.02019835044358205,0.05454545454545454,-0.005153753412508211,-0.0001562500000000059,0.0
E02000367,Hackney 023,235,4954180.0,14000.0,24506.93,67.39500000000001,0.0,274.0,6154020.0,14683.333333333334,28870.710000000003,68.53,0.0,0.16595744680851063,0.24218740538292916,0.04880952380952381,0.1780631029672015,0.016841011944506133,0.0
E02000368,Hackney 024,66,648500.0,9400.0,4811.53,67.55,0.0,64.0,670133.3333333334,10183.333333333334,4694.58,68.48333333333333,0.0,-0.030303030303030304,0.03335903366743768,0.08333333333333333,-0.024306197820651607,0.013816925734024097,0.0
E02000369,Hackney 025,171,2355980.0,9750.0,14942.67,60.695,0.0,174.66666666666666,2921336.6666666665,11416.666666666666,15641.996666666668,65.06666666666666,0.0,0.021442495126705652,0.2399666663836988,0.17094017094017092,0.046800649861548645,0.07202680067001677,0.0
E02000370,Hackney 026,55,1275150.0,10250.0,4893.34,59.65,0.0,53.666666666666664,1072766.6666666667,9666.666666666666,4592.876666666666,51.13666666666666,0.0,-0.024242424242424242,-0.15871335398449857,-0.056910569105691054,-0.06140250490121957,-0.1427214305671975,0.0
E02000372,Hammersmith and Fulham 001,106,1245150.0,10500.0,10567.39,66.08,0.1037735849056603,109.33333333333333,1892383.3333333333,11250.0,12621.096666666666,73.95333333333333,0.09012960414107807,0.031446540880503145,0.519803504263208,0.07142857142857142,0.1943437941314428,0.11914850686037122,-0.01364398076458223
E02000373,Hammersmith and Fulham 002,15,263750.0,12000.0,1303.93,58.2,0.0,15.0,271316.6666666667,12333.333333333334,1303.93,58.20000000000001,0.06666666666666664,0.0,0.028688783570300153,0.027777777777777776,0.0,0.0,0.06666666666666664
E02000374,Hammersmith and Fulham 003,28,394150.0,12500.0,1903.32,64.66499999999999,0.0714285714285714,26.0,372683.3333333333,13250.0,1810.5833333333333,64.66499999999999,0.023809523809523798,-0.07142857142857142,-0.05446319083259334,0.06,-0.04872363379077959,0.0,-0.047619047619047596
E02000375,Hammersmith and Fulham 004,534,139996675.0,174000.0,202305.33,137.1,0.1048689138576779,575.3333333333334,103110148.33333333,125400.0,214264.0266666667,141.68333333333334,0.17549158918336674,0.07740324594257178,-0.2634814481605843,-0.2793103448275862,0.0591121186311141,0.033430585946997396,0.07062267532568883
E02000376,Hammersmith and Fulham 005,291,6888255.0,19000.0,27169.81,83.4,0.0687285223367697,394.0,7519151.666666667,15458.333333333334,28493.710000000003,62.711666666666666,0.05662595610916019,0.3539518900343643,0.0915902019693909,-0.18640350877192982,0.04872687736866762,-0.2480615507593925,-0.012102566227609496
E02000377,Hammersmith and Fulham 006,144,2646925.0,13000.0,13379.7,70.45,0.1180555555555555,141.33333333333334,2656625.0,13708.333333333334,13314.279999999999,71.61,0.07982717274456297,-0.018518518518518517,0.003664629711835432,0.05448717948717949,-0.0048894967749651096,0.016465578424414498,-0.038228382810992535
E02000378,Hammersmith and Fulham 007,114,4511200.0,18250.0,25361.99,87.57499999999999,0.1140350877192982,112.0,4297666.666666667,18708.333333333332,23186.696666666667,90.3,0.09236421612519034,-0.017543859649122806,-0.04733404267896199,0.02511415525114155,-0.08576982063841736,0.03111618612617766,-0.021670871594107865
E02000379,Hammersmith and Fulham 008,16,280475.0,11350.0,1678.13,39.0,0.0,16.666666666666668,293825.0,9600.0,1758.5033333333333,39.0,0.0,0.041666666666666664,0.047597825118103225,-0.15418502202643172,0.04789458107139095,0.0,0.0
E02000380,Hammersmith and Fulham 009,74,1266310.0,12625.0,6278.11,69.6,0.1351351351351351,70.66666666666667,1259606.6666666667,14250.0,5847.316666666667,69.6,0.15968142055098575,-0.04504504504504505,-0.005293595828299022,0.12871287128712872,-0.06861831559710371,0.0,0.024546285415850643
E02000381,Hammersmith and Fulham 010,118,3634775.0,14500.0,18501.03,70.1,0.1186440677966101,113.0,3629441.6666666665,15458.333333333334,15568.88,70.46666666666665,0.11754519989814104,-0.0423728813559322,-0.0014673076967166691,0.06609195402298851,-0.1584857707922207,0.0052306229196386516,-0.0010988678984690664
E02000382,Hammersmith and Fulham 011,144,3705300.0,19000.0,16732.29,81.41,0.1388888888888889,148.66666666666666,3741880.0,18333.333333333332,15872.123333333331,80.55333333333334,0.112120714057435,0.032407407407407406,0.009872345019296682,-0.03508771929824561,-0.05140758776393834,-0.010522867788559877,-0.026768174831453898
E02000383,Hammersmith and Fulham 012,129,2820575.0,15625.0,12473.96,76.25,0.1007751937984496,138.0,2989708.3333333335,15666.666666666666,13862.413333333332,76.65666666666665,0.10862712851612016,0.06976744186046512,0.059964132608894764,0.0026666666666666666,0.11130814379181385,0.005333333333333266,0.007851934717670572
E02000384,Hammersmith and Fulham 013,310,20782030.0,43875.0,63564.54,91.35,0.0967741935483871,296.6666666666667,18860126.666666668,38500.0,69150.50333333334,92.34166666666665,0.1455812086047453,-0.04301075268817204,-0.0924790953209736,-0.12250712250712252,0.08787860862885709,0.010855683269476404,0.048807015056358205
E02000385,Hammersmith and Fulham 014,58,1202250.0,17750.0,4314.06,75.03,0.1034482758620689,60.666666666666664,1264983.3333333333,18741.666666666668,4368.263333333333,74.1,0.049283154121863765,0.04597701149425287,0.052179940389547375,0.055868544600938964,0.012564343874061233,-0.012395041983206808,-0.05416512174020513
E02000386,Hammersmith and Fulham 015,106,1813750.0,14000.0,8821.83,66.49,0.1226415094339622,108.66666666666667,4343150.0,14500.0,16835.170000000002,69.155,0.10054152470852994,0.025157232704402514,1.3945692625775328,0.03571428571428571,0.9083534822140078,0.040081215220333984,-0.022099984725432262
E02000387,Hammersmith and Fulham 016,39,536150.0,10750.0,2778.4,62.95,0.1282051282051282,38.666666666666664,548716.6666666666,11083.333333333334,2470.39,60.958333333333336,0.0513157894736842,-0.008547008547008546,0.02343871429015512,0.031007751937984496,-0.11085876763604958,-0.03163886682552294,-0.076889338731444
E02000388,Hammersmith and Fulham 017,234,9916250.0,26375.0,36990.59,100.9,0.1367521367521367,238.33333333333334,9900400.0,27458.333333333332,36709.1,100.90000000000002,0.13561282168117264,0.01851851851851852,-0.0015983864868271771,0.04107424960505529,-0.00760977318826215,0.0,-0.0011393150709640791
E02000389,Hammersmith and Fulham 018,109,2943750.0,17375.0,9341.28,75.4,0.1376146788990825,112.0,3107233.3333333335,18666.666666666668,10057.433333333334,75.29,0.08554243987775197,0.027522935779816515,0.05553573956121727,0.07434052757793765,0.076665439140389,-0.0014588859416445547,-0.052072239021330534
E02000390,Hammersmith and Fulham 019,137,2257850.0,13250.0,10822.09,65.47999999999999,0.0948905109489051,129.66666666666666,2116725.0,13583.333333333334,9797.58,58.68666666666667,0.07794644380010227,-0.0535279805352798,-0.0625041521801714,0.02515723270440252,-0.0946684050862634,-0.10374669110160852,-0.016944067148802835
E02000391,Hammersmith and Fulham 020,190,9236890.0,32375.0,22296.35,98.2,0.0894736842105263,209.0,8947496.666666666,31291.666666666668,22753.906666666666,92.45166666666667,0.11121351766513055,0.09999999999999999,-0.031330169930932746,-0.03346203346203346,0.020521595089181346,-0.05853699932111339,0.021739833454604233
E02000392,Hammersmith and Fulham 021,277,10729575.0,27375.0,38285.44,90.63,0.0613718411552346,275.0,10966875.0,29166.666666666668,37488.04,88.94166666666668,0.059109399406172,-0.0072202166064981935,0.022116439840347824,0.0654490106544901,-0.020827761154109798,-0.018628857258449996,-0.0022624417490626006
E02000393,Hammersmith and Fulham 022,66,823400.0,12125.0,4525.4800000000005,61.35,0.1363636363636363,66.66666666666667,953500.0,13250.0,4834.543333333334,63.916666666666664,0.07933820873961717,0.010101010101010102,0.1580034005343697,0.09278350515463918,0.06829404468328948,0.041836457484379225,-0.05702542762401913
E02000394,Hammersmith and Fulham 023,152,10469580.0,42625.0,73604.45,87.93,0.125,171.0,12179303.333333334,50708.333333333336,51843.77333333334,89.12166666666667,0.10325933026863326,0.125,0.16330390840256567,0.1896383186705767,-0.29564349256962946,0.013552447022252506,-0.021740669731366735
E02000395,Hammersmith and Fulham 024,158,3627395.0,18125.0,14930.0,79.63,0.0886075949367088,165.33333333333334,3868501.6666666665,19041.666666666668,15588.063333333334,78.25,0.0805007760572396,0.04641350210970464,0.06646826901031365,0.05057471264367816,0.044076579593659314,-0.017330151952781498,-0.008106818879469213
E02000396,Hammersmith and Fulham 025,106,4253300.0,22250.0,31822.95,87.89,0.1415094339622641,102.33333333333333,2971833.3333333335,23000.0,17851.343333333334,85.41833333333334,0.10611280594712107,-0.03459119496855346,-0.30128762764598466,0.033707865168539325,-0.43904184453882084,-0.0281222740546896,-0.035396628015143025
E02000397,Haringey 001,114,1170125.0,9250.0,7706.42,49.5,0.0,111.66666666666667,1109658.3333333333,8616.666666666666,7391.276666666666,47.98,0.0173031182205494,-0.02046783625730994,-0.05167539080582558,-0.06846846846846848,-0.04089360991658042,-0.03070707070707072,0.0173031182205494
E02000398,Haringey 002,45,295050.0,5900.0,2875.05,60.13,0.0,45.0,384016.6666666667,6633.333333333333,4860.473333333334,59.699999999999996,0.0666886253842775,0.0,0.30153081398632997,0.12429378531073447,0.6905700190721321,-0.0071511724596707476,0.0666886253842775
E02000400,Haringey 004,46,1395100.0,15125.0,12364.75,73.79,0.0,48.0,1470966.6666666667,15708.333333333334,13003.89,74.55000000000001,0.013605442176870734,0.043478260869565216,0.05438080902205337,0.03856749311294766,0.05169049111385183,0.010299498577042964,0.013605442176870734
E02000401,Haringey 005,48,322850.0,5500.0,2692.19,38.64,0.0,48.666666666666664,452916.6666666667,6633.333333333333,2998.943333333333,38.949999999999996,0.0,0.013888888888888888,0.40287026999122394,0.20606060606060606,0.1139419332711782,0.00802277432712215,0.0
E02000402,Haringey 006,6,46200.0,7800.0,289.11,35.504999999999995,0.0,6.0,54433.333333333336,8833.333333333334,289.11,35.504999999999995,0.0,0.0,0.17821067821067824,0.13247863247863248,0.0,0.0,0.0
E02000403,Haringey 007,70,1001650.0,12750.0,4869.36,63.555,0.0142857142857142,74.66666666666667,949881.6666666666,11583.333333333334,7701.013333333333,61.93166666666667,0.012658227848101266,0.06666666666666667,-0.05168305629045408,-0.09150326797385622,0.5815247452095006,-0.025542181312773703,-0.001627486437612934
E02000404,Haringey 008,77,1026550.0,11000.0,6125.6,56.105,0.0259740259740259,73.33333333333333,954050.0,10833.333333333334,5988.593333333333,57.69333333333333,0.0178571428571428,-0.047619047619047616,-0.07062490867468706,-0.015151515151515152,-0.0223662443951069,0.02831001396191669,-0.008116883116883099
E02000405,Haringey 009,62,932050.0,10750.0,9247.14,65.75,0.0161290322580645,60.666666666666664,849133.3333333334,10416.666666666666,8990.82,65.40333333333334,0.0205128205128205,-0.02150537634408602,-0.08896160792518283,-0.031007751937984496,-0.027718840636131725,-0.005272496831432153,0.004383788254756001
E02000406,Haringey 010,49,532700.0,9900.0,3057.27,45.67,0.0408163265306122,49.0,493190.0,9200.0,3143.9733333333334,46.61333333333334,0.02042483660130717,0.0,-0.07416932607471373,-0.0707070707070707,0.028359723980326688,0.02065542661119625,-0.02039148992930503
E02000407,Haringey 011,154,2454775.0,12500.0,13757.21,63.025,0.0129870129870129,154.66666666666666,2501930.0,14166.666666666666,13001.956666666667,62.935,0.017082549448773066,0.004329004329004329,0.019209499852328626,0.13333333333333333,-0.054898728254735685,-0.0014280047600158457,0.004095536461760168
E02000408,Haringey 012,107,2819000.0,16500.0,17697.29,77.035,0.0186915887850467,104.66666666666667,2984873.3333333335,18083.333333333332,17569.09,77.28666666666668,0.018657159833630366,-0.021806853582554516,0.05884119664183516,0.09595959595959597,-0.007244046969903273,0.003266913307803916,-3.442895141633299e-05
E02000409,Haringey 013,29,415175.0,11000.0,2309.48,61.975,0.0,30.0,457958.3333333333,12833.333333333334,2466.58,62.66,0.0222222222222222,0.034482758620689655,0.10304891511611569,0.16666666666666666,0.06802397076398146,0.011052843888664706,0.0222222222222222
E02000410,Haringey 014,84,2850000.0,32250.0,12263.16,97.315,0.0357142857142857,81.66666666666667,2555983.3333333335,30000.0,10916.4,95.85833333333333,0.07038250076224757,-0.027777777777777776,-0.10316374269005847,-0.06976744186046512,-0.10982161204779195,-0.014968572847625377,0.034668215047961866
E02000411,Haringey 015,32,523410.0,5500.0,4327.71,51.36,0.09375,29.666666666666668,412736.6666666667,7100.0,3841.2100000000005,53.34,0.040598290598290565,-0.07291666666666667,-0.21144673073371414,0.2909090909090909,-0.11241511099403606,0.038551401869158904,-0.053151709401709435
E02000412,Haringey 016,430,26192650.0,43500.0,114492.03,85.38,0.0093023255813953,439.3333333333333,21211083.333333332,32000.0,104487.47666666667,83.28500000000001,0.032799522909836766,0.021705426356589147,-0.19018948699985172,-0.26436781609195403,-0.08738209404910835,-0.0245373623799484,0.023497197328441466
E02000413,Haringey 017,37,815800.0,22250.0,2627.23,75.4,0.027027027027027,35.333333333333336,727766.6666666666,21333.333333333332,2548.33,73.1,0.0,-0.04504504504504505,-0.10791043556427231,-0.04119850187265917,-0.03003163027218785,-0.030503978779841,-0.027027027027027
E02000414,Haringey 018,48,413100.0,8300.0,3159.99,54.695,0.0,47.333333333333336,516600.0,10633.333333333334,3094.9666666666667,55.025,0.0,-0.013888888888888888,0.25054466230936817,0.28112449799196787,-0.020577069336717234,0.006033458268580278,0.0
E02000415,Haringey 019,109,1407675.0,10750.0,7574.1,48.46,0.0091743119266055,105.0,1550431.6666666667,13208.333333333334,7220.263333333333,48.01666666666667,0.025000730161511702,-0.03669724770642202,0.1014130865907732,0.22868217054263565,-0.0467166616055593,-0.009148438574769558,0.0158264182349062
E02000416,Haringey 020,99,1769875.0,12250.0,9092.2,54.74,0.0101010101010101,97.33333333333333,2210658.3333333335,14166.666666666666,9737.266666666666,54.02666666666667,0.03412452700378393,-0.016835016835016838,0.24904771994255714,0.15646258503401358,0.07094725882258042,-0.013031299476312265,0.024023516902773833
E02000417,Haringey 021,164,6301375.0,30000.0,18330.87,82.79,0.0304878048780487,163.33333333333334,5765850.0,29333.333333333332,18430.476666666666,82.82333333333334,0.0140614216701173,-0.004065040650406503,-0.08498541984884252,-0.022222222222222223,0.005433821017042168,0.0004026251157546983,-0.0164263832079314
E02000418,Haringey 022,38,806450.0,12125.0,2698.74,56.51,0.0,38.333333333333336,736916.6666666666,12916.666666666666,2476.366666666667,56.330000000000005,0.034447605500237066,0.008771929824561403,-0.08622150577634487,0.06529209621993128,-0.08239894666893921,-0.0031852769421341306,0.034447605500237066
E02000419,Haringey 023,213,3815350.0,16000.0,20493.51,76.26,0.0093896713615023,212.0,4116600.0,17666.666666666668,19548.806666666667,75.76,0.016983809502991037,-0.004694835680751173,0.07895736957290943,0.10416666666666667,-0.04609768328282136,-0.0065565171780750066,0.007594138141488733
E02000420,Haringey 024,229,2885275.0,11500.0,14380.76,47.195,0.0087336244541484,233.0,3497863.3333333335,14083.333333333334,14300.196666666665,46.52166666666667,0.016974008979465067,0.017467248908296942,0.21231540609936084,0.2246376811594203,-0.0056021610355317455,-0.014267048063000998,0.008240384525316667
E02000421,Haringey 025,136,6358250.0,10375.0,34021.33,57.68,0.0367647058823529,137.66666666666666,6178008.333333333,11916.666666666666,33064.34333333333,57.75,0.0168695502028835,0.012254901960784312,-0.0283476847665107,0.14859437751004015,-0.028129019843335528,0.0012135922330096724,-0.0198951556794694
E02000422,Haringey 026,47,1159475.0,11500.0,8319.470000000001,71.89,0.0,48.0,1230308.3333333333,12000.0,8448.92,71.65333333333334,0.012345679012345666,0.02127659574468085,0.06109086727470048,0.043478260869565216,0.015559885425393554,-0.0032920665832057946,0.012345679012345666
E02000423,Haringey 027,104,2111375.0,18500.0,10877.27,83.85,0.0096153846153846,101.66666666666667,2286408.3333333335,20416.666666666668,11228.646666666667,84.67666666666666,0.029549876025176364,-0.02243589743589744,0.08290016379531506,0.10360360360360361,0.03230375513954025,0.009858874975154119,0.019934491409791765
E02000424,Haringey 028,64,655350.0,9450.0,3814.01,52.255,0.03125,62.666666666666664,719000.0,10900.0,3798.6966666666667,52.51666666666667,0.0101010101010101,-0.020833333333333332,0.09712367437247273,0.15343915343915343,-0.004015021809941114,0.00500749529550599,-0.0211489898989899
E02000425,Haringey 029,51,583350.0,9700.0,3493.55,57.97,0.0,48.0,643800.0,11316.666666666666,3545.623333333333,58.475,0.0337235228539576,-0.0588235294117647,0.10362561069683725,0.16666666666666666,0.014905564063297537,0.00871140244954287,0.0337235228539576
E02000426,Haringey 030,65,1126850.0,10000.0,3334.2,51.21,0.0153846153846153,66.33333333333333,1076596.6666666667,10666.666666666666,3338.3799999999997,50.345,0.040133779264214,0.020512820512820513,-0.04459629350253658,0.06666666666666667,0.001253674044748361,-0.016891232181214647,0.0247491638795987
E02000427,Haringey 031,97,5536650.0,16000.0,31590.86,78.0,0.0,95.33333333333333,5493033.333333333,18625.0,30100.329999999998,78.33,0.013137665967854631,-0.017182130584192434,-0.007877808181240762,0.1640625,-0.047182317923601995,0.00423076923076927,0.013137665967854631
E02000428,Haringey 032,69,748600.0,9100.0,6031.88,59.245000000000005,0.0,67.0,814683.3333333334,11141.666666666666,5860.473333333332,58.94166666666666,0.014966168091168033,-0.028985507246376812,0.08827589277762936,0.22435897435897437,-0.028416789900771695,-0.005119981995667768,0.014966168091168033
E02000429,Haringey 033,4,79750.0,19500.0,237.91,49.25,0.0,4.0,96083.33333333333,25958.333333333332,256.91,58.75,0.0,0.0,0.20480668756530826,0.3311965811965812,0.07986213273927127,0.19289340101522842,0.0
E02000430,Haringey 034,273,9176025.0,29375.0,27946.17,74.68,0.0256410256410256,268.3333333333333,9054961.666666666,28833.333333333332,27713.476666666666,76.42833333333333,0.009745505364658668,-0.017094017094017092,-0.013193439788288866,-0.018439716312056736,-0.008326483855688684,0.02341099803606488,-0.01589552027636693
E02000431,Haringey 035,137,2335700.0,11000.0,15858.96,65.4,0.0,135.0,2482416.6666666665,12166.666666666666,14610.840000000002,65.80666666666667,0.009259259259259233,-0.014598540145985403,0.06281485921422557,0.10606060606060606,-0.07870125153225678,0.006218144750254835,0.009259259259259233
E02000432,Haringey 036,60,813650.0,12375.0,3836.77,54.15,0.0,62.666666666666664,908366.6666666666,13750.0,3953.286666666667,50.68,0.0,0.044444444444444446,0.11640959462504352,0.11111111111111112,0.03036842621962399,-0.06408125577100648,0.0
E02000433,Harrow 001,119,4344725.0,25250.0,18703.33,86.1,0.0840336134453781,117.33333333333333,4401208.333333333,24708.333333333332,20240.343333333334,86.63333333333333,0.04863426924495623,-0.014005602240896356,0.013000439229947426,-0.02145214521452145,0.08217859243959931,0.006194347657762326,-0.035399344200421866
E02000434,Harrow 002,107,1518500.0,11250.0,9851.42,54.16,0.02803738317757,101.0,1490633.3333333333,11458.333333333334,9175.293333333333,54.32,0.01984841282828517,-0.056074766355140186,-0.018351443310284273,0.018518518518518517,-0.06863240696941832,0.0029542097488922396,-0.008188970349284832
E02000435,Harrow 003,12,279550.0,12125.0,1513.9,46.5,0.0,12.0,273966.6666666667,12458.333333333334,1456.6899999999998,46.5,0.0,0.0,-0.019972574971680677,0.027491408934707903,-0.037789814386683475,0.0,0.0
E02000436,Harrow 004,4,211750.0,36875.0,6529.099999999999,3264.55,0.0,4.333333333333333,220783.33333333334,48225.0,8686.4,4333.666666666667,0.0,0.08333333333333333,0.04266036993309721,0.3077966101694915,0.33041307377739665,0.32749281422145976,0.0
E02000437,Harrow 005,54,2299700.0,10875.0,15475.01,68.8,0.0185185185185185,55.333333333333336,2391441.6666666665,12416.666666666666,13814.676666666666,69.64999999999999,0.0,0.024691358024691357,0.039892884579148004,0.1417624521072797,-0.10729126077032157,0.012354651162790754,-0.0185185185185185
E02000438,Harrow 006,96,3753325.0,22750.0,15473.92,84.9,0.0416666666666666,95.33333333333333,3922850.0,25250.0,20899.63,89.71666666666665,0.0279390140977632,-0.006944444444444443,0.04516661893121432,0.10989010989010989,0.3506357794275788,0.05673341185708667,-0.013727652568903403
E02000439,Harrow 007,102,2225475.0,13625.0,13365.86,69.87,0.0392156862745098,97.33333333333333,2140516.6666666665,16500.0,12523.71,75.13499999999999,0.0377503818364033,-0.04575163398692811,-0.03817537080099005,0.2110091743119266,-0.063007543098611,0.07535422928295392,-0.0014653044381065055
E02000440,Harrow 008,43,723050.0,13500.0,4070.11,77.0,0.0465116279069767,41.666666666666664,714683.3333333334,14541.666666666666,4038.556666666667,76.13333333333334,0.0148148148148148,-0.031007751937984496,-0.011571352834059424,0.07716049382716049,-0.007752452226925953,-0.011255411255411232,-0.0316968130921619
E02000441,Harrow 009,28,1084850.0,9500.0,5748.02,67.8,0.0714285714285714,28.666666666666668,1121183.3333333333,9833.333333333334,6680.873333333334,68.00666666666667,0.066358024691358,0.023809523809523808,0.03349157333579143,0.03508771929824561,0.1622912469569231,0.0030481809242872107,-0.005070546737213397
E02000442,Harrow 010,46,778850.0,15250.0,4503.52,77.56,0.0,46.666666666666664,926233.3333333334,17875.0,4575.163333333333,80.3,0.0,0.014492753623188406,0.1892319873317498,0.1721311475409836,0.015908296917374148,0.03532748839608039,0.0
E02000443,Harrow 011,127,1695185.0,12000.0,13687.57,77.55,0.0314960629921259,130.33333333333334,1968333.3333333333,13166.666666666666,13233.733333333332,76.71666666666665,0.010101751207729466,0.026246719160104987,0.16113187252915365,0.09722222222222222,-0.033156847173506046,-0.01074575542660649,-0.021394311784396436
E02000444,Harrow 012,64,1216800.0,17875.0,6350.09,81.09,0.046875,80.33333333333333,1417700.0,17375.0,6407.25,63.98499999999999,0.0164294214927126,0.2552083333333333,0.1651051939513478,-0.02797202797202797,0.009001447223582685,-0.21093846343568878,-0.030445578507287397
E02000445,Harrow 013,119,1706520.0,13250.0,12396.64,72.895,0.0336134453781512,112.33333333333333,1662420.0,13291.666666666666,11360.036666666667,66.66666666666667,0.0257415948994183,-0.05602240896358543,-0.025842064552422477,0.0031446540880503138,-0.08361970125238231,-0.08544253149507285,-0.007871850478732897
E02000447,Harrow 015,38,289075.0,7650.0,11022.83,51.8,0.0789473684210526,36.666666666666664,309175.0,8200.0,7939.766666666666,49.73333333333333,0.054761904761904734,-0.03508771929824561,0.06953212834039608,0.0718954248366013,-0.27969798439541693,-0.03989703989703983,-0.024185463659147866
E02000448,Harrow 016,163,5419160.0,18750.0,23619.82,62.8,0.0552147239263803,163.66666666666666,5648986.666666667,20416.666666666668,25144.47333333333,63.425000000000004,0.015700393573613598,0.004089979550102249,0.042410016804572424,0.08888888888888889,0.06454974395796981,0.009952229299363133,-0.0395143303527667
E02000449,Harrow 017,17,281200.0,16000.0,1336.67,57.6,0.0588235294117647,17.0,300033.3333333333,17208.333333333332,2921.9,61.13833333333334,0.0,0.0,0.06697486960644855,0.07552083333333333,1.1859546484921484,0.06142939814814816,-0.0588235294117647
E02000451,Harrow 019,85,1208000.0,12500.0,8871.48,76.3,0.0352941176470588,81.66666666666667,1306466.6666666667,13833.333333333334,8622.039999999999,79.55,0.019933071438964,-0.0392156862745098,0.08151214128035321,0.10666666666666667,-0.028117067276260548,0.042595019659239904,-0.015361046208094802
E02000452,Harrow 020,218,8318400.0,21250.0,64370.48,77.525,0.0504587155963302,219.33333333333334,7710100.0,20458.333333333332,66089.76,78.88333333333333,0.02987824520010607,0.0061162079510703364,-0.07312704366224274,-0.03725490196078431,0.02670913748041025,0.017521229710845854,-0.020580470396224137
E02000453,Harrow 021,76,2300805.0,12125.0,24997.83,74.045,0.0394736842105263,77.33333333333333,2476618.3333333335,12500.0,17719.49666666667,72.1,0.02037752037752037,0.017543859649122806,0.07641383486794114,0.030927835051546393,-0.2911586059003255,-0.026267810115470424,-0.01909616383300593
E02000454,Harrow 022,20,291600.0,10125.0,1538.13,53.6,0.0,20.666666666666668,291150.0,12083.333333333334,1502.0566666666666,53.6,0.0,0.03333333333333333,-0.0015432098765432074,0.19341563786008228,-0.023452720727983548,0.0,0.0
E02000455,Harrow 023,240,15158025.0,40500.0,72200.7,107.05,0.0458333333333333,238.33333333333334,11730850.0,34500.0,64881.70333333333,105.86333333333333,0.06523370636638433,-0.006944444444444445,-0.22609640767844094,-0.14814814814814814,-0.10137016215447585,-0.011085162696559249,0.01940037303305103
E02000456,Harrow 024,26,217425.0,7900.0,1509.13,60.4,0.0384615384615384,26.0,229991.66666666666,8633.333333333334,1509.13,60.4,0.0,0.0,0.05779770802192327,0.09282700421940927,0.0,0.0,-0.0384615384615384
E02000457,Harrow 025,127,1620055.0,12000.0,12100.45,62.900000000000006,0.0393700787401574,132.66666666666666,1830135.0,13375.0,12580.613333333333,62.06666666666666,0.014552847906686433,0.04461942257217847,0.12967460981262982,0.11458333333333333,0.03968144435399779,-0.013248542660307441,-0.024817230833470972
E02000459,Harrow 027,85,2636125.0,9000.0,13173.37,78.05,0.0235294117647058,82.33333333333333,2135591.6666666665,9441.666666666666,11906.393333333333,77.42999999999999,0.04032567049808427,-0.03137254901960784,-0.18987465819463542,0.04907407407407408,-0.09617711084306192,-0.00794362588084561,0.016796258733378467
E02000460,Harrow 028,36,344300.0,8750.0,2138.02,52.45,0.0,35.333333333333336,333483.3333333333,10300.0,2146.943333333333,59.550000000000004,0.0,-0.018518518518518517,-0.03141640042598509,0.17714285714285716,0.00417364352687689,0.1353670162059104,0.0
E02000461,Harrow 029,79,1276350.0,15250.0,5942.23,74.06,0.0632911392405063,79.33333333333333,1282666.6666666667,15541.666666666666,5799.383333333334,70.93333333333334,0.029171766625866968,0.004219409282700422,0.004949008239641685,0.019125683060109287,-0.024039235550738707,-0.04221802142407055,-0.03411937261463934
E02000462,Harrow 030,148,2830350.0,14000.0,18264.33,69.9,0.0202702702702702,149.66666666666666,3230416.6666666665,15333.333333333334,18689.983333333334,68.40833333333333,0.017648365984960866,0.011261261261261262,0.14134883200546458,0.09523809523809523,0.023305170971688088,-0.021340009537434534,-0.0026219042853093326
E02000463,Harrow 031,43,438800.0,10500.0,3000.39,56.96,0.0,44.0,508750.0,11875.0,3440.9,60.288333333333334,0.0,0.023255813953488372,0.15941203281677305,0.13095238095238096,0.14681758038121714,0.05843281835205993,0.0
E02000464,Havering 001,20,214000.0,6700.0,2672.76,69.2,0.0,21.666666666666668,230983.33333333334,7116.666666666667,3628.2533333333336,68.77833333333334,0.0,0.08333333333333333,0.0793613707165109,0.062189054726368154,0.35749312820205814,-0.006093448940269752,0.0
E02000465,Havering 002,24,211650.0,7700.0,2045.5,90.9,0.0833333333333333,24.666666666666668,278483.3333333333,9733.333333333334,2320.94,91.42666666666666,0.012820512820512801,0.027777777777777776,0.31577289550358295,0.26406926406926406,0.13465656318748467,0.005793912724605735,-0.0705128205128205
E02000466,Havering 003,34,385200.0,6150.0,2615.6,45.93,0.0294117647058823,34.0,440185.0,6483.333333333333,2600.94,45.93,0.0,0.0,0.14274402907580477,0.05420054200542005,-0.005604832543202269,0.0,-0.0294117647058823
E02000467,Havering 004,91,1664950.0,14375.0,11563.59,64.0,0.0769230769230769,88.0,1816783.3333333333,14666.666666666666,11481.300000000001,65.25666666666666,0.02911973299958277,-0.03296703296703297,0.09119392974764007,0.020289855072463767,-0.007116302117249025,0.01963541666666661,-0.047803343923494133
E02000468,Havering 005,111,2107450.0,12750.0,20426.26,85.55,0.018018018018018,111.33333333333333,2301883.3333333335,15125.0,15246.213333333333,83.22,0.0059112785101485335,0.003003003003003,0.0922599982601406,0.18627450980392157,-0.2535974116978177,-0.02723553477498537,-0.012106739507869467
E02000469,Havering 006,22,1998300.0,7050.0,11824.32,79.75,0.0,23.0,2169766.6666666665,9000.0,11832.32,77.53,0.0,0.04545454545454545,0.08580626866169577,0.2765957446808511,0.0006765716760033558,-0.02783699059561127,0.0
E02000470,Havering 007,99,7879975.0,8600.0,58534.21,93.2,0.0303030303030303,99.66666666666667,7610108.333333333,11641.666666666666,53129.31,107.35166666666667,0.0030864197530864,0.006734006734006734,-0.0342471475692076,0.3536821705426356,-0.09233745531032193,0.1518419170243204,-0.027216610549943898
E02000471,Havering 008,26,222100.0,10250.0,2021.95,65.15,0.0,22.666666666666668,276966.6666666667,12583.333333333334,1666.3500000000001,65.38333333333334,0.0,-0.12820512820512822,0.2470358697283506,0.22764227642276424,-0.17586982863077724,0.003581478639038059,0.0
E02000472,Havering 009,44,706700.0,10000.0,5598.8,71.54,0.0454545454545454,44.0,770633.3333333334,12133.333333333334,5633.863333333334,73.44666666666667,0.0,0.0,0.0904674307815669,0.2133333333333333,0.006262651520563961,0.02665175659304817,-0.04545454545454539
E02000473,Havering 010,47,841375.0,11500.0,6563.15,76.57,0.0,46.333333333333336,750075.0,13333.333333333334,5161.53,70.88333333333333,0.0,-0.014184397163120567,-0.10851285098796613,0.15942028985507248,-0.21355903796195422,-0.07426755474293677,0.0
E02000474,Havering 011,56,2226450.0,9200.0,18314.45,60.325,0.0357142857142857,57.333333333333336,2347850.0,10025.0,14945.596666666666,54.788333333333334,0.0,0.02380952380952382,0.054526263783152555,0.08967391304347827,-0.18394509981644733,-0.09178063268407245,-0.0357142857142857
E02000475,Havering 012,103,1788925.0,12250.0,9556.4,70.09,0.0097087378640776,107.0,1944691.6666666667,14208.333333333334,9564.853333333334,68.29666666666667,0.009355921855921835,0.03883495145631068,0.0870727764812201,0.15986394557823128,0.0008845729912241145,-0.025586151139011793,-0.000352816008155766
E02000476,Havering 013,647,35274625.0,28000.0,251212.79,122.3,0.035548686244204,606.3333333333334,30977233.333333332,27800.0,219605.59333333335,119.03000000000002,0.010635899952398465,-0.06285419886656363,-0.12182671443471522,-0.007142857142857144,-0.12581842137363583,-0.026737530662305775,-0.024912786291805534
E02000477,Havering 014,66,610725.0,8200.0,4675.45,54.3,0.0151515151515151,71.33333333333333,820333.3333333334,9550.0,5181.28,50.5,0.0,0.08080808080808081,0.3432123023182829,0.16463414634146342,0.10818851661337424,-0.06998158379373844,-0.015151515151515102
E02000478,Havering 015,12,93750.0,6050.0,827.83,63.15,0.0,12.0,118316.66666666667,7816.666666666667,827.83,63.15,0.0,0.0,0.26204444444444447,0.29201101928374656,0.0,0.0,0.0
E02000479,Havering 016,125,7883425.0,9200.0,77131.06999999999,72.52000000000001,0.008,124.66666666666667,7773125.0,9716.666666666666,58730.776666666665,71.99166666666667,0.008038864378577266,-0.0026666666666666666,-0.013991380649907875,0.05615942028985507,-0.2385587718844472,-0.007285346571060957,3.8864378577266614e-05
E02000480,Havering 017,99,2158275.0,8900.0,19787.43,66.12,0.0101010101010101,102.0,2073425.0,10666.666666666666,19180.103333333333,64.09666666666668,0.0098264678867562,0.030303030303030304,-0.03931380384798045,0.19850187265917604,-0.030692549091350812,-0.030600927606372286,-0.0002745422142539002
E02000481,Havering 018,41,509300.0,9800.0,5234.71,76.0,0.048780487804878,40.333333333333336,506233.3333333333,10516.666666666666,4863.73,75.96666666666667,0.0148148148148148,-0.01626016260162601,-0.00602133647490019,0.07312925170068027,-0.07086925541242976,-0.00043859649122804525,-0.0339656729900632
E02000482,Havering 019,62,655865.0,8900.0,5516.49,65.39,0.0,62.0,691388.3333333334,9933.333333333334,5445.63,64.94333333333334,0.0,0.0,0.05416256902462143,0.11610486891385767,-0.012845124345371725,-0.006830810011724469,0.0
E02000483,Havering 020,253,7773000.0,18375.0,40822.71,89.15,0.0118577075098814,265.6666666666667,8297191.666666667,20166.666666666668,41454.96666666667,87.0,0.0049865317040889,0.05006587615283268,0.06743749731978216,0.09750566893424036,0.015487866108513266,-0.024116657319125132,-0.006871175805792499
E02000484,Havering 021,62,893100.0,9300.0,6886.72,73.9,0.0161290322580645,60.666666666666664,995450.0,11366.666666666666,6651.776666666668,71.40666666666667,0.0,-0.02150537634408602,0.11460082857462771,0.2222222222222222,-0.03411541827362426,-0.033739287325214334,-0.0161290322580645
E02000485,Havering 022,209,4194565.0,13500.0,34912.47,79.275,0.0,206.33333333333334,4463218.333333333,14875.0,33297.83,77.765,0.0,-0.012759170653907496,0.06404796047583798,0.10185185185185186,-0.04624823164903541,-0.01904761904761905,0.0
E02000486,Havering 023,119,1588725.0,10000.0,12589.86,81.1,0.0084033613445378,115.33333333333333,1707508.3333333333,11333.333333333334,12023.673333333334,80.78999999999999,0.0,-0.03081232492997199,0.07476645318310805,0.13333333333333333,-0.044971641199081404,-0.003822441430332951,-0.0084033613445378
E02000487,Havering 024,38,487975.0,5950.0,4448.63,64.14,0.0,38.333333333333336,465275.0,7733.333333333333,4258.06,57.695,0.0,0.008771929824561403,-0.046518776576668884,0.29971988795518206,-0.04283790740070542,-0.10048331774243839,0.0
E02000488,Havering 025,22,641050.0,6700.0,5073.52,83.47,0.0,21.666666666666668,692150.0,8100.0,4927.423333333333,79.82666666666667,0.0,-0.015151515151515152,0.07971297090710554,0.20895522388059704,-0.028795918152814525,-0.04364841659678131,0.0
E02000489,Havering 026,62,679350.0,9200.0,5431.31,66.23,0.0161290322580645,61.0,731300.0,10400.0,5427.77,65.23,0.016402116402116335,-0.016129032258064516,0.07647015529550306,0.13043478260869565,-0.0006517764590862942,-0.015098897780462098,0.0002730841440518351
E02000490,Havering 027,46,430075.0,6950.0,3706.07,68.405,0.0,46.0,474258.3333333333,8366.666666666666,3719.72,68.405,0.0,0.0,0.10273401926020657,0.20383693045563547,0.003683146837485432,0.0,0.0
E02000491,Havering 028,64,906020.0,7650.0,12577.09,93.06,0.0625,58.0,936583.3333333334,8866.666666666666,13416.173333333334,97.43833333333333,0.019323671497584533,-0.09375,0.03373361883107805,0.15904139433551198,0.06671522055843866,0.04704849917615877,-0.04317632850241546
E02000492,Havering 029,42,637810.0,5700.0,4859.74,60.53,0.0238095238095238,39.0,580020.0,6733.333333333333,4724.263333333333,61.365,0.0077519379844961,-0.07142857142857142,-0.09060692055627852,0.1812865497076023,-0.027877348719615894,0.013794812489674556,-0.0160575858250277
E02000493,Havering 030,111,2947600.0,6900.0,18685.29,61.46,0.027027027027027,116.33333333333333,2817048.3333333335,7866.666666666667,21991.86333333333,61.025,0.011446841063254934,0.04804804804804805,-0.044290835481974045,0.1400966183574879,0.17696130663925114,-0.00707777416205662,-0.015580185963772067
E02000494,Hillingdon 001,7,188440.0,11750.0,939.28,132.845,0.2857142857142857,4.666666666666667,134220.0,36653.333333333336,485.08666666666664,54.29,0.2222222222222222,-0.3333333333333333,-0.2877308427085545,2.1194326241134753,-0.48355477954745485,-0.59132823967782,-0.0634920634920635
E02000495,Hillingdon 002,241,4360250.0,14000.0,26940.33,77.96000000000001,0.0746887966804979,240.66666666666666,4718441.666666667,14833.333333333334,27669.01,78.25333333333333,0.042613353344158104,-0.0013831258644536662,0.08214934158974065,0.05952380952380953,0.027047924060321377,0.003762613305968792,-0.0320754433363398
E02000496,Hillingdon 003,70,526225.0,5400.0,5099.4,57.3,0.0285714285714285,76.66666666666667,740716.6666666666,7016.666666666667,6730.856666666667,57.50333333333333,0.08223112000889776,0.09523809523809523,0.40760447843919745,0.2993827160493827,0.3199311030055824,0.003548574752763314,0.053659691437469265
E02000497,Hillingdon 004,24,345675.0,5400.0,1796.66,62.0,0.0833333333333333,26.333333333333332,342041.6666666667,6600.0,1916.66,62.0,0.0,0.09722222222222221,-0.010510836286492612,0.2222222222222222,0.06679060033617935,0.0,-0.0833333333333333
E02000498,Hillingdon 005,13,284450.0,12150.0,3861.4,99.49,0.0769230769230769,14.666666666666666,300966.6666666667,15716.666666666666,4285.900000000001,108.2,0.0,0.12820512820512822,0.058065272162653066,0.2935528120713306,0.10993422074895111,0.08754648708412914,-0.0769230769230769
E02000499,Hillingdon 006,77,1738650.0,17250.0,10124.6,87.8,0.0909090909090909,80.66666666666667,1716400.0,16500.0,10571.69,88.46666666666665,0.040867174523168535,0.04761904761904762,-0.012797285250050326,-0.043478260869565216,0.044158781581494534,0.007593014426727357,-0.05004191638592237
E02000500,Hillingdon 007,289,8528250.0,16500.0,39380.13,80.345,0.0795847750865051,291.3333333333333,8171616.666666667,17583.333333333332,38904.253333333334,80.56666666666666,0.0322998481674046,0.00807381776239908,-0.04181787979167278,0.06565656565656565,-0.012084182217444771,0.002758935424315937,-0.0472849269191005
E02000501,Hillingdon 008,77,2779250.0,12000.0,13150.04,71.7,0.0519480519480519,78.0,2643650.0,12500.0,13415.266666666668,72.135,0.0507060333761232,0.012987012987012984,-0.04879014122515068,0.041666666666666664,0.020169266912242557,0.006066945606694526,-0.0012420185719287033
E02000502,Hillingdon 009,51,697450.0,9000.0,4238.42,70.3,0.0588235294117647,48.666666666666664,629916.6666666666,9983.333333333334,3899.1366666666668,70.00333333333333,0.013071895424836602,-0.04575163398692811,-0.0968289244151313,0.10925925925925924,-0.08004948384854112,-0.0042200094831673805,-0.0457516339869281
E02000503,Hillingdon 010,10,849800.0,13500.0,3469.04,62.78,0.1,10.0,822800.0,15333.333333333334,3469.0399999999995,62.78,0.03333333333333333,0.0,-0.031772181689809366,0.13580246913580246,0.0,0.0,-0.06666666666666667
E02000504,Hillingdon 011,69,1182225.0,14500.0,5495.37,64.04,0.0579710144927536,68.66666666666667,1173741.6666666667,15000.0,5740.933333333333,65.70333333333333,0.02361452361452357,-0.004830917874396133,-0.007175735019419598,0.03448275862068966,0.04468549585074954,0.02597334998958981,-0.03435649087823004
E02000506,Hillingdon 013,36,499900.0,12000.0,3078.79,64.1,0.0277777777777777,46.333333333333336,525893.3333333334,10600.0,3025.9500000000003,52.43333333333334,0.0385093167701863,0.28703703703703703,0.051997066079882644,-0.11666666666666665,-0.017162586600580048,-0.18200728029121152,0.010731538992408604
E02000507,Hillingdon 014,33,423250.0,8700.0,3012.32,80.1,0.0303030303030303,32.0,450166.6666666667,10316.666666666666,3025.0866666666666,80.41666666666667,0.0,-0.030303030303030304,0.06359519590470565,0.18582375478927204,0.0042381508825976065,0.003953391593841044,-0.0303030303030303
E02000508,Hillingdon 015,195,14481985.0,39875.0,53180.2,112.2,0.0974358974358974,201.33333333333334,12183705.0,32916.666666666664,52334.003333333334,107.06666666666666,0.059075534680373375,0.03247863247863248,-0.15869923908911657,-0.17450365726227793,-0.01591187446957069,-0.045751633986928164,-0.03836036275552403
E02000509,Hillingdon 016,238,11872715.0,21750.0,88174.46,92.9,0.0924369747899159,232.0,10357788.333333334,19916.666666666668,75085.49666666666,92.78333333333335,0.07244948165664274,-0.025210084033613443,-0.12759732434128726,-0.0842911877394636,-0.1484439296065248,-0.001255830642267702,-0.01998749313327317
E02000510,Hillingdon 017,88,1104975.0,9700.0,7998.49,61.8,0.0454545454545454,92.33333333333333,1269508.3333333333,10750.0,9050.31,61.455000000000005,0.03597067051254466,0.04924242424242425,0.14890231302367324,0.10824742268041236,0.1315023210631007,-0.005582524271844603,-0.009483874942000736
E02000511,Hillingdon 018,68,859200.0,11375.0,6167.9,70.81,0.0588235294117647,64.66666666666667,929866.6666666666,12875.0,5955.513333333333,71.98,0.019662058371735767,-0.049019607843137254,0.08224705152079453,0.13186813186813187,-0.034434194242232534,0.01652308995904529,-0.039161471040028935
E02000512,Hillingdon 019,64,798300.0,11250.0,6575.81,66.5,0.15625,64.0,931116.6666666666,12166.666666666666,6267.496666666666,65.70333333333333,0.0726310726310726,0.0,0.16637437888847134,0.08148148148148147,-0.046885985655506134,-0.011979949874686648,-0.0836189273689274
E02000513,Hillingdon 020,54,4897125.0,14000.0,34465.5,63.2,0.074074074074074,51.666666666666664,4972583.333333333,15583.333333333334,32059.75,65.60000000000001,0.04181442080378247,-0.043209876543209874,0.015408700683224,0.1130952380952381,-0.06980168574371466,0.037974683544303736,-0.03225965327029153
E02000514,Hillingdon 021,163,2666575.0,11625.0,17250.07,68.05,0.1042944785276073,190.33333333333334,2929333.3333333335,11750.0,19112.670000000002,63.43000000000001,0.034290064830891934,0.16768916155419222,0.09853776223557685,0.01075268817204301,0.10797637342920934,-0.06789125642909617,-0.07000441369671535
E02000515,Hillingdon 022,149,5331750.0,11000.0,33817.4,67.4,0.1140939597315436,154.0,5014066.666666667,11583.333333333334,33591.113333333335,64.13,0.06916099773242627,0.03355704697986577,-0.05958331379628327,0.05303030303030303,-0.006691427095716054,-0.048516320474777525,-0.04493296199911733
E02000516,Hillingdon 023,15,591950.0,12500.0,4310.9400000000005,113.06,0.0,19.666666666666668,775550.0,13333.333333333334,4265.45,77.46,0.0,0.3111111111111111,0.31016133119351297,0.06666666666666667,-0.010552222949055287,-0.3148770564302141,0.0
E02000517,Hillingdon 024,33,313125.0,8900.0,1889.5,45.6,0.0909090909090909,33.333333333333336,308225.0,9183.333333333334,1887.426666666667,45.6,0.048611111111111105,0.010101010101010102,-0.01564870259481038,0.031835205992509365,-0.0010972920525711926,0.0,-0.0422979797979798
E02000518,Hillingdon 025,37,877650.0,10250.0,7465.019999999999,57.8,0.081081081081081,39.333333333333336,1220166.6666666667,11416.666666666666,13649.696666666665,64.96666666666665,0.08435708435708429,0.06306306306306307,0.3902656715851041,0.11382113821138211,0.8284876218237418,0.12399077277970012,0.0032760032760032983
E02000519,Hillingdon 026,51,9240100.0,79500.0,65878.07,425.875,0.0196078431372549,63.333333333333336,9065583.333333334,31208.333333333332,62964.74,211.86833333333334,0.0683322824716267,0.24183006535947713,-0.018886880733613994,-0.6074423480083858,-0.044223062393904465,-0.5025105175618824,0.048724439334371795
E02000520,Hillingdon 027,295,5989200.0,12750.0,37695.33,65.0,0.0711864406779661,357.0,6144610.0,11500.0,39333.64333333333,54.93333333333334,0.03981283720534907,0.21016949152542375,0.02594837373939758,-0.09803921568627451,0.04346197084183456,-0.15487179487179484,-0.031373603472617036
E02000521,Hillingdon 028,30,273575.0,4500.0,2379.1,61.1,0.1666666666666666,28.666666666666668,299791.6666666667,5016.666666666667,2258.9266666666667,61.53333333333333,0.07870370370370366,-0.04444444444444445,0.09582990648511985,0.11481481481481481,-0.05051209841256491,0.007092198581560269,-0.08796296296296292
E02000522,Hillingdon 029,98,912525.0,8400.0,8917.9,57.73,0.0408163265306122,97.66666666666667,1025016.6666666666,9016.666666666666,9011.21,57.574999999999996,0.03212150168671903,-0.003401360544217686,0.12327516141110288,0.07341269841269842,0.010463225647293656,-0.002684912523817751,-0.008694824843893166
E02000523,Hillingdon 030,124,2958590.0,7400.0,17054.0,54.52,0.1451612903225806,113.0,2831391.6666666665,8766.666666666666,16246.886666666667,55.85666666666666,0.0743787770221049,-0.08870967741935483,-0.04299288963098413,0.18468468468468469,-0.047326922325163216,0.024516996820738508,-0.0707825133004757
E02000524,Hillingdon 031,54,855080.0,7200.0,12693.05,65.88,0.1851851851851851,103.66666666666667,2599766.6666666665,9741.666666666666,23531.536666666667,60.46,0.1761090251703518,0.9197530864197532,2.040378288191358,0.35300925925925924,0.8538914340262324,-0.08227079538554945,-0.009076160014833292
E02000525,Hillingdon 032,55,1398750.0,10575.0,8424.32,65.8,0.0545454545454545,55.666666666666664,1173500.0,11833.333333333334,7550.81,68.65333333333334,0.09361009361009358,0.012121212121212121,-0.1610366398570152,0.11899133175728921,-0.10368908113651908,0.04336372847011153,0.03906463906463906
E02000526,Hounslow 001,181,7166425.0,33625.0,20919.59,95.6,0.0331491712707182,186.0,6869625.0,32708.333333333332,20602.896666666667,93.89166666666665,0.08236681819236796,0.027624309392265192,-0.04141535005250177,-0.027261462205700124,-0.015138601346074846,-0.01786959553695956,0.04921764692164976
E02000529,Hounslow 004,60,465800.0,7500.0,4369.68,61.535,0.1,62.666666666666664,556016.6666666666,8500.0,4490.233333333334,58.16166666666667,0.05829973118279567,0.044444444444444446,0.19368112208387003,0.13333333333333333,0.02758859535099441,-0.0548197502776197,-0.041700268817204345
E02000530,Hounslow 005,19,3464300.0,4350.0,11406.08,59.150000000000006,0.0,28.666666666666668,3640775.0,6233.333333333333,15957.403333333334,57.916666666666664,0.011904761904761899,0.5087719298245613,0.05094102704731115,0.43295019157088127,0.3990260749822317,-0.020850943927867016,0.011904761904761899
E02000531,Hounslow 006,102,1868750.0,10875.0,22239.93,74.56,0.088235294117647,105.0,2429903.3333333335,12083.333333333334,31522.083333333332,77.835,0.15546002198199696,0.02941176470588235,0.3002827201783724,0.1111111111111111,0.417364323239027,0.043924356223175975,0.06722472786434998
E02000532,Hounslow 007,45,1267800.0,9450.0,7708.42,86.23,0.0,42.666666666666664,1358416.6666666667,11833.333333333334,7508.186666666667,86.29166666666667,0.09314245316366203,-0.05185185185185185,0.07147552190145659,0.25220458553791886,-0.025975924162582337,0.0007151416753642895,0.09314245316366203
E02000533,Hounslow 008,47,687600.0,8500.0,2266.13,49.95,0.1276595744680851,44.333333333333336,784066.6666666666,11300.0,2218.7000000000003,50.666666666666664,0.17120181405895685,-0.05673758865248227,0.14029474500678688,0.32941176470588235,-0.02092995547475217,0.01434768101434767,0.04354223959087177
E02000534,Hounslow 009,51,6517000.0,14375.0,57033.74,62.8,0.0,45.333333333333336,5730583.333333333,14916.666666666666,45852.073333333334,69.46666666666665,0.08942358965368628,-0.11111111111111112,-0.12067157690143726,0.03768115942028986,-0.19605354070532055,0.10615711252653927,0.08942358965368628
E02000535,Hounslow 010,29,296425.0,8000.0,2575.01,74.4,0.0,27.0,298866.6666666667,9066.666666666666,2333.69,74.4,0.09876543209876541,-0.06896551724137931,0.008237047032695172,0.13333333333333333,-0.0937161409081907,0.0,0.09876543209876541
E02000536,Hounslow 011,59,633875.0,8800.0,4852.29,68.1,0.0508474576271186,61.666666666666664,692858.3333333334,9700.0,5141.93,68.36666666666666,0.09749327782114664,0.04519774011299435,0.09305199500427268,0.10227272727272725,0.059691403440437406,0.003915810083211055,0.04664582019402804
E02000537,Hounslow 012,59,567600.0,8750.0,3675.85,59.5,0.0169491525423728,57.0,582750.0,10183.333333333334,3483.0166666666664,58.76666666666667,0.05822155986090407,-0.03389830508474576,0.026691331923890064,0.16380952380952382,-0.05245952183395224,-0.012324929971988812,0.04127240731853127
E02000538,Hounslow 013,54,371725.0,6400.0,4142.87,67.84,0.037037037037037,57.666666666666664,480558.3333333333,8033.333333333333,4976.03,72.96833333333332,0.08739059682455907,0.06790123456790123,0.2927791602214899,0.2552083333333333,0.20110696208184187,0.0755945361635219,0.05035355978752207
E02000539,Hounslow 014,67,976625.0,11875.0,4217.01,55.85,0.044776119402985,69.66666666666667,1004046.6666666666,12291.666666666666,4488.43,57.89833333333333,0.18580445876980922,0.03980099502487562,0.028077989675327448,0.03508771929824561,0.06436313881162246,0.03667561921814377,0.1410283393668242
E02000540,Hounslow 015,219,4073325.0,13875.0,25518.91,78.86500000000001,0.0502283105022831,225.66666666666666,4319758.333333333,15458.333333333334,25766.726666666666,75.61,0.11371326077208427,0.030441400304414,0.060499305440477574,0.1141141141141141,0.009711099207084744,-0.04127306156089532,0.06348495026980117
E02000541,Hounslow 016,106,1639350.0,11375.0,12193.59,71.85,0.0188679245283018,110.66666666666667,1877506.6666666667,11833.333333333334,11871.646666666667,69.63333333333334,0.0721583652618135,0.0440251572327044,0.14527505820396294,0.040293040293040296,-0.026402670036743348,-0.03085131060078858,0.0532904407335117
E02000542,Hounslow 017,92,2176400.0,10050.0,12256.43,64.7,0.0434782608695652,103.33333333333333,2267150.0,10158.333333333334,14186.053333333335,66.39999999999999,0.11529255359696544,0.12318840579710144,0.04169729829075538,0.01077943615257048,0.15743763341636455,0.026275115919629027,0.07181429272740024
E02000543,Hounslow 018,312,15572475.0,32500.0,101348.89,119.75,0.0576923076923076,384.6666666666667,14933151.666666666,20666.666666666668,109144.83333333333,96.73,0.12467857833172964,0.23290598290598288,-0.041054702822340916,-0.36410256410256414,0.07692184229480303,-0.1922338204592902,0.06698627063942204
E02000544,Hounslow 019,25,130045.0,5000.0,1104.11,38.2,0.04,27.333333333333332,144956.66666666666,5850.0,1209.29,37.93333333333334,0.060846560846560795,0.09333333333333334,0.11466543632332397,0.17,0.0952622474209998,-0.006980802792321154,0.020846560846560797
E02000545,Hounslow 020,70,4775985.0,9200.0,27893.9,61.2,0.0714285714285714,62.666666666666664,4345920.0,10266.666666666666,21935.553333333333,62.20000000000001,0.15676883780332052,-0.10476190476190476,-0.09004739336492891,0.11594202898550725,-0.21360751514369336,0.016339869281045753,0.08534026637474912
E02000546,Hounslow 021,40,395900.0,7900.0,3448.65,77.44,0.05,38.666666666666664,431283.3333333333,8966.666666666666,3561.2100000000005,77.48,0.059649122807017535,-0.03333333333333333,0.08937442115012208,0.13502109704641352,0.03263885868383279,0.0005165289256198543,0.00964912280701753
E02000547,Hounslow 022,59,2479925.0,6900.0,19946.82,62.8,0.0508474576271186,56.0,2389983.3333333335,7966.666666666667,14448.93,66.06666666666666,0.0770545264307507,-0.05084745762711865,-0.03626789788669684,0.15458937198067632,-0.27562739323862145,0.052016985138004235,0.026207068803632102
E02000548,Hounslow 023,71,1067200.0,10250.0,10357.65,80.93,0.056338028169014,67.0,1125283.3333333333,11125.0,9563.136666666667,77.83666666666666,0.04382122507122504,-0.056338028169014086,0.05442591204397801,0.08536585365853659,-0.07670787614307618,-0.038222332056509864,-0.012516803097788966
E02000549,Hounslow 024,61,1216100.0,10500.0,7524.66,71.3,0.0655737704918032,62.0,1514683.3333333333,10333.333333333334,8486.89,71.3,0.05387636612021853,0.01639344262295082,0.24552531315955375,-0.015873015873015872,0.12787687417105892,0.0,-0.011697404371584666
E02000550,Hounslow 025,103,6332900.0,27250.0,38958.88,138.24,0.0194174757281553,100.0,6348216.666666667,30500.0,38805.47666666666,139.62833333333333,0.12669292488987358,-0.029126213592233007,0.0024185865348681753,0.11926605504587157,-0.003937570416124144,0.01004292052469127,0.10727544916171827
E02000551,Hounslow 026,55,1191700.0,8500.0,7160.83,62.625,0.0,54.0,1210566.6666666667,9250.0,7063.28,63.166666666666664,0.06149050662456813,-0.01818181818181818,0.015831724986713657,0.08823529411764706,-0.013622722505631313,0.008649367930805094,0.06149050662456813
E02000552,Hounslow 027,70,794800.0,7350.0,15709.6,55.42,0.0428571428571428,64.66666666666667,869183.3333333334,8666.666666666666,15060.326666666668,54.845,0.09714632665452333,-0.07619047619047618,0.09358748532125483,0.17913832199546487,-0.04132971770976553,-0.010375315770480023,0.054289183797380534
E02000553,Hounslow 028,24,233675.0,7000.0,1983.89,55.8,0.125,22.0,232658.33333333334,7866.666666666667,1902.4166666666667,55.79999999999999,0.08531746031746029,-0.08333333333333333,-0.004350772083734532,0.12380952380952381,-0.041067465098031324,0.0,-0.0396825396825397
E02000554,Islington 001,79,991850.0,12250.0,6635.51,74.61,0.0126582278481012,76.66666666666667,861700.0,10458.333333333334,6166.676666666666,69.2,0.0223132479780344,-0.029535864978902954,-0.13121943842314865,-0.14625850340136057,-0.07065520711043065,-0.07251038734754056,0.009655020129933202
E02000555,Islington 002,76,1807600.0,19875.0,7928.44,66.69,0.0263157894736842,80.66666666666667,1773116.6666666667,16875.0,8783.876666666667,63.945,0.0,0.06140350877192982,-0.019076860662388433,-0.1509433962264151,0.1078947014376936,-0.041160593792172705,-0.0263157894736842
E02000556,Islington 003,290,5940025.0,15500.0,28276.39,69.465,0.0275862068965517,293.3333333333333,6523691.666666667,17166.666666666668,29529.27666666667,69.87333333333333,0.04697147878976177,0.01149425287356322,0.09825996804166089,0.10752688172043011,0.044308579230469936,0.0058782600350296725,0.01938527189321007
E02000557,Islington 004,200,3650790.0,13625.0,21249.59,74.97,0.005,186.33333333333334,3778996.6666666665,14666.666666666666,20747.476666666666,73.75666666666666,0.014525088903078466,-0.06833333333333334,0.035117513378382946,0.07645259938837921,-0.02362931865195203,-0.01618425147836913,0.009525088903078467
E02000558,Islington 005,189,3727000.0,16375.0,17048.83,77.59,0.0423280423280423,203.0,3526538.3333333335,15708.333333333334,17352.873333333333,72.18166666666667,0.05091879212898473,0.07407407407407407,-0.053786333959395395,-0.04071246819338422,0.017833677345209648,-0.06970399965631313,0.008590749800942434
E02000559,Islington 006,161,2469525.0,12125.0,11357.13,56.195,0.0248447204968944,160.66666666666666,2304141.6666666665,12291.666666666666,11106.683333333334,53.86666666666667,0.0268979386626445,-0.0020703933747412,-0.0669696939019987,0.013745704467353952,-0.022051932721265505,-0.0414331049618887,0.002053218165750099
E02000560,Islington 007,292,11680970.0,21750.0,58030.39,84.055,0.0102739726027397,343.3333333333333,11232546.666666666,18500.0,58097.026666666665,67.58,0.03128465934917544,0.17579908675799086,-0.038389220529916036,-0.14942528735632185,0.001148306373034292,-0.1960026173338886,0.021010686746435737
E02000561,Islington 008,14,332675.0,8500.0,1467.98,65.6,0.1428571428571428,13.0,327766.6666666667,9166.666666666666,1309.88,61.6,0.0,-0.07142857142857142,-0.014754139425365097,0.0784313725490196,-0.10769901497295598,-0.060975609756097456,-0.1428571428571428
E02000562,Islington 009,31,612950.0,15000.0,1847.4,57.4,0.032258064516129,32.666666666666664,620350.0,15541.666666666666,2015.7966666666669,58.46666666666667,0.061237373737373736,0.053763440860215055,0.012072762868096908,0.036111111111111115,0.09115333261159825,0.018583042973286893,0.028979309221244736
E02000563,Islington 010,55,832950.0,10750.0,4399.41,50.4,0.0363636363636363,57.0,792766.6666666666,10175.0,4385.863333333334,49.39333333333334,0.058201058201058135,0.03636363636363636,-0.048242191408047704,-0.053488372093023255,-0.0030792007716186434,-0.019973544973544904,0.021837421837421832
E02000564,Islington 011,136,2800325.0,14250.0,14127.74,71.275,0.0588235294117647,143.0,2679566.6666666665,14375.0,14564.043333333333,68.17166666666667,0.08411480534242681,0.05147058823529412,-0.04312297084564589,0.008771929824561403,0.030882740858292502,-0.04354027826493642,0.025291275930662105
E02000565,Islington 012,107,1723000.0,14500.0,7194.52,60.8,0.0373831775700934,109.0,1770300.0,13583.333333333334,7688.686666666666,61.81,0.0829368334700574,0.018691588785046728,0.027452118398142777,-0.0632183908045977,0.06868653734601697,0.016611842105263244,0.045553655899964
E02000566,Islington 013,207,4947145.0,15750.0,18512.29,66.93,0.0144927536231884,201.66666666666666,4873781.666666667,16000.0,18163.38333333333,67.96666666666665,0.041355443365493565,-0.02576489533011272,-0.014829428555931418,0.015873015873015872,-0.018847299100579574,0.015488819164300865,0.026862689742305167
E02000567,Islington 014,75,1142510.0,13250.0,5405.43,60.59,0.0,75.66666666666667,1198586.6666666667,13250.0,5590.043333333334,63.43333333333334,0.044216648155004305,0.008888888888888889,0.049081991988399805,0.0,0.034153311269100345,0.04692743577047911,0.044216648155004305
E02000568,Islington 015,117,2059500.0,13250.0,11829.17,68.1,0.0341880341880341,118.33333333333333,2320858.3333333335,13916.666666666666,17313.83,68.08166666666666,0.042364103011954625,0.011396011396011395,0.12690377923444202,0.05031446540880503,0.46365552274589006,-0.0002692119432206475,0.00817606882392053
E02000569,Islington 016,148,5435900.0,26125.0,16601.42,86.805,0.0337837837837837,154.0,5118183.333333333,23666.666666666668,17086.313333333335,84.12,0.05633156371334963,0.04054054054054054,-0.058447849788750096,-0.09409888357256779,0.029207943256259684,-0.030931397960946974,0.022547779929565928
E02000570,Islington 017,143,4057075.0,18000.0,12860.63,71.97,0.0139860139860139,155.66666666666666,4491008.333333333,19833.333333333332,13752.983333333332,70.09833333333334,0.034121710318055866,0.08857808857808858,0.10695718795766244,0.10185185185185186,0.06938644011477928,-0.026006206289657705,0.020135696332041965
E02000571,Islington 018,106,2367550.0,16500.0,10731.44,75.5,0.0094339622641509,110.0,2243100.0,15875.0,11001.339999999998,75.73166666666667,0.023999719025721632,0.03773584905660377,-0.05256488775316256,-0.03787878787878788,0.025150399200852727,0.0030684326710817104,0.014565756761570731
E02000572,Islington 019,94,2732725.0,11750.0,10448.63,74.0,0.0106382978723404,91.0,2402608.3333333335,12333.333333333334,9701.863333333333,72.53333333333335,0.036531463330411434,-0.031914893617021274,-0.12080127589372025,0.04964539007092198,-0.07147029482972082,-0.019819819819819718,0.02589316545807103
E02000573,Islington 020,534,34499415.0,35750.0,76005.97,80.6,0.0262172284644194,581.6666666666666,32621875.0,33958.333333333336,83653.02333333333,80.6,0.0384165533359935,0.08926342072409488,-0.054422372089497746,-0.05011655011655012,0.10061121953095703,0.0,0.0121993248715741
E02000574,Islington 021,305,8362815.0,16250.0,30924.83,60.405,0.0262295081967213,311.0,8104021.666666667,16916.666666666668,33249.44666666666,59.461666666666666,0.06020001399539351,0.019672131147540982,-0.030945720230966884,0.041025641025641026,0.07516990931451085,-0.015616808763071479,0.033970505798672196
E02000577,Kensington and Chelsea 001,178,3755130.0,20375.0,13197.14,68.6,0.0786516853932584,185.66666666666666,6069418.333333333,21625.0,28267.256666666668,68.71666666666665,0.09864698901584142,0.04307116104868913,0.6163004565310212,0.06134969325153374,1.1419229216835365,0.001700680272108816,0.019995303622583033
E02000578,Kensington and Chelsea 002,52,332360.0,1462.5,2608.98,11.075,0.0769230769230769,55.0,334520.0,1550.0,2891.3766666666666,12.033333333333333,0.15749149890162797,0.05769230769230769,0.006498977012877605,0.05982905982905982,0.10824025736750244,0.08653122648607982,0.08056842197855106
E02000579,Kensington and Chelsea 003,35,624075.0,11250.0,2825.06,57.4,0.0,34.333333333333336,594858.3333333334,12416.666666666666,2768.89,57.4,0.058297258297258264,-0.019047619047619046,-0.046815954278999594,0.1037037037037037,-0.019882763551924535,0.0,0.058297258297258264
E02000580,Kensington and Chelsea 004,391,18883550.0,28750.0,35401.72,64.15,0.0358056265984654,634.3333333333334,17995058.333333332,15833.333333333334,36246.71333333333,25.603333333333335,0.0967108238757512,0.6223358908780904,-0.047051092970689656,-0.4492753623188406,0.023868708450700476,-0.6008833463237204,0.06090519727728579
E02000581,Kensington and Chelsea 005,34,1099550.0,15500.0,4312.79,70.44999999999999,0.0294117647058823,34.0,1036983.3333333334,15000.0,4117.186666666667,67.23333333333333,0.11743485272897032,0.0,-0.05690206599669562,-0.03225806451612903,-0.045354244777355994,-0.045658859711379125,0.08802308802308802
E02000582,Kensington and Chelsea 006,275,17427450.0,52000.0,27883.75,72.25,0.0545454545454545,348.0,16528183.333333334,41916.666666666664,27523.95,53.76500000000001,0.18248930298613156,0.26545454545454544,-0.05160058796132921,-0.1939102564102564,-0.012903572869502819,-0.2558477508650519,0.12794384844067705
E02000583,Kensington and Chelsea 007,171,11841590.0,45250.0,25127.95,83.39,0.0584795321637426,177.0,8173473.333333333,39416.666666666664,25591.433333333334,81.23833333333333,0.0734002763570069,0.03508771929824561,-0.30976555231743935,-0.1289134438305709,0.018444932170484745,-0.025802454331054877,0.014920744193264305
E02000584,Kensington and Chelsea 008,332,22389950.0,35750.0,46077.8,83.3,0.0572289156626506,327.6666666666667,18819333.333333332,34250.0,44807.79666666667,82.63666666666667,0.09868679619330605,-0.013052208835341366,-0.1594740795163306,-0.04195804195804196,-0.027562152128212208,-0.007963185274109568,0.04145788053065543
E02000585,Kensington and Chelsea 009,38,1406700.0,20500.0,4943.84,71.25,0.0,37.0,1308850.0,21416.666666666668,4548.320000000001,71.3,0.05296167247386754,-0.02631578947368421,-0.06955996303405133,0.044715447154471545,-0.08000258908055274,0.0007017543859649389,0.05296167247386754
E02000586,Kensington and Chelsea 010,170,19347050.0,38250.0,58606.82,95.02,0.0470588235294117,180.33333333333334,16717218.333333334,33083.333333333336,57116.89666666667,86.48333333333335,0.09424895413025718,0.0607843137254902,-0.1359293363415439,-0.13507625272331156,-0.025422354144676928,-0.08984073528379981,0.04719013060084546
E02000587,Kensington and Chelsea 011,185,18403800.0,47000.0,37544.46,125.4,0.0432432432432432,174.0,12710350.0,41458.333333333336,33405.5,122.02666666666669,0.10881064135760227,-0.05945945945945946,-0.309362740303633,-0.1179078014184397,-0.11024156426807045,-0.026900584795321647,0.06556739811435908
E02000589,Kensington and Chelsea 013,123,9534850.0,31000.0,21021.76,92.2,0.008130081300813,131.0,7769066.666666667,25166.666666666668,28632.033333333336,88.64999999999999,0.11722099500005934,0.06504065040650407,-0.18519256551842278,-0.18817204301075266,0.3620188477717059,-0.03850325379609552,0.10909091369924634
E02000590,Kensington and Chelsea 014,310,33659850.0,64500.0,50756.42,103.94,0.064516129032258,311.6666666666667,26775216.666666668,58500.0,50466.84666666667,102.34333333333332,0.12439680622230707,0.005376344086021504,-0.2045354727764186,-0.09302325581395349,-0.005705156772942838,-0.015361426463985606,0.059880677190049074
E02000591,Kensington and Chelsea 015,64,5681550.0,41250.0,20957.69,86.12,0.03125,64.0,2722983.3333333335,32541.666666666668,11793.400000000001,86.91000000000001,0.09413693385467577,0.0,-0.5207323118984549,-0.2111111111111111,-0.4372757684649405,0.009173246632605684,0.06288693385467577
E02000592,Kensington and Chelsea 016,191,17018450.0,65000.0,35473.35,117.1,0.0471204188481675,189.66666666666666,14967266.666666666,56916.666666666664,37492.83,115.5,0.09687973177590303,-0.006980802792321115,-0.12052703585422486,-0.12435897435897436,0.05692949777790943,-0.013663535439794998,0.049759312927735534
E02000593,Kensington and Chelsea 017,92,4446150.0,39750.0,10616.93,108.5,0.0326086956521739,93.0,3693866.6666666665,34416.666666666664,10632.603333333333,102.03000000000002,0.11106630824372758,0.010869565217391304,-0.1691988199528431,-0.13417190775681342,0.0014762585166646924,-0.05963133640552994,0.07845761259155368
E02000595,Kensington and Chelsea 019,236,21164100.0,62000.0,45068.64,107.52,0.059322033898305,231.66666666666666,18263883.333333332,56416.666666666664,41829.72,107.995,0.08838254992811585,-0.018361581920903952,-0.13703472704564176,-0.0900537634408602,-0.07186637981532165,0.004417782738095274,0.029060516029810857
E02000596,Kensington and Chelsea 020,146,8243750.0,45000.0,17201.82,93.0,0.0273972602739726,147.0,8091716.666666667,43958.333333333336,17471.3,92.81333333333333,0.11991059851798101,0.00684931506849315,-0.0184422542330048,-0.02314814814814815,0.015665784201904263,-0.002007168458781421,0.09251333824400841
E02000597,Kensington and Chelsea 021,109,3796700.0,26125.0,15943.4,85.64,0.036697247706422,128.66666666666666,4240800.0,25250.0,18671.036666666667,96.54,0.1021563551676361,0.18042813455657494,0.11697000026338662,-0.03349282296650718,0.17108249599625336,0.12727697337692667,0.0654591074612141
E02000598,Kingston upon Thames 001,10,107800.0,10000.0,515.38,54.39,0.0,10.333333333333334,133666.66666666666,10833.333333333334,753.7533333333334,55.05833333333334,0.0,0.03333333333333333,0.23995052566481137,0.08333333333333333,0.46251956485182455,0.012287798002083732,0.0
E02000599,Kingston upon Thames 002,13,269500.0,12250.0,2620.89,88.28,0.0769230769230769,14.0,307950.0,13000.0,3270.89,91.12,0.0,0.07692307692307693,0.14267161410018553,0.06122448979591837,0.24800735627973705,0.032170367014046256,-0.0769230769230769
E02000600,Kingston upon Thames 003,76,1328750.0,10250.0,6016.81,71.1,0.1578947368421052,67.66666666666667,1103550.0,12000.0,5470.663333333333,68.71666666666665,0.08835021581732104,-0.10964912280701755,-0.16948259642521166,0.17073170731707318,-0.09077013677790509,-0.033520862634786715,-0.06954452102478417
E02000601,Kingston upon Thames 004,107,3226735.0,11500.0,15893.32,80.65,0.102803738317757,108.66666666666667,3348541.6666666665,12333.333333333334,20782.243333333332,76.33333333333333,0.06860231271995973,0.015576323987538943,0.03774920055928568,0.07246376811594203,0.3076086892690346,-0.053523455259351226,-0.03420142559779728
E02000602,Kingston upon Thames 005,117,4144575.0,14000.0,21417.39,66.14,0.1111111111111111,112.66666666666667,3731366.6666666665,13133.333333333334,20738.43,61.916666666666664,0.0733374701348259,-0.03703703703703704,-0.099698601987739,-0.06190476190476191,-0.0317013417601304,-0.06385445015623425,-0.0377736409762852
E02000603,Kingston upon Thames 006,69,2549900.0,10375.0,18214.61,77.4,0.1159420289855072,65.66666666666667,1751350.0,12666.666666666666,15400.626666666665,78.3,0.08948298718515242,-0.04830917874396135,-0.3131691438879956,0.22088353413654618,-0.15449045207848722,0.011627906976744075,-0.02645904180035477
E02000604,Kingston upon Thames 007,213,6823350.0,18000.0,40053.6,82.9,0.1126760563380281,202.66666666666666,6028126.666666667,19750.0,37408.67333333333,84.14166666666667,0.062399049989492965,-0.048513302034428794,-0.11654441488906964,0.09722222222222222,-0.06603468019520509,0.01497788500201043,-0.05027700634853514
E02000605,Kingston upon Thames 008,105,1336875.0,4150.0,11002.07,44.2,0.1619047619047619,99.33333333333333,1392578.3333333333,4516.666666666667,9884.693333333335,42.449999999999996,0.06988949046440027,-0.053968253968253964,0.04166682250272713,0.08835341365461848,-0.10156058511413456,-0.039592760180995584,-0.09201527144036165
E02000606,Kingston upon Thames 009,613,64698202.0,48000.0,252721.93,116.81,0.1076672104404567,601.6666666666666,47770289.0,40250.0,244578.33333333334,114.62,0.08523603872488673,-0.01848830886351278,-0.26164425713097866,-0.16145833333333334,-0.03222354572342285,-0.018748394829209848,-0.022431171715569964
E02000607,Kingston upon Thames 010,40,442050.0,6450.0,2513.94,48.7,0.05,40.0,525150.0,8400.0,2813.14,48.73333333333333,0.058608058608058566,0.0,0.18798778418730913,0.3023255813953488,0.11901636475015313,0.0006844626967829863,0.008608058608058565
E02000608,Kingston upon Thames 011,236,7645580.0,18250.0,37852.23,77.18,0.0635593220338983,230.66666666666666,7827736.666666667,20083.333333333332,36520.24,77.13,0.057837737261127564,-0.022598870056497175,0.023825094586240242,0.1004566210045662,-0.03518920813912424,-0.0006478362270019612,-0.0057215847727707355
E02000609,Kingston upon Thames 012,24,625950.0,9000.0,1744.53,64.12,0.1666666666666666,22.333333333333332,484233.3333333333,10500.0,2092.5133333333333,73.50333333333333,0.058412698412698395,-0.06944444444444445,-0.22640253481374975,0.16666666666666666,0.19947110874180055,0.14634019546683288,-0.1082539682539682
E02000610,Kingston upon Thames 013,88,1093925.0,9700.0,7368.860000000001,54.55,0.1136363636363636,87.66666666666667,1199408.3333333333,10450.0,8419.210000000001,55.4,0.0599747700498639,-0.0037878787878787893,0.09642647652566066,0.07731958762886598,0.1425390087476217,0.01558203483043087,-0.05366159358649971
E02000611,Kingston upon Thames 014,23,231550.0,8200.0,1824.29,59.22,0.0,24.0,357200.0,11683.333333333334,2227.3333333333335,61.419999999999995,0.0,0.043478260869565216,0.5426473763765925,0.4247967479674797,0.22093161357751967,0.037149611617696775,0.0
E02000612,Kingston upon Thames 015,27,318950.0,9300.0,2502.34,74.83,0.1111111111111111,26.333333333333332,351816.6666666667,10416.666666666666,2445.6333333333337,72.77333333333333,0.024691358024691332,-0.024691358024691357,0.10304645451220147,0.12007168458781363,-0.022661455544277207,-0.0274845204686177,-0.08641975308641976
E02000613,Kingston upon Thames 016,80,947140.0,8250.0,8423.460000000001,60.58,0.1,84.66666666666667,1027896.6666666666,10041.666666666666,9045.24,57.550000000000004,0.0510388437217705,0.05833333333333333,0.08526370617508146,0.21717171717171715,0.07381527305881425,-0.050016507098052145,-0.0489611562782295
E02000614,Kingston upon Thames 017,176,3761125.0,12500.0,34700.54,88.52,0.1420454545454545,181.66666666666666,3797551.6666666665,14458.333333333334,42726.10333333333,89.425,0.08648685905524056,0.032196969696969696,0.009685045476198388,0.15666666666666668,0.23128064673729373,0.01022367826479893,-0.055558595490213934
E02000615,Kingston upon Thames 018,96,1869875.0,14250.0,10245.03,76.49,0.0520833333333333,101.66666666666667,1821808.3333333333,14083.333333333334,10424.096666666666,74.16833333333334,0.0300609888238754,0.05902777777777778,-0.02570581812509749,-0.011695906432748537,0.017478393588565937,-0.030352551531790544,-0.022022344509457902
E02000616,Kingston upon Thames 019,6,135550.0,12125.0,436.94,53.9,0.1666666666666666,7.0,148116.66666666666,12166.666666666666,552.98,68.57,0.09523809523809519,0.16666666666666666,0.09270871757039223,0.003436426116838485,0.26557422071680326,0.27217068645640063,-0.07142857142857141
E02000617,Kingston upon Thames 020,27,1434800.0,9750.0,15570.53,65.535,0.037037037037037,28.0,1375216.6666666667,9750.0,15609.536666666667,62.04666666666666,0.04647435897435894,0.037037037037037035,-0.04152727441687575,0.0,0.0025051598543316647,-0.05322855471630933,0.009437321937321934
E02000619,Lambeth 002,78,1326725.0,7900.0,7539.78,61.72,0.0384615384615384,82.33333333333333,1614408.3333333333,9850.0,7928.783333333333,62.535,0.032683113406004966,0.05555555555555555,0.21683719936937443,0.24683544303797467,0.05159345940244062,0.013204795852235905,-0.005778425055533435
E02000620,Lambeth 003,163,4460400.0,15250.0,23812.31,86.18,0.0368098159509202,174.0,5468716.666666667,17666.666666666668,26856.61,90.61166666666666,0.02689663398893923,0.06748466257668712,0.226059695692464,0.15846994535519124,0.1278456395032653,0.05142337742709047,-0.009913181961980967
E02000622,Lambeth 005,119,2032100.0,13250.0,10760.79,71.47,0.042016806722689,123.33333333333333,2081608.3333333333,14250.0,10701.646666666667,68.95,0.021471519094357735,0.036414565826330535,0.02436313829699982,0.07547169811320754,-0.005496188786634997,-0.035259549461312385,-0.02054528762833127
E02000623,Lambeth 006,36,639400.0,9900.0,9678.17,52.5,0.0,35.0,591216.6666666666,11466.666666666666,9679.72,52.43333333333334,0.028571428571428536,-0.027777777777777776,-0.07535710561985194,0.15824915824915825,0.0001601542440357919,-0.0012698412698412865,0.028571428571428536
E02000624,Lambeth 007,59,922100.0,11250.0,5573.31,69.16,0.0169491525423728,57.333333333333336,1038950.0,12916.666666666666,5541.136666666666,69.36,0.023558162267839633,-0.02824858757062147,0.12672161370784082,0.14814814814814814,-0.005772751440945051,0.002891844997108265,0.0066090097254668315
E02000625,Lambeth 008,124,2477900.0,11750.0,17578.4,68.0,0.0725806451612903,120.33333333333333,2689716.6666666665,12916.666666666666,17259.546666666665,66.63666666666667,0.029051886270605103,-0.02956989247311828,0.08548233046800381,0.09929078014184396,-0.01813892807839941,-0.020049019607843156,-0.04352875889068519
E02000626,Lambeth 009,85,808700.0,9100.0,8444.51,98.665,0.0352941176470588,84.66666666666667,995066.6666666666,12700.0,8440.173333333332,98.58333333333333,0.0118136018767271,-0.00392156862745098,0.23045216602778126,0.3956043956043956,-0.0005135486448198112,-0.0008277166844034683,-0.023480515770331705
E02000627,Lambeth 010,82,1547225.0,11250.0,6596.78,67.6,0.024390243902439,80.66666666666667,1506941.6666666667,11916.666666666666,6556.743333333333,67.66666666666667,0.01629894653150463,-0.016260162601626018,-0.026035859899712927,0.05925925925925926,-0.0060691226123451986,0.0009861932938856858,-0.008091297370934369
E02000628,Lambeth 011,492,12753590.0,12500.0,47217.4,48.75,0.0467479674796747,588.0,14312026.666666666,12333.333333333334,48145.22333333333,36.39666666666667,0.023711552914191834,0.19512195121951223,0.12219592025983794,-0.013333333333333336,0.019650030144254687,-0.2534017094017094,-0.023036414565482864
E02000629,Lambeth 012,138,5259450.0,23000.0,29825.43,81.06,0.0579710144927536,136.66666666666666,4678816.666666667,25166.666666666668,18224.079999999998,80.065,0.017006690694194766,-0.009661835748792272,-0.11039810880098362,0.09420289855072463,-0.38897511284833114,-0.012274858129780464,-0.040964323798558834
E02000630,Lambeth 013,114,3679950.0,21125.0,12144.96,75.57,0.043859649122807,114.33333333333333,3716400.0,21791.666666666668,11885.673333333334,69.04833333333333,0.049718890554722596,0.0029239766081871343,0.009905025883503851,0.03155818540433925,-0.021349322407539065,-0.08629967800273464,0.005859241431915599
E02000631,Lambeth 014,69,1073200.0,12000.0,6718.92,77.7,0.1159420289855072,72.66666666666667,1165800.0,12166.666666666666,6675.613333333334,72.66666666666667,0.049789967877440035,0.053140096618357495,0.08628401043607901,0.01388888888888889,-0.006445480325211,-0.06477906477906488,-0.06615206110806716
E02000632,Lambeth 015,113,3270250.0,11500.0,21286.54,67.24,0.079646017699115,113.33333333333333,2519950.0,11958.333333333334,12317.583333333334,63.65333333333333,0.0641414141414141,0.0029498525073746312,-0.22943200061157407,0.03985507246376812,-0.42134403555799427,-0.05334126511996823,-0.0155046035577009
E02000633,Lambeth 016,143,7273115.0,14000.0,33204.77,63.47,0.0419580419580419,141.66666666666666,7283188.333333333,16000.0,32116.763333333336,63.423333333333325,0.03446608981485957,-0.009324009324009326,0.0013850094950146302,0.14285714285714285,-0.03276657741242187,-0.0007352555012867002,-0.00749195214318233
E02000634,Lambeth 017,115,5527380.0,24500.0,16377.14,70.75999999999999,0.0347826086956521,114.66666666666667,5199543.333333333,24750.0,16408.626666666667,71.49333333333333,0.014330340955727933,-0.002898550724637681,-0.0593114037150814,0.01020408163265306,0.0019225986140845224,0.010363670623704623,-0.020452267739924163
E02000635,Lambeth 018,144,2147575.0,7900.0,10951.2,65.79,0.0347222222222222,147.0,2420183.3333333335,10233.333333333334,11861.153333333334,67.3,0.010416666666666666,0.020833333333333332,0.1269377476145575,0.29535864978902954,0.08309165510020207,0.02295181638546878,-0.024305555555555535
E02000636,Lambeth 019,56,2876000.0,25375.0,8604.44,94.185,0.0178571428571428,57.333333333333336,3002150.0,27208.333333333332,8940.936666666666,93.73166666666667,0.029038112522686,0.023809523809523808,0.04386300417246175,0.07224958949096881,0.039107329084364116,-0.0048132222045266,0.011180969665543198
E02000637,Lambeth 020,81,1228950.0,6800.0,8133.44,70.35,0.0,82.0,1443533.3333333333,9266.666666666666,8240.666666666666,70.82666666666667,0.0,0.012345679012345678,0.1746070493781955,0.3627450980392157,0.013183433659886551,0.006775645581615764,0.0
E02000638,Lambeth 021,91,1043700.0,9150.0,7567.42,60.97,0.0439560439560439,90.33333333333333,1213283.3333333333,10575.0,7470.986666666667,60.57,0.018171495012279066,-0.007326007326007327,0.16248283350899043,0.15573770491803277,-0.012743224683357526,-0.006560603575528925,-0.025784548943764835
E02000639,Lambeth 022,19,417700.0,6650.0,1623.14,52.1,0.1578947368421052,9.0,300866.6666666667,32333.333333333332,766.0733333333334,41.8,0.051282051282051266,-0.5263157894736842,-0.2797063283058016,3.862155388471178,-0.5280300323241782,-0.19769673704414595,-0.10661268556005393
E02000640,Lambeth 023,22,354600.0,11000.0,2298.04,63.400000000000006,0.0,24.0,411933.3333333333,11166.666666666666,2537.08,63.400000000000006,0.0,0.0909090909090909,0.16168452716676066,0.015151515151515152,0.10401907712659482,0.0,0.0
E02000641,Lambeth 024,7,52600.0,5200.0,573.66,41.9,0.0,7.666666666666667,113233.33333333333,8366.666666666666,722.8866666666667,57.35333333333333,0.0,0.09523809523809523,1.152724968314322,0.6089743589743589,0.26013085567525485,0.3688146380270485,0.0
E02000642,Lambeth 025,102,1261750.0,8800.0,8265.03,64.5,0.0294117647058823,104.66666666666667,1605050.0,10650.0,8585.106666666667,66.69333333333333,0.0188295615275813,0.026143790849673203,0.27208242520309095,0.2102272727272727,0.038726618858814295,0.034005167958656324,-0.010582203178301003
E02000643,Lambeth 026,95,1480850.0,13000.0,10801.95,86.65,0.0105263157894736,97.66666666666667,1878583.3333333333,15500.0,11425.693333333335,86.70166666666667,0.030719566802040965,0.028070175438596492,0.26858448413636316,0.1923076923076923,0.0577435864203531,0.000596268513175615,0.020193251012567363
E02000644,Lambeth 027,62,1333375.0,11625.0,10244.43,77.1,0.0,62.666666666666664,1513175.0,13291.666666666666,10764.65,77.28333333333333,0.0,0.01075268817204301,0.13484578606918532,0.14336917562724014,0.05078076574294518,0.002377864245568575,0.0
E02000645,Lambeth 028,201,2562800.0,9150.0,17905.03,59.3,0.044776119402985,205.0,2729713.3333333335,9908.333333333334,18059.693333333333,58.5,0.03093951328347247,0.019900497512437814,0.06512928567712399,0.08287795992714025,0.00863798236212583,-0.0134907251264755,-0.013836606119512535
E02000646,Lambeth 029,209,6136000.0,19500.0,34236.69,95.75,0.0430622009569378,218.33333333333334,6321516.666666667,20666.666666666668,34754.723333333335,95.44666666666667,0.0244505901621045,0.044657097288676235,0.030234137331594958,0.05982905982905983,0.015130940909688783,-0.0031679721496953757,-0.0186116107948333
E02000647,Lambeth 030,6,45100.0,7900.0,332.18,48.150000000000006,0.0,5.333333333333333,41333.333333333336,8833.333333333334,266.12666666666667,41.11666666666667,0.0,-0.1111111111111111,-0.0835181079083518,0.11814345991561181,-0.19884801412888597,-0.14607130494980966,0.0
E02000648,Lambeth 031,25,281250.0,8500.0,1871.03,67.17,0.0,23.666666666666668,267233.3333333333,8966.666666666666,1765.1833333333332,65.41333333333334,0.0,-0.05333333333333334,-0.049837037037037034,0.054901960784313725,-0.05657133593083314,-0.02615254826063224,0.0
E02000649,Lambeth 032,214,4634100.0,9750.0,55227.5,77.14500000000001,0.0327102803738317,212.0,5054716.666666667,11150.0,38297.48333333333,74.345,0.017287711617722534,-0.009345794392523364,0.09076555677837479,0.1435897435897436,-0.3065504805878714,-0.03629528809384939,-0.015422568756109168
E02000650,Lambeth 033,85,1522475.0,12625.0,8067.82,71.225,0.0117647058823529,89.0,1666816.6666666667,13333.333333333334,8047.166666666667,70.29,0.0187700979835811,0.047058823529411764,0.09480724916117944,0.0561056105610561,-0.002559964567049469,-0.013127413127413027,0.007005392101228201
E02000651,Lambeth 034,100,2974500.0,9800.0,15552.56,60.91,0.03,97.33333333333333,3021750.0,10333.333333333334,20464.156666666666,61.76333333333333,0.020349418867661867,-0.026666666666666672,0.01588502269288956,0.05442176870748299,0.31580631527328407,0.014009741148142081,-0.009650581132338132
E02000652,Lambeth 035,35,903800.0,7600.0,5087.55,58.7,0.0,35.0,921833.3333333334,9366.666666666666,4984.030000000001,58.70000000000001,0.0,0.0,0.01995279191561555,0.23245614035087717,-0.020347711570402164,0.0,0.0
E02000653,Lewisham 001,23,828250.0,8700.0,10446.26,133.375,0.1739130434782608,28.333333333333332,1094623.3333333333,15166.666666666666,7616.286666666667,124.53166666666668,0.05694942254082036,0.2318840579710145,0.32160981990139853,0.7432950191570882,-0.2709078017714793,-0.06630427991252734,-0.11696362093744044
E02000654,Lewisham 002,132,1500400.0,10875.0,12555.07,89.1,0.0833333333333333,129.0,1559440.0,11416.666666666666,12077.746666666666,85.39999999999999,0.022163264510342933,-0.022727272727272724,0.039349506798187155,0.04980842911877394,-0.038018372922917446,-0.04152637485970812,-0.061170068822990364
E02000655,Lewisham 003,74,1637450.0,11750.0,11448.67,74.89,0.027027027027027,79.66666666666667,3086466.6666666665,12000.0,17317.266666666666,82.56,0.03300229182582117,0.07657657657657659,0.884922694840555,0.02127659574468085,0.512600735864224,0.10241687808786222,0.005975264798794166
E02000657,Lewisham 005,163,2355975.0,9900.0,11834.42,59.38,0.0736196319018405,158.66666666666666,2070888.3333333333,9550.0,11429.446666666665,60.78666666666667,0.0344939065010384,-0.026584867075664625,-0.12100581146517542,-0.03535353535353535,-0.03421995613923905,0.02368923318738066,-0.03912572540080209
E02000658,Lewisham 006,64,746235.0,10250.0,4288.1,61.985,0.03125,65.66666666666667,675998.3333333334,9600.0,4232.673333333333,59.28,0.024666517624264032,0.026041666666666668,-0.09412137820749049,-0.06341463414634146,-0.012925693586125997,-0.043639590223441126,-0.006583482375735967
E02000659,Lewisham 007,30,1100800.0,11750.0,7201.27,69.1,0.0666666666666666,31.0,1198800.0,14250.0,6236.073333333334,73.11833333333334,0.07474747474747469,0.03333333333333333,0.08902616279069768,0.2127659574468085,-0.13403145093388621,0.05815243608297164,0.0080808080808081
E02000660,Lewisham 008,53,771500.0,11750.0,5059.64,67.27,0.0188679245283018,50.333333333333336,742675.0,12416.666666666666,4639.856666666667,68.46666666666667,0.025880303595869066,-0.05031446540880504,-0.037362281270252755,0.05673758865248227,-0.0829670358628941,0.01778900946434774,0.007012379067567266
E02000661,Lewisham 009,174,4893500.0,21250.0,16038.62,76.1,0.0229885057471264,182.0,4698943.333333333,21000.0,16170.626666666669,73.92999999999999,0.03817924214815973,0.04597701149425287,-0.039758182623207655,-0.011764705882352941,0.008230550176178885,-0.02851511169513794,0.015190736401033333
E02000662,Lewisham 010,24,319350.0,9300.0,2599.02,66.345,0.0833333333333333,23.666666666666668,319150.0,9166.666666666666,2292.4633333333336,58.553333333333335,0.04231884057971014,-0.013888888888888888,-0.0006262721152340694,-0.014336917562724016,-0.11795086866075155,-0.11744165599015248,-0.04101449275362317
E02000663,Lewisham 011,63,1804600.0,6200.0,9965.56,57.65,0.0317460317460317,63.0,1339066.6666666667,7850.0,8771.726666666667,53.96833333333334,0.036396511806347835,0.0,-0.25797037201226497,0.2661290322580645,-0.11979591044891942,-0.0638623879734026,0.00465048006031613
E02000665,Lewisham 013,119,3301350.0,9600.0,19085.67,81.63499999999999,0.0336134453781512,117.33333333333333,2875790.0,8650.0,23818.48,83.53000000000002,0.022485163066733604,-0.014005602240896359,-0.1289048419585927,-0.09895833333333333,0.24797714725236275,0.02321308262387475,-0.011128282311417596
E02000666,Lewisham 014,65,848050.0,10500.0,5392.16,65.97999999999999,0.0615384615384615,64.66666666666667,926033.3333333334,11416.666666666666,5527.54,66.61166666666666,0.020520220520220466,-0.005128205128205128,0.09195605605015428,0.08730158730158728,0.025106821756031,0.009573608164090253,-0.04101824101824103
E02000667,Lewisham 015,80,933800.0,10000.0,5226.84,55.93,0.025,83.66666666666667,906416.6666666666,9766.666666666666,5391.8533333333335,55.839999999999996,0.008230452674897101,0.04583333333333334,-0.02932462340258442,-0.023333333333333334,0.03157038159448788,-0.0016091543000178981,-0.016769547325102902
E02000668,Lewisham 016,75,824625.0,8450.0,5461.04,55.94,0.0266666666666666,72.0,843741.6666666666,9666.666666666666,5497.34,56.20000000000001,0.018295739348370865,-0.04,0.023182254560153603,0.14398422090729782,0.006647085536820859,0.004647836968180285,-0.008370927318295732
E02000669,Lewisham 017,131,1272950.0,7800.0,10972.69,62.4,0.0763358778625954,127.33333333333333,1246096.6666666667,8050.0,10424.266666666666,62.66833333333333,0.03025336757140477,-0.027989821882951654,-0.021095355931759558,0.032051282051282055,-0.049980755250839504,0.004300213675213673,-0.04608251029119063
E02000670,Lewisham 018,66,1355675.0,7900.0,10292.12,63.45,0.0,63.0,647675.0,7516.666666666667,7946.173333333333,58.11000000000001,0.0,-0.04545454545454545,-0.5222490641193501,-0.04852320675105485,-0.22793619455143035,-0.08416075650118204,0.0
E02000671,Lewisham 019,136,1442265.0,7900.0,10582.6,53.915000000000006,0.0735294117647058,132.66666666666666,1530885.0,8750.0,10471.64,53.81333333333333,0.019370550071570635,-0.024509803921568627,0.06144501877255567,0.10759493670886074,-0.01048513597792606,-0.0018856842560821905,-0.05415886169313516
E02000672,Lewisham 020,227,5454800.0,14625.0,40833.04,90.00999999999999,0.026431718061674,240.66666666666666,5717200.0,13958.333333333334,44974.07,91.76166666666666,0.024633579927697533,0.06020558002936858,0.04810442179364963,-0.045584045584045586,0.10141370811480112,0.019460800651779523,-0.0017981381339764665
E02000673,Lewisham 021,108,2427250.0,11000.0,13242.58,63.0,0.074074074074074,106.66666666666667,2365816.6666666665,11625.0,12718.519999999999,63.79,0.0491692241692241,-0.012345679012345678,-0.025309849967384213,0.056818181818181816,-0.03957385947451323,0.012539682539682526,-0.0249048499048499
E02000674,Lewisham 022,35,332300.0,8750.0,3182.89,77.465,0.0571428571428571,35.666666666666664,338916.6666666667,9466.666666666666,3420.806666666667,77.49166666666666,0.0,0.019047619047619046,0.01991172635169024,0.08190476190476191,0.0747486299139043,0.00034424148540194093,-0.0571428571428571
E02000675,Lewisham 023,41,518900.0,8500.0,4239.6,74.8,0.073170731707317,39.0,537133.3333333334,9333.333333333334,3805.6066666666666,75.46666666666665,0.016260162601626,-0.048780487804878044,0.03513843386651249,0.09803921568627451,-0.10236657546309404,0.008912655971479501,-0.056910569105691
E02000676,Lewisham 024,43,429800.0,6700.0,3914.66,55.400000000000006,0.0465116279069767,38.0,298233.3333333333,7116.666666666667,2858.1266666666666,52.11000000000001,0.03174603174603174,-0.11627906976744186,-0.3061113696292849,0.062189054726368154,-0.26989146779882117,-0.05938628158844771,-0.014765596160944966
E02000677,Lewisham 025,64,2509950.0,9300.0,20409.05,83.035,0.046875,57.333333333333336,1973616.6666666667,9533.333333333334,13961.366666666667,77.15166666666667,0.0,-0.10416666666666667,-0.21368287548888756,0.025089605734767026,-0.31592275648956386,-0.0708536560887978,-0.046875
E02000678,Lewisham 026,16,184000.0,8550.0,1352.83,69.945,0.0,17.0,188900.0,8733.333333333334,1368.5633333333333,67.0,0.019607843137254898,0.0625,0.026630434782608698,0.021442495126705652,0.011629941185022028,-0.042104510686968244,0.019607843137254898
E02000679,Lewisham 027,56,589550.0,7100.0,5099.18,55.0,0.0714285714285714,52.333333333333336,511383.3333333333,8366.666666666666,3549.1066666666666,52.73333333333333,0.011695906432748532,-0.06547619047619048,-0.13258700138523732,0.1784037558685446,-0.30398482370368046,-0.04121212121212119,-0.05973266499582286
E02000680,Lewisham 028,73,645050.0,6800.0,5896.29,69.6,0.0273972602739726,76.33333333333333,686006.6666666666,7066.666666666667,6324.306666666666,71.38666666666667,0.021758942811574367,0.045662100456621,0.0634937860114203,0.0392156862745098,0.07259084384700663,0.025670498084291324,-0.0056383174623982355
E02000681,Lewisham 029,90,9088300.0,10750.0,42203.57,71.95,0.1444444444444444,90.0,7456516.666666667,11416.666666666666,68303.88333333335,87.13333333333333,0.0668660022148394,-2.3129646346357427e-18,-0.17954769685566427,0.06201550387596899,0.6184385191426539,0.21102617558489686,-0.077578442229605
E02000682,Lewisham 030,18,304950.0,9800.0,2623.42,68.22999999999999,0.1111111111111111,18.0,308266.6666666667,10216.666666666666,2652.59,78.74,0.0,0.0,0.010876099907088594,0.04251700680272109,0.011119073575714114,0.15403781327861654,-0.1111111111111111
E02000683,Lewisham 031,26,187825.0,6750.0,1538.5,53.475,0.0384615384615384,26.0,196875.0,7283.333333333333,1538.5,53.475,0.0,0.0,0.0481831492080394,0.07901234567901234,0.0,0.0,-0.0384615384615384
E02000685,Lewisham 033,66,902975.0,12250.0,6585.32,90.13,0.0454545454545454,69.0,918491.6666666666,12916.666666666666,7168.889999999999,96.45333333333333,0.019136344421682366,0.04545454545454545,0.017183938278099248,0.05442176870748299,0.08861680222069694,0.0701579200414217,-0.02631820103286303
E02000686,Lewisham 034,21,1310850.0,7800.0,7634.52,80.36,0.0,20.666666666666668,570043.3333333334,7883.333333333333,5323.586666666667,75.205,0.0,-0.015873015873015872,-0.5651345818870707,0.010683760683760682,-0.3026953015164455,-0.06414883026381286,0.0
E02000687,Lewisham 035,143,2075950.0,10500.0,15729.19,68.50999999999999,0.0909090909090909,141.33333333333334,2011036.6666666667,10958.333333333334,14291.623333333331,67.95333333333333,0.0350158068093417,-0.011655011655011656,-0.03126921810897822,0.04365079365079364,-0.09139483130832976,-0.008125334501045947,-0.055893284099749196
E02000689,Merton 001,86,4657300.0,13750.0,26053.59,77.715,0.0,85.33333333333333,4525713.333333333,14583.333333333334,30311.28,77.59166666666667,0.0,-0.007751937984496124,-0.028253852375124358,0.06060606060606061,0.1634204729559343,-0.0015869952175684855,0.0
E02000690,Merton 002,31,2219520.0,57500.0,3354.32,93.84,0.0,31.0,2114300.0,55583.333333333336,3395.3033333333333,93.15500000000002,0.0,0.0,-0.04740664648212226,-0.03333333333333333,0.012218074999801187,-0.007299658994032419,0.0
E02000691,Merton 003,272,15322080.0,35750.0,56994.3,88.98,0.0,241.66666666666666,11262911.666666666,34666.666666666664,48442.746666666666,90.78666666666668,0.0,-0.11151960784313726,-0.26492279986355205,-0.030303030303030304,-0.1500422556875571,0.020304188207087688,0.0
E02000692,Merton 004,179,10516030.0,44375.0,40423.31,92.85,0.0,176.0,10014935.0,45958.333333333336,44669.380000000005,89.87166666666667,0.0,-0.016759776536312845,-0.047650586770863146,0.03568075117370892,0.10504013649550235,-0.03207682642254523,0.0
E02000693,Merton 005,154,14277400.0,9700.0,80043.65,58.23,0.0,153.0,12508258.333333334,10441.666666666666,75502.48666666666,58.428333333333335,0.0,-0.006493506493506496,-0.12391203347014629,0.07646048109965636,-0.056733586403585175,0.0034060335451371743,0.0
E02000694,Merton 006,163,1474200.0,6600.0,10381.64,49.05,0.0,154.0,1559666.6666666667,8166.666666666667,9705.276666666667,48.928333333333335,0.0,-0.05521472392638036,0.05797494686383575,0.23737373737373738,-0.06514995061794984,-0.0024804621134895542,0.0
E02000695,Merton 007,58,526700.0,7300.0,3913.68,52.74,0.0,56.0,553833.3333333334,7833.333333333333,3832.0933333333337,53.61333333333334,0.0,-0.034482758620689655,0.051515726852730835,0.0730593607305936,-0.020846534889583827,0.016559221337378274,0.0
E02000696,Merton 008,73,1148275.0,8800.0,8208.960000000001,66.82499999999999,0.0,73.33333333333333,1274541.6666666667,9950.0,8343.443333333333,66.30666666666666,0.0043859649122807,0.0045662100456621,0.10996204451604945,0.13068181818181818,0.016382505619875323,-0.007756578126948392,0.0043859649122807
E02000697,Merton 009,172,6184030.0,9800.0,27054.34,61.41,0.0,164.0,6471613.333333333,10791.666666666666,30140.10666666667,67.08999999999999,0.0,-0.046511627906976744,0.04650419440612891,0.1011904761904762,0.11405810183011918,0.09249307930304507,0.0
E02000698,Merton 010,18,366350.0,16500.0,2171.54,98.62,0.0,18.666666666666668,371933.3333333333,16125.0,2195.516666666667,97.805,0.0,0.037037037037037035,0.015240434921068196,-0.022727272727272724,0.011041319370891978,-0.008264043804502153,0.0
E02000699,Merton 011,57,1189075.0,7000.0,8150.42,67.57,0.0,50.666666666666664,1136788.3333333333,8266.666666666666,7604.296666666666,65.58,0.0,-0.1111111111111111,-0.043972555698056616,0.18095238095238095,-0.06700554490852413,-0.029450939766168346,0.0
E02000700,Merton 012,19,948370.0,6400.0,6756.99,82.505,0.0,18.666666666666668,654606.6666666666,6400.0,5522.98,82.42666666666666,0.0,-0.017543859649122806,-0.30975603755215086,0.0,-0.18262717570989448,-0.0009494374078338664,0.0
E02000701,Merton 013,101,1624675.0,9900.0,12535.3,66.42,0.0,106.0,2029133.3333333333,10383.333333333334,14168.83,65.14500000000001,0.0,0.0495049504950495,0.24894722534250438,0.04882154882154882,0.13031439215654997,-0.01919602529358614,0.0
E02000702,Merton 014,22,293850.0,7450.0,1077.91,48.165,0.0,23.0,283350.0,8083.333333333333,1097.8933333333334,47.38166666666666,0.0,0.04545454545454545,-0.03573251659009699,0.08501118568232663,0.01853896274580742,-0.01626353853074502,0.0
E02000703,Merton 015,48,721600.0,7500.0,5790.6,58.11,0.0,47.333333333333336,763600.0,8350.0,5753.7,57.379999999999995,0.0,-0.013888888888888888,0.0582039911308204,0.11333333333333333,-0.006372396642834981,-0.012562381689898455,0.0
E02000704,Merton 016,173,3918420.0,12500.0,18543.03,71.065,0.0,169.66666666666666,3711063.3333333335,13708.333333333334,19023.183333333334,67.59166666666665,0.0,-0.019267822736030827,-0.05291843821404205,0.09666666666666668,0.025894006175545974,-0.048875442669856245,0.0
E02000705,Merton 017,53,722500.0,7400.0,5062.91,54.51,0.0,50.333333333333336,734483.3333333334,8066.666666666667,4832.823333333333,53.93,0.0,-0.05031446540880503,0.016585928489042678,0.0900900900900901,-0.04544553757950798,-0.010640249495505382,0.0
E02000706,Merton 018,98,2652400.0,9300.0,17855.14,64.375,0.0,98.33333333333333,2768183.3333333335,10833.333333333334,17957.463333333333,63.77333333333333,0.0,0.003401360544217687,0.04365228975016338,0.16487455197132617,0.0057307494275224795,-0.009346278317152101,0.0
E02000707,Merton 019,16,238250.0,11625.0,1596.42,74.60499999999999,0.0,15.333333333333334,248000.0,12833.333333333334,1534.8066666666666,70.06833333333333,0.0,-0.041666666666666664,0.040923399790136414,0.1039426523297491,-0.03859468894985867,-0.06080915041440469,0.0
E02000708,Merton 020,70,8164100.0,10750.0,71397.91,91.57,0.0,67.0,7172400.0,12458.333333333334,51501.33666666667,92.55666666666666,0.0,-0.04285714285714285,-0.12147082960767262,0.15891472868217052,-0.27867164925882754,0.01077499908994943,0.0
E02000709,Merton 021,15,123400.0,7300.0,1229.26,62.21,0.0,13.666666666666666,125250.0,7933.333333333333,1153.1266666666668,62.21,0.0,-0.08888888888888889,0.01499189627228525,0.0867579908675799,-0.06193428024448316,0.0,0.0
E02000710,Merton 022,70,1078100.0,7400.0,11499.58,60.8,0.0,72.33333333333333,1132741.6666666667,8016.666666666667,10139.293333333333,61.05166666666667,0.009389671361502334,0.03333333333333333,0.05068330086881242,0.08333333333333333,-0.11829011726225362,0.004139254385964926,0.009389671361502334
E02000711,Merton 023,208,3832695.0,9900.0,30589.28,72.8,0.0,206.0,3916898.3333333335,11133.333333333334,29146.073333333334,72.66,0.0,-0.009615384615384614,0.021969745396733454,0.12457912457912458,-0.0471801450268416,-0.001923076923076931,0.0
E02000712,Merton 024,31,398900.0,5600.0,2134.15,56.05,0.0,31.0,357566.6666666667,5866.666666666667,2025.1933333333334,54.13333333333333,0.0,0.0,-0.10361828361326982,0.047619047619047616,-0.05105389343142084,-0.034195658638120685,0.0
E02000713,Merton 025,38,660095.0,8250.0,10075.72,68.59,0.0,37.333333333333336,590655.0,8733.333333333334,9696.08,68.26333333333334,0.0,-0.017543859649122806,-0.10519697922268763,0.058585858585858595,-0.03767869690701992,-0.004762599018321515,0.0
E02000714,Newham 001,97,1207875.0,9800.0,7980.16,67.11,0.0,98.0,1256275.0,10433.333333333334,7774.31,63.25,0.0,0.010309278350515464,0.040070371520231816,0.06462585034013606,-0.025795222150934365,-0.057517508568022645,0.0
E02000715,Newham 002,75,1124150.0,11500.0,8286.25,63.8,0.0,72.33333333333333,1143733.3333333333,12000.0,8259.636666666665,61.913333333333334,0.004761904761904734,-0.035555555555555556,0.017420569615561387,0.043478260869565216,-0.0032117463669734786,-0.029571577847439825,0.004761904761904734
E02000716,Newham 003,77,1394750.0,13000.0,10666.21,86.1,0.0,106.0,1558741.6666666667,12750.0,10893.933333333332,70.24333333333333,0.0,0.3766233766233766,0.11757782159287807,-0.019230769230769232,0.021349976545870935,-0.18416569879984512,0.0
E02000717,Newham 004,219,3110100.0,12000.0,20852.35,70.3,0.0,219.33333333333334,3251333.3333333335,12666.666666666666,19841.563333333335,68.28666666666668,0.0,0.0015220700152207,0.04541118720727094,0.05555555555555555,-0.04847351337698938,-0.02863916548127071,0.0
E02000718,Newham 005,35,274650.0,7400.0,3143.32,102.99,0.0,34.333333333333336,304491.6666666667,7466.666666666667,3132.32,107.17666666666666,0.0,-0.019047619047619046,0.10865343770859882,0.009009009009009009,-0.003499484621355764,0.040651195908987935,0.0
E02000719,Newham 006,54,897750.0,14000.0,4672.56,63.435,0.0185185185185185,58.333333333333336,981133.3333333334,14000.0,4817.526666666666,61.723333333333336,0.011396843950905866,0.08024691358024691,0.0928803490206999,0.0,0.03102510543827493,-0.026983000972123722,-0.007121674567612633
E02000720,Newham 007,131,1808750.0,9700.0,10233.38,67.185,0.0,134.0,1941425.0,11200.0,10501.153333333334,68.50666666666667,0.009881422924901167,0.022900763358778626,0.07335176226675881,0.15463917525773196,0.026166655917530073,0.019672049812706226,0.009881422924901167
E02000721,Newham 008,256,4205270.0,13000.0,27139.66,86.58,0.0,253.66666666666666,4300768.333333333,13958.333333333334,27336.426666666666,85.875,0.0,-0.009114583333333334,0.022709203768921698,0.07371794871794872,0.007250152237230179,-0.008142758142758123,0.0
E02000722,Newham 009,22,413275.0,4600.0,1995.23,24.11,0.0,19.333333333333332,365556.6666666667,5033.333333333333,1731.1566666666668,23.126666666666665,0.0,-0.12121212121212122,-0.11546387595023493,0.09420289855072463,-0.1323523269664817,-0.04078528964468403,0.0
E02000723,Newham 010,154,3082375.0,17750.0,17484.48,99.4,0.0,153.33333333333334,3453091.6666666665,20750.0,17486.453333333335,99.46999999999998,0.0,-0.004329004329004329,0.12026981359071064,0.16901408450704225,0.00011286199723027266,0.0007042253521126074,0.0
E02000724,Newham 011,46,627925.0,11500.0,3841.44,65.55,0.0,42.0,725183.3333333334,15083.333333333334,3937.9500000000003,80.73,0.0,-0.08695652173913045,0.15488845536223805,0.3115942028985507,0.02512339122828941,0.23157894736842102,0.0
E02000725,Newham 012,387,15503720.0,14000.0,63494.98,68.3,0.0,427.6666666666667,15335066.666666666,13458.333333333334,61506.746666666666,53.92166666666666,0.0008032128514056,0.10508182601205857,-0.01087824943518932,-0.0386904761904762,-0.03131323662647559,-0.2105173255246461,0.0008032128514056
E02000727,Newham 014,295,4997075.0,9900.0,26797.08,69.66499999999999,0.0,363.6666666666667,6347321.666666667,12141.666666666666,26834.576666666664,57.64333333333334,0.0009523809523809333,0.2327683615819209,0.2702074046650624,0.22643097643097643,0.0013992818122968936,-0.1725639369362902,0.0009523809523809333
E02000728,Newham 015,17,106775.0,5400.0,1186.39,48.0,0.0,17.0,126758.33333333333,6466.666666666667,1186.39,48.0,0.0,0.0,0.18715367205182235,0.19753086419753085,0.0,0.0,0.0
E02000729,Newham 016,58,460010.0,7500.0,3326.22,54.94,0.0,56.333333333333336,468596.6666666667,7833.333333333333,3189.0433333333335,55.086666666666666,0.0,-0.02873563218390805,0.018666260878386704,0.044444444444444446,-0.04124100831173714,0.0026695789345953023,0.0
E02000730,Newham 017,251,6517275.0,21250.0,28915.74,77.25,0.0,247.33333333333334,6920575.0,22750.0,27617.05,77.58333333333333,0.0,-0.014608233731739709,0.06188169135106314,0.07058823529411765,-0.0449129090246351,0.004314994606256743,0.0
E02000731,Newham 018,325,11942350.0,24250.0,60895.14,102.4,0.003076923076923,350.6666666666667,12347116.666666666,25750.0,63514.256666666675,99.84166666666665,0.0019172919903474,0.07897435897435898,0.033893385026118536,0.061855670103092786,0.043010274164188934,-0.02498372395833337,-0.0011596310865756001
E02000732,Newham 019,90,1139925.0,9050.0,6696.44,61.555,0.0,88.33333333333333,1290791.6666666667,10350.0,6618.110000000001,61.173333333333325,0.0,-0.018518518518518517,0.13234788838446973,0.143646408839779,-0.01169726003667615,-0.006200416971272321,0.0
E02000733,Newham 020,43,529900.0,8500.0,4129.21,67.6,0.0,42.0,463123.3333333333,9833.333333333334,3431.786666666667,64.595,0.0,-0.023255813953488372,-0.12601748757627226,0.1568627450980392,-0.16889994292693603,-0.04445266272189343,0.0
E02000734,Newham 021,76,1280450.0,11750.0,10601.35,64.95,0.0,74.33333333333333,984356.6666666666,12875.0,7181.133333333334,64.8,0.0046296296296296,-0.021929824561403508,-0.23124162078435964,0.09574468085106384,-0.3226208611796297,-0.0023094688221709154,0.0046296296296296
E02000735,Newham 022,137,1748875.0,9900.0,12472.75,71.3,0.0,136.66666666666666,1883165.0,11583.333333333334,12459.343333333332,71.60000000000001,0.0,-0.0024330900243309007,0.07678650561074978,0.17003367003367006,-0.0010748765642433673,0.004207573632538729,0.0
E02000736,Newham 023,43,459100.0,8800.0,3626.54,65.5,0.0,43.0,527000.0,10633.333333333334,3590.33,65.5,0.0,0.0,0.14789806142452624,0.20833333333333334,-0.009984723731159696,0.0,0.0
E02000737,Newham 024,55,728600.0,8700.0,5623.36,66.88,0.0,56.333333333333336,860700.0,9933.333333333334,5809.829999999999,65.64,0.0,0.024242424242424242,0.181306615426846,0.1417624521072797,0.03315989017242365,-0.018540669856459257,0.0
E02000738,Newham 025,81,975975.0,10500.0,8186.5,88.47,0.0,78.66666666666667,1142408.3333333333,12791.666666666666,7963.18,88.36,0.0,-0.028806584362139915,0.17053032437647822,0.21825396825396826,-0.02727905698405916,-0.0012433593308466082,0.0
E02000739,Newham 026,72,789250.0,8550.0,6177.28,64.0,0.0,72.0,944783.3333333334,10091.666666666666,7208.336666666666,63.27333333333333,0.0,0.0,0.1970647238939922,0.18031189083820662,0.16691111082331814,-0.011354166666666665,0.0
E02000740,Newham 027,59,271620.0,3500.0,2772.92,27.8,0.0,60.0,349423.3333333333,6533.333333333333,2842.35,27.255,0.0,0.01694915254237288,0.28644184277053725,0.8666666666666666,0.02503858748178814,-0.019604316546762566,0.0
E02000741,Newham 028,69,665075.0,8650.0,4772.87,61.23,0.0,68.33333333333333,772691.6666666666,10216.666666666666,4466.76,58.5,0.0,-0.00966183574879227,0.1618113245373329,0.18111753371868977,-0.06413541537900669,-0.04458598726114645,0.0
E02000742,Newham 029,24,215525.0,8550.0,1870.79,82.6,0.0,24.333333333333332,252541.66666666666,10100.0,1900.756666666667,85.03333333333333,0.0,0.013888888888888888,0.1717511502919228,0.18128654970760236,0.016018188394564165,0.02945924132364815,0.0
E02000743,Newham 030,234,2586800.0,8950.0,21440.2,60.77,0.0,234.0,2986585.0,10400.0,21470.49,61.11833333333334,0.0,-3.469446951953614e-18,0.15454809030462346,0.16201117318435754,0.0014127666719526723,0.005731994953650346,0.0
E02000744,Newham 031,109,1053200.0,8150.0,8151.7,52.72,0.0,106.66666666666667,1212566.6666666667,9300.0,8185.093333333333,53.61666666666667,0.0029498525073746,-0.02140672782874618,0.15131662235726043,0.1411042944785276,0.004096487031335028,0.017008093070308535,0.0029498525073746
E02000745,Newham 032,11,83750.0,4400.0,899.76,41.6,0.0,11.0,95150.0,6033.333333333333,945.02,75.45,0.0,0.0,0.13611940298507463,0.37121212121212127,0.050302302836311895,0.813701923076923,0.0
E02000746,Newham 033,102,23177850.0,125000.0,149772.24,413.315,0.0,113.66666666666667,19145608.333333332,97750.0,129642.8,366.29333333333335,0.0,0.11437908496732026,-0.17396961610618186,-0.218,-0.13440034014313998,-0.11376714289746721,0.0
E02000747,Newham 034,71,2087100.0,15000.0,16095.68,94.75,0.0,88.66666666666667,3786381.6666666665,17000.0,21423.796666666665,90.06,0.004273504273504266,0.24882629107981222,0.8141831568524109,0.13333333333333333,0.3310277457470989,-0.04949868073878625,0.004273504273504266
E02000748,Newham 035,14,229745.0,6700.0,1195.54,30.68,0.0,12.333333333333334,261515.0,9066.666666666666,1162.7533333333333,35.42666666666667,0.0,-0.11904761904761903,0.1382837493743063,0.35323383084577115,-0.027424148641339113,0.15471534115601907,0.0
E02000749,Newham 036,33,623250.0,5600.0,2583.46,60.45,0.0,37.0,727908.3333333334,6333.333333333333,2860.08,54.4,0.009009009009009,0.12121212121212122,0.16792351918705709,0.13095238095238096,0.10707345962391517,-0.10008271298593886,0.009009009009009
E02000751,Redbridge 001,108,3320500.0,17375.0,17648.13,71.1,0.0648148148148148,102.66666666666667,3297600.0,18583.333333333332,17932.496666666666,72.18833333333333,0.014749262536873134,-0.04938271604938271,-0.006896551724137931,0.06954436450839328,0.016113133043935277,0.015307079231129934,-0.05006555227794166
E02000752,Redbridge 002,59,910030.0,14250.0,8444.0,85.5,0.0,56.0,819183.3333333334,13666.666666666666,7377.946666666666,83.35000000000001,0.005555555555555533,-0.05084745762711864,-0.09982821079158562,-0.04093567251461988,-0.12624980262119065,-0.025146198830409316,0.005555555555555533
E02000753,Redbridge 003,5,59700.0,13750.0,234.98,51.67,0.2,5.0,57833.333333333336,13083.333333333334,234.98,51.669999999999995,0.0,0.0,-0.03126744835287549,-0.048484848484848485,0.0,0.0,-0.20000000000000004
E02000754,Redbridge 004,69,869325.0,11000.0,5963.400000000001,58.55,0.0579710144927536,67.33333333333333,909325.0,13316.666666666666,5610.62,59.36666666666667,0.027777777777777766,-0.024154589371980676,0.04601271101141691,0.2106060606060606,-0.05915752758493482,0.013948192428124168,-0.030193236714975837
E02000755,Redbridge 005,64,1017650.0,10500.0,7285.07,65.55,0.03125,63.0,1143250.0,12666.666666666666,7410.483333333334,65.92833333333333,0.0051282051282051004,-0.015625,0.1234216086080676,0.20634920634920637,0.017215117127678096,0.0057716755657257895,-0.0261217948717949
E02000756,Redbridge 006,138,3614350.0,18750.0,21120.13,77.01,0.0,145.66666666666666,3810741.6666666665,18216.666666666668,21265.926666666666,73.74,0.004523984787142633,0.05555555555555556,0.05433664882113428,-0.028444444444444442,0.0069032087712843845,-0.042462017919750746,0.004523984787142633
E02000757,Redbridge 007,244,6944035.0,15625.0,39683.58,68.08000000000001,0.0368852459016393,241.0,7596686.666666667,16500.0,34941.76,63.33833333333334,0.011811023622047232,-0.012295081967213116,0.093987381496013,0.055999999999999994,-0.11949073143098489,-0.06964845280062686,-0.02507422227959207
E02000758,Redbridge 008,20,192450.0,6100.0,1210.29,56.99,0.0,20.0,200050.0,6866.666666666667,1210.29,56.99,0.0,0.0,0.03949077682514939,0.12568306010928962,0.0,0.0,0.0
E02000759,Redbridge 009,94,1321140.0,10250.0,9454.52,60.86,0.0212765957446808,95.66666666666667,1364158.3333333333,11916.666666666666,8639.203333333333,60.07,0.027353081700907732,0.01773049645390071,0.032561525147473645,0.16260162601626016,-0.08623564883956741,-0.012980611238908958,0.006076485956226935
E02000760,Redbridge 010,80,2200450.0,24500.0,12772.62,100.755,0.05,79.66666666666667,2450200.0,26791.666666666668,12612.636666666667,99.00666666666666,0.008130081300813,-0.004166666666666667,0.11349951146356428,0.0935374149659864,-0.012525490724168852,-0.017352323292475113,-0.041869918699187
E02000762,Redbridge 012,88,1196850.0,12250.0,7824.14,65.0,0.0113636363636363,86.0,1275316.6666666667,13250.0,7326.786666666667,62.14666666666667,0.0113114174620007,-0.022727272727272724,0.06556098647839469,0.08163265306122448,-0.06356651764070352,-0.04389743589743584,-5.2218901635599224e-05
E02000763,Redbridge 013,31,2199550.0,9250.0,21203.73,43.08,0.0,31.666666666666668,2103783.3333333335,10500.0,18638.12,44.06166666666667,0.0,0.02150537634408602,-0.04353920877755298,0.13513513513513514,-0.12099805081464436,0.022787062828845617,0.0
E02000764,Redbridge 014,156,3687660.0,18250.0,16152.25,80.815,0.0192307692307692,153.66666666666666,3801696.6666666665,19583.333333333332,15936.006666666666,79.70333333333333,0.0142436216003367,-0.01495726495726496,0.030923855959244257,0.0730593607305936,-0.013387814907107913,-0.013755697168429929,-0.0049871476304325
E02000765,Redbridge 015,136,1890820.0,12000.0,10955.27,60.45,0.0220588235294117,136.66666666666666,2244990.0,13500.0,11315.036666666667,59.99333333333334,0.018390804597701132,0.004901960784313725,0.1873102675029881,0.125,0.03283959835464269,-0.007554452715743063,-0.003668018931710567
E02000767,Redbridge 017,42,3730800.0,12875.0,21783.58,137.88,0.0238095238095238,43.333333333333336,3996066.6666666665,14666.666666666666,26314.493333333332,140.5583333333333,0.0074074074074074,0.031746031746031744,0.0711018190915264,0.13915857605177995,0.20799672658641652,0.019425103955130057,-0.0164021164021164
E02000770,Redbridge 020,59,647900.0,10000.0,4667.07,66.9,0.0338983050847457,60.666666666666664,787891.6666666666,11750.0,5788.650000000001,68.98333333333333,0.02089864158829673,0.02824858757062147,0.2160698667489839,0.17500000000000002,0.2403178011043333,0.03114100647732934,-0.012999663496448967
E02000772,Redbridge 022,112,4734270.0,8500.0,36051.72,68.59,0.0267857142857142,110.66666666666667,4546386.666666667,10600.0,32416.696666666667,64.96666666666667,0.0,-0.011904761904761904,-0.03968580865335803,0.24705882352941175,-0.10082801412341307,-0.05282597074403462,-0.0267857142857142
E02000773,Redbridge 023,78,1136600.0,10375.0,9336.8,70.455,0.0512820512820512,83.33333333333333,1265583.3333333333,11116.666666666666,10314.753333333332,69.29833333333333,0.011690983913206101,0.06837606837606837,0.11348172913367353,0.07148594377510041,0.10474181018478855,-0.016417098384311428,-0.039591067368845094
E02000774,Redbridge 024,128,2437635.0,10500.0,18478.96,77.09,0.0390625,134.0,2210221.6666666665,12333.333333333334,16208.203333333333,77.21166666666666,0.0023640661938534,0.046875,-0.09329261080241026,0.17460317460317462,-0.12288335851512566,0.0015782418817831135,-0.0366984338061466
E02000776,Redbridge 026,88,1316675.0,8250.0,13307.17,64.2,0.0227272727272727,85.33333333333333,1384200.0,9366.666666666666,16179.68,63.5,0.013468013468013467,-0.030303030303030304,0.05128448554123075,0.13535353535353534,0.21586182486584296,-0.010903426791277265,-0.009259259259259233
E02000777,Redbridge 027,12,66875.0,5950.0,669.17,51.96,0.0833333333333333,11.666666666666666,70691.66666666667,6366.666666666667,696.6666666666666,58.52,0.05594405594405594,-0.027777777777777776,0.05707165109034268,0.0700280112044818,0.04109070440495944,0.1262509622786759,-0.027389277389277367
E02000779,Redbridge 029,167,3010075.0,12500.0,22045.05,93.285,0.0538922155688622,160.0,3263008.3333333335,13666.666666666666,22191.956666666665,91.60333333333334,0.024367021209957235,-0.041916167664670656,0.08402891400823347,0.09333333333333334,0.006663929846685178,-0.01802719265333829,-0.029525194358904966
E02000781,Redbridge 031,65,677025.0,10250.0,5264.9,63.57,0.0153846153846153,69.0,771081.6666666666,10216.666666666666,5046.173333333333,63.221666666666664,0.024207516339869232,0.06153846153846154,0.13892643058478885,-0.0032520325203252015,-0.04154431549823666,-0.005479523884431869,0.008822900955253933
E02000782,Redbridge 032,197,5069290.0,18750.0,29335.92,70.12,0.0558375634517766,213.0,6078763.333333333,20958.333333333332,26510.446666666667,69.425,0.012820512820512801,0.08121827411167513,0.19913505310079582,0.11777777777777777,-0.09631446136113442,-0.009911580148317207,-0.0430170506312638
E02000783,Redbridge 033,53,526875.0,9300.0,3555.83,40.4,0.0377358490566037,56.333333333333336,580291.6666666666,9033.333333333334,3641.6200000000003,32.36833333333333,0.005050505050505034,0.06289308176100629,0.10138394622380387,-0.028673835125448032,0.024126575229974467,-0.19880363036303628,-0.03268534400609867
E02000784,Richmond upon Thames 001,119,3275705.0,22750.0,9565.23,71.75,0.1008403361344537,118.0,3143946.6666666665,23000.0,9323.043333333333,71.7,0.036467236467236396,-0.008403361344537815,-0.040222893494174024,0.01098901098901099,-0.025319481775834613,-0.0006968641114982843,-0.0643730996672173
E02000785,Richmond upon Thames 002,155,3874685.0,14750.0,14868.12,76.815,0.0516129032258064,153.0,3714528.3333333335,16583.333333333332,14528.550000000001,75.42,0.0172210007954169,-0.012903225806451613,-0.0413341127515312,0.12429378531073447,-0.022838798718331634,-0.018160515524311607,-0.034391902430389504
E02000786,Richmond upon Thames 003,109,2449300.0,13750.0,9006.31,65.69,0.055045871559633,111.0,2490266.6666666665,14458.333333333334,8860.230000000001,64.19666666666667,0.023347959047998936,0.01834862385321101,0.016725867254589747,0.051515151515151514,-0.016219739271688332,-0.022733039021667414,-0.03169791251163407
E02000787,Richmond upon Thames 004,56,7933825.0,13875.0,31876.96,85.7,0.0714285714285714,60.333333333333336,7553275.0,14041.666666666666,39931.56666666667,81.30833333333332,0.03775770844736357,0.07738095238095238,-0.04796551474225862,0.012012012012012012,0.2526780052635718,-0.05124465188642561,-0.033670862981207826
E02000788,Richmond upon Thames 005,292,7150890.0,16875.0,32422.98,68.1,0.0753424657534246,293.6666666666667,7058941.666666667,17666.666666666668,32202.039999999997,68.31333333333333,0.016772172906945833,0.005707762557077625,-0.012858306215496718,0.046913580246913576,-0.006814302695187139,0.003132648066568913,-0.058570292846478765
E02000789,Richmond upon Thames 006,66,2151400.0,18000.0,7929.38,62.22,0.0606060606060606,66.66666666666667,2148033.3333333335,17666.666666666668,7994.356666666667,58.949999999999996,0.014705882352941166,0.010101010101010102,-0.0015648724861330604,-0.018518518518518517,0.008194419572106074,-0.05255544840887172,-0.045900178253119435
E02000790,Richmond upon Thames 007,90,1526400.0,12625.0,8068.05,62.785,0.0666666666666666,85.0,1563516.6666666667,15041.666666666666,7065.099999999999,60.4,0.0073260073260073,-0.05555555555555556,0.024316474493361283,0.19141914191419143,-0.12431132677660654,-0.03798678028191444,-0.059340659340659296
E02000791,Richmond upon Thames 008,380,27364600.0,37000.0,66830.79,87.48,0.0421052631578947,386.6666666666667,21967216.666666668,33108.333333333336,62391.65666666667,86.99666666666667,0.021094584444866133,0.01754385964912281,-0.1972396210188833,-0.10518018018018017,-0.06642347536716728,-0.005525072397500392,-0.021010678713028568
E02000792,Richmond upon Thames 009,92,1777380.0,20000.0,6709.62,73.52,0.0108695652173913,88.33333333333333,2122610.0,19416.666666666668,8049.540000000001,74.40666666666665,0.014336917562723999,-0.03985507246376812,0.19423533515624122,-0.029166666666666664,0.19970132436710278,0.012060210373594407,0.0034673523453326977
E02000793,Richmond upon Thames 010,151,2701470.0,15000.0,13699.87,67.85,0.0463576158940397,147.66666666666666,2611563.3333333335,16250.0,13390.539999999999,67.81666666666666,0.006535947712418301,-0.02207505518763797,-0.03328064596929326,0.08333333333333333,-0.022579046370513084,-0.0004912797838368672,-0.039821668181621396
E02000794,Richmond upon Thames 011,22,538800.0,12750.0,3154.54,61.48,0.3636363636363636,23.333333333333332,752553.3333333334,14083.333333333334,3998.8366666666666,87.075,0.1237774571107904,0.06060606060606061,0.39672110863647614,0.10457516339869281,0.267644939251576,0.4163142485361093,-0.2398589065255732
E02000795,Richmond upon Thames 012,62,1256100.0,14250.0,5682.7,58.66,0.0806451612903225,60.0,1131050.0,14916.666666666666,5661.37,60.35333333333333,0.04355749954437756,-0.03225806451612903,-0.09955417562295994,0.04678362573099415,-0.003753497457194684,0.02886691669507906,-0.03708766174594493
E02000796,Richmond upon Thames 013,50,711550.0,10500.0,6820.78,58.150000000000006,0.08,54.666666666666664,777891.6666666666,11166.666666666666,8202.453333333333,59.20333333333334,0.03000600733139623,0.09333333333333334,0.09323542501112596,0.06349206349206349,0.20256823022195902,0.01811407280022923,-0.04999399266860377
E02000797,Richmond upon Thames 014,328,9201625.0,17500.0,39533.81,78.19,0.073170731707317,328.0,8822098.333333334,17291.666666666668,38604.03333333333,74.9,0.0271610896610896,0.0,-0.04124561332011103,-0.011904761904761904,-0.023518519127467472,-0.04207699194270357,-0.0460096420462274
E02000798,Richmond upon Thames 015,61,2445825.0,8900.0,18169.14,51.5,0.0,62.0,2527641.6666666665,9616.666666666666,18468.9,51.4,0.0053763440860215,0.01639344262295082,0.033451562015543494,0.08052434456928838,0.016498304267565888,-0.0019417475728155619,0.0053763440860215
E02000799,Richmond upon Thames 016,59,850850.0,7900.0,4600.29,45.45,0.0338983050847457,58.666666666666664,868983.3333333334,9366.666666666666,4386.713333333333,44.73499999999999,0.017091339459760466,-0.005649717514124295,0.021312021312021312,0.18565400843881855,-0.04642678323902766,-0.015731573157315805,-0.016806965624985234
E02000800,Richmond upon Thames 017,14,177550.0,12250.0,1254.81,84.15,0.0,12.666666666666666,176766.66666666666,13541.666666666666,1254.81,84.15,0.0,-0.09523809523809523,-0.004411902750398951,0.1054421768707483,0.0,0.0,0.0
E02000801,Richmond upon Thames 018,72,2075700.0,11000.0,8758.21,51.4,0.0277777777777777,73.0,1989566.6666666667,12000.0,8861.986666666666,50.300000000000004,0.0087719298245614,0.013888888888888888,-0.0414960414960415,0.0909090909090909,0.011849072660585658,-0.021400778210116714,-0.0190058479532163
E02000802,Richmond upon Thames 019,113,1908150.0,12625.0,10342.2,69.61,0.0884955752212389,110.0,1785183.3333333333,13500.0,10137.396666666667,71.68333333333334,0.0285683829016096,-0.02654867256637168,-0.06444287224100131,0.06930693069306931,-0.019802685437656776,0.029784992577694906,-0.05992719231962929
E02000803,Richmond upon Thames 020,12,3089150.0,8500.0,11844.36,63.625,0.1666666666666666,16.666666666666668,2760650.0,19766.666666666668,24135.24,82.525,0.06018518518518517,0.38888888888888884,-0.10633993169642135,1.3254901960784313,1.0376989554522151,0.29705304518664055,-0.10648148148148144
E02000804,Richmond upon Thames 021,194,6245450.0,21250.0,22600.0,81.84,0.0721649484536082,196.33333333333334,6143560.0,20583.333333333332,22842.940000000002,81.82833333333333,0.011861597430850468,0.012027491408934707,-0.01631427679350567,-0.03137254901960784,0.010749557522123943,-0.0001425545780384351,-0.06030335102275774
E02000805,Richmond upon Thames 022,63,969650.0,11750.0,4616.6,64.22,0.1111111111111111,67.33333333333333,1076775.0,12625.0,5435.876666666667,66.11333333333333,0.044011544011544,0.06878306878306878,0.11047800752848964,0.07446808510638298,0.17746321246516186,0.029481988996159,-0.0670995670995671
E02000806,Richmond upon Thames 023,97,1550910.0,9500.0,8310.35,55.85,0.0824742268041237,99.0,1499786.6666666667,10433.333333333334,8148.73,55.31666666666666,0.026139417569829865,0.020618556701030927,-0.03296344296789197,0.0982456140350877,-0.019448037687943443,-0.009549388242315777,-0.05633480923429383
E02000807,Southwark 001,5,234750.0,15500.0,179.61,62.8,0.0,6.0,259416.66666666666,23750.0,532.55,67.6,0.0,0.20000000000000004,0.1050763223287185,0.532258064516129,1.9650353543789316,0.07643312101910824,0.0
E02000810,Southwark 004,100,1607525.0,10750.0,12458.52,97.265,0.02,98.33333333333333,2067558.3333333333,14333.333333333334,12256.373333333335,96.86666666666667,0.010192147034252233,-0.016666666666666666,0.2861749169271603,0.3333333333333333,-0.016225576285679746,-0.004095340907143739,-0.009807852965747767
E02000812,Southwark 006,202,7595785.0,14000.0,21683.02,62.485,0.0495049504950495,249.0,11240450.0,18416.666666666668,24625.943333333333,63.16166666666667,0.025203160591416866,0.23267326732673266,0.47982729895593407,0.31547619047619047,0.13572478987398123,0.010829265690432377,-0.024301789903632635
E02000813,Southwark 007,167,8888620.0,19625.0,51009.84,79.97,0.0179640718562874,170.0,7302675.0,18833.333333333332,42333.706666666665,70.90166666666666,0.027229483417800234,0.017964071856287425,-0.1784242098323474,-0.040339702760084924,-0.1700874445662509,-0.11339669042557625,0.009265411561512832
E02000814,Southwark 008,50,934400.0,12250.0,3591.99,58.96,0.04,51.333333333333336,1568066.6666666667,14666.666666666666,15825.066666666666,63.57,0.012345679012345666,0.02666666666666667,0.6781535388127854,0.19727891156462585,3.4056544329652,0.07818860244233378,-0.027654320987654333
E02000815,Southwark 009,158,4159575.0,11750.0,20639.8,64.35,0.0759493670886076,155.66666666666666,4621778.333333333,10266.666666666666,22545.319999999996,55.29,0.0324085718011774,-0.014767932489451472,0.11111792270444297,-0.12624113475177304,0.09232260002519406,-0.14079254079254075,-0.04354079528743019
E02000816,Southwark 010,143,1845445.0,10250.0,15715.07,85.75999999999999,0.0419580419580419,145.33333333333334,1969390.0,11208.333333333334,15045.18,80.17166666666667,0.0159690844181325,0.01631701631701632,0.0671626626640187,0.09349593495934959,-0.04262723614975944,-0.06516246890547249,-0.0259889575399094
E02000817,Southwark 011,109,1743400.0,11125.0,20566.71,93.115,0.1926605504587156,111.0,1934140.0,11000.0,20715.95666666667,98.25,0.0360873694207027,0.01834862385321101,0.1094069060456579,-0.011235955056179775,0.007256710804337124,0.05514686140793653,-0.1565731810380129
E02000818,Southwark 012,172,4895810.0,21750.0,27446.9,93.695,0.0697674418604651,182.66666666666666,5293726.666666667,23291.666666666668,26383.37,93.23833333333334,0.005486822790193534,0.06201550387596899,0.08127698310732374,0.07088122605363985,-0.03874863827973291,-0.004873970507141833,-0.06428061907027156
E02000819,Southwark 013,71,3165565.0,12375.0,19388.06,72.5,0.028169014084507,69.0,3119321.6666666665,13166.666666666666,16177.769999999999,71.06333333333333,0.029032917603762,-0.028169014084507043,-0.014608240024555913,0.06397306397306397,-0.1655807749718126,-0.019816091954023063,0.0008639035192549981
E02000820,Southwark 014,81,1207925.0,9900.0,7834.09,82.1,0.1111111111111111,82.33333333333333,1477928.3333333333,12500.0,8489.78,83.33333333333333,0.05273768613974797,0.016460905349794237,0.22352657104814733,0.2626262626262626,0.08369702160684904,0.015022330491270879,-0.058373424971363136
E02000821,Southwark 015,99,2983945.0,12250.0,14337.75,65.9,0.0404040404040404,107.66666666666667,2961518.3333333335,13083.333333333334,15313.873333333331,65.795,0.018587070421932767,0.08754208754208755,-0.0075157774914305295,0.06802721088435375,0.06808064956728448,-0.0015933232169954362,-0.021816969982107633
E02000822,Southwark 016,187,3153825.0,10250.0,14887.79,47.33,0.0213903743315508,190.0,3021728.3333333335,10791.666666666666,14197.293333333335,42.53666666666667,0.0086696537589394,0.0160427807486631,-0.041884589876314215,0.052845528455284556,-0.04638006491673158,-0.10127473765758144,-0.012720720572611399
E02000823,Southwark 017,155,2354650.0,11250.0,17026.45,74.45,0.0129032258064516,155.33333333333334,2568433.3333333335,13333.333333333334,17164.063333333335,78.28333333333335,0.02782264577612657,0.002150537634408603,0.09079197899192377,0.1851851851851852,0.00808232681112818,0.0514886948735169,0.014919419969674967
E02000824,Southwark 018,108,2707600.0,8200.0,16081.45,76.05,0.0648148148148148,114.33333333333333,2437266.6666666665,9866.666666666666,15099.17,66.19333333333334,0.017501803481254435,0.05864197530864198,-0.09984241887034029,0.2032520325203252,-0.06108155670042195,-0.12960771422309877,-0.04731301133356036
E02000825,Southwark 019,6,59000.0,5100.0,534.39,44.975,0.6666666666666666,5.666666666666667,59366.666666666664,22166.666666666668,495.92333333333335,45.39833333333333,0.08333333333333333,-0.05555555555555555,0.006214689265536723,3.34640522875817,-0.07198238489991711,0.009412636649990706,-0.5833333333333334
E02000826,Southwark 020,37,335450.0,7500.0,2734.66,55.33,0.027027027027027,35.666666666666664,388216.6666666667,8400.0,2771.0766666666664,58.28666666666667,0.008547008547008532,-0.036036036036036036,0.15730113777512794,0.12,0.013316707256721738,0.05343695403337553,-0.018480018480018467
E02000827,Southwark 021,242,4679925.0,11250.0,27063.48,81.84,0.0454545454545454,249.33333333333334,5770058.333333333,13291.666666666666,29320.436666666665,79.60000000000001,0.027968120554902068,0.030303030303030304,0.23293820591854217,0.18148148148148147,0.08339491693849672,-0.027370478983382202,-0.017486424899643332
E02000828,Southwark 022,281,8757750.0,12500.0,40298.95,66.7,0.0391459074733096,322.6666666666667,8432385.0,13916.666666666666,40804.11666666666,61.818333333333335,0.012174215102117135,0.14827995255041518,-0.0371516656675516,0.11333333333333334,0.012535479625813245,-0.07318840579710147,-0.026971692371192468
E02000829,Southwark 023,89,1771270.0,9250.0,14897.68,91.52,0.0337078651685393,79.66666666666667,1630706.6666666667,11933.333333333334,10900.453333333333,87.19,0.0326341827235216,-0.1048689138576779,-0.07935737258200802,0.29009009009009007,-0.2683120235276007,-0.04731206293706287,-0.0010736824450176957
E02000830,Southwark 024,123,1994075.0,15125.0,8777.45,70.34,0.065040650406504,129.0,2338091.6666666665,17583.333333333332,9229.633333333333,70.06666666666666,0.007763824351178034,0.04878048780487806,0.17251942212136787,0.162534435261708,0.05151648067870879,-0.0038858875935931267,-0.05727682605532597
E02000831,Southwark 025,365,8439745.0,10000.0,44984.13,61.04,0.0493150684931506,391.3333333333333,7629301.666666667,12666.666666666666,40165.64666666667,59.70333333333334,0.0152965404933445,0.07214611872146119,-0.09602699291665012,0.26666666666666666,-0.10711518336207308,-0.02189820882481432,-0.0340185279998061
E02000832,Southwark 026,91,953700.0,7650.0,7017.4,56.1,0.0219780219780219,88.33333333333333,1228216.6666666667,10141.666666666666,7312.736666666667,56.56166666666667,0.011343636910479132,-0.0293040293040293,0.28784383628674287,0.32570806100217864,0.04208633776992434,0.008229352346999395,-0.010634385067542768
E02000833,Southwark 027,13,2601400.0,11750.0,9748.05,93.2,0.0769230769230769,17.0,2285316.6666666665,14500.0,18147.486666666668,94.35000000000001,0.0,0.3076923076923077,-0.12150508700443352,0.23404255319148937,0.8616530143635566,0.012339055793991374,-0.0769230769230769
E02000834,Southwark 028,101,2212400.0,15000.0,8913.119999999999,62.02,0.0495049504950495,104.0,2421250.0,16416.666666666668,9456.463333333333,63.326666666666675,0.044621839410060794,0.0297029702970297,0.09439974688121498,0.09444444444444444,0.060959948181257995,0.021068472535741126,-0.004883111084988699
E02000835,Southwark 029,17,169400.0,7950.0,703.05,42.82,0.0588235294117647,14.666666666666666,157100.0,8466.666666666666,594.77,43.11666666666667,0.0,-0.1372549019607843,-0.07260920897284533,0.06498951781970651,-0.15401465045160367,0.00692822668534953,-0.0588235294117647
E02000836,Southwark 030,156,4166950.0,22000.0,14921.54,75.0,0.0192307692307692,157.33333333333334,4465983.333333333,22458.333333333332,15220.33,75.21333333333332,0.016906228786318433,0.008547008547008546,0.07176312010783266,0.020833333333333332,0.020024072582320526,0.002844444444444384,-0.0023245404444507674
E02000837,Southwark 031,116,3011800.0,18750.0,11053.97,69.23,0.0086206896551724,119.0,2977516.6666666665,17875.0,11628.18,69.27166666666666,0.0,0.02586206896551724,-0.011383004626247868,-0.04666666666666667,0.05194604291489854,0.0006018585391688857,-0.0086206896551724
E02000838,Southwark 032,78,1254200.0,9600.0,5958.7,62.6,0.0256410256410256,76.33333333333333,1382450.0,11566.666666666666,5981.763333333333,61.961666666666666,0.013115615615615599,-0.021367521367521364,0.10225641843406157,0.20486111111111108,0.0038705310442434583,-0.010197018104366342,-0.01252541002541
E02000839,Southwark 033,29,487450.0,9800.0,2576.16,70.5,0.0344827586206896,28.666666666666668,469466.6666666667,10125.0,2626.12,70.06,0.03500312908915056,-0.011494252873563218,-0.03689267275276097,0.03316326530612245,0.01939320539096952,-0.006241134751773018,0.0005203704684609659
E02000841,Sutton 002,5,28700.0,6700.0,241.28,57.2,0.0,5.0,31233.333333333332,7300.0,241.28,57.20000000000001,0.0,0.0,0.08826945412311266,0.08955223880597014,0.0,0.0,0.0
E02000864,Tower Hamlets 001,129,2497580.0,13875.0,15655.27,72.3,0.0852713178294573,151.0,3628960.0,14791.666666666666,19990.74666666667,74.95833333333333,0.1622295951193425,0.17054263565891473,0.4529904947989654,0.06606606606606606,0.27693400795174195,0.036768095896726645,0.0769582772898852
E02000865,Tower Hamlets 002,135,1809490.0,10750.0,11608.55,63.5,0.0814814814814814,138.66666666666666,2179383.3333333335,11500.0,12258.720000000001,64.17333333333333,0.08446354700224667,0.027160493827160497,0.20441855624144556,0.06976744186046512,0.056007856278346625,0.010603674540682393,0.002982065520765261
E02000866,Tower Hamlets 003,188,3178975.0,12750.0,14108.93,56.05,0.0638297872340425,190.0,3186375.0,12791.666666666666,14082.083333333334,60.78666666666667,0.1234795771381137,0.010638297872340427,0.0023277943362247267,0.0032679738562091504,-0.0019028137971247264,0.08450787986916453,0.059649789904071195
E02000867,Tower Hamlets 004,55,1053450.0,12250.0,5537.15,72.0,0.109090909090909,56.0,952883.3333333334,12500.0,5913.7733333333335,71.83666666666666,0.16547785547785546,0.018181818181818184,-0.0954641099878178,0.02040816326530612,0.06801754211703384,-0.0022685185185185607,0.05638694638694647
E02000868,Tower Hamlets 005,104,2117450.0,15250.0,9493.11,71.8,0.0865384615384615,113.66666666666667,2425238.3333333335,16250.0,10225.923333333334,71.42333333333333,0.11715402615467363,0.09294871794871795,0.1453580171117775,0.06557377049180328,0.07719423174632263,-0.005246053853296173,0.030615564616212135
E02000869,Tower Hamlets 006,165,2681545.0,13750.0,11174.84,50.05,0.0484848484848484,178.33333333333334,3142928.3333333335,15000.0,12054.296666666667,50.165,0.061221305801199,0.08080808080808081,0.1720587696023499,0.0909090909090909,0.07869970994364724,0.00229770229770229,0.0127364573163506
E02000870,Tower Hamlets 007,138,1658825.0,10750.0,9345.29,52.535,0.072463768115942,134.33333333333334,1849221.6666666667,12666.666666666666,9059.9,52.22333333333333,0.10061038229642877,-0.02657004830917874,0.11477803063413361,0.17829457364341086,-0.030538378156269225,-0.005932552901240413,0.02814661418048676
E02000871,Tower Hamlets 008,46,618100.0,9200.0,3629.15,56.2,0.217391304347826,40.333333333333336,619200.0,12416.666666666666,3723.78,73.96666666666665,0.09699860862651556,-0.12318840579710146,0.0017796473062611229,0.34963768115942023,0.026074976234104392,0.31613285883748504,-0.12039269572131044
E02000872,Tower Hamlets 009,317,10770050.0,26000.0,31532.13,74.34,0.085173501577287,325.3333333333333,10807900.0,24666.666666666668,31824.85666666667,72.22333333333334,0.11603453709221094,0.026288117770767613,0.0035143755135770053,-0.05128205128205129,0.009283440943148006,-0.028472782710070883,0.030861035514923942
E02000873,Tower Hamlets 010,89,1247585.0,8900.0,6834.28,49.9,0.0449438202247191,85.33333333333333,1337201.6666666667,9466.666666666666,6660.16,49.06666666666666,0.13337795626952245,-0.04119850187265917,0.0718321129756022,0.06367041198501873,-0.025477446051376237,-0.016700066800267154,0.08843413604480337
E02000875,Tower Hamlets 012,64,1056800.0,12500.0,6451.37,86.495,0.125,69.0,1056583.3333333333,11333.333333333334,6599.849999999999,84.92666666666666,0.18316763325048327,0.078125,-0.00020502144839767977,-0.09333333333333334,0.023015266524784684,-0.018132069291095926,0.05816763325048327
E02000876,Tower Hamlets 013,249,7503100.0,18000.0,34628.7,77.85,0.0843373493975903,261.6666666666667,7213633.333333333,19083.333333333332,34573.72666666666,77.60666666666667,0.13537507562008466,0.05087014725568942,-0.03857960931703785,0.06018518518518518,-0.0015875078571627131,-0.0031256690216226748,0.05103772622249436
E02000877,Tower Hamlets 014,121,1844700.0,12500.0,9864.19,67.24000000000001,0.0661157024793388,122.33333333333333,1834533.3333333333,12791.666666666666,9635.039999999999,66.885,0.13509065825778474,0.011019283746556474,-0.005511284581052024,0.023333333333333334,-0.023230493329913643,-0.005279595478881676,0.06897495577844594
E02000878,Tower Hamlets 015,797,31363650.0,25750.0,95476.72,75.39,0.1116687578419071,821.0,35383968.333333336,26583.333333333332,92167.12333333334,72.26166666666667,0.14655598177371257,0.0301129234629862,0.12818400706975538,0.03236245954692557,-0.03466391248742798,-0.041495335367201625,0.03488722393180547
E02000879,Tower Hamlets 016,82,1165600.0,13000.0,7534.61,77.13,0.0609756097560975,85.33333333333333,1290716.6666666667,12166.666666666666,7415.389999999999,70.53333333333333,0.09320549864285087,0.04065040650406504,0.10734099748341341,-0.06410256410256411,-0.015822982211421654,-0.08552660011236439,0.03222988888675336
E02000880,Tower Hamlets 017,124,2499850.0,14125.0,12779.06,62.13,0.0806451612903225,120.33333333333333,2135766.6666666665,12708.333333333334,11818.206666666667,56.43,0.1195108574403212,-0.02956989247311828,-0.1456420718576448,-0.10029498525073748,-0.07518967227114769,-0.09174311926605509,0.0388656961499987
E02000881,Tower Hamlets 018,39,418520.0,6600.0,3459.35,62.6,0.1025641025641025,42.333333333333336,454840.0,9400.0,3808.2599999999998,63.13333333333333,0.11848132487667369,0.08547008547008546,0.08678199369205773,0.42424242424242425,0.1008599881480625,0.008519701810436604,0.015917222312571196
E02000882,Tower Hamlets 019,84,1129300.0,8800.0,7946.34,59.74,0.1904761904761904,78.0,965433.3333333334,8850.0,6405.100000000001,60.14833333333333,0.1664072229140722,-0.07142857142857144,-0.14510463709082322,0.005681818181818183,-0.19395595959901035,0.006835174645686872,-0.02406896756211821
E02000883,Tower Hamlets 020,140,2552650.0,12625.0,16541.39,74.495,0.05,157.66666666666666,2302133.3333333335,11625.0,14865.586666666668,71.87833333333333,0.1743859520043164,0.1261904761904762,-0.09813984160251765,-0.07920792079207921,-0.10130970452503281,-0.03512539991498321,0.12438595200431639
E02000885,Tower Hamlets 022,145,2428945.0,13000.0,15074.54,69.87,0.0827586206896551,151.66666666666666,2255305.0,11666.666666666666,15502.443333333335,68.23666666666668,0.17480035492457846,0.04597701149425287,-0.07148782701954964,-0.10256410256410257,0.028385830236500206,-0.023376747292590965,0.09204173423492336
E02000886,Tower Hamlets 023,90,944110.0,9300.0,5950.14,54.75,0.0555555555555555,83.66666666666667,897476.6666666666,9366.666666666666,5721.123333333333,56.63333333333333,0.10335284243001676,-0.07037037037037037,-0.04939396186178871,0.007168458781362008,-0.038489290448067946,0.03439878234398786,0.04779728687446127
E02000887,Tower Hamlets 024,47,1575400.0,11500.0,8012.35,70.7,0.0425531914893617,51.666666666666664,1664766.6666666667,11416.666666666666,8236.156666666668,69.10000000000001,0.10363636363636364,0.09929078014184396,0.05672633405272735,-0.007246376811594203,0.02793271220886083,-0.02263083451202268,0.061083172147001936
E02000888,Tower Hamlets 025,128,2261050.0,16500.0,14191.1,84.0,0.15625,120.0,2145308.3333333335,15875.0,12693.996666666666,77.16833333333334,0.10984419737624594,-0.0625,-0.05118934418374944,-0.03787878787878788,-0.10549593289690957,-0.08132936507936504,-0.046405802623754065
E02000889,Tower Hamlets 026,82,1799100.0,15150.0,11905.08,81.215,0.2804878048780488,79.0,1798966.6666666667,17583.333333333332,12872.19,88.48166666666667,0.20858711181291822,-0.03658536585365852,-7.411112963889392e-05,0.1606160616061606,0.08123506939894559,0.08947444027170677,-0.07190069306513057
E02000890,Tower Hamlets 027,121,6232400.0,27375.0,18049.41,68.9,0.1652892561983471,110.66666666666667,5588558.333333333,28500.0,17705.53,72.96,0.18824163969795035,-0.08539944903581269,-0.10330557516633505,0.0410958904109589,-0.019052146302843197,0.05892597968069648,0.022952383499603223
E02000893,Tower Hamlets 030,31,442000.0,11000.0,1884.38,60.9,0.032258064516129,34.666666666666664,478733.3333333333,11583.333333333334,2180.7133333333336,61.1,0.1726579520697167,0.11827956989247312,0.08310708898944193,0.05303030303030303,0.1572577364084385,0.0032840722495895377,0.1403998875535877
E02000894,Tower Hamlets 031,19,527450.0,16250.0,2549.69,60.7,0.0,20.333333333333332,431650.0,14833.333333333334,2351.0466666666666,60.49333333333334,0.13174603174603175,0.07017543859649122,-0.18162859038771448,-0.08717948717948719,-0.0779088176732596,-0.0034047226798462633,0.13174603174603175
E02000895,Waltham Forest 001,39,1081350.0,11750.0,5302.23,55.7,0.0,32.666666666666664,618633.3333333334,10291.666666666666,2386.0466666666666,59.26333333333334,0.0396551724137931,-0.16239316239316237,-0.42790647493102757,-0.12411347517730496,-0.5499918587713722,0.0639736684619988,0.0396551724137931
E02000896,Waltham Forest 002,168,3465900.0,17000.0,17495.34,73.7,0.0297619047619047,169.33333333333334,3554933.3333333335,18541.666666666668,17245.78,72.71333333333334,0.061150834184542,0.007936507936507936,0.025688373390269,0.09068627450980393,-0.014264369826479514,-0.013387607417458135,0.031388929422637296
E02000897,Waltham Forest 003,34,388150.0,8800.0,3338.09,80.0,0.0,33.333333333333336,458466.6666666667,12433.333333333334,3266.023333333333,79.93333333333334,0.030005941770647634,-0.0196078431372549,0.18115848683928035,0.41287878787878785,-0.021589192222698284,-0.0008333333333332859,0.030005941770647634
E02000898,Waltham Forest 004,6,264200.0,34000.0,1622.6,219.775,0.0,6.333333333333333,222666.66666666666,39366.666666666664,1119.4833333333333,204.6,0.037037037037037035,0.05555555555555556,-0.1572041382790815,0.15784313725490196,-0.310068203295123,-0.06904788988738483,0.037037037037037035
E02000899,Waltham Forest 005,220,3972850.0,13750.0,28033.27,78.56,0.0727272727272727,216.33333333333334,4113400.0,15250.0,26658.66,76.13666666666666,0.08571296488916624,-0.016666666666666666,0.03537762563399071,0.10909090909090909,-0.04903495025731927,-0.030846911065852106,0.012985692161893539
E02000900,Waltham Forest 006,64,7461950.0,11000.0,86883.83,117.21,0.015625,64.66666666666667,7264966.666666667,14250.0,76345.17,115.71999999999998,0.0202792956891317,0.010416666666666666,-0.026398372186001422,0.29545454545454547,-0.12129598798763823,-0.012712225919290122,0.0046542956891317
E02000901,Waltham Forest 007,146,2916800.0,9450.0,18764.12,55.01,0.0205479452054794,143.66666666666666,3124416.6666666665,10066.666666666666,19281.406666666666,56.31166666666667,0.035172198846813135,-0.01598173515981735,0.0711796032181386,0.06525573192239859,0.02756786178444116,0.023662364418590567,0.014624253641333735
E02000902,Waltham Forest 008,49,724700.0,9350.0,5672.71,57.265,0.0408163265306122,45.666666666666664,780066.6666666666,10916.666666666666,5380.173333333333,57.615,0.0351117191062471,-0.06802721088435375,0.07639942964905018,0.16755793226381463,-0.051569120696574745,0.006111935737361415,-0.005704607424365102
E02000903,Waltham Forest 009,50,519345.0,8150.0,3880.77,48.95,0.02,47.333333333333336,591721.6666666666,9700.0,3947.593333333333,50.53333333333334,0.0422184332670266,-0.05333333333333334,0.13936143924879738,0.1901840490797546,0.01721909140024615,0.032345931222335714,0.022218433267026595
E02000904,Waltham Forest 010,36,1279250.0,8100.0,9888.4,62.76,0.0277777777777777,35.333333333333336,320883.3333333333,8283.333333333334,5038.839999999999,61.60666666666666,0.09350442879854638,-0.018518518518518517,-0.7491629209823465,0.022633744855967076,-0.49042918975769595,-0.018376885489696165,0.06572665102076869
E02000905,Waltham Forest 011,168,1710775.0,8000.0,11833.41,50.33,0.0535714285714285,166.33333333333334,1813658.3333333333,9250.0,11335.83,51.32,0.03949522530067227,-0.00992063492063492,0.06013843628375054,0.15625,-0.04204874165604002,0.019670176832902883,-0.014076203270756232
E02000906,Waltham Forest 012,91,823325.0,7500.0,6891.56,61.25,0.0329670329670329,89.0,921641.6666666666,8850.0,6717.326666666667,58.71,0.029928404928404862,-0.02197802197802198,0.11941416411097279,0.18000000000000002,-0.025282132540866448,-0.04146938775510207,-0.003038628038628033
E02000907,Waltham Forest 013,192,1816960.0,7800.0,12367.44,50.2,0.0572916666666666,192.0,1932861.6666666667,8916.666666666666,12383.513333333334,48.88166666666667,0.12099378297715861,0.0,0.06378878272866033,0.14316239316239318,0.001299649186358091,-0.026261620185923013,0.06370211631049201
E02000908,Waltham Forest 014,71,817475.0,7700.0,5846.82,63.15,0.028169014084507,75.33333333333333,1020608.3333333334,8966.666666666666,6373.263333333333,70.18,0.02194856800119953,0.06103286384976525,0.24848874073621008,0.1645021645021645,0.09003925780737798,0.1113222486144102,-0.0062204460833074696
E02000909,Waltham Forest 015,86,1221300.0,9450.0,9403.4,59.225,0.0581395348837209,83.66666666666667,1253875.0,10750.0,8879.18,59.24333333333334,0.050528510673438165,-0.027131782945736437,0.026672398264144765,0.13756613756613756,-0.05574792096475739,0.0003095539608836343,-0.007611024210282737
E02000910,Waltham Forest 016,186,2717125.0,11500.0,16476.74,64.9,0.0268817204301075,207.33333333333334,3218541.6666666665,12833.333333333334,17069.56,61.51333333333334,0.05341143530798697,0.11469534050179213,0.18453941819631656,0.11594202898550725,0.035979204624215576,-0.052182845403184436,0.026529714877879463
E02000911,Waltham Forest 017,486,15425300.0,18750.0,81308.08,80.97,0.0390946502057613,550.3333333333334,15330450.0,18441.666666666668,86166.21999999999,74.24833333333333,0.05418708869525827,0.13237311385459535,-0.0061489889985932205,-0.016444444444444446,0.059749781325545925,-0.08301428512617838,0.015092438489496969
E02000912,Waltham Forest 018,29,268850.0,8800.0,1752.33,49.195,0.0344827586206896,26.333333333333332,292683.3333333333,9766.666666666666,1616.04,53.205000000000005,0.0114942528735632,-0.09195402298850575,0.08864918479945445,0.10984848484848485,-0.07777644621732202,0.0815123488159366,-0.0229885057471264
E02000913,Waltham Forest 019,64,733050.0,9350.0,5024.92,72.935,0.015625,60.0,742350.0,10800.0,4772.093333333333,74.78166666666667,0.0053763440860215,-0.0625,0.01268671986904031,0.1550802139037433,-0.05031456553868854,0.025319348278147174,-0.010248655913978501
E02000914,Waltham Forest 020,290,5665025.0,13500.0,31150.39,73.7,0.0344827586206896,297.0,6101985.0,14916.666666666666,32257.336666666666,70.20666666666666,0.09333645959763137,0.024137931034482762,0.07713293410002604,0.10493827160493828,0.03553556365318915,-0.04739936680235196,0.058853700976941765
E02000915,Waltham Forest 021,36,504825.0,9100.0,3174.8,60.2,0.0555555555555555,38.666666666666664,590758.3333333334,10500.0,3725.773333333333,71.89,0.11184210526315785,0.07407407407407407,0.17022400501824064,0.15384615384615385,0.17354584015791016,0.19418604651162785,0.056286549707602364
E02000916,Waltham Forest 022,201,2645525.0,9700.0,20731.63,60.75,0.0398009950248756,207.66666666666666,2888308.3333333335,10366.666666666666,20236.2,60.06666666666667,0.04809590548095904,0.03316749585406301,0.0917713245323077,0.06872852233676975,-0.02389730088758103,-0.011248285322359343,0.008294910456083432
E02000917,Waltham Forest 023,101,1021150.0,8600.0,6379.99,48.8,0.0495049504950495,109.33333333333333,1149950.0,10033.333333333334,6608.563333333334,49.550000000000004,0.06703722728655064,0.08250825082508251,0.12613230181657933,0.16666666666666666,0.03582659742935862,0.015368852459016443,0.01753227679150113
E02000918,Waltham Forest 024,217,6820775.0,15500.0,38941.88,77.82,0.0460829493087557,229.0,6700553.333333333,15500.0,39945.25,75.56833333333333,0.0707465659469718,0.055299539170506916,-0.017625807429018942,0.0,0.02576583359611818,-0.028934292812473148,0.0246636166382161
E02000919,Waltham Forest 025,129,1960550.0,12500.0,12096.51,73.76,0.0232558139534883,133.0,2033716.6666666667,12750.0,12221.86,71.12333333333333,0.034987355265992996,0.031007751937984496,0.03731945967543122,0.02,0.010362492983513456,-0.03574656543745492,0.0117315413125047
E02000920,Waltham Forest 026,255,8067120.0,9550.0,60413.47,84.94999999999999,0.0039215686274509,258.0,8573556.666666666,11500.0,58636.503333333334,83.88666666666667,0.0167708084784856,0.011764705882352941,0.06277787694575841,0.20418848167539264,-0.029413418343072577,-0.01251716696095725,0.0128492398510347
E02000921,Waltham Forest 027,121,1567675.0,11000.0,10019.21,61.995000000000005,0.0330578512396694,122.33333333333333,1646925.0,11833.333333333334,10038.863333333333,62.10666666666666,0.0462148760330578,0.011019283746556474,0.050552569888529186,0.07575757575757576,0.001961565166648294,0.0018012205285372139,0.0131570247933884
E02000922,Waltham Forest 028,101,959775.0,9800.0,6834.47,61.54,0.0396039603960396,106.33333333333333,1197958.3333333333,10716.666666666666,7208.686666666667,58.13833333333334,0.05934756211470204,0.052805280528052806,0.2481658027489082,0.0935374149659864,0.05475430672263782,-0.05527570144079726,0.019743601718662438
E02000923,Wandsworth 001,78,2344000.0,15625.0,7757.29,81.26,0.0897435897435897,79.66666666666667,2348450.0,16416.666666666668,8509.193333333335,86.84999999999998,0.09197860962566844,0.021367521367521364,0.001898464163822525,0.050666666666666665,0.09692860951870226,0.06879153334974143,0.0022350198820787295
E02000925,Wandsworth 003,84,1382400.0,12000.0,6407.31,67.87,0.0714285714285714,83.66666666666667,1352490.0,11958.333333333334,5920.259999999999,62.23333333333333,0.059645274233633305,-0.003968253968253968,-0.02163628472222222,-0.0034722222222222216,-0.07601473941482469,-0.08305093070084972,-0.011783297194938097
E02000926,Wandsworth 004,147,3864590.0,12250.0,22246.9,64.5,0.0680272108843537,152.0,4829090.0,13500.0,25605.89333333333,64.39333333333333,0.07904311193784873,0.034013605442176874,0.24957369345777947,0.10204081632653061,0.1509870289044016,-0.0016537467700258786,0.011015901053495028
E02000927,Wandsworth 005,141,1901840.0,12000.0,10175.46,65.925,0.1063829787234042,136.66666666666666,1963380.0,12416.666666666666,10419.776666666667,65.25,0.057269101162230905,-0.030732860520094565,0.03235813738274513,0.034722222222222224,0.024010380529889377,-0.01023890784982931,-0.0491138775611733
E02000928,Wandsworth 006,127,2730930.0,14500.0,10148.58,64.91,0.0708661417322834,125.33333333333333,2594463.3333333335,14833.333333333334,9937.923333333334,64.94833333333334,0.04789731859194304,-0.013123359580052493,-0.04997076697925859,0.022988505747126436,-0.020757255366432196,0.0005905612899913167,-0.02296882314034036
E02000929,Wandsworth 007,54,783025.0,11000.0,4847.19,63.56,0.0925925925925925,51.333333333333336,731308.3333333334,10458.333333333334,4995.213333333333,62.696666666666665,0.1303703703703704,-0.04938271604938271,-0.06604727392697125,-0.04924242424242423,0.030537968046091418,-0.01358296622613805,0.037777777777777875
E02000930,Wandsworth 008,288,16267590.0,34375.0,46013.06,90.47,0.0381944444444444,295.0,15290413.333333334,32666.666666666668,46380.16333333333,88.64666666666666,0.06320651698304164,0.024305555555555556,-0.06006892641544732,-0.049696969696969705,0.00797824211937513,-0.02015401053756309,0.025012072538597236
E02000931,Wandsworth 009,59,965150.0,14500.0,3490.78,53.02,0.0338983050847457,57.666666666666664,969866.6666666666,14083.333333333334,3350.9533333333334,51.25,0.017147388244622832,-0.022598870056497175,0.0048869778445492056,-0.02873563218390805,-0.0400559951262087,-0.03338362881931348,-0.016750916840122868
E02000932,Wandsworth 010,425,22106325.0,27000.0,97305.21,108.47,0.0847058823529411,473.6666666666667,19352981.666666668,25625.0,95594.99,104.45,0.07625407781941607,0.11450980392156862,-0.12455002508708857,-0.05092592592592592,-0.017575831756593514,-0.037060938508343286,-0.008451804533525035
E02000933,Wandsworth 011,71,1715475.0,16875.0,6901.78,74.33500000000001,0.0422535211267605,73.66666666666667,2023050.0,16708.333333333332,8481.303333333333,80.05166666666666,0.013597969583885034,0.037558685446009384,0.17929436453460412,-0.009876543209876543,0.2288573865485909,0.07690410528911891,-0.028655551542875468
E02000934,Wandsworth 012,209,11065825.0,23000.0,40875.79,74.905,0.0382775119617224,202.33333333333334,9397600.0,23958.333333333332,40891.293333333335,74.65166666666666,0.04560033827497903,-0.03189792663476874,-0.15075468842133324,0.041666666666666664,0.0003792791119959169,-0.0033820617226264595,0.007322826313256629
E02000935,Wandsworth 013,11,64325.0,4200.0,864.95,62.26,0.1818181818181818,11.0,74241.66666666667,4333.333333333333,864.9500000000002,62.26,0.1818181818181818,0.0,0.15416504728591787,0.031746031746031744,0.0,0.0,0.0
E02000936,Wandsworth 014,19,998800.0,19250.0,4453.85,47.01,0.0526315789473684,18.0,840200.0,17375.0,3133.76,44.78,0.0555555555555555,-0.05263157894736842,-0.15879054865839007,-0.0974025974025974,-0.2963930082961932,-0.04743671559242708,0.0029239766081870996
E02000937,Wandsworth 015,88,3108850.0,28125.0,7632.73,67.93,0.0568181818181818,89.0,3069416.6666666665,28583.333333333332,7641.7266666666665,67.44333333333334,0.0377235624611936,0.011363636363636362,-0.012684218708954543,0.016296296296296295,0.0011786957833785424,-0.007164237695667147,-0.019094619356988203
E02000938,Wandsworth 016,23,254275.0,3800.0,1463.17,72.12,0.0869565217391304,23.0,241741.66666666666,4666.666666666667,1463.17,72.12,0.0144927536231884,0.0,-0.04929046635860126,0.2280701754385965,0.0,0.0,-0.072463768115942
E02000939,Wandsworth 017,19,472650.0,22250.0,1337.19,70.0,0.0,19.333333333333332,413966.6666666667,21666.666666666668,1291.6433333333334,64.78333333333335,0.05175438596491227,0.017543859649122806,-0.12415811558940724,-0.026217228464419474,-0.034061477177264786,-0.07452380952380949,0.05175438596491227
E02000940,Wandsworth 018,211,15399525.0,27625.0,86866.55,97.29,0.0616113744075829,216.66666666666666,12578661.666666666,21958.333333333332,74349.31999999999,94.22000000000001,0.06584801748242937,0.026856240126382307,-0.18317859371203551,-0.20512820512820515,-0.14409723881056638,-0.03155514441360882,0.004236643074846468
E02000941,Wandsworth 019,48,626925.0,10000.0,6767.84,66.69,0.0625,47.333333333333336,645725.0,10041.666666666666,6763.166666666667,70.51666666666667,0.027826086956521733,-0.013888888888888888,0.029987638074729834,0.004166666666666667,-0.0006905206584867813,0.05737991702903993,-0.03467391304347827
E02000942,Wandsworth 020,112,2264685.0,15750.0,9539.68,60.76,0.0803571428571428,109.66666666666667,2391688.3333333335,16791.666666666668,9317.61,59.60999999999999,0.08107787274453941,-0.020833333333333332,0.056079911039872365,0.06613756613756613,-0.023278558609932443,-0.018926925608953236,0.0007207298873966086
E02000943,Wandsworth 021,211,8459275.0,23625.0,40377.95,88.6,0.0616113744075829,212.33333333333334,9034241.666666666,23583.333333333332,39974.19,88.36333333333333,0.035899174920686866,0.006319115323854659,0.06796878771131884,-0.001763668430335097,-0.009999517063149497,-0.0026711813393528734,-0.025712199486896032
E02000944,Wandsworth 022,4,59500.0,12250.0,486.69,124.46,0.0,7.333333333333333,150066.66666666666,18166.666666666668,1365.0633333333333,161.09666666666666,0.0,0.8333333333333334,1.5221288515406162,0.4829931972789116,1.8047901812926774,0.2943649900905245,0.0
E02000945,Wandsworth 023,58,3116550.0,9950.0,14120.760000000002,74.245,0.0344827586206896,60.0,2764600.0,9916.666666666666,14422.61,73.53500000000001,0.08888888888888886,0.034482758620689655,-0.1129293609921227,-0.0033500837520938024,0.021376328186301394,-0.009562933530877478,0.05440613026819927
E02000946,Wandsworth 024,126,2512100.0,14500.0,10596.05,77.08500000000001,0.0396825396825396,125.66666666666667,2562683.3333333335,14916.666666666666,10850.019999999999,77.03333333333335,0.06338567202465913,-0.0026455026455026454,0.02013587569496968,0.02873563218390805,0.023968365570188943,-0.0006702557782535095,0.023703132342119532
E02000947,Wandsworth 025,56,989850.0,9400.0,5127.47,52.33,0.0178571428571428,53.666666666666664,948033.3333333334,9583.333333333334,4977.83,51.796666666666674,0.011695906432748532,-0.041666666666666664,-0.042245458066036946,0.01950354609929078,-0.02918398352403823,-0.010191731957449436,-0.006161236424394268
E02000948,Wandsworth 026,37,718250.0,8300.0,2869.59,70.175,0.054054054054054,34.666666666666664,709650.0,9933.333333333334,2939.85,74.50166666666667,0.0552897395002658,-0.06306306306306307,-0.011973546815175776,0.19678714859437751,0.024484333998933617,0.061655385346158435,0.001235685446211797
E02000949,Wandsworth 027,109,3075575.0,21750.0,11610.44,70.345,0.036697247706422,109.0,3198575.0,21666.666666666668,11676.446666666665,70.75666666666667,0.0605950653120464,0.0,0.03999252172358014,-0.0038314176245210726,0.005685113283102644,0.005852109839600131,0.0238978176056244
E02000950,Wandsworth 028,7,116300.0,11000.0,679.58,63.93,0.0,7.0,115466.66666666667,10666.666666666666,680.9133333333334,63.93,0.047619047619047596,0.0,-0.007165376898824878,-0.030303030303030304,0.001961996134867614,0.0,0.047619047619047596
E02000951,Wandsworth 029,150,2737300.0,13125.0,13679.74,64.72999999999999,0.0333333333333333,147.66666666666666,2704170.0,14125.0,13663.71,66.035,0.056105181536216,-0.015555555555555553,-0.012103167354692579,0.07619047619047618,-0.001171805896895705,0.020160667387610184,0.022771848202882704
E02000952,Wandsworth 030,59,1136600.0,16375.0,6558.52,94.56,0.1016949152542373,58.333333333333336,1157583.3333333333,16625.0,6346.676666666666,93.75666666666666,0.07987531657899863,-0.011299435028248588,0.018461493342718047,0.015267175572519083,-0.032300478359955316,-0.00849548787366045,-0.021819598675238666
E02000953,Wandsworth 031,76,1033300.0,9400.0,7731.42,70.83,0.0526315789473684,71.33333333333333,1117066.6666666667,10433.333333333334,6921.696666666667,65.255,0.06979992072400466,-0.06140350877192982,0.08106713119778057,0.10992907801418439,-0.10473151546977576,-0.07870958633347452,0.01716834177663627
E02000954,Wandsworth 032,106,1796200.0,13250.0,8242.13,58.7,0.0660377358490566,113.66666666666667,2019400.0,13166.666666666666,10041.006666666666,57.26166666666666,0.06704075504075503,0.07232704402515723,0.12426233158890992,-0.006289308176100628,0.21825385751822257,-0.024503123225440154,0.0010030191916984333
E02000955,Wandsworth 033,108,2976550.0,24750.0,11219.2,73.32,0.0462962962962962,108.66666666666667,3177841.6666666665,25458.333333333332,11114.733333333332,73.71333333333332,0.024274522784949733,0.006172839506172839,0.06762583079963941,0.028619528619528618,-0.009311418520631342,0.0053646117475905026,-0.022021773511346463
E02000956,Wandsworth 034,117,3009000.0,10750.0,12937.62,59.38,0.0512820512820512,124.0,3460280.0,12083.333333333334,14299.779999999999,62.47666666666667,0.0240093455393522,0.05982905982905983,0.14997673645729478,0.12403100775193798,0.10528675289581847,0.05214999438643758,-0.027272705742698994
E02000957,Wandsworth 035,233,8208555.0,20875.0,42098.03,87.515,0.0472103004291845,236.0,8229668.333333333,21333.333333333332,42446.28666666667,85.095,0.02248673020175933,0.012875536480686697,0.002572113281001752,0.021956087824351295,0.008272516948338629,-0.027652402445295113,-0.024723570227425162
E02000958,Wandsworth 036,24,184550.0,5900.0,1968.21,55.145,0.0416666666666666,24.0,202033.33333333334,6566.666666666667,1929.1233333333332,55.145,0.013888888888888867,0.0,0.09473494084710558,0.11299435028248588,-0.0198589920113538,-4.2789845740761244e-17,-0.027777777777777735
E02000959,Wandsworth 037,96,806550.0,7100.0,7475.59,53.335,0.03125,95.0,837933.3333333334,7666.666666666667,7085.240000000001,53.31166666666667,0.034617592194002005,-0.010416666666666664,0.03891058624181184,0.07981220657276995,-0.05221661434080794,-0.0004374863285522789,0.0033675921940019998
E02000960,Westminster 001,130,9140050.0,77500.0,15206.75,91.8,0.0,126.0,8053500.0,68583.33333333333,14338.220000000001,91.67,0.0,-0.03076923076923077,-0.1188779054819175,-0.11505376344086023,-0.05711476811284463,-0.0014161220043573007,0.0
E02000961,Westminster 002,94,2315900.0,20750.0,7747.93,64.75,0.0,94.33333333333333,2268316.6666666665,20333.333333333332,7505.083333333333,64.07666666666667,0.0,0.0035460992907801413,-0.020546367862745944,-0.020080321285140562,-0.03134342549128175,-0.010398970398970378,0.0
E02000962,Westminster 003,32,804675.0,13625.0,2513.45,50.5,0.0,31.666666666666668,844158.3333333334,13500.0,2557.4,53.85,0.0,-0.010416666666666666,0.04906742887915411,-0.009174311926605505,0.01748592571962845,0.06633663366336637,0.0
E02000963,Westminster 004,63,878600.0,13000.0,5100.42,68.63,0.0,63.666666666666664,1121033.3333333333,15000.0,6032.636666666666,68.45,0.0,0.010582010582010581,0.27593140602473637,0.15384615384615385,0.18277252984394754,-0.0026227597260672793,0.0
E02000964,Westminster 005,171,3008200.0,15000.0,16214.35,74.24,0.0,167.33333333333334,3411325.0,17000.0,16438.586666666666,74.13666666666666,0.0,-0.021442495126705652,0.13400870952729207,0.13333333333333333,0.013829519324960073,-0.0013918821839080562,0.0
E02000965,Westminster 006,76,1500525.0,18750.0,6027.43,61.0,0.0,78.33333333333333,1521350.0,19666.666666666668,6464.953333333334,61.73833333333334,0.0,0.03070175438596491,0.013878475866779962,0.04888888888888889,0.07258870419620517,0.012103825136612003,0.0
E02000967,Westminster 008,250,15901450.0,41500.0,31676.93,93.5,0.0,246.0,13820400.0,40833.333333333336,31818.523333333334,96.41000000000001,0.0,-0.015999999999999997,-0.13087171295699448,-0.016064257028112452,0.004469919696553113,0.031122994652406432,0.0
E02000968,Westminster 009,293,8500585.0,20500.0,35272.1,78.0,0.0,324.0,7950955.0,17916.666666666668,33238.94,68.58166666666666,0.0,0.10580204778156997,-0.06465790295609067,-0.12601626016260162,-0.057642159100252,-0.12074786324786323,0.0
E02000969,Westminster 010,66,1196250.0,14750.0,5265.7,82.30000000000001,0.0,64.66666666666667,1371883.3333333333,15875.0,5071.77,81.90666666666667,0.0,-0.020202020202020204,0.1468199233716475,0.07627118644067797,-0.03682891163567991,-0.004779262859457412,0.0
E02000973,Westminster 014,166,7450800.0,33250.0,19782.67,88.65,0.0,165.66666666666666,7137733.333333333,34750.0,19326.726666666666,86.7,0.0,-0.0020080321285140556,-0.04201785937975341,0.045112781954887216,-0.023047613559409902,-0.021996615905245376,0.0
E02000974,Westminster 015,379,20829790.0,39125.0,42381.44,82.0,0.0,382.3333333333333,21498740.0,39750.0,41131.71666666667,81.36666666666666,0.0,0.008795074758135442,0.03211506212976703,0.01597444089456869,-0.029487514660505518,-0.0077235772357723805,0.0
E02000975,Westminster 016,167,6585225.0,28250.0,20241.34,90.88,0.0,171.66666666666666,6470425.0,28416.666666666668,19703.436666666665,86.97500000000001,0.0,0.02794411177644711,-0.01743296546435391,0.0058997050147492625,-0.02657449226846317,-0.042968749999999965,0.0
E02000976,Westminster 017,322,22375875.0,50750.0,53693.72,102.225,0.0,320.6666666666667,19040441.666666668,42791.666666666664,54207.59,106.8,0.0,-0.004140786749482401,-0.14906381687122106,-0.1568144499178982,0.009570392962156428,0.044754218635363247,0.0
E02000980,Westminster 021,89,2357200.0,13000.0,8818.26,77.70500000000001,0.0,88.33333333333333,2741925.0,20000.0,9584.49,89.02499999999999,0.0,-0.00749063670411985,0.16321270999490922,0.5384615384615384,0.08689129147927137,0.14567917122450275,0.0
E02000981,Westminster 022,220,8470175.0,20000.0,26421.98,79.5,0.0,212.66666666666666,8793948.333333334,22458.333333333332,25872.38666666667,81.96166666666666,0.0,-0.03333333333333333,0.038225105541896516,0.12291666666666667,-0.020800611208294448,0.03096436058700212,0.0
E02006783,Lewisham 037,50,727125.0,10875.0,4959.81,81.9,0.04,48.666666666666664,709158.3333333334,10541.666666666666,4834.356666666667,81.9,0.0,-0.02666666666666667,-0.024709185720016045,-0.03065134099616858,-0.02529397967529674,0.0,-0.04
E02006784,Lewisham 038,108,1635275.0,10750.0,13259.28,76.41,0.0462962962962962,109.33333333333333,2324883.3333333335,10708.333333333334,15958.15,76.67,0.0303874952177952,0.012345679012345678,0.42170786768790164,-0.003875968992248062,0.2035457430569382,0.0034026959822012876,-0.015908801078500998
E02006786,Greenwich 033,65,860450.0,6400.0,7299.07,60.0,0.0,65.33333333333333,913950.0,7800.0,7145.573333333334,58.10333333333333,0.010416666666666666,0.005128205128205128,0.062176767970248126,0.21875,-0.02102961975521082,-0.0316111111111111,0.010416666666666666
E02006788,Croydon 045,17,134200.0,6200.0,1044.55,50.8,0.0588235294117647,16.666666666666668,134233.33333333334,6500.0,1035.0166666666667,51.464999999999996,0.060049019607843125,-0.0196078431372549,0.00024838549428713363,0.048387096774193554,-0.009126737191454027,0.013090551181102394,0.001225490196078434
E02006791,Ealing 040,56,1992800.0,10125.0,8091.16,43.0,0.0178571428571428,57.0,2044300.0,12541.666666666666,10776.62,41.64833333333333,0.08178210678210673,0.017857142857142856,0.02584303492573264,0.23868312757201646,0.3319004938723249,-0.03143410852713178,0.06392496392496393
E02006792,Hounslow 029,328,19598990.0,34125.0,54316.86,83.05,0.0609756097560975,348.0,19330870.0,33041.666666666664,67813.81,82.14999999999999,0.15456679510105753,0.06097560975609756,-0.013680296790804016,-0.031746031746031744,0.24848546105205638,-0.010836845273931322,0.09359118534496003
E02006793,Enfield 037,56,597465.0,8800.0,4413.67,58.425,0.0,54.0,587421.6666666666,9550.0,4182.650000000001,57.86166666666667,0.0,-0.03571428571428571,-0.016809910761857737,0.08522727272727272,-0.052341928599102326,-0.00964199115675362,0.0
E02006794,Haringey 037,178,5360700.0,10125.0,44540.74,64.6,0.0,177.0,4860900.0,11833.333333333334,40518.93333333333,62.416666666666664,0.020707389307787233,-0.0056179775280898875,-0.09323409256253846,0.16872427983539096,-0.0902950123115751,-0.03379772961816304,0.020707389307787233
E02006795,Harrow 032,79,1252600.0,15000.0,7981.76,80.8,0.0253164556962025,85.0,1341375.0,16000.0,7741.383333333334,74.06666666666666,0.0,0.0759493670886076,0.07087258502315184,0.06666666666666667,-0.030115747237033776,-0.08333333333333341,-0.0253164556962025
E02006796,Hillingdon 033,84,9192250.0,15625.0,42750.09,87.97,0.0357142857142857,97.66666666666667,9347083.333333334,15583.333333333334,53804.62666666667,93.02499999999999,0.03259055759055753,0.1626984126984127,0.016843899299228516,-0.002666666666666669,0.25858510863174017,0.057462771399340716,-0.003123728123728166
E02006798,Lewisham 039,295,6229925.0,13250.0,34938.05,68.0,0.0338983050847457,300.6666666666667,4860073.666666667,13250.0,39755.51666666667,70.41,0.026327072353400965,0.0192090395480226,-0.2198824758457499,0.0,0.13788596291626645,0.035441176470588184,-0.0075712327313447346
E02006799,Barking and Dagenham 023,178,2012100.0,10000.0,17614.42,66.9,0.0617977528089887,196.0,2047166.6666666667,10775.0,18608.926666666666,66.565,0.14979694368628246,0.10112359550561796,0.01742789457117771,0.0775,0.05645980206368806,-0.005007473841554678,0.08799919087729376
E02006800,Redbridge 034,192,1883875.0,9200.0,17242.37,71.9,0.0208333333333333,192.66666666666666,2026525.0,9783.333333333334,17135.626666666667,67.74,0.009805983490193966,0.0034722222222222225,0.07572158450003318,0.06340579710144928,-0.0061907576124008825,-0.05785813630041733,-0.011027349843139335
E02006853,Tower Hamlets 032,136,1553175.0,3200.0,5881.89,6.835,0.0514705882352941,143.0,2149475.0,3066.6666666666665,7657.22,13.668333333333331,0.11620772032259773,0.05147058823529412,0.3839232539797512,-0.041666666666666664,0.3018298540095105,0.9997561570348695,0.06473713208730363
E02006882,Harrow 033,140,3133400.0,14000.0,16956.77,82.1,0.0214285714285714,139.33333333333334,3081958.3333333335,15000.0,17713.163333333334,86.85000000000001,0.0144026667439578,-0.004761904761904763,-0.01641720388927895,0.07142857142857142,0.0446071588712551,0.057856272838002494,-0.007025904684613601
E02006918,Hackney 028,62,972500.0,12000.0,7283.8,49.87,0.0,57.666666666666664,895666.6666666666,11958.333333333334,3457.6366666666668,49.39000000000001,0.0,-0.06989247311827956,-0.07900599828620394,-0.0034722222222222238,-0.5252976925963554,-0.009625025065169377,0.0
E02006921,Hackney 029,35,521150.0,13000.0,3096.23,72.7,0.0,35.333333333333336,612050.0,14166.666666666666,3121.646666666667,74.36666666666667,0.0,0.009523809523809523,0.17442195145351627,0.08974358974358974,0.008208907822308683,0.022925263640531865,0.0
E02006924,Redbridge 035,96,1734480.0,14250.0,12097.63,92.705,0.03125,93.33333333333333,1932833.3333333333,16083.333333333334,12123.11,93.04333333333334,0.013549239920687335,-0.02777777777777778,0.11435896253247851,0.1286549707602339,0.0021061976602029845,0.0036495694227208705,-0.017700760079312667
E02006925,Redbridge 036,72,1120100.0,11500.0,7286.27,67.33,0.0138888888888888,69.66666666666667,1160050.0,14083.333333333334,7263.696666666667,65.59333333333333,0.0,-0.032407407407407406,0.03566645835193286,0.2246376811594203,-0.0030980643502551246,-0.025793356106737927,-0.0138888888888888
E02006927,Greenwich 034,44,1293400.0,8600.0,9092.16,80.7,0.0227272727272727,59.0,1703401.6666666667,10333.333333333334,12535.1,98.88,0.09528365747611234,0.3409090909090909,0.316995257976393,0.20155038759689922,0.3786712948298314,0.22527881040892192,0.07255638474883963
E02006928,Greenwich 035,82,3631950.0,22125.0,16761.34,110.89,0.1463414634146341,91.33333333333333,3873716.6666666665,25491.666666666668,16588.433333333334,122.695,0.07627307970300277,0.11382113821138212,0.06656662857877081,0.15216572504708098,-0.010315802117650888,0.10645684912976822,-0.07006838371163134
E02006930,Greenwich 037,203,6891900.0,11250.0,33838.78,77.46000000000001,0.0591133004926108,242.33333333333334,6590508.333333333,10916.666666666666,35884.12666666667,66.58999999999999,0.053412877802473925,0.19376026272577995,-0.04373128842070644,-0.02962962962962963,0.06044386549002851,-0.14033049315775895,-0.005700422690136868
E02006931,Greenwich 038,267,7765920.0,17000.0,26316.55,67.53,0.0337078651685393,270.6666666666667,7372336.666666667,16875.0,27642.843333333334,68.28833333333334,0.050302583603517366,0.01373283395755306,-0.050680837986141154,-0.007352941176470589,0.05039769017342066,0.011229576978133133,0.016594718434978072
E02006941,Southwark 035,199,10386950.0,25250.0,28786.14,89.2,0.0402010050251256,226.33333333333334,12863113.333333334,28791.666666666668,32187.38,90.80333333333333,0.032374309793664596,0.1373534338358459,0.23839176402440887,0.14026402640264027,0.11815547343270061,0.017974588938714453,-0.007826695231461003
E02006942,Southwark 036,135,3620925.0,17750.0,13837.26,70.225,0.0148148148148148,143.0,4426281.666666667,22916.666666666668,15240.333333333334,76.63166666666667,0.006997270827058001,0.05925925925925926,0.2224173841398722,0.29107981220657275,0.10139820552142065,0.09123056841105988,-0.0078175439877568
E02006953,Barnet 042,24,643450.0,21250.0,2539.81,100.0,0.125,26.333333333333332,839433.3333333334,25166.666666666668,2998.226666666667,100.0,0.5750237416904084,0.09722222222222221,0.3045820706089569,0.1843137254901961,0.18049250403245395,0.0,0.4500237416904083
E02006954,Barnet 043,83,3343750.0,12750.0,14341.27,61.12,0.0481927710843373,87.66666666666667,3530350.0,13916.666666666666,18585.576666666664,61.324999999999996,0.5655320918352194,0.05622489959839357,0.05580560747663551,0.09150326797385622,0.29595054459379583,0.0033540575916230866,0.5173393207508821
E02006955,Brent 035,149,8816300.0,45250.0,32296.65,136.5,0.0738255033557047,222.66666666666666,10380000.0,29958.333333333332,41902.03,115.52,0.06747510712570333,0.494407158836689,0.177364654106598,-0.33793738489871084,0.2974110317943191,-0.1536996336996337,-0.006350396230001369
E02006956,Brent 036,52,873175.0,12875.0,6657.97,109.48,0.0576923076923076,54.333333333333336,983475.0,16083.333333333334,6724.41,112.705,0.11431239162331597,0.04487179487179487,0.12632061156125632,0.24919093851132687,0.009979017628496309,0.02945743514797218,0.05662008393100837
E02006968,Ealing 041,74,2181400.0,28000.0,6114.04,66.74000000000001,0.1486486486486486,65.33333333333333,1675100.0,27166.666666666668,5666.106666666667,71.82333333333334,0.06996658312447783,-0.11711711711711713,-0.23209865224167966,-0.029761904761904764,-0.07326306882737656,0.07616621716112261,-0.07868206552417077
E02006969,Ealing 042,345,21089025.0,39250.0,86851.45,119.26,0.1130434782608695,372.3333333333333,21285550.0,39583.333333333336,92215.90333333334,120.51666666666667,0.09653538057044302,0.0792270531400966,0.009318828158248188,0.008492569002123142,0.061765846549865756,0.010537201632287987,-0.016508097690426493
E02006970,Ealing 043,212,2396100.0,9200.0,15816.99,48.555,0.0330188679245283,220.66666666666666,2471700.0,10441.666666666666,13814.826666666666,45.96,0.03480287125563413,0.040880503144654086,0.0315512708150745,0.13496376811594202,-0.12658308144174923,-0.053444547420451016,0.001784003331105832
E02006971,Ealing 044,65,543840.0,7900.0,3662.69,47.8,0.0,89.33333333333333,678905.0,6933.333333333333,4786.173333333333,44.80666666666667,0.0,0.37435897435897436,0.2483542953809944,-0.12236286919831224,0.3067372159077982,-0.06262203626220356,0.0
E02006972,Hounslow 030,46,2582700.0,10500.0,15893.85,80.52,0.1521739130434782,41.0,3509666.6666666665,13000.0,22366.58,78.37333333333333,0.20250093318402385,-0.10869565217391304,0.35891379822149944,0.2380952380952381,0.40724745734985546,-0.02666004305348567,0.05032702014054565
E02006973,Hounslow 031,78,2925720.0,9600.0,19868.14,75.7,0.141025641025641,63.666666666666664,4305816.666666667,10016.666666666666,32039.22333333334,72.63333333333334,0.1850037512688115,-0.18376068376068377,0.4717118065524612,0.04340277777777777,0.6125929922646678,-0.04051078819903128,0.0439781102431705
E02006987,Croydon 046,458,13566110.0,17250.0,112842.03,86.77,0.1899563318777292,381.3333333333333,11132768.333333334,21625.0,70901.58666666667,91.84166666666665,0.08753594946229983,-0.16739446870451236,-0.17936915347632199,0.2536231884057971,-0.3716739528111408,0.058449540931965804,-0.10242038241542938
E02006988,Croydon 047,129,2614800.0,15250.0,14513.08,76.81,0.0930232558139534,126.66666666666667,2481888.3333333335,15166.666666666666,14035.536666666667,76.74666666666667,0.04370597440036327,-0.01808785529715762,-0.05083052878486564,-0.00546448087431694,-0.03290434100365553,-0.000824545415093511,-0.04931728141359013
E02006991,Greenwich 039,96,2426425.0,10875.0,13335.26,89.345,0.03125,116.0,2378878.3333333335,11833.333333333334,14889.503333333334,78.2,0.040215414922643335,0.20833333333333334,-0.019595358054201827,0.08812260536398468,0.11655140832149753,-0.12474117186188372,0.008965414922643331
E02006992,Greenwich 040,114,14900275.0,61000.0,50018.81,235.62,0.043859649122807,203.66666666666666,20209091.666666668,40208.333333333336,105347.22333333333,180.53833333333333,0.1053326468520324,0.7865497076023392,0.35628984476237296,-0.3408469945355191,1.10615213223452,-0.23377330730271906,0.0614729977292254
E02006993,Greenwich 041,54,8937150.0,47500.0,34077.17,211.66,0.074074074074074,64.66666666666667,8339750.0,40750.0,47093.93666666667,220.76,0.07597597597597597,0.19753086419753085,-0.06684457573163703,-0.14210526315789473,0.38197909822519516,0.042993480109609815,0.0019019019019019673
E02006994,Greenwich 042,254,10982860.0,19500.0,82594.16,140.715,0.1299212598425196,276.3333333333333,10325928.333333334,17333.333333333332,81823.95,120.95333333333333,0.06671103867326904,0.0879265091863517,-0.059814262101735495,-0.11111111111111112,-0.009325235585663701,-0.14043752738987791,-0.06321022116925056
E02006995,Newham 038,31,1066950.0,25000.0,5610.36,133.16,0.0,46.666666666666664,2148750.0,26000.0,9908.163333333332,149.045,0.0074074074074074,0.5053763440860215,1.013918177983973,0.04,0.7660476927208474,0.11929258035446089,0.0074074074074074
E02006996,Newham 039,378,79751350.0,146000.0,158527.55,140.36,0.0026455026455026,390.3333333333333,74959661.66666667,148666.66666666666,168059.17666666667,141.3033333333333,0.024417913590150036,0.03262786596119929,-0.06008284917225017,0.0182648401826484,0.06012599492433126,0.00672081314714533,0.021772410944647436
E02006997,Newham 040,29,1864425.0,6500.0,19093.79,61.0,0.0344827586206896,36.333333333333336,2294591.6666666665,12375.0,16558.22,78.855,0.008130081300813,0.2528735632183908,0.23072350277788953,0.9038461538461539,-0.13279553195044047,0.2927049180327869,-0.0263526773198766
E02006998,Newham 041,54,557150.0,6550.0,8456.15,65.7,0.0,53.666666666666664,501583.3333333333,7433.333333333333,6056.616666666666,66.77,0.0062893081761006,-0.006172839506172839,-0.09973376409704149,0.13486005089058525,-0.28376191686918195,0.01628614916286146,0.0062893081761006
E02006999,Newham 042,24,554350.0,19500.0,4461.75,126.625,0.0,45.333333333333336,1385133.3333333333,27291.666666666668,8036.973333333332,140.41166666666666,0.0,0.888888888888889,1.4986620967499473,0.39957264957264954,0.8013051680020918,0.10887792036854228,0.0
E02007008,Lewisham 040,54,3555400.0,19750.0,17409.07,102.52,0.1111111111111111,56.333333333333336,3530566.6666666665,23250.0,20097.826666666664,108.33999999999999,0.014925373134328334,0.043209876543209874,-0.006984680579775366,0.1772151898734177,0.15444573815066898,0.05676941084666409,-0.09618573797678276
E02007009,Lewisham 041,324,13875315.0,20000.0,83674.62,93.91,0.0802469135802469,324.3333333333333,11464071.666666666,17000.0,82110.44666666667,91.145,0.03694369648342847,0.0010288065843621398,-0.1737793580422018,-0.15,-0.01869352180306675,-0.02944308380364179,-0.043303217096818426
E02007017,Redbridge 037,3,29450.0,9800.0,369.36,137.1,0.0,6.0,104983.33333333333,15333.333333333334,2473.1666666666665,329.03833333333336,0.0,1.0,2.56479909451047,0.5646258503401361,5.695816186556928,1.3999878434232922,0.0
E02007018,Redbridge 038,81,1864150.0,10625.0,12701.8,82.7,0.0246913580246913,79.33333333333333,1996683.3333333333,12875.0,11712.44,79.975,0.0039215686274509665,-0.0205761316872428,0.07109585244391993,0.21176470588235294,-0.07789132248972581,-0.032950423216445084,-0.020769789397240335
E02007019,Redbridge 039,438,15432010.0,16750.0,130925.28,93.035,0.0502283105022831,466.6666666666667,15394413.333333334,19916.666666666668,124393.08333333333,87.74166666666667,0.027148283747926664,0.0654490106544901,-0.0024362780134711336,0.1890547263681592,-0.049892554491131634,-0.05689615019437123,-0.02308002675435643
E02007020,Redbridge 040,51,660600.0,8400.0,4386.52,64.565,0.0196078431372549,50.0,724533.3333333334,9383.333333333334,4168.343333333333,62.79999999999999,0.0064102564102564005,-0.0196078431372549,0.0967807044101322,0.11706349206349205,-0.04973798516059815,-0.027336792379772334,-0.0131975867269985
E02007083,Wandsworth 038,97,3321625.0,14625.0,17311.41,105.37,0.0927835051546391,177.33333333333334,11518758.333333334,45916.666666666664,44278.700000000004,165.52833333333334,0.04821892951405057,0.8281786941580757,2.4678081762189694,2.13960113960114,1.5577754787160607,0.5709246781183767,-0.04456457564058852
E02007084,Wandsworth 039,127,2493085.0,10000.0,15409.11,71.29,0.0551181102362204,129.66666666666666,2578438.3333333335,11650.0,15337.25,67.26166666666667,0.08501951331970893,0.02099737532808399,0.034236030192846746,0.165,-0.0046634750482020424,-0.05650628886706888,0.02990140308348853
E02007108,Hackney 030,309,8059850.0,18375.0,39629.92,87.5,0.0,318.6666666666667,8902483.333333334,20333.333333333332,41518.986666666664,88.53500000000001,0.0,0.03128371089536138,0.10454702424155952,0.10657596371882087,0.04766768811712636,0.01182857142857139,0.0
E02007109,Hackney 031,88,1182250.0,10750.0,4927.04,43.78,0.0,86.66666666666667,1311366.6666666667,12541.666666666666,4986.803333333333,43.093333333333334,0.0,-0.015151515151515152,0.10921265947698595,0.16666666666666666,0.012129662704855984,-0.015684483021166453,0.0
E02007110,Hackney 032,96,2239775.0,13125.0,8365.26,63.94,0.0,98.33333333333333,2622258.3333333335,14916.666666666666,9445.156666666668,67.89,0.0,0.024305555555555552,0.17076864119535817,0.1365079365079365,0.1290930188262728,0.061776665624022564,0.0
E02007111,Hackney 033,535,20706875.0,23000.0,67950.56,78.76,0.0018691588785046,575.6666666666666,23919016.666666668,25583.333333333332,74270.71999999999,80.955,0.0038558972546247,0.07601246105919003,0.15512440513919493,0.11231884057971014,0.09301115399196119,0.02786947689182323,0.0019867383761201
E02007112,Tower Hamlets 034,27,390850.0,9700.0,2801.14,52.8,0.1481481481481481,39.666666666666664,1169116.6666666667,24583.333333333332,5522.080000000001,105.95833333333333,0.18005086426139053,0.46913580246913583,1.9912157264082555,1.5343642611683848,0.9713687998457772,1.0067866161616164,0.03190271611324242
E02007113,Tower Hamlets 035,55,1959975.0,12875.0,7091.23,71.6,0.0727272727272727,84.0,2685650.0,17333.333333333332,11615.82,93.21333333333332,0.2063856549794684,0.5272727272727272,0.370247069477927,0.34627831715210355,0.6380543290797226,0.3018621973929237,0.1336583822521957
E02007114,Tower Hamlets 036,63,3701900.0,16750.0,13524.76,50.8,0.2063492063492063,72.33333333333333,3678266.6666666665,15916.666666666666,15062.800000000001,51.5,0.24818445896877264,0.14814814814814814,-0.0063841090611127665,-0.04975124378109452,0.1137203174030445,0.013779527559055175,0.041835252619566325
E02007115,Camden 029,290,14076920.0,22000.0,40798.53,71.9,0.1310344827586207,288.3333333333333,12566273.333333334,21750.0,33119.159999999996,73.06666666666666,0.17229550923373127,-0.005747126436781609,-0.10731372108860933,-0.011363636363636362,-0.18822663463610087,0.016226240148354127,0.04126102647511056
